0.1,15.169258557065785,0.00772918942541471,0.009593924616739835,-0.03927818833951308
0.2,14.03895826106308,0.0005597894257919332,0.007262406478495945,-0.04504462151757607
0.30000000000000004,13.418570503222192,-0.005050193660847686,0.009858940815248862,-0.05407299285398502
0.4,13.090573166943456,-0.00993940876966076,0.011692468417827704,-0.06618817182635438
0.5,12.97190039015413,-0.013745382078290522,0.011539476098800466,-0.07981281072554981
0.6,13.011046293981426,-0.016123520365919557,0.008976664606059783,-0.09116598942861705
0.7000000000000001,13.169819513151534,-0.016748437414286804,0.004163210646272733,-0.0933708029596342
0.8,13.41874157800411,-0.015263911643372688,-0.0020430526407208597,-0.07787664822885483
0.9,13.735061235766114,-0.011579413470792482,-0.00799594533890481,-0.04169437189962845
1.,14.100963199639736,-0.006400176646345287,-0.011800852714485686,0.004119677443877018
1.1,14.50163580458266,-0.001164032472194545,-0.012504972225848482,0.04006946989292421
1.2000000000000002,14.923420480051915,0.00286988002931588,-0.010631752369297963,0.05543055590549046
1.3000000000000003,15.352338570253378,0.0052798425914769315,-0.007435687431892372,0.05333113113793886
1.4000000000000001,15.773198624196063,0.0062975860137062375,-0.003987374527581594,0.042054868857276106
1.5000000000000002,16.169351786447542,0.006351746984457513,-0.0008791420544785554,0.02794384883156373
1.6,16.523040084380124,0.0058062646150755185,0.001663173564141465,0.014214981070583586
1.7000000000000002,16.816199578128835,0.004896110003142131,0.0036049275894631445,0.0021939837743123387
1.8000000000000003,17.031544996553375,0.0037452748077477474,0.004980703246516196,-0.007449907164415141
1.9000000000000001,17.153766888722746,0.0024036845810322476,0.005825164575543881,-0.013989099496201824
2.,17.17070104403156,0.0008858315620329808,0.006139286104341922,-0.016398388947054116
2.1,17.07436760220889,-0.0007904913429107989,0.005885797898286864,-0.013587435608659701
2.2,16.86181305223491,-0.0025703570472502386,0.005016545066174279,-0.005105243561795882
2.3000000000000003,16.535716500870656,-0.0043481943500379506,0.0035278309071040265,0.008017452347967925
2.4000000000000004,16.10473985456143,-0.0059894291936173445,0.001516664580655526,0.023080128261905405
2.5000000000000004,15.583608691008907,-0.007376162690284989,-0.0008024098286429242,0.036722545007918043
2.6,14.99290487707576,-0.008435904528027886,-0.003130936451479846,0.04650270640934235
2.7,14.35853106146882,-0.00912185827479204,-0.005133876316176631,0.05175531877591238
2.8000000000000003,13.710770753493971,-0.009357683698612167,-0.006461765745637188,0.053295745861990915
2.9000000000000004,13.082825381852679,-0.008990795086843627,-0.006757514602465378,0.0526282225744329
3.0000000000000004,12.508694862345841,-0.007798824437779138,-0.005699888461876117,0.05138514793263552
3.1,12.020349228831932,-0.0055764363495168084,-0.003128177670620922,0.051171023416069314
3.2,11.644396572993166,-0.00228605512567449,0.0007744723238268426,0.05359108805535966
3.3000000000000003,11.398880850409176,0.001819316428822963,0.005357983236073724,0.06020315763520349
3.4000000000000004,11.291212274547945,0.0062277105015137784,0.009585105549370525,0.0722838424446249
3.5000000000000004,11.318134810170903,0.010368935611650197,0.012314827924407771,0.09032918171379736
3.6,11.467885883497118,0.013803726484233765,0.012599325835750403,0.11273908365805996
3.7,11.723720731397181,0.016172963322698013,0.009842209756078689,0.13241119707493446
3.8000000000000003,12.067472559630506,0.016890461618573757,0.00400231811838438,0.13178703615055648
3.9000000000000004,12.482076546493296,0.01503964655208666,-0.003763158911142999,0.08775025247738388
4.,12.95265269872715,0.010317062062637687,-0.010601828320615706,0.003663122669895739
4.1,13.466332994484196,0.004282029676748828,-0.013660836458884528,-0.07229631354958561
4.2,14.011314870292058,-0.0007519918341878014,-0.012723412679616682,-0.10204846989281839
4.3,14.575663342434355,-0.003801961735840112,-0.009601408658496976,-0.09386592097608064
4.3999999999999995,15.146281205357432,-0.005185545735748519,-0.005961810593480248,-0.07082366586414969
4.5,15.708309411829656,-0.005537791808039378,-0.002627661287491787,-0.0464146349217184
4.6,16.245060891941304,-0.0053395546217556,0.00014324708230272046,-0.024712017061144353
4.7,16.738461799061586,-0.004870297808121855,0.002344160471507099,-0.005596123795801865
4.8,17.169890231701384,-0.004266455799139283,0.004057115678062161,0.01225678948495084
4.9,17.52126529343394,-0.0035700985594106496,0.00538009441892281,0.03015206323186845
5.,17.776239099458422,-0.0027534285113356817,0.006385549237079583,0.04862496241917927
5.1,17.921366248778643,-0.0017299513493648489,0.007079046081131291,0.06626024877301508
5.2,17.947155740528775,-0.00037644922190652685,0.007344041486808277,0.07768978934837065
5.3,17.84894004309031,0.0013895241641543321,0.006896527617878269,0.07229924489898623
5.4,17.627520199089684,0.0034488889809657134,0.005364452556052918,0.039486920114998866
5.5,17.28956253948641,0.005377314671797662,0.0026254662475840265,-0.016175687868825873
5.6,16.84773094250456,0.006686461732293239,-0.0008525548638658086,-0.06949725687592964
5.7,16.320537613994745,0.007238581425219225,-0.004240894812778694,-0.09813141180493959
5.8,15.731883770881202,0.007247151449555267,-0.00691082691418818,-0.10162941315565314
5.9,15.110239324329143,0.006949111558063569,-0.008584337109690341,-0.0917379189677754
6.,14.4873833528273,0.006416073564222164,-0.009127484947378584,-0.07855371501915089
6.1,13.896614182572698,0.005568879282980482,-0.008396871470500087,-0.0671844857053179
6.2,13.370379940664314,0.004266983603293331,-0.0062664375109606945,-0.0596219708348491
6.3,12.937431849799765,0.002409960164064723,-0.00277543928191034,-0.05675876214976932
6.4,12.619883592815382,0.000022304744214367753,0.00171211008289049,-0.05948306593981812
6.5,12.430871674928138,-0.0027245740208260765,0.006463728322264562,-0.06915035985813081
6.6,12.373605884819588,-0.005585378894707944,0.01051533094271182,-0.08775411516741136
6.7,12.442247616845682,-0.008362560334604821,0.012896518483618806,-0.11754689349016205
6.8,12.624345263669097,-0.010941672600074906,0.012748332284878938,-0.15807619378402402
6.9,12.903933629485017,-0.01305649600994927,0.009293458091267338,-0.1948556518394562
7.,13.264273999329063,-0.01369674308951423,0.002210316301304588,-0.1788211780190736
7.1,13.689568916967666,-0.011127214542559532,-0.0065953981978573665,-0.05489543155778136
7.2,14.165509607911721,-0.005552005164799236,-0.012388631058147224,0.10585095983999983
7.3,14.67891007033639,-0.0001987001275522802,-0.012856350990623863,0.17133700018865203
7.4,15.216854241071173,0.0029590095943572807,-0.010155365242626417,0.15027376688343114
7.5,15.765776436283323,0.0042942890165965815,-0.006684652043461609,0.10567830886242373
7.6,16.310790499093695,0.004647747618172244,-0.0034686431962068598,0.06596337376138191
7.7,16.835443826320677,0.004557724261532767,-0.0007636305057678393,0.03513038317792788
7.8,17.321940606722624,0.004291960756750485,0.0014372445124656195,0.010176147811649647
7.9,17.751778570671178,0.0039704684876170765,0.0032197605825078648,-0.012887596638485998
8.,18.10668481022963,0.003632436979699477,0.004693192004101227,-0.0380008317330678
8.1,18.369715832189527,0.003254492695960865,0.005968555586226317,-0.06906937606680949
8.2,18.526394316038836,0.0027303771128048644,0.007129350173376316,-0.10882691192536535
8.3,18.565777449569293,0.0018161316540592802,0.008142290424018464,-0.15260549409378446
8.4,18.481378800014323,0.00011552507230200935,0.008614779798603367,-0.17116068807799734
8.5,18.27189079404519,-0.0025548033625826454,0.007513090558618928,-0.10311706314417408
8.6,17.9416745945228,-0.005299006233420725,0.003931049226318336,0.0550580103920815
8.7,17.50099684952559,-0.006691357008352077,-0.0010253804581663954,0.1737633990038151
8.8,16.965997281646978,-0.006725861800399024,-0.005294891785625692,0.18823016358280825
8.9,16.35836598692465,-0.006262731283267478,-0.008171882108768133,0.1524281062756982
9.,15.704693533529264,-0.0057795796189342085,-0.009857507705362334,0.11302657953409367
9.1,15.03543238460539,-0.005328047560245759,-0.010532678611280164,0.08356704863197835
9.2,14.383385632429022,-0.004782349323249798,-0.010148165952103976,0.06416495933754164
9.3,13.781646712463003,-0.003970285223402714,-0.008526372656575298,0.052487910919436366
9.4,13.26100018313154,-0.002743576622431748,-0.005544191524098687,0.04679647463018374
9.5,12.847004643107006,-0.0010403007599853451,-0.001332090018582991,0.046414944946423564
9.6,12.557289649881795,0.0010730779532840556,0.0035967134997045747,0.051653000184739825
9.700000000000001,12.399838267748294,0.0034217101026206174,0.008389377810459528,0.06373375637386411
9.8,12.372927526864705,0.0058126842124199265,0.012070126209246244,0.08483220397217409
9.9,12.466849575510304,0.008130090310948879,0.013769937491519281,0.11775139639039686
10.,12.666809771693416,0.010315072188163394,0.012775356262116422,0.162822333755114
10.1,12.955978006822383,0.012075586245359695,0.008438667820884859,0.20493504565417447
10.200000000000001,13.317793236061815,0.012266395573260123,0.0006310660669407037,0.18804421419389453
10.3,13.737102340250608,0.009100888866498182,-0.008250572551684638,0.048285748819582565
10.4,14.200206524958324,0.0032543068896893393,-0.013138455705252575,-0.125402355410759
10.5,14.694183503691972,-0.0017083683209142004,-0.012480828909513264,-0.1851684411339636
10.6,15.205933734766122,-0.004254296273338205,-0.009150956831582862,-0.15427813753641126
10.700000000000001,15.721335390991307,-0.005135336891194012,-0.005498311692548036,-0.10355373430278156
10.8,16.224761662541972,-0.005247043348162023,-0.0023141667942050636,-0.05994915997259783
10.9,16.69907016096754,-0.005076092609124331,0.000294502389488836,-0.025146565698039573
11.,17.126052255012592,-0.004840399597432677,0.0024163538815046947,0.0056731237992122124
11.1,17.487248100471643,-0.0046261805769020805,0.004194951048875467,0.0384935727962359
11.200000000000001,17.764994071438558,-0.004437230735574289,0.0058010773428681895,0.07992499279547763
11.3,17.943565305487187,-0.004164714994136457,0.007420341317999225,0.13588665179527015
11.4,18.010294088478776,-0.003452869650222761,0.009154582134566198,0.20067949518763997
11.5,17.9565723054449,-0.0015349013943457303,0.010556228899738243,0.21984981234602238
11.6,17.77867425353404,0.0021155335615165916,0.009789163697821266,0.08117956043613427
11.700000000000001,17.47835977040253,0.005774478204688434,0.005230870274567502,-0.15478963724014932
11.8,17.063234564966535,0.00719518392199036,-0.000779214842785257,-0.24848923554611518
11.9,16.5468535530717,0.007000442119605493,-0.00542413186186748,-0.21085126177863503
12.,15.94855236723905,0.00645895425516426,-0.008437700336355117,-0.1499157239514093
12.1,15.292979930836955,0.006023928348736054,-0.01034138780972784,-0.10379749579332354
12.200000000000001,14.609279822754807,0.005688334395940258,-0.011395769062428002,-0.07404373507344449
12.3,13.929834427927643,0.005298101310777929,-0.011539197975653646,-0.055689778877152284
12.4,13.288462883792379,0.004654088345616209,-0.010520432382306332,-0.044748726920069724
12.5,12.717997027550274,0.0035623610463401843,-0.008072032293046651,-0.03894083757550691
12.6,12.247316378486085,0.0019008318397942849,-0.004130593178036231,-0.037298275076057694
12.700000000000001,11.898240389536076,-0.0003064130610515922,0.0009545202730713256,-0.039751720710454984
12.8,11.683050527604948,-0.0028658911937192327,0.006365868623975135,-0.046814306659417486
12.9,11.603548075824445,-0.005490096668295179,0.011013653592901339,-0.059385091435176146
13.,11.652151808397798,-0.00793066559681351,0.013879637054839461,-0.07861247130082173
13.1,11.81470123839548,-0.010049505506261337,0.014258263649467588,-0.10527277256834391
13.200000000000001,12.073909453596919,-0.011722962485022966,0.01176163220348578,-0.13695661941791729
13.3,12.412298437721443,-0.012548963127086154,0.006285453819262262,-0.16017862787862858
13.4,12.81391053608933,-0.011544566300366505,-0.0015246273704769356,-0.14134312812280012
13.5,13.264706439314956,-0.007714159463953853,-0.009182535611915876,-0.05106435179450012
13.6,13.75199016711471,-0.00197922747619261,-0.013051061545843982,0.06596965441955772
13.700000000000001,14.26336152716174,0.0029574797774476473,-0.012153080585956448,0.1258511272108932
13.8,14.78566053308947,0.005714487352494811,-0.008700076678454573,0.11946826276998572
13.9,15.304234241319548,0.006761339661990366,-0.00484111410592181,0.08444887187643875
14.,15.802695008356777,0.006937907284217265,-0.001454628095373585,0.04479649334018332
14.1,16.263194081715543,0.00678923176851009,0.001330353716923312,0.005942712152289633
14.200000000000001,16.667130182003632,0.006575599961355366,0.0036593901792533845,-0.03511795614531958
14.3,16.99615706222554,0.00636230696472797,0.005774590073857915,-0.08383348820078665
14.4,17.233340806328442,0.005999528991621757,0.007944896523511302,-0.14214193728505228
14.5,17.36433288270352,0.0049522224462900674,0.010262327257627256,-0.19057591322014814
14.6,17.3784538360793,0.0022617292417758976,0.011924590958692348,-0.15747457651946345
14.700000000000001,17.269613761492945,-0.0021553615262681495,0.010675110119245369,0.016488521435642563
14.8,17.037022918199025,-0.005922309087450879,0.0057081127975289435,0.18960808528147127
14.9,16.685666173919294,-0.007353416274955129,-0.0001186387549652205,0.22331141626898662
15.,16.22652723472798,-0.007344361095748306,-0.004622629691562735,0.1791000436393137
15.1,15.676551583166027,-0.006982267721117592,-0.007729611340837045,0.12841502901429203
15.200000000000001,15.058328542333705,-0.006668246092630913,-0.009880117555268514,0.09114572507812307
15.3,14.399450295877925,-0.006421474555034519,-0.011296851615887076,0.06664171012046571
15.4,13.73146928736484,-0.006110580630192754,-0.011922242291537918,0.050991458693606294
15.5,13.088336681429979,-0.0055355014733277485,-0.01149790965418309,0.04115087297084331
15.6,12.504199896800953,-0.0044744392964580085,-0.009694112306340373,0.035328540601080684
15.700000000000001,12.010536338791011,-0.002757446761066032,-0.00631121898897527,0.03272352679927764
15.8,11.632876239776966,-0.00036766383371987656,-0.001521784318969733,0.033217890651540155
15.9,11.387790597259253,0.002492582007524088,0.003986585987050525,0.037057621312575964
16.,11.281136107595843,0.0054516105574762865,0.009129568556217034,0.044556299506921235
16.1,11.308365054880653,0.008127818758253533,0.01279135538264085,0.05591415392831617
16.200000000000003,11.45691265176348,0.010272134529828766,0.014191610140935682,0.07107994961034098
16.3,11.709743144973089,0.01176783834121431,0.013018589710120348,0.08920775039880781
16.400000000000002,12.048746059677853,0.012481997738600408,0.009353149628186215,0.10697795918084299
16.500000000000004,12.457009984253528,0.012074897595290991,0.003636496682155977,0.11564514813247379
16.6,12.919674312394632,0.009987913154644592,-0.003088357190191409,0.10042536643343553
16.700000000000003,13.423610680239463,0.005941423504032806,-0.008907960312251842,0.05206287500118658
16.8,13.95643820603878,0.0007489354981700275,-0.01173710545526327,-0.01227714058271651
16.900000000000002,14.505384804604695,-0.00390986948118709,-0.011005949426299223,-0.05695030387308087
17.000000000000004,15.056384965027924,-0.00693587414366106,-0.00798422325071043,-0.06526770808790472
17.1,15.593638954695551,-0.008393602625556664,-0.004272776544709474,-0.04599716196248113
17.200000000000003,16.099701197955408,-0.00886732118271931,-0.0007573557498590596,-0.01220821517976438
17.3,16.556045441146473,-0.008854400701318564,0.00235911890963887,0.029557120449362706
17.400000000000002,16.943982952228886,-0.00855878528982669,0.005225952254723313,0.07651529622571489
17.500000000000004,17.245784481930993,-0.007808134588526688,0.008054503823801623,0.11955355832882375
17.6,17.445864483151823,-0.005987804378934414,0.010686248709978658,0.12746138958620395
17.700000000000003,17.531911868906075,-0.002467409175163549,0.011942216120537525,0.05361775222368843
17.8,17.495882777408564,0.00201536673877673,0.010138535632197245,-0.08096061786594798
17.900000000000002,17.33479955251929,0.005410547717917017,0.0056372621705643245,-0.16921564042514864
18.000000000000004,17.051322696407386,0.006917003446321365,0.0006899813056350721,-0.17502620590096243
18.1,16.654077438415072,0.007245179645017206,-0.0033422202773481678,-0.1427134158351417
18.200000000000003,16.157722776706333,0.007157126279088698,-0.006351365951231134,-0.10752414693461147
18.3,15.582746676546591,0.006999052611858654,-0.008584593449202295,-0.0802210044465469
18.400000000000002,14.95495413281837,0.006835001723461944,-0.010189422995100972,-0.06108533600910345
18.500000000000004,14.304584037082146,0.0065830184804572985,-0.011122538508407819,-0.04808402429682271
18.6,13.664952808525626,0.006077773727658331,-0.011172460074696054,-0.039354918318842504
18.700000000000003,13.07050308838765,0.005112321540992738,-0.010037055620830454,-0.03368231729835857
18.8,12.5541901222082,0.0035037807615480626,-0.00747127891238704,-0.030475496820608964
18.900000000000002,12.144340306975563,0.0011929355970147558,-0.00349555627247796,-0.029630449817506763
19.000000000000004,11.861484109153889,-0.0016674361304526637,0.0014307373462435775,-0.03131073229070891
19.1,11.71604002928267,-0.004718517033457102,0.006424819420870241,-0.035678102057012474
19.200000000000003,11.707758181071092,-0.007528197924148227,0.010447140129971694,-0.042694079181355093
19.300000000000004,11.82727261402298,-0.009762058349542236,0.012669144347870986,-0.05207572938961671
19.400000000000002,12.059203904446765,-0.011256871122696981,0.012699404777049408,-0.06327649959646596
19.500000000000004,12.385632349199298,-0.011954714341552704,0.010578037546308693,-0.07519867069017662
19.6,12.788825785987163,-0.011771932871995098,0.006660290934491957,-0.08544729262474975
19.700000000000003,13.252666872526937,-0.010515024289877979,0.0015640291869826208,-0.08947145598313902
19.800000000000004,13.762826328611132,-0.007951149345703302,-0.003766691464600954,-0.08116141227681099
19.900000000000002,14.30608720284744,-0.00409357137225049,-0.008065862987124535,-0.057315319989164885
20.000000000000004,14.869319067486986,0.00048105855866491606,-0.01014945310694461,-0.024328922798969463
20.1,15.438527699174536,0.004759376493725719,-0.0096260848041906,0.0025488191981213274
20.200000000000003,15.99826116785529,0.007927230270322239,-0.007112230133457017,0.010684842666149582
20.300000000000004,16.531498967395212,0.009791248385797872,-0.0036187673030129708,-0.0019175199811229614
20.400000000000002,17.020021700968385,0.010577157187832616,0.00013238084453886585,-0.02928777619695736
20.500000000000004,17.44517165138745,0.010482146060016974,0.003862915086482355,-0.06072336645471559
20.6,17.788871770826454,0.009366335127000578,0.007433784006784539,-0.0774513049344918
20.700000000000003,18.034764058058784,0.006804078849841764,0.010288595080970615,-0.05214818087283364
20.800000000000004,18.169344794698546,0.0027952168175226105,0.011196117683395472,0.02375600377317531
20.900000000000002,18.18300096970153,-0.0014839563039275169,0.009330733465505501,0.10640372003200191
21.000000000000004,18.070880260169005,-0.004590952698931111,0.005556589550150199,0.14496624084562174
21.1,17.833550952570057,-0.006204978414520694,0.0014619746160440008,0.13969114410092684
21.200000000000003,17.477425742148334,-0.006836221937286864,-0.0020730807625411883,0.11609878939416592
21.300000000000004,17.014933127975038,-0.0070170498167365924,-0.004903248977994253,0.09133640817176551
21.400000000000002,16.464420661229592,-0.007037439981141676,-0.0071370229100709455,0.07122977843003839
21.500000000000004,15.849763560790574,-0.006987872607608573,-0.008856150759097401,0.05630838150692326
21.6,15.199628721527526,-0.006831053863872114,-0.010023693697117248,0.04558045870028967
21.700000000000003,14.546311144673925,-0.006443572005994497,-0.010472727940784162,0.03794833288741944
21.800000000000004,13.924033769089382,-0.005647228148653435,-0.009942826360582996,0.032611255928859814
21.900000000000002,13.366623039772046,-0.004259909086331596,-0.008176204420831326,0.029145831032976157
22.000000000000004,12.904604912561577,-0.002181068170280435,-0.005078581069222314,0.027476925619237834
22.1,12.56205361331313,0.0005124513469470329,-0.0008922211892568434,0.027757492882664235
22.200000000000003,12.353895065812702,0.003529461533677094,0.003739420698352234,0.0301620901887361
22.300000000000004,12.284558475321976,0.006445323293048058,0.007917192775187874,0.03468528779835978
22.400000000000002,12.348580863558405,0.008865595424175672,0.010793423760772067,0.04107433280061522
22.500000000000004,12.533013345131202,0.010552124809116327,0.011847442786754678,0.04890470084022724
22.6,12.820723119283336,0.011427167505745642,0.010974001774723042,0.05764069698262629
22.700000000000003,13.193448968991154,0.011483109084580162,0.00840292306896128,0.06650913596376536
22.800000000000004,13.633816389836,0.010685565230346502,0.004579372502865776,0.07417263087996713
22.900000000000002,14.126099797877265,0.008940952055640139,0.00010530412677069222,0.07845329218576089
23.000000000000004,14.655974544077992,0.006163796178090109,-0.00425902974253031,0.07671068944913546
23.1,15.209703679254742,0.0024363618284331313,-0.0076358940738696195,0.0675684009273338
23.200000000000003,15.773203770875702,-0.001839556830281054,-0.009239404210802103,0.05346253899015898
23.300000000000004,16.331325449527025,-0.005984435132228845,-0.008710074429404082,0.04109200166766726
23.400000000000002,16.86754072305873,-0.009320837208662832,-0.006272565805870349,0.03730889578561721
23.500000000000004,17.364094279027285,-0.011416757984189051,-0.002518437462341868,0.04288861332879325
23.6,17.80257340304061,-0.012025139373928798,0.0019085374715635329,0.048578320008623485
23.700000000000003,18.16478940466444,-0.0108822923603347,0.006294068335140996,0.03632738188837177
23.800000000000004,18.433839740701952,-0.007856502647507455,0.009563720074657129,-0.007634881379451065
23.900000000000002,18.595224377148647,-0.0035524320085871344,0.01051961019900036,-0.07018182322716907
24.000000000000004,18.637910283280473,0.0006605215230116779,0.008909098108876305,-0.11670879074633285
24.1,18.555264076296005,0.0037193863092492407,0.005739322227340562,-0.12984211290267772
24.200000000000003,18.34579792587185,0.005500061473419771,0.002228877314660155,-0.11907286295897891
24.300000000000004,18.0136941407466,0.0064001984087570405,-0.0009647652409477746,-0.09966572221318128
24.400000000000002,17.569087407329725,0.0068311112069822265,-0.003678565045028348,-0.08053649956501202
24.500000000000004,17.028088838957856,0.007047097300327936,-0.0059471936986652965,-0.06476288468209168
24.6,16.412530785179218,0.007153871655960488,-0.007812417840161612,-0.052642045271040806
24.700000000000003,15.749393562082341,0.0071458917166186955,-0.009239040701916314,-0.04356683471772542
24.800000000000004,15.069845129702646,0.006930920432765378,-0.010085181957232554,-0.036809405592873275
24.900000000000002,14.407791395074847,0.006349227209356826,-0.010109706750786198,-0.0317961952573478
25.000000000000004,13.797827030407396,0.005209726998570601,-0.009030223370980615,-0.028203719217764787
25.1,13.272550452383129,0.0033630602034937624,-0.006649079152441976,-0.025985087393808625
25.200000000000003,12.859425694860603,0.0008049645977803555,-0.0030268741259798495,-0.025319574955087847
25.300000000000004,12.577733458278727,-0.002245895025399086,0.0013887979114639041,-0.026456397860002454
25.400000000000002,12.436475487753905,-0.005375394822977422,0.005805684144835377,-0.029502070536880403
25.500000000000004,12.434054484876802,-0.008122662898833186,0.009333918145521748,-0.03429390550917286
25.6,12.559966220310242,-0.010152052927505918,0.011299494230005584,-0.04045836648514633
25.700000000000003,12.797894551615057,-0.011324201792529347,0.011426643428873498,-0.0475781825165143
25.800000000000004,13.129075633999252,-0.011641529539056523,0.009820101775796628,-0.05529276693658784
25.900000000000002,13.534907746590378,-0.01114291838309841,0.006835692508039026,-0.06323582693963807
26.000000000000004,13.998320217028208,-0.00982909997121078,0.002961532837728731,-0.07085687720157186
26.1,14.503965741742256,-0.007654180303248986,-0.00123408297501637,-0.0772767185018351
26.200000000000003,15.03762161908058,-0.004583679309070109,-0.005107616574617847,-0.08139483108896592
26.300000000000004,15.585265354948895,-0.0007008508220697103,-0.007960936933224179,-0.08241726861999712
26.400000000000002,16.13221919537826,0.003684778314136202,-0.009140618279186304,-0.08051143060451642
26.500000000000004,16.662623824123315,0.007998233812391755,-0.008216723930642746,-0.076387215169486
26.6,17.159359572850114,0.011461111191049558,-0.005158029452432756,-0.06852864121794774
26.700000000000003,17.604414898904835,0.013210466640243182,-0.000457128287764222,-0.04981327602281059
26.800000000000004,17.979621033349275,0.012526993368038466,0.004739575384016885,-0.010813921834674074
26.900000000000002,18.267630679154536,0.00936809458162688,0.008729935878339099,0.04559236973357839
27.000000000000004,18.45301057350014,0.0048107477558822056,0.01013765177486464,0.09707417002019948
27.1,18.523331359239474,0.0004380570882848449,0.008950165123549694,0.12284218965802292
27.200000000000003,18.470162357162952,-0.002799253257570289,0.006238776379628376,0.12270589593035655
27.300000000000004,18.289905068612892,-0.0048334774854918204,0.0030851017563357135,0.1085660679084039
27.400000000000002,17.984422420908384,-0.006008393144590618,0.00007252481485821847,0.09074214481815535
27.500000000000004,17.56143810439601,-0.006684215511281862,-0.0026164377064296688,0.07432695256254304
27.6,17.03468998201179,-0.007104667930301473,-0.004976739143875279,0.06088517772721564
27.700000000000003,16.42382133325658,-0.007391975248943615,-0.007030351863516472,0.05040687847213074
27.800000000000004,15.753980726849193,-0.0075670786754071006,-0.008746703261179649,0.042371280957931405
27.900000000000002,15.055073185874129,-0.007562352781423282,-0.010000932350047651,0.03619239361581586
28.000000000000004,14.360564838297217,-0.0072291039129923785,-0.010558992761355815,0.031390476142904467
28.1,13.705708897762959,-0.006358624877193791,-0.010104568224025546,0.027675686182542427
28.200000000000003,13.125080708406518,-0.004742573315798937,-0.008336321514695703,0.025005353948503655
28.300000000000004,12.649461796476524,-0.0022839565655720494,-0.005143342293470255,0.023589310411634937
28.400000000000002,12.302452848290672,0.0008809522971142524,-0.0007947417747724686,0.023778840575955817
28.500000000000004,12.097631022138813,0.004347589946437373,0.004000678852557505,0.02583562336590798
28.6,12.037273409008225,0.00756859578517195,0.00827821922255253,0.029719109116405754
28.700000000000003,12.113286623706962,0.010076386107429822,0.01117187761913088,0.03507712612772971
28.800000000000004,12.310072817976002,0.011635753493877207,0.012206195901647112,0.04145245848479159
28.900000000000002,12.608229616596267,0.012232255873533014,0.011359247275288312,0.04851726323422938
29.000000000000004,12.987809499313189,0.011953966252191433,0.008936854509452256,0.0561613711009387
29.1,13.43034086683734,0.010877424158356849,0.0054055155419059624,0.0644202534262925
29.200000000000003,13.919477441693239,0.009016684740633591,0.0012864729132963386,0.07332506255874506
29.300000000000004,14.440605857714157,0.006335587269841788,-0.0028730945881900406,0.08273728083724889
29.400000000000002,14.979910971700901,0.0028056792268125693,-0.006483534972023649,0.0921388927886387
29.500000000000004,15.523362736364842,-0.0014985251207918224,-0.008893800409874928,0.10016975463891874
29.6,16.05595789232798,-0.006263974932648411,-0.009419347876365105,0.10346461239914462
29.700000000000003,16.561396974685472,-0.010771718567601795,-0.007497615958879447,0.09476597399162683
29.800000000000004,17.02224107296207,-0.013813778863438644,-0.003099400405103223,0.06340160256144511
29.900000000000002,17.42049256207718,-0.014074327324268587,0.002664501574225986,0.005274935471084915
30.000000000000004,17.738485710018608,-0.011212155157293737,0.007576513038690102,-0.062472889151326004
30.1,17.959952595936727,-0.00651678001451001,0.00979666154479748,-0.11066670528675762
30.200000000000003,18.071136703246435,-0.0018529756704665976,0.009222683451871088,-0.12703098862243026
30.300000000000004,18.061848796205986,0.0017209931438425586,0.006946735047086717,-0.12044985217073853
30.400000000000002,17.926387157947214,0.004092196183533737,0.004051033814723987,-0.10428149229646005
30.500000000000004,17.664270317395612,0.005566386237858994,0.001139111112767394,-0.0868655762764355
30.6,17.280751348117796,0.006487098549286911,-0.0015670130075848498,-0.07159576516388902
30.700000000000003,16.787096564868673,0.00710533057102767,-0.004029620083491991,-0.05925627972492752
30.800000000000004,16.200615882874192,0.0075651669240079725,-0.006258455656874454,-0.049609941455176186
30.900000000000002,15.544424113772985,0.007915208026169185,-0.008230983034154853,-0.042127526306651696
31.000000000000004,14.846888021130063,0.008114491761087665,-0.009842156623989844,-0.03626529420644522
31.1,14.140671104661662,0.008031060825407834,-0.01087284074306354,-0.031568554246024554
31.200000000000003,13.461235807775655,0.007448304402660257,-0.010989920429321377,-0.02773647121920881
31.300000000000004,12.84463773844898,0.00610794246031417,-0.009812321854246967,-0.024694541268400812
31.400000000000002,12.324528142412245,0.0038175974783933556,-0.007074603758440218,-0.022647745606515123
31.500000000000004,11.928568265628664,0.0006076602917182926,-0.002859436634358962,-0.02202631210523371
31.6,11.674953417639255,-0.0031621040911175916,0.002241107228031798,-0.02325907601831338
31.700000000000003,11.570178813088095,-0.006877109302774488,0.007218697286090059,-0.02647327180546296
31.800000000000004,11.609068662749847,-0.009923563011661678,0.011016273254737481,-0.031372683195950504
31.900000000000002,11.7772224118167,-0.011935587447874962,0.012932909407489592,-0.037427701052248186
32.,12.054918548783695,-0.012850718638609464,0.012794887591386663,-0.0442086033265385
32.1,12.420992946293763,-0.012788138600042563,0.01085535009562106,-0.0515967722491573
32.2,12.855551640430905,-0.011891693020647014,0.007585809809114314,-0.05978768848095795
32.300000000000004,13.341139618275898,-0.010238299323728722,0.003515712738584354,-0.06916467405922835
32.400000000000006,13.8626123898652,-0.007822676586379617,-0.0008310398114521394,-0.08010834302303647
32.5,14.406235760927302,-0.004590895329650803,-0.004923984462834176,-0.09266093973372877
32.6,14.958545989001042,-0.0005091723866171948,-0.008171772345807009,-0.10572847700016824
32.7,15.505376646797519,0.004307634493980577,-0.009861175043908724,-0.11526986734636775
32.800000000000004,16.031295511988173,0.009356237818133772,-0.009187516226451965,-0.11159860980891594
32.900000000000006,16.51954287110679,0.013455075136611809,-0.005633993852704934,-0.080135555676441
33.,16.952444480572947,0.014924491449988348,0.00013196718888720528,-0.015293180080122247
33.1,17.312197149629537,0.012877856515033115,0.0058186376765526565,0.06053124182062635
33.2,17.581891225435687,0.008395686219188387,0.009063157595578903,0.1120697410204253
33.300000000000004,17.7466331451362,0.0035271463700900225,0.009341271956002088,0.12778364613952825
33.400000000000006,17.794650249887347,-0.0004172395463524588,0.007620581920999262,0.11998146723045357
33.5,17.718287737663754,-0.003166605756960193,0.00502148519305598,0.10340748309151859
33.6,17.514835785000848,-0.004957928914462467,0.0022276941153967023,0.08622476423632335
33.7,17.187148772172065,-0.00611953807100517,-0.000468086894106836,0.07139921364826327
33.800000000000004,16.74403569527572,-0.006914103692969129,-0.0029828669801568995,0.05946911736474957
33.900000000000006,16.200409290605016,-0.007509097875693257,-0.005307696260939456,0.05011865456723173
34.,15.577178324749267,-0.007981472561100232,-0.007424346570753158,0.042820967619896046
34.1,14.900848697565648,-0.008320919342524434,-0.009249915732766645,0.037055864863327945
34.2,14.202760400092346,-0.00842501907543945,-0.010596377984211383,0.03238010735862085
34.300000000000004,13.517831536006646,-0.008096201108324529,-0.011152819297986005,0.028474036114449888
34.400000000000006,12.882631723970647,-0.00706632267867879,-0.01052123152943196,0.025211243470032892
34.5,12.332631877952684,-0.005083720539108525,-0.008347272004224788,0.02273696401451402
34.6,11.898684519085013,-0.002071608875863426,-0.0045495461269557495,0.021472050948371377
34.7,11.60324682360879,0.0017161785423375191,0.00045712331329429234,0.02193974281725765
34.800000000000004,11.457408563457104,0.005692652999116414,0.005746074697661684,0.024442001196889253
34.900000000000006,11.459953248326714,0.009162814210172732,0.010182544432758851,0.028826568585995124
35.,11.599036173719824,0.011628467674715388,0.012878076809988327,0.03458270043590694
35.1,11.855863897332693,0.012931465291319447,0.01347407178038736,0.041192118135084464
35.2,12.208898174729109,0.013169979866453654,0.012114212645032565,0.048434198968598206
35.300000000000004,12.637176945136662,0.012521335121215773,0.009234254509989794,0.05646621354886912
35.400000000000006,13.122077231735894,0.011112084407026872,0.005361734392507663,0.0657223746505077
35.5,13.64759665744301,0.008974434865005399,0.0010157061729361443,0.0767187330079816
35.6,14.199640160800945,0.0060628812142878435,-0.0032995907377789237,0.08971407379132665
35.7,14.764878581893495,0.0023071329623128205,-0.00703971518120026,0.10393819638029968
35.800000000000004,15.32964544417796,-0.002281632952500202,-0.009533477916998736,0.11585553226353394
35.900000000000006,15.879176958491843,-0.0073880397849447905,-0.009941276372377583,0.1164266872467983
36.,16.397339727628072,-0.012049034568323666,-0.007503396162643761,0.0909772349010338
36.1,16.86685865987879,-0.014603797658432945,-0.0023831631997198945,0.0311753258048189
36.2,17.269966370819457,-0.013744863842056997,0.003538498583008921,-0.04471399934788458
36.300000000000004,17.58934683039193,-0.009989995294924881,0.007700937197493813,-0.10108718826996312
36.400000000000006,17.80923375200384,-0.005245666347435804,0.008996698403976185,-0.12221810295503241
36.5,17.91653675184566,-0.0010587432598373103,0.00802339242558211,-0.11807886572515233
36.6,17.901893550348447,0.002040452909486323,0.005854676874911937,-0.10350829081945666
36.7,17.760574944062157,0.004148889752357589,0.0032649811298202914,-0.08732646026393019
36.800000000000004,17.49319498332505,0.005549098950216178,0.0006455916231554991,-0.07295541036851687
36.900000000000006,17.10619853128433,0.006504348786014537,-0.0018532311118326082,-0.06118028991516123
37.,16.612110130476317,0.007201037772812713,-0.004188570750297634,-0.05182333395763571
37.1,16.029529527398218,0.0077423250555083405,-0.006336214177069221,-0.04444409509931509
37.2,15.382846772537803,0.008149352818773955,-0.008231366643833022,-0.0385794671886853
37.300000000000004,14.701619485585832,0.008357190551006203,-0.009725082236140162,-0.03381840435216647
37.400000000000006,14.01950643774986,0.008209361443331448,-0.010558266774276693,-0.02984183923220088
37.5,13.372599870712666,0.007469512830162384,-0.01037513114658378,-0.026480562743186525
37.6,12.796992281689409,0.005881035360935288,-0.008812978196221788,-0.02379317828384616
37.7,12.325543752085396,0.003295700481436894,-0.005688448274626381,-0.02210692682235291
37.800000000000004,11.98417341746238,-0.00016654451286583636,-0.0012219692091138428,-0.02192240756380465
37.900000000000006,11.788525074992394,-0.004048962326770237,0.0038631912249175284,-0.023649055817829473
38.,11.742198569131906,-0.007694542116889542,0.008521024538272123,-0.027328236708685474
38.1,11.837416711205137,-0.010528643748951717,0.011783749755436218,-0.032598816299378594
38.2,12.057977572314716,-0.012269492962905477,0.013110007142355683,-0.03895887345533283
38.300000000000004,12.383307837956842,-0.012926012524625444,0.012465542069836199,-0.04609375746695407
38.400000000000006,12.792147115910252,-0.01264920525492753,0.01017329556429492,-0.05403234501093553
38.50000000000001,13.2649061240836,-0.011582628340827874,0.006710223356348036,-0.06309356173947792
38.6,13.784506659972294,-0.009787514439567045,0.00257710997473265,-0.07369328047977274
38.7,14.336046708311823,-0.007237623647922719,-0.0017340391972771318,-0.08600279242555701
38.800000000000004,14.90582771313439,-0.003859960862548484,-0.005699724608307024,-0.09926502380421705
38.900000000000006,15.480243531021392,0.00037318304275946765,-0.008684333840896421,-0.11041871977029534
39.00000000000001,16.044893154316327,0.005253938589844106,-0.009885626100187643,-0.11208688975599163
39.1,16.584121433495653,0.010035554390049882,-0.008498749354904954,-0.09245319071582088
39.2,17.08105159708821,0.013296758549443235,-0.004370845148722903,-0.04351186102532833
39.300000000000004,17.518067703214165,0.01363427086997731,0.0011931097462535957,0.02342769499021032
39.400000000000006,17.87764036485987,0.010986739887240929,0.00588141006236162,0.08001052250446686
39.50000000000001,18.143362412616753,0.006780755574923605,0.008163970265502068,0.1081202361878604
39.6,18.30106342414387,0.0025945260216295187,0.008089752784065457,0.11144104857038775
39.7,18.339891651947905,-0.0007665783932227218,0.006509359300747759,0.10194876498677653
39.800000000000004,18.25327846082819,-0.0031821209738064488,0.004229452324906124,0.08852431880634139
39.900000000000006,18.039726676711606,-0.004834703410660205,0.0017461119654655294,0.07539658407277924
40.00000000000001,17.7033859920155,-0.005963133052876867,-0.0007020620439991883,0.06401925396567835
40.1,17.254393317307432,-0.00676370533819609,-0.003020128877767679,0.054633901194712155
40.2,16.70896161766652,-0.007363062857221119,-0.0051652827338936995,0.04704344112003606
40.300000000000004,16.089194534804424,-0.007813002798780238,-0.007082475950346864,0.040923732365996154
40.400000000000006,15.422582580703397,-0.008086700337567528,-0.008657709932205023,0.035940029362919394
40.50000000000001,14.74109857337885,-0.008073451427953614,-0.009686977202618803,0.031802592619243196
40.6,14.079763726961055,-0.0075826881034479505,-0.00987387997365111,0.02832198564082585
40.7,13.474533835727238,-0.006380458800092342,-0.00888392342209191,0.02548118987788632
40.800000000000004,12.959426572568244,-0.004282197980049468,-0.006480642251270693,0.02349513431199203
40.900000000000006,12.56306288420835,-0.0012916963860850068,-0.002721120550711448,0.022781960184210172
41.00000000000001,12.30523565343198,0.0022938697789698526,0.0019001042360303117,0.02378483153443775
41.1,12.194530987553803,0.0059277612576145704,0.006510382800634107,0.026712003364766312
41.2,12.22799199147632,0.009025212605461708,0.010154182509378913,0.03140169371974425
41.300000000000004,12.393098846763117,0.011196327428716582,0.012146899664055598,0.03745096244969351
41.400000000000006,12.671317003565944,0.012328785822177266,0.012254659844342763,0.04449906088851955
41.50000000000001,13.041875492698615,0.012501663261917397,0.010638871600944786,0.05243090382433599
41.6,13.484626585338317,0.011841748314358105,0.0076853210550434006,0.06137868608923316
41.7,13.981494376457887,0.010422728540784059,0.0038589017298119163,0.07153812880966053
41.800000000000004,14.51663510139267,0.00823433643098671,-0.0003552919188990661,0.08281260963832704
41.900000000000006,15.075754689884741,0.00520995337161705,-0.004431226460496436,0.09419757795359839
42.00000000000001,15.64508492199505,0.0013126227974601225,-0.007736704352144266,0.10279222381898659
42.1,16.210428064577137,-0.003294076997734539,-0.009494376252885734,0.10275338371755796
42.2,16.75653624316989,-0.00799773179140522,-0.008925021118165658,0.08596302505649334
42.300000000000004,17.26694809720973,-0.011623838984633908,-0.0057533923481638835,0.047549644612321466
42.400000000000006,17.724286922027527,-0.012897455932339812,-0.0008435860134615684,-0.005449347244118246
42.50000000000001,18.110942985652134,-0.011418806679894524,0.003953180634335929,-0.05486936758558552
42.6,18.410019710056645,-0.008043180023161895,0.007017331372686031,-0.08609282332023237
42.7,18.606412919120615,-0.004120809785559731,0.007888784254170339,-0.09757928367881526
42.800000000000004,18.687904043097333,-0.0006193228486229009,0.00703452438066081,-0.09582607946445124
42.900000000000006,18.646171270092534,0.0020915636728669994,0.005172645939483142,-0.08766857117652913
43.00000000000001,18.477648642199664,0.004033107608640897,0.0028723776889605533,-0.07745845670183545
43.1,18.18418651411217,0.005380610303976656,0.00047325622132308423,-0.06738103482149578
43.2,17.77348444181268,0.006324645465399643,-0.0018570896301366494,-0.0583498728335374
43.300000000000004,17.259277265384934,0.007011875656650022,-0.004040969789188934,-0.05063381036680875
43.400000000000006,16.661254525417707,0.00752464342622527,-0.0060212588549875806,-0.044195139623033064
43.50000000000001,16.004679445366197,0.007872825064184385,-0.007708291200955186,-0.03886088490839116
43.6,15.319644373995231,0.007987456011818952,-0.008941685750008737,-0.034418347251943975
43.7,14.639858585169884,0.007719280213399264,-0.009474179391200276,-0.030688960945945736
43.800000000000004,14.000832137456863,0.006858324827228423,-0.008998036742421426,-0.0276070739636345
43.900000000000006,13.43734681127216,0.005197868208285961,-0.00724037248003402,-0.02529646706953356
44.00000000000001,12.980270483800709,0.002650546987958443,-0.0041287222984784395,-0.024092881399715868
44.1,12.65312342408893,-0.0006284713022581329,0.000041005863554799396,-0.02444270691197724
44.2,12.469237257642115,-0.0042123192001662785,0.004569034536111489,-0.026680751219440777
44.300000000000004,12.430527273279724,-0.007536830344842607,0.008540940781644761,-0.030831837285324695
44.400000000000006,12.528485348833097,-0.010127442296190687,0.011158278896534726,-0.03661577838863254
44.50000000000001,12.747087416078905,-0.011749860316139229,0.011994545278635705,-0.043657703410225915
44.6,13.06650557240091,-0.012394280053148465,0.011037744080387789,-0.051709707618125864
44.7,13.4663716851871,-0.01215267414625433,0.008568145975355023,-0.060698596789638334
44.800000000000004,13.92781790097419,-0.01109873690692682,0.005009193063517089,-0.0705488982903673
44.900000000000006,14.43416588037745,-0.009230374467653133,0.0008459396970578239,-0.08079843114765624
45.00000000000001,14.970582561237675,-0.00648341326340271,-0.003371998664959082,-0.09002151394453814
45.1,15.523183979068357,-0.002818279123071464,-0.006978898018897816,-0.09519236662187724
45.2,16.078037071502578,0.0016103528616721724,-0.009177585490028043,-0.09159503752725727
45.300000000000004,16.620387747960272,0.006242317078622971,-0.00920426811218268,-0.07452846153132003
45.400000000000006,17.1342998206146,0.010060336627537697,-0.006767212750506217,-0.0432769783740406
45.50000000000001,17.60275942768807,0.011971224198127071,-0.002502113720531363,-0.0040678047367042865
45.6,18.00820118226346,0.011486045480718597,0.002146888599817594,0.03293584697064964
45.7,18.333352044369782,0.009035203208534837,0.005721270472426381,0.060343663009656136
45.800000000000004,18.562264443796025,0.005599477189682076,0.007472039067599703,0.07634636247462888
45.900000000000006,18.68141284947367,0.002114843195205023,0.007445594582055115,0.08267991197985115
46.00000000000001,18.680746885149464,-0.0008555502454214126,0.006130344150190377,0.08209979620146625
46.1,18.554619506830967,-0.00312925868095551,0.004084645152852831,0.0772285351225728
46.2,18.30253381252688,-0.0047645218857747485,0.0017381357345237116,0.07019223923116598
46.300000000000004,17.929672620124645,-0.005916098061363642,-0.000647611861017676,0.06250838194072043
46.400000000000006,17.44718851952151,-0.006741244758719098,-0.002936138683575457,0.05511020307785139
46.50000000000001,16.87223648345295,-0.007352683969763334,-0.0050505008080765175,0.04846415599951503
46.6,16.2277235647369,-0.007797780062378403,-0.0069120973867237675,0.04271694201545156
46.7,15.541727836395287,-0.008047278346551225,-0.008391806487916187,0.03782939145941357
46.800000000000004,14.846501703686446,-0.007988571979972332,-0.009279167211868068,0.03369016603864128
46.900000000000006,14.17693439595059,-0.00743240427899266,-0.009284934274585363,0.030221839015397132
47.00000000000001,13.568340898264426,-0.0061543661832444,-0.00810317591205393,0.027484255951638878
47.1,13.05353924673512,-0.003990713809071865,-0.0055507491067061125,0.0257446009927191
47.2,12.659449780030824,-0.0009714526069412471,-0.0017506681180022264,0.025445504350230613
47.300000000000004,12.403877708600614,0.0025916927251885317,0.0027546731173128474,0.027027914689327234
47.400000000000006,12.293483956082575,0.006164870756117057,0.007093193256920234,0.030692138158384775
47.50000000000001,12.32381718787985,0.00919882333213753,0.010358494667298586,0.03629051376339355
47.6,12.48152567918141,0.011336054291282325,0.011929200486257813,0.043452178854510914
47.7,12.747918175010142,0.012469113748288973,0.011611212472404838,0.05180589513963951
47.800000000000004,13.102575555874203,0.012647447052846055,0.009573124756170134,0.061067415962181966
47.900000000000006,13.525972993959783,0.01194018523422251,0.006198127037834742,0.07086312910726247
48.00000000000001,14.00071476058572,0.01034838495691343,0.001980497997033069,0.08029746263249601
48.1,14.511548915800628,0.007802485061754629,-0.002486582615514513,0.08738466582406494
48.2,15.044611753346265,0.0042555072402520044,-0.006467121036223271,0.08874127682510576
48.300000000000004,15.58638982163644,-0.00012997394856751124,-0.009091147357356553,0.08043328742571197
48.400000000000006,16.122791958155,-0.0047839248209618134,-0.00956977687528947,0.060711925075419684
48.50000000000001,16.63858116266117,-0.008747489998444208,-0.0076356830036795175,0.0329400769891569
48.6,17.11727439835676,-0.011071714978460856,-0.0038644392658589216,0.004415863727060893
48.7,17.54150247830925,-0.011323842329576457,0.0005444790747460854,-0.019165779771459335
48.800000000000004,17.893743773298016,-0.00973077711210349,0.0043711480194634274,-0.037020707660881176
48.900000000000006,18.15730604867405,-0.006934407539882067,0.0068258776243180115,-0.05098642922348412
49.00000000000001,18.317423684179932,-0.003672329125656576,0.007653566906607818,-0.06197698625884774
49.1,18.362351939561755,-0.0005543051763115113,0.007030208959552927,-0.06928551786526195
49.2,18.2843647787965,0.0020542751252847985,0.005373376423991597,-0.07208875357021886
49.300000000000004,18.080589606022283,0.004041975231535345,0.0031405018728231293,-0.07063928412074512
49.400000000000006,17.753635815497873,0.005475189219946254,0.0006919439934617902,-0.06616164059214051
49.50000000000001,17.311991328455942,0.006495497857136531,-0.0017469419062339957,-0.060129236116163706
49.6,16.77017016105512,0.007239903094823853,-0.004051475734081477,-0.05371829411171348
49.7,16.148592048806172,0.007795269350580519,-0.006135559330719315,-0.04764122783981502
49.800000000000004,15.47315900747408,0.008175012348335101,-0.00789032570760401,-0.04221556080060896
49.900000000000006,14.774461109036833,0.008305664901596142,-0.009136731359148406,-0.037510764156193255
50.00000000000001,14.086499128072262,0.008023262941090582,-0.009605356763545242,-0.03350267763414142
50.1,13.444778555508488,0.007095878184224226,-0.008967758487633225,-0.03022090390984688
50.2,12.883665376777182,0.005298164645036594,-0.00694781776579,-0.027871982721099663
50.300000000000004,12.433085727755488,0.0025444710159169457,-0.003509091508446888,-0.026879945438620385
50.400000000000006,12.115044560422925,-0.0009764687272509902,0.0009679819822543271,-0.027770655869274463
50.50000000000001,11.940893136307645,-0.004783362263085928,0.005674108911178198,-0.030919209486561156
50.6,11.910407609385567,-0.008268587243124662,0.009610005789276028,-0.03633939565250614
50.7,12.013208081596,-0.010948029441718536,0.011952896862843445,-0.043702262943386715
50.800000000000004,12.23203640158306,-0.012601352275563645,0.01230511841214091,-0.05253670314548479
50.900000000000006,12.54663136287008,-0.013223462166665825,0.010703958048126105,-0.06235071281893033
51.00000000000001,12.93691977463921,-0.012874526341727978,0.007482859142556086,-0.07245179231534803
51.1,13.384829474665862,-0.011555704934715059,0.0031454618260069156,-0.08144126919109802
51.2,13.874706135747264,-0.009183468372580918,-0.0016604715153513943,-0.08661706471132256
51.300000000000004,14.392732377964084,-0.0056919562898359475,-0.006099107670355186,-0.08399991704168264
51.400000000000006,14.925869472259684,-0.0012552193479449297,-0.009176792672216884,-0.0701949538705863
51.50000000000001,15.460779533395078,0.003504795860368718,-0.010031557571517542,-0.046152075031255665
51.6,15.98304667596815,0.007609209026452707,-0.008429089711463856,-0.019004201917589593
51.7,16.47686258470371,0.010195093611671768,-0.004991009787778176,0.0024431959741851145
51.800000000000004,16.92520824875652,0.010939854200316368,-0.0008258586590811116,0.014718011255810588
51.900000000000006,17.31046613721936,0.010040412899386678,0.0030432142201472345,0.021081088508361167
52.00000000000001,17.615341474274953,0.007935209316857414,0.005940607069955364,0.02721078915237791
52.1,17.82395335401657,0.005115673168111588,0.00751287620267563,0.036534309225550524
52.2,17.92296560867256,0.0020702916147408872,0.00767377487394394,0.048369493699027336
52.300000000000004,17.902651307914432,-0.0007692759599804284,0.0065908911029913505,0.05926943630171518
52.400000000000006,17.757813300555597,-0.003119542861079252,0.004623568852488325,0.066004142062993
52.50000000000001,17.488509638886537,-0.004895184369311904,0.0021828619370428113,0.0675396950256018
52.6,17.100553397476343,-0.006167607357007371,-0.00039854282484878644,0.06486640707415668
52.7,16.605769200200687,-0.007073850196278189,-0.002909865243139438,0.05974611060170602
52.800000000000004,16.021991596626727,-0.007736676059967374,-0.00522705216272174,0.05372211312438816
52.900000000000006,15.37278024848293,-0.008216735543634243,-0.007245364799399089,0.04777064035269071
53.00000000000001,14.686800263126727,-0.008487598308761085,-0.008814562069565459,0.04236020886802044
53.1,13.996772896117486,-0.008423869500557336,-0.009696432959712724,0.037650963127476435
53.2,13.33785545061675,-0.007808861098669277,-0.009566695405530876,0.0337088184112066
53.300000000000004,12.745302436374836,-0.006386044701687896,-0.00809268852413425,0.030694377638642197
53.400000000000006,12.251375411672909,-0.00397659183616644,-0.005104498094388319,0.028981787384850584
53.50000000000001,11.881790892615847,-0.0006368870977114657,-0.0008086144400990369,0.02912777015771873
53.6,11.652482540468817,0.0032515018301718817,0.004104468025516958,0.031653997705709896
53.7,11.56779683212928,0.007077821993668688,0.008608628788276932,0.036769406877688364
53.800000000000004,11.620990836552153,0.010256260097725296,0.011710616429325298,0.044265558223473896
53.900000000000006,11.796972996864255,0.012442109328849243,0.012793586177430595,0.05364731706841381
54.00000000000001,12.076214493464605,0.013551370332216813,0.01172453566828072,0.06425929327422916
54.1,12.438404961096605,0.013618340979429116,0.008749456656240004,0.07509304477555279
54.2,12.864858258269273,0.012635841955100697,0.004353756583319003,0.08417692372505828
54.300000000000004,13.339409790553006,0.010495828386097581,-0.0007751827739010679,0.08789071185198262
54.400000000000006,13.848102165021327,0.007095412122029988,-0.005694642974008748,0.08133759553330716
54.50000000000001,14.378184026211605,0.002608024721290165,-0.00924938303463263,0.06143015300118298
54.6,14.916934947894168,-0.0022735695658398555,-0.01045461046744378,0.031828002970096206
54.7,15.450702540411564,-0.006498421582206471,-0.009094154515468623,0.0033504270697842474
54.800000000000004,15.964378616343208,-0.009238355144775563,-0.005885777923615445,-0.01388353028343181
54.900000000000006,16.441392296619625,-0.010281339566058553,-0.0019466523833456314,-0.017943555473647718
55.00000000000001,16.864181920087827,-0.009881173776826313,0.0018182588372565897,-0.014210531347339619
55.1,17.215034674990875,-0.008408173357313578,0.004882459696480781,-0.010265224602888262
55.2,17.47715208821313,-0.006177135337904952,0.006954424182313368,-0.012097178229377399
55.300000000000004,17.635801428048165,-0.0034770827806468144,0.007845038824810005,-0.02197187046830389
55.400000000000006,17.679434617945343,-0.0006439316747516045,0.007482614975328092,-0.037501920779800364
55.50000000000001,17.600685505024497,0.001964929962708136,0.006000633512150215,-0.0531198562911222
55.6,17.397185013963664,0.0040916074556099835,0.0037359924509107077,-0.06376296468990203
55.7,17.072157257353606,0.005663530235109395,0.0010943041936652322,-0.06762434221692515
55.800000000000004,16.634775762525862,0.006762495333535769,-0.0015952682456877095,-0.06590069008574807
55.900000000000006,16.10026588234574,0.007526483356882529,-0.004125870683387991,-0.0609199489186856
56.00000000000001,15.489734749353001,0.008063176644937442,-0.006367189089656274,-0.05469949629098694
56.1,14.829690486233437,0.008401202059291044,-0.00818813520661052,-0.04848538062615066
56.2,14.151175807365185,0.00846861388402572,-0.009392221772170061,-0.04287444737099813
56.300000000000004,13.488394046704313,0.00809135501515948,-0.00969213853341747,-0.038107766062977465
56.400000000000006,12.876676878130695,0.007024888839434825,-0.008751692516893159,-0.03435358483983442
56.50000000000001,12.349698983697502,0.0050439376912658936,-0.006321122743012844,-0.03191544301508132
56.6,11.936077119478776,0.0020897361062457475,-0.0024468379367995623,-0.03130177707363675
56.7,11.655926000890945,-0.0015988058983049675,0.0023582988317389243,-0.033097788309663784
56.800000000000004,11.518387240504824,-0.005497244749957092,0.007153825451138202,-0.037696378178253824
56.900000000000006,11.52117092818509,-0.008995910085838433,0.010873342189316675,-0.04509638234428911
57.00000000000001,11.652463719906486,-0.011648194095933893,0.012708634372623673,-0.05491428019329057
57.1,11.894495420513733,-0.013268214740465824,0.012319314565509382,-0.06645182082374211
57.2,12.227392964589944,-0.013832593695493231,0.009799761453158569,-0.07845472117960756
57.300000000000004,12.632103810860913,-0.013305771559411409,0.005553320573028447,-0.08834980977561811
57.400000000000006,13.091846288773613,-0.011540279974533288,0.0002531841636532807,-0.09136282608225085
57.50000000000001,13.592200213793845,-0.008370218182857414,-0.005081768597523979,-0.08119427122802182
57.6,14.12030415426941,-0.003935224222243646,-0.009120158203742528,-0.05467416841574897
57.7,14.663694185285435,0.0010104843776625528,-0.010699773559413853,-0.018362991592679543
57.800000000000004,15.209226605005663,0.005314446691218914,-0.009577312764445407,0.012881621487439049
57.900000000000006,15.74237413982164,0.008138738728901657,-0.006567964630867325,0.027823700731580327
58.00000000000001,16.247027943825135,0.009354064597845341,-0.002843623842414308,0.0262831427198806
58.1,16.705806157411544,0.009287974341383015,0.0007422261831695159,0.015153023701342028
58.2,17.100779279272032,0.008317917125151071,0.003774139316344573,0.0023152863150715493
58.300000000000004,17.41447646713945,0.006684887829912398,0.006072388470433579,-0.00564361083066422
58.400000000000006,17.631028192117615,0.004522784017401278,0.007490060735945849,-0.003895064770380826
58.50000000000001,17.737316744871478,0.001985503308002025,0.007850343321664986,0.009186239595995162
58.6,17.72403388403874,-0.0006545461286887783,0.007045962167824336,0.030079245291847717
58.7,17.586574571424,-0.0030501694252884157,0.005193751861978618,0.05112665427107732
58.800000000000004,17.325721422032732,-0.004944289819012139,0.0026508182966947895,0.06540794974184852
58.900000000000006,16.94809334277306,-0.00628124664909955,-0.00015046797360903787,0.07069062601462892
59.00000000000001,16.466342230657563,-0.007163830050565075,-0.002873168855410643,0.06888290274895899
59.1,15.899081729258254,-0.0077342065913161276,-0.005313697868326157,0.06320336706859371
59.2,15.27051926619529,-0.00808095539762505,-0.007335270173412648,0.056235260929700444
59.300000000000004,14.609734624108924,-0.0081962757424052,-0.008781202101967894,0.04946821324517138
59.400000000000006,13.949507893492717,-0.007967024952676606,-0.00942095870123397,0.04358403859897369
59.50000000000001,13.324565037499324,-0.007193920936458997,-0.00895745399225241,0.03888305984137332
59.6,12.769128332744664,-0.005653831415872633,-0.007118983561488273,0.03562516357709673
59.7,12.313809959915073,-0.003216218118438149,-0.003835310298263459,0.034218814902039346
59.800000000000004,11.982226671597015,0.000023056307614146436,0.000573641857148649,0.03521506813505934
59.900000000000006,11.788151031613651,0.003690203105367373,0.005343834861146797,0.039120473450303735
60.00000000000001,11.734225028512027,0.007246360752675946,0.009456502809764473,0.04616939647736187
60.1,11.812881983435798,0.010206974443971577,0.011988863556594927,0.056219090892352566
60.2,12.00920997355463,0.012292425570308043,0.012392750811890545,0.068703300255218
60.300000000000004,12.304651331519072,0.013398599185635645,0.010555226572802634,0.08228771901822193
60.400000000000006,12.680256486644929,0.01343988089702175,0.006720362406580772,0.09387707177422112
60.50000000000001,13.118686060420897,0.012213391686098793,0.0014653144573307764,0.09733537055895787
60.6,13.604821328262709,0.0094578079994663,-0.004182709183529089,0.08425543841992061
60.7,14.125310897565333,0.005223037798567791,-0.008726536832518705,0.05061514769463352
60.800000000000004,14.66755779115048,0.0002886062827758739,-0.010760182509454192,0.006136918653132343
60.900000000000006,15.218621818349922,-0.004070666745981213,-0.009933843102294986,-0.029292833485767084
61.00000000000001,15.764384588698144,-0.006957699616314572,-0.007132740519655372,-0.04316939911898121
61.1,16.289169967531006,-0.008286416399382646,-0.003605342526267671,-0.037647377177732845
61.2,16.775871135315818,-0.008443925492752954,-0.0002022846848497449,-0.021450234297757553
61.300000000000004,17.206528567392677,-0.007837418913501443,0.002717134197958905,-0.0023174872294830892
61.400000000000006,17.563239874397222,-0.006701991273561299,0.00505787686392513,0.014147106459718386
61.50000000000001,17.829259635576282,-0.005108216676274132,0.006765993284756646,0.022953252121657032
61.6,17.990154333202252,-0.003064228711942352,0.007699760846900728,0.01931095696916605
61.7,18.034901043273944,-0.0006616341321498825,0.007632698730185154,0.0012023856584238131
61.800000000000004,17.956847469573,0.001824869233122292,0.006417516021900396,-0.026718499647276416
61.900000000000006,17.754477922267863,0.004016617840240777,0.004193447569344093,-0.05389508274327694
62.00000000000001,17.431951096744662,0.005653447601585235,0.0013869973139870352,-0.07119263355493399
62.1,16.999389113031526,0.006716260442143597,-0.0015195934477824952,-0.07654364071211309
62.2,16.47290174909787,0.007344307638527103,-0.004185918006529718,-0.07334732139550133
62.300000000000004,15.874323167005837,0.007685518593749558,-0.006422846645966461,-0.06608091144920461
62.400000000000006,15.230618636473519,0.007804767032625556,-0.00809460818219862,-0.05790361058044876
62.50000000000001,14.572886634105737,0.007657774143313953,-0.009028133938211601,-0.05044095727631781
62.6,13.93484821013989,0.007102940088937068,-0.008982480570496762,-0.04436750920066552
62.7,13.350713284897315,0.005945318834362632,-0.00769840369573542,-0.03998924100252287
62.800000000000004,12.852403367851766,0.004022451529239858,-0.005032722573743477,-0.037616053198295425
62.900000000000006,12.46635552631648,0.0013205414882939178,-0.0011378796232111934,-0.03770457124421062
63.00000000000001,12.210512205458388,-0.0019421472314128778,0.0034237437607182626,-0.04079142107808072
63.1,12.092405455030788,-0.005348900828202807,0.007756327033315816,-0.04730691926171984
63.2,12.109130532341645,-0.008441955871748352,0.010902348403372486,-0.057407294759663496
63.300000000000004,12.249336181544686,-0.010886552764599955,0.01214218076257306,-0.0708198321647224
63.400000000000006,12.49649736442491,-0.01250509260091261,0.011138732732078344,-0.08637203500702696
63.50000000000001,12.832281863765896,-0.013159137249286848,0.007922905151650627,-0.10069154823833376
63.6,13.239022161644076,-0.012586806426284668,0.0028955280998967273,-0.10622011344819934
63.7,13.700882870084271,-0.010402212280401363,-0.002997330204473482,-0.09152538846693888
63.800000000000004,14.20385372231624,-0.0064910888365079435,-0.008124395227488921,-0.05028064928824732
63.900000000000006,14.734989222569777,-0.0015988307234564628,-0.010751791603602064,0.004511564435403596
64.,15.281372452414352,0.0028499874416142083,-0.010309196354031483,0.04601543393448698
64.1,15.829197449631357,0.005832119139860692,-0.007720487645142467,0.059695428238011945
64.2,16.36322452789997,0.007264237611948411,-0.00434248361701299,0.050860453976859385
64.3,16.866717520942455,0.00758034501985425,-0.0010676623062118838,0.030902750740794998
64.39999999999999,17.321851132563253,0.007221663163389466,0.0017554883088347786,0.007753607243473714
64.5,17.710495368192426,0.006445125014071745,0.0040730562683676235,-0.014377268517216912
64.6,18.01524469632278,0.005323760829202272,0.005906038681969309,-0.03216033696338845
64.7,18.22055455117324,0.003808789662531981,0.007207007453353586,-0.04077656860440719
64.8,18.313864646048003,0.001837249961176493,0.007779829571109116,-0.03395264372418365
64.89999999999999,18.286615220153802,-0.0005082973789858802,0.007322162496815456,-0.00853159649289734
65.,18.135089946225634,-0.0028960703519629975,0.005662450199110284,0.028726835743486657
65.1,17.861042645351908,-0.004886829405496897,0.0030229163570425787,0.06255970075519283
65.2,17.472081643493194,-0.006236111551383726,-0.000045451563558354926,0.08138852333448568
65.3,16.981794072437765,-0.006997158592050553,-0.0030054820286605833,0.08469724468420953
65.39999999999999,16.409591081935524,-0.007360841882930129,-0.0055381864314391835,0.07852169979314785
65.5,15.780241941906532,-0.0074757937813966216,-0.007488382367976471,0.06884062655568686
65.6,15.1230399542656,-0.007374880206049787,-0.00872835313523325,0.05918317199713463
65.7,14.470511935984854,-0.0069766144531825565,-0.009074794632354478,0.051075113562526926
65.8,13.856567243649897,-0.006121019642142192,-0.008294158526518408,0.045042618980094984
65.89999999999999,13.314027799599721,-0.004635391652524153,-0.006197655597445885,0.04133291857482922
66.,12.87164897798856,-0.0024310430452075854,-0.002803154170525424,0.0402768852893818
66.1,12.551054340548502,0.00040195015220038704,0.0015139082658375046,0.04237079660656432
66.2,12.364348481179908,0.0035724341656193695,0.006002969462118921,0.04817207512588079
66.3,12.313257958498577,0.006682221797970118,0.009719581142035453,0.058129058678757554
66.39999999999999,12.390234745753501,0.009378556328064912,0.011812911018538869,0.07237286116290485
66.5,12.581168588593789,0.011434912840282248,0.011733146123405374,0.0901688426862728
66.6,12.86870703509829,0.012678846601365914,0.00927809488656769,0.10831684235655045
66.7,13.235098415909635,0.012810097380047689,0.004613891415140343,0.11813344762427924
66.8,13.663899724172175,0.011310170863456603,-0.0014949059561987495,0.10423399847740819
66.89999999999999,14.140454394740596,0.007815763353258615,-0.0073468671172287016,0.055426413694311005
67.,14.65144126347589,0.002944027875788323,-0.010781411883697127,-0.012726093575058408
67.1,15.18394969432951,-0.0016968949690686435,-0.010841156116708767,-0.06325786448585512
67.2,15.724511091763697,-0.004858924628196956,-0.008454226481607761,-0.07769275984713309
67.3,16.258400998157885,-0.006418396305973272,-0.005146849523210155,-0.06554346087508572
67.39999999999999,16.769382178782067,-0.006858019020585843,-0.0019088948900679555,-0.042139112302576234
67.5,17.23992667416531,-0.0066618236354988244,0.0008868406040699419,-0.01625372120867446
67.6,17.651855884060026,-0.006118364241734857,0.003196003382355899,0.009001022472611414
67.7,17.987280561087314,-0.005330360535394616,0.005080777980788383,0.032371145091662085
67.8,18.229703645741413,-0.004259007774959195,0.006578763970828849,0.0512737991336871
67.89999999999999,18.365157362513134,-0.0027769680445320893,0.007601584252452154,0.05945314614208681
68.,18.383269287803788,-0.0007813449950449,0.00786359218701715,0.04753418258294049
68.1,18.278179802858055,0.0016069293634055131,0.006965844721509605,0.010951793073135792
68.2,18.049258799410367,0.003937898071022891,0.004752385705654753,-0.03868351601782632
68.3,17.701589222061912,0.005699649793116446,0.001624301433685434,-0.07850374285930858
68.39999999999999,17.24619723975535,0.006718150871439173,-0.0016933509263773764,-0.09558925761871359
68.5,16.70001211565391,0.00716596105135189,-0.004641446244726568,-0.09383016948221831
68.6,16.085531450187904,0.007286203656665611,-0.006968616508406296,-0.08307304411109363
68.7,15.430148078412303,0.007208305539230057,-0.008569132874487462,-0.07049839576459617
68.8,14.765065874864886,0.006917976874446458,-0.009317615253205576,-0.05944709882055786
68.89999999999999,14.123706289142643,0.006292371769307399,-0.009015117511570947,-0.051002219016815224
69.,13.539519592714761,0.005158405211310458,-0.007444500634793108,-0.04540697874383068
69.1,13.043221351640772,0.00337558371037491,-0.004512921455327867,-0.04282714855508465
69.2,12.659723931954073,0.0009331986654783737,-0.00042653091164031044,-0.043641248876646235
69.3,12.405381230561394,-0.001989520643368733,0.004213464489482743,-0.04844746583303051
69.39999999999999,12.286397532164685,-0.005062211546613011,0.008500708907781202,-0.05793364221177064
69.5,12.299070810162437,-0.00793358691494941,0.011480707765112995,-0.07267937940218268
69.6,12.431879821014535,-0.01034685533640825,0.012406828302327469,-0.0926392428427555
69.7,12.668654541730445,-0.01211934829524253,0.010845513808517575,-0.11542014282721777
69.8,12.991715936989998,-0.012955485880696503,0.0066978205257377296,-0.13215591763810017
69.89999999999999,13.38410446567003,-0.012238517054996928,0.00044028334288298966,-0.12326808248488998
70.,13.830562789637018,-0.009281772897098034,-0.006289628554735522,-0.06885818109212884
70.1,14.317428135964931,-0.004414300521284205,-0.01083189551163323,0.016270528892165723
70.2,14.831848323128828,0.0005663924847022833,-0.011586631649538732,0.08069910526685554
70.3,15.360779502707373,0.004041026578419326,-0.009407531845019855,0.09764729829089942
70.39999999999999,15.890138725243009,0.005781210015322578,-0.006082063744099548,0.08189929009843426
70.5,16.40434593847801,0.00633203888170724,-0.0027759692490823993,0.054624143043415035
70.6,16.886347525997195,0.006240603742382155,0.00008002142434296002,0.026292386664310767
70.7,17.318096859032448,0.005835289898857161,0.0024325615793724343,-0.0006147977674115706
70.8,17.68139121050305,0.005254503411335912,0.004360733653550152,-0.026526353452726352
70.89999999999999,17.958930035699,0.004496727015724188,0.005955873142500405,-0.05148691400411815
71.,18.135458463278027,0.003445765283810099,0.00723652567290916,-0.07228532899371169
71.1,18.1988790101323,0.0019097315209813362,0.008043565405984159,-0.07941224582532452
71.2,18.141242064535064,-0.00023237885158816087,0.007956751898561591,-0.05830313472143029
71.3,17.959553170685094,-0.002751238305076829,0.006464951695362982,-0.004134561664506471
71.39999999999999,17.6563579090772,-0.005003443559962988,0.0035300209057707132,0.060331288114640544
71.5,17.24008095075331,-0.006444330454181877,-0.00012678184815374105,0.10193021369374736
71.6,16.725103286426098,-0.007076388344350903,-0.0036096548872359894,0.11146878390722921
71.7,16.131559080510364,-0.007222937419307886,-0.006433630702696375,0.1013595291803718
71.8,15.48481919298555,-0.0071446681834645785,-0.008465762530273263,0.08518656884615304
71.89999999999999,14.814601950164587,-0.0069156665682243365,-0.009641944389428253,0.07001927981655136
72.,14.153620163911313,-0.006457606337442981,-0.009815019982963111,0.05817588058696533
72.1,13.535660461529355,-0.005604877045640164,-0.00876012467404397,0.050000394687050524
72.2,12.99304602921511,-0.004181161420977261,-0.006294209994165354,0.045422142308023314
72.3,12.55361982314557,-0.0020947191004049015,-0.0024643681161339408,0.044588220877432125
72.39999999999999,12.237715728254404,0.000576012622818946,0.0022888084542127137,0.048016895942235065
72.5,12.05592131421569,0.0035721630705505586,0.007125950732176117,0.056530828168446276
72.6,12.008474456126017,0.006553809710397583,0.011016289719816587,0.07110915870193409
72.7,12.08664987577505,0.0092399139463677,0.01303167132571906,0.09251585215119205
72.8,12.275669192039107,0.011449075140885771,0.012519912907355987,0.11979005281355015
72.89999999999999,12.558060850125518,0.012939121725457726,0.00912124931190222,0.14553061399183578
73.,12.916394340683174,0.01308718332022611,0.002938698614369893,0.14766594758312254
73.1,13.334797499702796,0.010878788415365177,-0.004693452455497623,0.09389643043049326
73.2,13.799236385737089,0.006114234944412919,-0.010693826163492234,-0.010473508726308105
73.3,14.296909904175687,0.0006615948207402219,-0.0124721836127288,-0.09650755404704985
73.39999999999999,14.81523656118471,-0.003297347457060056,-0.010585883636411688,-0.11985766920300392
73.5,15.340864607140361,-0.005303874095956308,-0.0071813570969634245,-0.10053690344727544
73.6,15.859007420764954,-0.005976694248276703,-0.0037135386336621307,-0.06850913902029854
73.7,16.35325505013951,-0.005957209464489296,-0.0007141146600778197,-0.03725261261959324
73.8,16.805878637683662,-0.00562684251669229,0.0017415278318985246,-0.00908240178304442
73.89999999999999,17.198548378528365,-0.0051599431667971535,0.0037364730094194987,0.01760269698521268
74.,17.51333429699164,-0.0045946728223400955,0.0053895716187717475,0.044839857420653294
74.1,17.733846792013953,-0.003858599672754587,0.006791279813924529,0.07284437640473584
74.2,17.846387957993723,-0.0027659336751683925,0.007920436954876918,0.09639001709883273
74.3,17.84101161908297,-0.001058151817863325,0.008501161723641354,0.09980624389204248
74.39999999999999,17.712419455744,0.0013605614822489785,0.007909766223026738,0.0608058750977261
74.5,17.46064639856374,0.0040231527053528485,0.005559788600322792,-0.019584263918582874
74.6,17.091507682432542,0.006042979974237484,0.0017664051551183856,-0.09605201165568113
74.7,16.616791169170995,0.00700899421483268,-0.0023043372902930214,-0.1289474899022824
74.8,16.054180368963493,0.0072247205522036565,-0.0057383214146705785,-0.1239811913777602
74.89999999999999,15.42688401562524,0.007120798247189988,-0.008266651361507796,-0.1039921222029137
75.,14.76292534745409,0.0068999753707494425,-0.009882926019008129,-0.08331464247771335
75.1,14.094010770952204,0.006545243651420077,-0.010520532805127556,-0.06686290416195255
75.2,13.453868227337312,0.0059095960372936435,-0.009980703043008457,-0.05530430221269947
75.3,12.875959537880108,0.004797657692901707,-0.008021768640694852,-0.04822757565424113
75.39999999999999,12.390593947648458,0.0030559200125455173,-0.004547521145102473,-0.04538703159875233
75.5,12.021755379323016,0.0006709324243674545,0.00017923716002277832,-0.04705496741042451
75.6,11.784343115973751,-0.0021787684203715472,0.005435049895438234,-0.05402442293474144
75.7,11.682753607311732,-0.005180234270450379,0.010165754048852498,-0.06751352902066432
75.8,11.71146694074876,-0.008031927366697356,0.013293643711317814,-0.08898158274780851
75.89999999999999,11.857522606853122,-0.01054688400976739,0.013970855003678714,-0.11914360467281772
76.,12.103954461577091,-0.012561027316683128,0.011618127690678897,-0.1537462297437709
76.1,12.432975169858805,-0.013572285460091127,0.005960553437921439,-0.17249394871754967
76.2,12.828054279334081,-0.012390691947979404,-0.002253221198819982,-0.13154220215154105
76.3,13.27465245323209,-0.008068237426424825,-0.009935714778212222,-0.012184309218289868
76.39999999999999,13.759865875434258,-0.0021492164753673234,-0.013235690799013482,0.10554585758258064
76.5,14.27145773339657,0.0024796270608761677,-0.011898966084894396,0.14359001946076067
76.6,14.796759174570767,0.004880015488237469,-0.008440107997273323,0.12222690925911049
76.7,15.32180920528068,0.0057169629240183045,-0.00475983508250466,0.08448204961975347
76.8,15.830947822546438,0.005763597002177117,-0.0015586015151266,0.049274449182058956
76.9,16.306926947570357,0.005475066884718899,0.0010492916763540552,0.019395653540592677
77.,16.731487688655143,0.005064122243224209,0.003143353013126721,-0.007561828376750526
77.1,17.08628250682842,0.004602714409772748,0.0048538336283072275,-0.03491093745002623
77.2,17.353995168365802,0.004063714814996897,0.006308578725381059,-0.06527942910479687
77.3,17.519518393503073,0.003312543093984353,0.0075816334693788205,-0.0982187784615009
77.4,17.571074196860152,0.0020812100057341454,0.008577230593019076,-0.12402156576547359
77.5,17.50119267716395,0.000048378539227047626,0.008815291766618018,-0.11555782908520935
77.6,17.307493553015412,-0.002732070041315223,0.007400462965948613,-0.04290042915983469
77.7,16.99323715843122,-0.005361759609739838,0.0039006748803557915,0.0679271299193006
77.8,16.567626271603753,-0.00684726025054623,-0.0006460043729116972,0.1402549166533135
77.9,16.04584591681714,-0.007219966036990328,-0.004757572142907022,0.14982299709181032
78.,15.448823402530001,-0.00707774227280675,-0.007826125007489563,0.1272484022962685
78.1,14.802673071378528,-0.0068099127085501695,-0.00986477211448204,0.0996950094818838
78.2,14.137759149225799,-0.006488369708043219,-0.010918955487053449,0.07727345226670809
78.3,13.487273725565702,-0.005998892512641873,-0.010861514782620126,0.06146859383202224
78.4,12.885213363444588,-0.00514657669688096,-0.00944161889685767,0.05142368581497682
78.5,12.36370525071198,-0.003741516861386302,-0.006458628058490961,0.04630878195912332
78.6,11.94985357772932,-0.0016948500287385711,-0.0019972663754244087,0.04595715363383657
78.7,11.662653903831062,0.0009030967323853019,0.003391650626426146,0.05092929408620304
78.8,11.510876013032673,0.0037930431745581378,0.008719967920163735,0.06244311925894287
78.9,11.492788074953062,0.006670339527762474,0.01283357832028658,0.08232476385259388
79.,11.597975328845607,0.009329359221367406,0.014731049392334654,0.11260497695298893
79.1,11.810595635722766,0.011663966314539786,0.01367304684198508,0.1527136350616948
79.2,12.11285472795807,0.013373592385975304,0.00911172016961322,0.18887732350927208
79.3,12.487618769652624,0.013390750868558616,0.00109411712931798,0.1750931795271286
79.4,12.919672285311123,0.010096197640369264,-0.008019144225945062,0.058672064670553234
79.5,13.395720171798645,0.004040456635080525,-0.013392903270047322,-0.09718631675103337
79.6,13.903567882789767,-0.001386360119578131,-0.013134319500330383,-0.1651486147482998
79.7,14.430991120443398,-0.004363703856522876,-0.009809899804747519,-0.14727238546980775
79.8,14.964724534633184,-0.005456615808473632,-0.00594336094006993,-0.10356387719760073
79.9,15.48984889923232,-0.005598507583560098,-0.002522081305349234,-0.06307027594499638
80.,15.98969672562447,-0.005349039806062698,0.0002666724294731556,-0.030440921154922765
80.1,16.44626268215667,-0.004968860291432236,0.0024892163563591764,-0.0027858674974346586
80.2,16.841016005530644,-0.004559713208352175,0.004277077604575777,0.024046818140794783
80.3,17.155970433612755,-0.004130215705943167,0.005772374436218387,0.0540411389300879
80.4,17.37486404869876,-0.0036003923932087494,0.007097502146085475,0.08996740716893466
80.5,17.48432207657434,-0.002760562655370502,0.008286293941839492,0.1291440274569348
80.6,17.474906119682466,-0.0012369928494720805,0.009092200875914043,0.1517586300797233
80.7,17.341983722672367,0.0012880907188256164,0.008689339791567096,0.11177292563098222
80.8,17.08637735156317,0.004323117735979694,0.005993973987551594,-0.012235353643141832
80.9,16.71476963900221,0.006472887473432669,0.001325952668408259,-0.13541452910937085
81.,16.239851067073122,0.00715407565216399,-0.003432385329474417,-0.174987214041987
81.1,15.680195779407427,0.0070024206062205725,-0.007068108346896426,-0.15425203588917655
81.2,15.059838832217755,0.006651011509277868,-0.009499515088101682,-0.11915437801329651
81.3,14.407502362961141,0.006300485474114812,-0.010897394741903552,-0.08947634810699405
81.4,13.755382521118346,0.005884621930439337,-0.011249223042980006,-0.06858009589987872
81.5,13.137382028138866,0.005225745375242114,-0.010349963718955787,-0.055147133855375896
81.6,12.586700270876857,0.004124190932497986,-0.00795346362905733,-0.04758848238435041
81.7,12.13284411199169,0.0024421550583713448,-0.003999872717995217,-0.04512476089496024
81.8,11.798442131652246,0.0001875032978106264,0.0011619142302433673,-0.047896710390614605
81.9,11.596637523694715,-0.002457894785495275,0.006704635231013373,-0.056883062631306325
82.,11.529998746191653,-0.005217515078127991,0.011507247210510649,-0.07388932683200651
82.1,11.591505702499385,-0.00786734653042731,0.014484833336538876,-0.1015251605515839
82.2,11.767318020379252,-0.01031265623223364,0.014789903071422611,-0.1419111440587925
82.3,12.040271043955663,-0.012426646189566012,0.011743522893492165,-0.1893446817061474
82.4,12.39290027557937,-0.01350175341183097,0.004879755279260048,-0.20855996957143882
82.5,12.809248037832537,-0.011762180967111513,-0.004697527891113201,-0.12482172573888439
82.6,13.27533456456501,-0.006326990229651084,-0.012340468127336923,0.056766266464030504
82.7,13.778621307537149,-0.00019303147398446466,-0.01395387224492284,0.17457926169091234
82.8,14.306965585472561,0.0035935455146397445,-0.011198036233124457,0.17387152121487434
82.9,14.847536843571062,0.005108814631196689,-0.007274336871775606,0.12659735283035733
83.,15.386035166162037,0.005421354771440958,-0.0036554120632958827,0.07968525680841844
83.1,15.906393181865194,0.005237995180029092,-0.0006750347471872475,0.04288308910225474
83.2,16.39099669283382,0.004889432123253511,0.0017003688021885012,0.013501982387100724
83.3,16.82135212605499,0.004510965433209019,0.0035949204809319606,-0.013220881149163888
83.4,17.179069198261566,0.0041393778561939236,0.005151825371095618,-0.042011700266495755
83.5,17.44701020166024,0.0037370412261885665,0.006511228145192988,-0.07727647064541
83.6,17.61046990712897,0.003161845390100008,0.007775117563570359,-0.12109847892814293
83.7,17.658277527171354,0.0020944305298976054,0.008883126282707892,-0.16408667749922293
83.8,17.583742960587397,0.00005562820657412669,0.009283237208625568,-0.1649551866287442
83.9,17.385396794708505,-0.0030074438274069115,0.007695402512100841,-0.0615017290581213
84.,17.067494119896967,-0.0058062889500883515,0.00344394846365182,0.10464046178701714
84.1,16.640264829447194,-0.00699222577880337,-0.0017749938138740223,0.19179543304365163
84.2,16.11989667447494,-0.006928930385030104,-0.005993418319732629,0.182401069598786
84.3,15.528230238746415,-0.006499105721103311,-0.008817726082651474,0.14101415365675465
84.4,14.89212543415927,-0.006084729397208801,-0.010510643648826992,0.10333604526089324
84.5,14.242428314599596,-0.005686634023753843,-0.0111990848731319,0.07667046570597294
84.6,13.612436370550059,-0.005154336990638972,-0.010764536649585972,0.05949381260312952
84.7,13.035762603791282,-0.004295796305568819,-0.008969716481061743,0.049371951022030666
84.8,12.543592702107336,-0.0029495302777906504,-0.005663056234392047,0.04480458581165876
84.9,12.16157410587318,-0.001059996237121028,-0.0010066068568778885,0.04539420032078696
85.,11.906942575367706,0.0012727849049267417,0.004384569224323284,0.05171679645614716
85.1,11.786769061099092,0.003825670306965298,0.0095199026411979,0.06526854399148747
85.2,11.79806938603309,0.006371165042780443,0.013313196953735725,0.08856536597514086
85.3,11.929849689547503,0.008791143198356503,0.014847678755443728,0.12481508641732145
85.4,12.166331096171634,0.0110385908717823,0.01339673107981269,0.17413914035812078
85.5,12.490186122992618,0.012768846376519724,0.008295362310387681,0.2174544683389321
85.6,12.884843436918667,0.012613393168993904,-0.000439382138815097,0.1870648234310494
85.7,13.33549401478194,0.00869553969295563,-0.009687966986348544,0.021139087970317626
85.8,13.828956602483984,0.00238083935681851,-0.013917052697460184,-0.15385035127708133
85.9,14.352837675434177,-0.002406889437999062,-0.012458451730707918,-0.19479749431705887
86.,14.894467892484812,-0.004603857748256981,-0.00874066197134153,-0.15293728710906923
86.1,15.44000608804303,-0.005224363590744974,-0.00497758464638337,-0.10004625180162148
86.2,15.973954426843324,-0.005164293043259108,-0.0017980040023885288,-0.057658164247921785
86.3,16.479177528851757,-0.004865683471399302,0.000756729720625467,-0.02517544035648172
86.4,16.93739608299121,-0.004513682258063607,0.0027924558728963486,0.002433416442799686
86.5,17.330047095792352,-0.004173485182717256,0.004446739822957183,0.030376461243458552
86.6,17.63936916985938,-0.003838910311235539,0.005862854440118781,0.06376815561421315
86.7,17.849572150746695,-0.003421080671358295,0.007171736353994651,0.10704821541416185
86.8,17.947971951064545,-0.0026801331634822632,0.008422220232825793,0.1584572949111889
86.9,17.92600059780451,-0.0011436256996929914,0.009330342856303351,0.19058161736153892
87.,17.780029946447705,0.0016182797178552848,0.008808665340803823,0.13011369593766955
87.1,17.51197055392176,0.004846356748506414,0.005464176992787815,-0.04800123277980117
87.2,17.129622971806192,0.006698931720777443,0.00014604500930253856,-0.19043569200552501
87.3,16.646766154243657,0.0068945673379404195,-0.004633565497618576,-0.20653677729689074
87.4,16.082965448147704,0.006444556863956622,-0.007900221078407503,-0.16351621920387377
87.5,15.46306910336286,0.005965085379099181,-0.009899889163925491,-0.1183622818143317
87.6,14.816337299669698,0.005554444609840644,-0.010895906738603774,-0.08567205420645942
87.7,14.175117882185194,0.005097247862045295,-0.010876466844108404,-0.06452447621049455
87.8,13.572970576238111,0.004415508424899015,-0.009646760478223116,-0.0517472716059102
87.9,13.042192583917155,0.003338410839437715,-0.007009224586463365,-0.04510641548370168
88.,12.610872533903084,0.001766427118609379,-0.002978243967972633,-0.04363126841259903
88.1,12.299911729188008,-0.00027110905678927723,0.0020418531030833315,-0.047431206832399694
88.2,12.12077596112471,-0.0026115655964142706,0.007237997684323149,-0.05755959392823267
88.3,12.074794813379176,-0.005038367844817207,0.011584074742624786,-0.07606694712017065
88.4,12.15438371555871,-0.007398641923268679,0.014121912714757757,-0.1060507819103042
88.5,12.345783349511857,-0.009644252603700979,0.014089931890225362,-0.15016376101912457
88.6,12.632304826391568,-0.01164500218273065,0.010812133803313407,-0.20170397528449438
88.7,12.997029173367132,-0.012603000844883088,0.003792749802399837,-0.21797865562129787
88.8,13.424353476829692,-0.010613146992615998,-0.005669102126465494,-0.11311891397299816
88.9,13.900330082674506,-0.005067869423161433,-0.012567907615041358,0.08671613682646936
89.,14.412123250422797,0.000635658328144453,-0.013338370227082777,0.19380251139978757
89.1,14.947045691100028,0.003842539074163008,-0.01030330936621679,0.17771746416928386
89.2,15.491601715751404,0.004997750676217002,-0.0064979200047078885,0.12395630477892175
89.3,16.03084004470618,0.00516138070180519,-0.003103331884393161,0.07558521921045695
89.4,16.54817076643708,0.004947886536117496,-0.0003288283216938416,0.03862085893879441
89.5,17.025667385727328,0.004627014305038762,0.0018917832564090708,0.008851201467321138
89.6,17.444778624093992,0.004303791475910545,0.0036864101047296384,-0.019191461474612623
89.7,17.78732258751956,0.00400019407861841,0.0051971095826382485,-0.05092917889176158
89.8,18.036622600836576,0.0036657150862256273,0.006566338713096179,-0.09168375954486666
89.9,18.178656965947177,0.003127350379713815,0.007898869075911606,-0.1437241956706308
90.,18.203120790861682,0.001984387221567847,0.009094473869949313,-0.19194714828600531
90.1,18.104326603372172,-0.0003407757008852796,0.009384652160071321,-0.17396871798086005
90.2,17.88189559710067,-0.003682793634393334,0.007166138216501305,-0.019020619322522424
90.3,17.54121014335487,-0.0062286392048520895,0.0022058380426572205,0.16507496541136402
90.4,17.093609285446384,-0.006890171354683739,-0.003017425604400799,0.21964443637248257
90.5,16.5563111497458,-0.006532156433368317,-0.006795742777158648,0.18354932009342156
90.6,15.952038049408074,-0.006017524344532666,-0.009168202708631425,0.13349139725823725
90.7,15.308300590693205,-0.005585949760766242,-0.010493854729119848,0.09529181907912289
90.8,14.656269451059256,-0.005171721749380206,-0.010871887442333384,0.0702050646884997
90.9,14.029142048611055,-0.004613722745542978,-0.010166670256031353,0.054747504957044744
91.,13.459930751096865,-0.0037367828622098006,-0.008164112928007502,0.04606546226606778
91.1,12.978714307307053,-0.0024089607423764007,-0.004768503747585041,0.0426539428617104
91.2,12.609645377635038,-0.0006015265983015572,-0.00019910623409726132,0.04416908396085316
91.3,12.368338775682355,0.0015798845765732802,0.00491475876357951,0.05121156825855551
91.4,12.260459643936485,0.003936298630168188,0.009636844146904067,0.0652701482385672
91.5,12.2821131950641,0.006280100883749791,0.012983068039842501,0.08880584382557684
91.6,12.421977995394164,0.008519243572364702,0.01413589402272961,0.12479990987815572
91.7,12.664403442537148,0.010595771999093695,0.012437297825464546,0.17268196172779068
91.8,12.992396284225153,0.012122986816237854,0.007296630328286251,0.21225554050622394
91.9,13.389678888869675,0.011749076020955165,-0.0011273175170618045,0.17749469966936277
92.,13.841534880178509,0.007822189315938418,-0.009708076084110864,0.0151554532430653
92.1,14.334620786129454,0.0018254337286487106,-0.013397865682331785,-0.15028261248898925
92.2,14.856159595716719,-0.0026318154310851537,-0.011832502991902609,-0.18830638214838227
92.3,15.392964500802455,-0.004661533859416632,-0.008229915738005293,-0.1480289806277057
92.4,15.930650803074858,-0.005228911014082137,-0.004616976094787972,-0.09657995864644876
92.5,16.45325366934859,-0.005169753486566633,-0.001563121914943924,-0.05452087846065802
92.6,16.94332800608708,-0.004897009195287125,0.0009033890816101605,-0.021358855859426828
92.7,17.3824937601188,-0.004583219773144801,0.0028917040737940682,0.007948109829089337
92.8,17.752319001042505,-0.004285557570026038,0.004542780018507951,0.03889929503727433
92.9,18.03540387792691,-0.00398452163118436,0.00600610728382998,0.0770078284870151
93.,18.21653111381562,-0.0035557393007584538,0.0074160250227116795,0.12616109958821542
93.1,18.283769802209015,-0.0026736871088418766,0.008781648485087326,0.17889843954578596
93.2,18.22944718132518,-0.0007548908799432633,0.0096115839678658,0.1894152042616388
93.3,18.050929939625505,0.002452087359384003,0.008446348005754448,0.07517685644571052
93.4,17.75117828980543,0.005552223433659707,0.004228850074185964,-0.12052487326697567
93.5,17.33905063579318,0.006846291389391622,-0.001188397339413101,-0.21600763099059195
93.6,16.829342966231234,0.006735639770567494,-0.005501835551187014,-0.19707069494733034
93.7,16.242543722114895,0.006247687860643061,-0.008329921266315751,-0.14698499641135093
93.8,15.604270333227001,0.005805579332941888,-0.010037952805889858,-0.10488136286482788
93.9,14.944328565557587,0.005419042475540081,-0.01082495423945794,-0.07631321341890362
94.,14.295308588177855,0.004950869026466468,-0.010623392780105163,-0.058300554762171206
94.1,13.69062717570458,0.004224031079803307,-0.009222067263020153,-0.04764641786034776
94.2,13.161991485084496,0.0030792083303674478,-0.0064433656923087515,-0.04241935971305914
94.3,12.73645111591142,0.0014363950395192377,-0.002346814732237435,-0.04188320964231546
94.4,12.433520378095519,-0.0006530317093112152,0.0026164429524800875,-0.04624303875665753
94.5,12.263145111668582,-0.0030113786357244166,0.007614888358401714,-0.05648442118605034
94.6,12.22527671549371,-0.005418343098298888,0.01164769727175343,-0.07436172217425417
94.7,12.311321683397466,-0.0077185468570046475,0.013814601004872449,-0.10228317493250387
94.8,12.506969189449011,-0.009841169340293233,0.013430246197947292,-0.14164759140142602
94.9,12.795370545034944,-0.011606335622955662,0.0099438150542334,-0.1849478773374532
95.,13.159679027255983,-0.01222977299093656,0.003095874752623133,-0.1955636631664962
95.1,13.584423900139125,-0.010095787158883845,-0.005711813240124459,-0.10688804805958989
95.2,14.055722300458546,-0.004807988096838194,-0.012108962917779369,0.062334532383284326
95.3,14.560674700872022,0.0007165563361532952,-0.012962118949417654,0.16579632218897117
95.4,15.086401683747336,0.004003656359369521,-0.010120851590185968,0.16289482877956366
95.5,15.61913131666855,0.00528023721680125,-0.006389250925787752,0.11811852671043124
95.6,16.143619245022617,0.00551772493610713,-0.002999374348832889,0.07278409472031475
95.7,16.643036983072125,0.005341384526696693,-0.0002075147917257124,0.03565475821519569
95.8,17.099335262181093,0.005041797221537738,0.002043730119160818,0.004019450711367931
95.9,17.493999044329566,0.004732995331700012,0.003891115365932377,-0.027199886993271236
96.,17.809064255080028,0.004429307092708454,0.005491961960028767,-0.06336494771696347
96.1,18.028256901057464,0.004043292921594194,0.0070002182716304715,-0.10874148520345488
96.2,18.13813031311472,0.0033096356278310163,0.008488931232508965,-0.15976847588548138
96.3,18.12910281169149,0.001694184237554033,0.009661014630712481,-0.18425245525751127
96.4,17.99632643844882,-0.0012651228193652495,0.009324862578188167,-0.10862617954630241
96.5,17.740341902601617,-0.004689386728008853,0.00603334198990675,0.07071666196751236
96.6,17.367492884931753,-0.006664146004759825,0.0007564918271710736,0.19537773931284208
96.7,16.890082992673246,-0.006963709080436941,-0.004006222976441277,0.20063381866606123
96.8,16.326259645854535,-0.00659590236082591,-0.007337219973965824,0.15671706792735277
96.9,15.699599254837857,-0.006173854631397804,-0.009478268940935407,0.11343477004259801
97.,15.03834618663555,-0.005814195617085382,-0.010694459078259055,0.08239126551912317
97.1,14.374227881826998,-0.005418605147268644,-0.010989881664812884,0.06218798790047
97.2,13.740746519047276,-0.004814299451314833,-0.010173464997025233,0.0497257812051232
97.3,13.170872925208313,-0.0038187491283819914,-0.00801026268658375,0.04282576768149814
97.4,12.694200895102771,-0.0023032543356871185,-0.004420987848562513,0.04045129179226046
97.5,12.333898814368125,-0.00026240521428142995,0.0003198173208012045,0.04249344249687514
97.6,12.104145797546698,0.0021552567162773976,0.0055057130527570095,0.049549010321403936
97.7,12.008910814717332,0.0047021431203728556,0.010138036999301861,0.06279477512271693
97.8,12.04264057909523,0.007150053424859925,0.013218421282464865,0.08391239058580578
97.9,12.192685380680475,0.009369419084291048,0.013976719402645107,0.11444112098019671
98.,12.44256466572692,0.011250236853600515,0.011883450761752503,0.15227885865047625
98.1,12.774951633452154,0.01237982710234065,0.006617142253829961,0.18064373976577494
98.2,13.173600317648214,0.011624850067439059,-0.0013547070222571127,0.15399355758827152
98.3,13.624010675580921,0.007773236149318621,-0.009287760978210182,0.03569732579385772
98.4,14.113079174347428,0.0019854562386627,-0.013041613739312586,-0.10109868374234086
98.5,14.628187840022834,-0.0026935360110727615,-0.011881758930634334,-0.15347975060386335
98.6,15.156188248615694,-0.005089359729942888,-0.008411174272981606,-0.13324120678935034
98.7,15.6826282528898,-0.005888303059338889,-0.0047130510162075095,-0.09141696841124361
98.8,16.191420171733082,-0.005924803265305671,-0.0015212874947537667,-0.05161962125454669
98.9,16.665006117450634,-0.005675051013586488,0.0010753645449454556,-0.01719114910023808
99.,17.084966381991666,-0.0053519870393409705,0.003187582219766929,0.0152122833078393
99.1,17.43295163300017,-0.0050201573691804925,0.004978800745587928,0.05036867261935434
99.2,17.69179658416615,-0.004627600927490233,0.006619548093597696,0.09231817167600757
99.3,17.846680382740256,-0.003956085673979253,0.00822280899923863,0.13921306782024545
99.4,17.88622325247612,-0.0025327383856118403,0.009617635053497688,0.16803309512196773
99.5,17.803438351293938,0.00017356936995379887,0.009871742945534837,0.12024025951928252
99.6,17.596485000439102,0.003704435468114919,0.007487156073939563,-0.02903539508022192
99.7,17.269190748764803,0.0062694073967945385,0.00265853507791904,-0.16392011770743212
99.8,16.831323526193678,0.007091241033361451,-0.0023451604332435784,-0.19333585220780564
99.9,16.298600213541327,0.006952984531879983,-0.006142256258801879,-0.16092987634212758
100.,15.692412579898491,0.006601084314340438,-0.00872816081301861,-0.11981274680196381
100.1,15.03923372845266,0.006279586751861217,-0.010374447311585227,-0.08780615586602021
100.2,14.369638302033229,0.005949471930902951,-0.011150312962404724,-0.06605702702421455
100.3,13.716837026071419,0.005454823172369102,-0.010902113047910283,-0.05209367730091713
100.4,13.114619890966036,0.004598994462835015,-0.00936642655947434,-0.043728518516663845
100.5,12.594679145909359,0.003209518052708519,-0.006351196098292607,-0.03973903810029636
100.6,12.18350730179521,0.0012198164437405004,-0.0019564774383268218,-0.039784946841878645
100.7,11.89942849409122,-0.001265769881943168,0.0032683439616038538,-0.04418698162822816
100.8,11.750636833872415,-0.003988225522186046,0.00837137693052024,-0.05371900080343383
100.9,11.735048759237461,-0.0066478288848232535,0.012271284252267032,-0.06947309902769286
101.,11.842157669434753,-0.009030612668695747,0.014074244557380716,-0.0925861470566275
101.1,12.056220079021083,-0.011017081840342363,0.01320830675511526,-0.12277762197942066
101.2,12.359602243694543,-0.012390706232916479,0.00937549184495752,-0.15313454997566578
101.3,12.735269438766908,-0.012481197831713654,0.002698671075588395,-0.1595851370822326
101.4,13.167967852734597,-0.010132343374047397,-0.005393202432231413,-0.1027844696732701
101.5,13.644207334864955,-0.0050971739553524,-0.011494427207177832,0.01437580239455378
101.6,14.151468148100813,0.0004885088727349558,-0.012865152090948323,0.1092472317745158
101.7,14.677125097668897,0.004292334011747096,-0.010447919084207852,0.13054507034895924
101.8,15.207500898772942,0.00603869618803051,-0.006715818184670817,0.10516217915479148
101.9,15.727314020687846,0.006518374349786663,-0.0031286728375459435,0.06762985229784566
102.,16.219631540327505,0.006419283095873014,-0.00011560570993088077,0.03143740977815481
102.1,16.666309140461316,0.006111587581428544,0.0023371158235443073,-0.002514763564231644
102.2,17.048815652554342,0.005744068092914879,0.004381274286339265,-0.03746980902424956
102.3,17.34930072791918,0.005311781310080466,0.0061993347537128065,-0.0767725311100497
102.4,17.551762155961733,0.004639533048132617,0.007931134254595157,-0.11914456077568791
102.5,17.643189776457927,0.003314947822949102,0.00948676973828475,-0.14738346971656807
102.6,17.614592507518097,0.0008154642953772124,0.010143119576802858,-0.11687857256030881
102.7,17.46184447854815,-0.0026734292811528165,0.008531043215359059,0.0014007836500852086
102.8,17.186310662315034,-0.005650777372658646,0.004342700909864149,0.13035879680810422
102.9,16.795229605651915,-0.007011620784507013,-0.0006285816333574155,0.17751111723146015
103.,16.301839725444385,-0.007194932593649253,-0.004756007577507604,0.15906923716855093
103.1,15.725234665076421,-0.006973201782612504,-0.007734617513003873,0.12314335199373086
103.2,15.089920150399216,-0.0067094716161173506,-0.009771156175893119,0.09192071956797897
103.3,14.425018070514987,-0.0064410090306041765,-0.0109784588104469,0.06949342561447813
103.4,13.763027094157124,-0.006045833152016519,-0.011252917402387399,0.05448132645187542
103.5,13.138022487685662,-0.0053294078658539905,-0.010336478821980096,0.04494715238852051
103.6,12.583208164311458,-0.004089070989963423,-0.00796421281469168,0.03961130039663935
103.7,12.127893247323993,-0.0021994756631949055,-0.004080241235251377,0.03797604960680322
103.8,11.794295435188621,0.00029609085920717355,0.0009519585547295366,0.04016904714787601
103.9,11.594969233936324,0.0031570738854883465,0.006296311354500465,0.04670827952531827
104.,11.531804826169248,0.006033615040503119,0.01084920858051724,0.05829613971925449
104.1,11.59712942212222,0.008620968911620687,0.013596186911505452,0.07564510074146828
104.2,11.776569268094255,0.01074310446889181,0.013865514176954476,0.09889357606897291
104.3,12.05258104758452,0.01226216317943656,0.011349639674447225,0.12532547814927067
104.4,12.407451992905246,0.01282049353639983,0.006078392409374581,0.1436780279123201
104.5,12.825049455575854,0.011621505566973665,-0.0012280914097114338,0.12864604977728925
104.6,13.291234339147946,0.007906715451758665,-0.008395302575967946,0.05796856266246645
104.7,13.793287299559154,0.0024146804445926984,-0.012332391107554136,-0.03996945021628137
104.8,14.318853604067096,-0.0025720224838446165,-0.011913442734031188,-0.10064865746554008
104.9,14.854873175772878,-0.005599835709463843,-0.008811043633050988,-0.10549504921809835
105.,15.386827414686373,-0.006869312830962868,-0.005047996726568419,-0.07963960221648415
105.1,15.898473855977665,-0.007125721806324833,-0.0016228047756077753,-0.04541810096001221
105.2,16.37209577451349,-0.006926839370856917,0.0012303350904129707,-0.010768002543721289
105.3,16.789189846066673,-0.006552745655470632,0.0035940358708995,0.02430462494421561
105.4,17.131458527141458,-0.006072308680481142,0.00564460179771034,0.06171433361925395
105.5,17.38195924348643,-0.005361365321951992,0.007537361285040073,0.10005103013949712
105.6,17.526276386698605,-0.0040683999927384725,0.009235111934998225,0.12579659527474168
105.7,17.553610002205332,-0.0017175262495407063,0.010173477731419217,0.10528344331545776
105.8,17.457705767488907,0.0016546525134547557,0.009175128352276261,0.01294254571547731
105.9,17.237577870064996,0.004857666808448293,0.005688164546363403,-0.10129627368050458
106.,16.897996720761288,0.006684903367921861,0.0009968956533407218,-0.15743614793471233
106.1,16.449725795014153,0.007234460600404539,-0.0032639466230791445,-0.15207524864150526
106.2,15.909495054212261,0.007197039168274235,-0.006525344436257534,-0.12318128771970568
106.3,15.299690324909687,0.007015109823571282,-0.00887368315475845,-0.09430974527010975
106.4,14.647716397319252,0.006806053720550382,-0.010432024741728328,-0.07213708127931635
106.5,13.9849571068875,0.0064967269574130555,-0.011147712134459404,-0.05661473138836432
106.6,13.345219868368925,0.005913896345990722,-0.010797395576294897,-0.04627379720161732
106.7,12.762550243347826,0.0048462433881877025,-0.009091362666733119,-0.03990575707292829
106.8,12.268400077696839,0.003124437345771223,-0.005859738327990154,-0.03692249934917523
106.9,11.888397967434221,0.0007235799514329714,-0.0012779564944018788,-0.037309163040623615
107.,11.639373971107553,-0.002168610150026727,0.003998669323121589,-0.04142004927316387
107.1,11.527592729046352,-0.005194744344705601,0.008938018615977022,-0.04973513800846788
107.2,11.54898216691389,-0.007979057999758546,0.012460271453218348,-0.0626788805119144
107.3,11.691396559283776,-0.010266867265019535,0.013772633200668186,-0.08037850333774633
107.4,11.938057560857452,-0.01192173213380564,0.01249516732939604,-0.10173701772505242
107.5,12.270915203296914,-0.01275735043500353,0.008611235639748542,-0.12173225813271293
107.6,12.67296193687531,-0.012313118407740074,0.0025268960441291724,-0.12699863264455996
107.7,13.129169088777298,-0.009893801357023618,-0.004504383555798491,-0.09708542371074051
107.8,13.626257715400795,-0.005348492687367796,-0.010105565149685143,-0.027112174900982836
107.9,14.151779221480247,6.777710432293516e-6,-0.012092075601999656,0.047559712267124854
108.,14.693005565081297,0.004260709856432788,-0.010506702965740237,0.08484911971944094
108.1,15.236020565474844,0.006648739480139757,-0.007112918415138716,0.08124508416733225
108.2,15.765246998176863,0.007567388325626458,-0.0034552034000001515,0.055963914310628825
108.3,16.263490416450203,0.0076623704338697005,-0.00020548185893587626,0.023514788480385088
108.4,16.71245961696732,0.007371255868304361,0.0025308381072941906,-0.011000560815750036
108.5,17.093648634175075,0.006873563495771005,0.0048750688208772435,-0.04688213474696957
108.6,17.38943511050418,0.006116887614090255,0.006978275972959041,-0.08188564550657208
108.7,17.58425385287424,0.0048172728361033515,0.008835539418952992,-0.10478255156492505
108.8,17.6657277932954,0.002563476771074504,0.010000690523114548,-0.09000062735970783
108.9,17.62566877550589,-0.0006739578315391623,0.009488189493783446,-0.0175060150409565
109.,17.460889311788108,-0.003964510894118899,0.006673026467404734,0.07954043438751916
109.1,17.173789492275493,-0.00614582917667952,0.0024203063162715225,0.13725834853220675
109.2,16.772698806624874,-0.007056110231445358,-0.001783854096602876,0.1419114353751031
109.3,16.271959630609253,-0.007239755866035636,-0.005197598651865427,0.12039770931158716
109.4,15.691735871075743,-0.007165738842964245,-0.007766550145964853,0.09490952315806796
109.5,15.057514443749117,-0.007019943203092819,-0.009590219293346509,0.0737949823771698
109.6,14.399237892059888,-0.00678470213192538,-0.010654962424775356,0.05828814463090432
109.7,13.749969660523318,-0.006322750345332883,-0.01078629007922877,0.047509654039296405
109.8,13.143973437507961,-0.0054351091586696525,-0.009708672522355705,0.04042759886593253
109.9,12.614137822602492,-0.003930351884715499,-0.0071890267913301015,0.03642736533500873
110.,12.188869391115993,-0.0017232345932593986,-0.0032444276283473627,0.03538708557307482
110.1,11.888933683977655,0.0010730613121914827,0.0016783795628966855,0.037543655661003435
110.2,11.725098783507647,0.0041399104070941,0.006702505913419156,0.04325888070662335
110.3,11.697492204457694,0.0070709216569635365,0.010767242096689372,0.05281075876315649
110.4,11.797058282900768,0.009536272493657433,0.012982167253074961,0.06625206854235163
110.5,12.008608961752213,0.011353882265018251,0.012850812407875676,0.08306776006053984
110.6,12.314313262224967,0.01240366942472188,0.010278082380752456,0.10100317589043079
110.7,12.696492562345071,0.012445821630149161,0.005518296874860124,0.11356655966961489
110.8,13.139126985806028,0.011014034309791271,-0.0006876537946557724,0.10798124948385313
110.9,13.628084720377144,0.007687585796704997,-0.0067991757273076995,0.07132862271003328
111.,14.150462951716237,0.0028458116012679596,-0.010716118097706447,0.009960951684863821
111.1,14.693540444383341,-0.002057432689567837,-0.011208871982098988,-0.04448016998670086
111.2,15.243779372346157,-0.005616426775517983,-0.008937890201576749,-0.06657773537608395
111.3,15.78617334079064,-0.00750361915499941,-0.005472551320001152,-0.05821190789724587
111.4,16.30408272462308,-0.008161004839778592,-0.0019585658339403814,-0.03320183805396507
111.5,16.779564418105334,-0.008117719520805939,0.0011588290089325094,-0.001485306273944959
111.6,17.194110043347788,-0.007685551667916848,0.003852584568000986,0.0324322462156101
111.7,17.529659080382075,-0.006912108903355423,0.006228655441799357,0.06457148828913396
111.8,17.769744092608423,-0.005595323946327325,0.008292070369705655,0.0848800218790212
111.9,17.900640989077637,-0.0033987504228480216,0.009681788587891241,0.07356491756486606
112.,17.912424689745915,-0.00027667479402890526,0.009576355698203086,0.015807139081810435
112.1,17.799859716600867,0.0030313138067797818,0.007364214906028172,-0.06508447246199404
112.2,17.56308040910512,0.005467697428908134,0.003611011656173507,-0.11970751873112176
112.3,17.208034003653218,0.006705486642344583,-0.00040441088505395863,-0.13072560232137764
112.4,16.74667040590203,0.007128930363615505,-0.0038606253594334903,-0.11575346236540314
112.5,16.196863726121315,0.007189187842360125,-0.006574415528681037,-0.09401495646350229
112.6,15.58204050319645,0.00712024451648027,-0.008598721975249999,-0.0744902790294225
112.7,14.930466330546036,0.006957560725593188,-0.009940642324039831,-0.0594209586050897
112.8,14.274108934480475,0.006606097924201397,-0.010472636078991687,-0.04852203988671969
112.9,13.646967079951224,0.005892170920072326,-0.009952435571982563,-0.04100034232491824
113.,13.082770760340079,0.004620707962764839,-0.00812286953640348,-0.03627005314261362
113.1,12.612084218349766,0.0026617157897063782,-0.004885041250352378,-0.034137292884267624
113.2,12.259129962875926,0.000050790424125281445,-0.0004894468556424924,-0.03474842201457953
113.3,12.039034210794465,-0.002962220601679398,0.0043829129448508765,-0.03839996560038944
113.4,11.95641094963246,-0.005981307803754331,0.00876237439103805,-0.04531814243501344
113.5,12.005930497396253,-0.008622134406335254,0.01170863325843047,-0.05552050303431881
113.6,12.174748695620677,-0.010636070000105125,0.012598440542949682,-0.06869585528049693
113.7,12.445879569386273,-0.011900269425823614,0.011219615699039096,-0.08375666284789003
113.8,12.801328910876041,-0.012289226926474356,0.007714396884673538,-0.09762054617624318
113.9,13.224155924956067,-0.011537356635933265,0.00256232032492627,-0.10340996906689061
114.,13.699233058196246,-0.009268640583652085,-0.0032667458209801217,-0.09072293773625867
114.1,14.212951116897313,-0.005380927600827773,-0.00820538044577719,-0.053536781632970924
114.2,14.752331246775428,-0.000579756576298262,-0.010641356975089654,-0.003121822879107329
114.3,15.304008151789251,0.0037962178130223415,-0.01007105302304726,0.03566036888734549
114.4,15.853437946061828,0.006776085142431981,-0.0073956551325577635,0.047642979656993684
114.5,16.38453448053368,0.008277245345586142,-0.003923959829691558,0.036082141394623374
114.6,16.879795785521583,0.00871434350491302,-0.0005020590630216169,0.011115442317061151
114.7,17.320873075333303,0.008489168451086904,0.002573718491470134,-0.019189527285397273
114.8,17.68946889941231,0.007767298457905756,0.005291248476809012,-0.04830185129931602
114.9,17.968426112634805,0.006447876699092117,0.00762962690429706,-0.06628094319611917
115.,18.142874679168454,0.004279520381482948,0.009280480107057011,-0.057218464030301404
115.1,18.201325680219913,0.0012315828204331651,0.00954919088399836,-0.010400452588216659
115.2,18.13663003765699,-0.0020829582425825836,0.007869080395235723,0.05668538278926211
115.3,17.946746059646518,-0.004715851804872849,0.00460802921283822,0.10596730173705532
115.4,17.635281120722713,-0.006246772842190725,0.0008447715459828322,0.12020061644981614
115.5,17.211786776776027,-0.006917707003176898,-0.002584258603518686,0.11032603593434238
115.6,16.691792041658864,-0.007136668031293118,-0.0053945090725817015,0.09213820049744786
115.7,16.09655463433408,-0.007165511893494838,-0.007583133190514292,0.07442286862275108
115.8,15.452492781805487,-0.007085289371291131,-0.009161276224507776,0.06006080395280709
115.9,14.790230988538436,-0.006842772377114568,-0.010037960481297289,0.049274372895947216
116.,14.143161065630169,-0.006294173902779442,-0.010006943034192644,0.0415216452386651
116.1,13.54541277401425,-0.005251115113932809,-0.008807831585990881,0.0362820007003574
116.2,13.02920128546416,-0.0035526224353637616,-0.006261227226139576,0.03332243743369427
116.3,12.621733485076666,-0.0011639447052818276,-0.0024514337903273264,0.03272183397622769
116.4,12.342207159889195,0.0017451371763841004,0.0021389584285060824,0.034738766222673835
116.5,12.199752283826355,0.004816704615151898,0.0066708504073177185,0.03959943653592404
116.6,12.193122436079687,0.007634690717958899,0.010198195527325562,0.0473328674227271
116.7,12.312369109465083,0.009879239260961637,0.011981724840519816,0.05770838635258085
116.8,12.54189792014433,0.011383906575234852,0.011669170710611807,0.07011127363772991
116.9,12.86378551973625,0.012063031391249417,0.009287639573829012,0.08303053964194033
117.,13.260341122565292,0.01178178058498937,0.005169275918835813,0.09298541447300766
117.1,13.715426663734462,0.010289439032122146,-0.000033587453996194915,0.09358784011775972
117.2,14.214598020907726,0.007354468478969786,-0.005237252802521426,0.07737138630574261
117.3,14.744453614764437,0.003148087097137886,-0.009014528094166427,0.04318847206621716
117.4,15.291660889877205,-0.00147607216285481,-0.010244573552868157,0.003292284780854093
117.5,15.842062517236952,-0.005376542169423084,-0.00889729797530235,-0.023712112685753028
117.6,16.380128597639413,-0.007896472425488845,-0.005924217709219353,-0.028620218598142438
117.7,16.88887535939634,-0.009074781289617296,-0.0023995087258112053,-0.014947133464645965
117.8,17.350247826855462,-0.00925749614502864,0.0010388130377039391,0.008804908370703893
117.9,17.745880059041134,-0.008701909552578537,0.004161391545171082,0.03375411316868145
118.,18.0581046834398,-0.007421870598963247,0.006860238665025872,0.04920688665110127
118.1,18.271076299150003,-0.00526488614812542,0.008838187754813896,0.041539372197778764
118.2,18.371888662233463,-0.0022407445264939524,0.009486613623195885,0.0028826861620993576
118.3,18.351591321827577,0.001108822989160329,0.008286174072493102,-0.05291263356278482
118.4,18.206038638501408,0.00392146384204925,0.005479751517664884,-0.09617397796774785
118.5,17.936527655460086,0.0057253046636924565,0.001982540425416798,-0.1113432377767672
118.6,17.550198494381686,0.006648254758998968,-0.0013859335698846263,-0.10501858542473433
118.7,17.06018029015173,0.007046901187381681,-0.0042674357867483505,-0.08983163273642712
118.8,16.485465528127435,0.007196207819409442,-0.006604083592109678,-0.0738803099071847
118.9,15.85048392435449,0.007214472351710935,-0.008399908981473636,-0.06034094791837628
119.,15.184322530625218,0.007087061493036166,-0.009589455857760889,-0.049810500244928065
119.1,14.51950580417978,0.006700354758303888,-0.009998413117232768,-0.04197160722632591
119.2,13.890226556291037,0.005877202418539298,-0.009371909567637015,-0.03638215697810896
119.3,13.329949371496596,0.004434586547381219,-0.007473558110858287,-0.03279279035658354
119.4,12.868456680285833,0.0022755582934675072,-0.004249940645898837,-0.031233482758134312
119.5,12.528710952855164,-0.0005126492779074117,2.489339838140847e-6,-0.03194115090079405
119.6,12.324272133445323,-0.0036267020777660795,0.004592240685320016,-0.035170375395318414
119.7,12.258160699113077,-0.006636712890893194,0.008598905317488583,-0.04099830025944777
119.8,12.323706794329432,-0.009152041997803954,0.011182150295170754,-0.04924521014864947
119.9,12.50713885895131,-0.010937251676321353,0.011836790839600667,-0.05947693330470437
120.,12.790943468804537,-0.011897830619500734,0.010460027777090349,-0.07086268209500332
