0.1,15.169258557065785,0.00772918942541471,0.009593924616739835,-0.03927818833951308
0.2,14.03895826106308,0.0005597894257919332,0.007262406478495945,-0.04504462151757607
0.30000000000000004,13.418570503222192,-0.005050193660847686,0.009858940815248862,-0.05407299285398502
0.4,13.090573166943456,-0.00993940876966076,0.011692468417827704,-0.06618817182635438
0.5,12.97190039015413,-0.013745382078290522,0.011539476098800466,-0.07981281072554981
0.6,13.011046293981426,-0.016123520365919557,0.008976664606059783,-0.09116598942861705
0.7000000000000001,13.169819513151534,-0.016748437414286804,0.004163210646272733,-0.0933708029596342
0.8,13.41874157800411,-0.015263911643372688,-0.0020430526407208597,-0.07787664822885483
0.9,13.735061235766114,-0.011579413470792482,-0.00799594533890481,-0.04169437189962845
1.,14.100963199639736,-0.006400176646345287,-0.011800852714485686,0.004119677443877018
1.1,14.50163580458266,-0.001164032472194545,-0.012504972225848482,0.04006946989292421
1.2000000000000002,14.923420480051915,0.00286988002931588,-0.010631752369297963,0.05543055590549046
1.3000000000000003,15.352338570253378,0.0052798425914769315,-0.007435687431892372,0.05333113113793886
1.4000000000000001,15.773198624196063,0.0062975860137062375,-0.003987374527581594,0.042054868857276106
1.5000000000000002,16.169351786447542,0.006351746984457513,-0.0008791420544785554,0.02794384883156373
1.6,16.523040084380124,0.0058062646150755185,0.001663173564141465,0.014214981070583586
1.7000000000000002,16.816199578128835,0.004896110003142131,0.0036049275894631445,0.0021939837743123387
1.8000000000000003,17.031544996553375,0.0037452748077477474,0.004980703246516196,-0.007449907164415141
1.9000000000000001,17.153766888722746,0.0024036845810322476,0.005825164575543881,-0.013989099496201824
2.,17.17070104403156,0.0008858315620329808,0.006139286104341922,-0.016398388947054116
2.1,17.07436760220889,-0.0007904913429107989,0.005885797898286864,-0.013587435608659701
2.2,16.86181305223491,-0.0025703570472502386,0.005016545066174279,-0.005105243561795882
2.3000000000000003,16.535716500870656,-0.0043481943500379506,0.0035278309071040265,0.008017452347967925
2.4000000000000004,16.10473985456143,-0.0059894291936173445,0.001516664580655526,0.023080128261905405
2.5000000000000004,15.583608691008907,-0.007376162690284989,-0.0008024098286429242,0.036722545007918043
2.6,14.99290487707576,-0.008435904528027886,-0.003130936451479846,0.04650270640934235
2.7,14.35853106146882,-0.00912185827479204,-0.005133876316176631,0.05175531877591238
2.8000000000000003,13.710770753493971,-0.009357683698612167,-0.006461765745637188,0.053295745861990915
2.9000000000000004,13.082825381852679,-0.008990795086843627,-0.006757514602465378,0.0526282225744329
3.0000000000000004,12.508694862345841,-0.007798824437779138,-0.005699888461876117,0.05138514793263552
3.1,12.020349228831932,-0.0055764363495168084,-0.003128177670620922,0.051171023416069314
3.2,11.644396572993166,-0.00228605512567449,0.0007744723238268426,0.05359108805535966
3.3000000000000003,11.398880850409176,0.001819316428822963,0.005357983236073724,0.06020315763520349
3.4000000000000004,11.291212274547945,0.0062277105015137784,0.009585105549370525,0.0722838424446249
3.5000000000000004,11.318134810170903,0.010368935611650197,0.012314827924407771,0.09032918171379736
3.6,11.467885883497118,0.013803726484233765,0.012599325835750403,0.11273908365805996
3.7,11.723720731397181,0.016172963322698013,0.009842209756078689,0.13241119707493446
3.8000000000000003,12.067472559630506,0.016890461618573757,0.00400231811838438,0.13178703615055648
3.9000000000000004,12.482076546493296,0.01503964655208666,-0.003763158911142999,0.08775025247738388
4.,12.95265269872715,0.010317062062637687,-0.010601828320615706,0.003663122669895739
4.1,13.466332994484196,0.004282029676748828,-0.013660836458884528,-0.07229631354958561
4.2,14.011314870292058,-0.0007519918341878014,-0.012723412679616682,-0.10204846989281839
4.3,14.575663342434355,-0.003801961735840112,-0.009601408658496976,-0.09386592097608064
4.3999999999999995,15.146281205357432,-0.005185545735748519,-0.005961810593480248,-0.07082366586414969
4.5,15.708309411829656,-0.005537791808039378,-0.002627661287491787,-0.0464146349217184
4.6,16.245060891941304,-0.0053395546217556,0.00014324708230272046,-0.024712017061144353
4.7,16.738461799061586,-0.004870297808121855,0.002344160471507099,-0.005596123795801865
4.8,17.169890231701384,-0.004266455799139283,0.004057115678062161,0.01225678948495084
4.9,17.52126529343394,-0.0035700985594106496,0.00538009441892281,0.03015206323186845
5.,17.776239099458422,-0.0027534285113356817,0.006385549237079583,0.04862496241917927
5.1,17.921366248778643,-0.0017299513493648489,0.007079046081131291,0.06626024877301508
5.2,17.947155740528775,-0.00037644922190652685,0.007344041486808277,0.07768978934837065
5.3,17.84894004309031,0.0013895241641543321,0.006896527617878269,0.07229924489898623
5.4,17.627520199089684,0.0034488889809657134,0.005364452556052918,0.039486920114998866
5.5,17.28956253948641,0.005377314671797662,0.0026254662475840265,-0.016175687868825873
5.6,16.84773094250456,0.006686461732293239,-0.0008525548638658086,-0.06949725687592964
5.7,16.320537613994745,0.007238581425219225,-0.004240894812778694,-0.09813141180493959
5.8,15.731883770881202,0.007247151449555267,-0.00691082691418818,-0.10162941315565314
5.9,15.110239324329143,0.006949111558063569,-0.008584337109690341,-0.0917379189677754
6.,14.4873833528273,0.006416073564222164,-0.009127484947378584,-0.07855371501915089
6.1,13.896614182572698,0.005568879282980482,-0.008396871470500087,-0.0671844857053179
6.2,13.370379940664314,0.004266983603293331,-0.0062664375109606945,-0.0596219708348491
6.3,12.937431849799765,0.002409960164064723,-0.00277543928191034,-0.05675876214976932
6.4,12.619883592815382,0.000022304744214367753,0.00171211008289049,-0.05948306593981812
6.5,12.430871674928138,-0.0027245740208260765,0.006463728322264562,-0.06915035985813081
6.6,12.373605884819588,-0.005585378894707944,0.01051533094271182,-0.08775411516741136
6.7,12.442247616845682,-0.008362560334604821,0.012896518483618806,-0.11754689349016205
6.8,12.624345263669097,-0.010941672600074906,0.012748332284878938,-0.15807619378402402
6.9,12.903933629485017,-0.01305649600994927,0.009293458091267338,-0.1948556518394562
7.,13.264273999329063,-0.01369674308951423,0.002210316301304588,-0.1788211780190736
7.1,13.689568916967666,-0.011127214542559532,-0.0065953981978573665,-0.05489543155778136
7.2,14.165509607911721,-0.005552005164799236,-0.012388631058147224,0.10585095983999983
7.3,14.67891007033639,-0.0001987001275522802,-0.012856350990623863,0.17133700018865203
7.4,15.216854241071173,0.0029590095943572807,-0.010155365242626417,0.15027376688343114
7.5,15.765776436283323,0.0042942890165965815,-0.006684652043461609,0.10567830886242373
7.6,16.310790499093695,0.004647747618172244,-0.0034686431962068598,0.06596337376138191
7.7,16.835443826320677,0.004557724261532767,-0.0007636305057678393,0.03513038317792788
7.8,17.321940606722624,0.004291960756750485,0.0014372445124656195,0.010176147811649647
7.9,17.751778570671178,0.0039704684876170765,0.0032197605825078648,-0.012887596638485998
8.,18.10668481022963,0.003632436979699477,0.004693192004101227,-0.0380008317330678
8.1,18.369715832189527,0.003254492695960865,0.005968555586226317,-0.06906937606680949
8.2,18.526394316038836,0.0027303771128048644,0.007129350173376316,-0.10882691192536535
8.3,18.565777449569293,0.0018161316540592802,0.008142290424018464,-0.15260549409378446
8.4,18.481378800014323,0.00011552507230200935,0.008614779798603367,-0.17116068807799734
8.5,18.27189079404519,-0.0025548033625826454,0.007513090558618928,-0.10311706314417408
8.6,17.9416745945228,-0.005299006233420725,0.003931049226318336,0.0550580103920815
8.7,17.50099684952559,-0.006691357008352077,-0.0010253804581663954,0.1737633990038151
8.8,16.965997281646978,-0.006725861800399024,-0.005294891785625692,0.18823016358280825
8.9,16.35836598692465,-0.006262731283267478,-0.008171882108768133,0.1524281062756982
9.,15.704693533529264,-0.0057795796189342085,-0.009857507705362334,0.11302657953409367
9.1,15.03543238460539,-0.005328047560245759,-0.010532678611280164,0.08356704863197835
9.2,14.383385632429022,-0.004782349323249798,-0.010148165952103976,0.06416495933754164
9.3,13.781646712463003,-0.003970285223402714,-0.008526372656575298,0.052487910919436366
9.4,13.26100018313154,-0.002743576622431748,-0.005544191524098687,0.04679647463018374
9.5,12.847004643107006,-0.0010403007599853451,-0.001332090018582991,0.046414944946423564
9.6,12.557289649881795,0.0010730779532840556,0.0035967134997045747,0.051653000184739825
9.700000000000001,12.399838267748294,0.0034217101026206174,0.008389377810459528,0.06373375637386411
9.8,12.372927526864705,0.0058126842124199265,0.012070126209246244,0.08483220397217409
9.9,12.466849575510304,0.008130090310948879,0.013769937491519281,0.11775139639039686
10.,12.666809771693416,0.010315072188163394,0.012775356262116422,0.162822333755114
10.1,12.955978006822383,0.012075586245359695,0.008438667820884859,0.20493504565417447
10.200000000000001,13.317793236061815,0.012266395573260123,0.0006310660669407037,0.18804421419389453
10.3,13.737102340250608,0.009100888866498182,-0.008250572551684638,0.048285748819582565
10.4,14.200206524958324,0.0032543068896893393,-0.013138455705252575,-0.125402355410759
10.5,14.694183503691972,-0.0017083683209142004,-0.012480828909513264,-0.1851684411339636
10.6,15.205933734766122,-0.004254296273338205,-0.009150956831582862,-0.15427813753641126
10.700000000000001,15.721335390991307,-0.005135336891194012,-0.005498311692548036,-0.10355373430278156
10.8,16.224761662541972,-0.005247043348162023,-0.0023141667942050636,-0.05994915997259783
10.9,16.69907016096754,-0.005076092609124331,0.000294502389488836,-0.025146565698039573
11.,17.126052255012592,-0.004840399597432677,0.0024163538815046947,0.0056731237992122124
11.1,17.487248100471643,-0.0046261805769020805,0.004194951048875467,0.0384935727962359
11.200000000000001,17.764994071438558,-0.004437230735574289,0.0058010773428681895,0.07992499279547763
11.3,17.943565305487187,-0.004164714994136457,0.007420341317999225,0.13588665179527015
11.4,18.010294088478776,-0.003452869650222761,0.009154582134566198,0.20067949518763997
11.5,17.9565723054449,-0.0015349013943457303,0.010556228899738243,0.21984981234602238
11.6,17.77867425353404,0.0021155335615165916,0.009789163697821266,0.08117956043613427
11.700000000000001,17.47835977040253,0.005774478204688434,0.005230870274567502,-0.15478963724014932
11.8,17.063234564966535,0.00719518392199036,-0.000779214842785257,-0.24848923554611518
11.9,16.5468535530717,0.007000442119605493,-0.00542413186186748,-0.21085126177863503
12.,15.94855236723905,0.00645895425516426,-0.008437700336355117,-0.1499157239514093
12.1,15.292979930836955,0.006023928348736054,-0.01034138780972784,-0.10379749579332354
12.200000000000001,14.609279822754807,0.005688334395940258,-0.011395769062428002,-0.07404373507344449
12.3,13.929834427927643,0.005298101310777929,-0.011539197975653646,-0.055689778877152284
12.4,13.288462883792379,0.004654088345616209,-0.010520432382306332,-0.044748726920069724
12.5,12.717997027550274,0.0035623610463401843,-0.008072032293046651,-0.03894083757550691
12.6,12.247316378486085,0.0019008318397942849,-0.004130593178036231,-0.037298275076057694
12.700000000000001,11.898240389536076,-0.0003064130610515922,0.0009545202730713256,-0.039751720710454984
12.8,11.683050527604948,-0.0028658911937192327,0.006365868623975135,-0.046814306659417486
12.9,11.603548075824445,-0.005490096668295179,0.011013653592901339,-0.059385091435176146
13.,11.652151808397798,-0.00793066559681351,0.013879637054839461,-0.07861247130082173
13.1,11.81470123839548,-0.010049505506261337,0.014258263649467588,-0.10527277256834391
13.200000000000001,12.073909453596919,-0.011722962485022966,0.01176163220348578,-0.13695661941791729
13.3,12.412298437721443,-0.012548963127086154,0.006285453819262262,-0.16017862787862858
13.4,12.81391053608933,-0.011544566300366505,-0.0015246273704769356,-0.14134312812280012
13.5,13.264706439314956,-0.007714159463953853,-0.009182535611915876,-0.05106435179450012
13.6,13.75199016711471,-0.00197922747619261,-0.013051061545843982,0.06596965441955772
13.700000000000001,14.26336152716174,0.0029574797774476473,-0.012153080585956448,0.1258511272108932
13.8,14.78566053308947,0.005714487352494811,-0.008700076678454573,0.11946826276998572
13.9,15.304234241319548,0.006761339661990366,-0.00484111410592181,0.08444887187643875
14.,15.802695008356777,0.006937907284217265,-0.001454628095373585,0.04479649334018332
14.1,16.263194081715543,0.00678923176851009,0.001330353716923312,0.005942712152289633
14.200000000000001,16.667130182003632,0.006575599961355366,0.0036593901792533845,-0.03511795614531958
14.3,16.99615706222554,0.00636230696472797,0.005774590073857915,-0.08383348820078665
14.4,17.233340806328442,0.005999528991621757,0.007944896523511302,-0.14214193728505228
14.5,17.36433288270352,0.0049522224462900674,0.010262327257627256,-0.19057591322014814
14.6,17.3784538360793,0.0022617292417758976,0.011924590958692348,-0.15747457651946345
14.700000000000001,17.269613761492945,-0.0021553615262681495,0.010675110119245369,0.016488521435642563
14.8,17.037022918199025,-0.005922309087450879,0.0057081127975289435,0.18960808528147127
14.9,16.685666173919294,-0.007353416274955129,-0.0001186387549652205,0.22331141626898662
15.,16.22652723472798,-0.007344361095748306,-0.004622629691562735,0.1791000436393137
15.1,15.676551583166027,-0.006982267721117592,-0.007729611340837045,0.12841502901429203
15.200000000000001,15.058328542333705,-0.006668246092630913,-0.009880117555268514,0.09114572507812307
15.3,14.399450295877925,-0.006421474555034519,-0.011296851615887076,0.06664171012046571
15.4,13.73146928736484,-0.006110580630192754,-0.011922242291537918,0.050991458693606294
15.5,13.088336681429979,-0.0055355014733277485,-0.01149790965418309,0.04115087297084331
15.6,12.504199896800953,-0.0044744392964580085,-0.009694112306340373,0.035328540601080684
15.700000000000001,12.010536338791011,-0.002757446761066032,-0.00631121898897527,0.03272352679927764
15.8,11.632876239776966,-0.00036766383371987656,-0.001521784318969733,0.033217890651540155
15.9,11.387790597259253,0.002492582007524088,0.003986585987050525,0.037057621312575964
16.,11.281136107595843,0.0054516105574762865,0.009129568556217034,0.044556299506921235
16.1,11.308365054880653,0.008127818758253533,0.01279135538264085,0.05591415392831617
16.200000000000003,11.45691265176348,0.010272134529828766,0.014191610140935682,0.07107994961034098
16.3,11.709743144973089,0.01176783834121431,0.013018589710120348,0.08920775039880781
16.400000000000002,12.048746059677853,0.012481997738600408,0.009353149628186215,0.10697795918084299
16.500000000000004,12.457009984253528,0.012074897595290991,0.003636496682155977,0.11564514813247379
16.6,12.919674312394632,0.009987913154644592,-0.003088357190191409,0.10042536643343553
16.700000000000003,13.423610680239463,0.005941423504032806,-0.008907960312251842,0.05206287500118658
16.8,13.95643820603878,0.0007489354981700275,-0.01173710545526327,-0.01227714058271651
16.900000000000002,14.505384804604695,-0.00390986948118709,-0.011005949426299223,-0.05695030387308087
17.000000000000004,15.056384965027924,-0.00693587414366106,-0.00798422325071043,-0.06526770808790472
17.1,15.593638954695551,-0.008393602625556664,-0.004272776544709474,-0.04599716196248113
17.200000000000003,16.099701197955408,-0.00886732118271931,-0.0007573557498590596,-0.01220821517976438
17.3,16.556045441146473,-0.008854400701318564,0.00235911890963887,0.029557120449362706
17.400000000000002,16.943982952228886,-0.00855878528982669,0.005225952254723313,0.07651529622571489
17.500000000000004,17.245784481930993,-0.007808134588526688,0.008054503823801623,0.11955355832882375
17.6,17.445864483151823,-0.005987804378934414,0.010686248709978658,0.12746138958620395
17.700000000000003,17.531911868906075,-0.002467409175163549,0.011942216120537525,0.05361775222368843
17.8,17.495882777408564,0.00201536673877673,0.010138535632197245,-0.08096061786594798
17.900000000000002,17.33479955251929,0.005410547717917017,0.0056372621705643245,-0.16921564042514864
18.000000000000004,17.051322696407386,0.006917003446321365,0.0006899813056350721,-0.17502620590096243
18.1,16.654077438415072,0.007245179645017206,-0.0033422202773481678,-0.1427134158351417
18.200000000000003,16.157722776706333,0.007157126279088698,-0.006351365951231134,-0.10752414693461147
18.3,15.582746676546591,0.006999052611858654,-0.008584593449202295,-0.0802210044465469
18.400000000000002,14.95495413281837,0.006835001723461944,-0.010189422995100972,-0.06108533600910345
18.500000000000004,14.304584037082146,0.0065830184804572985,-0.011122538508407819,-0.04808402429682271
18.6,13.664952808525626,0.006077773727658331,-0.011172460074696054,-0.039354918318842504
18.700000000000003,13.07050308838765,0.005112321540992738,-0.010037055620830454,-0.03368231729835857
18.8,12.5541901222082,0.0035037807615480626,-0.00747127891238704,-0.030475496820608964
18.900000000000002,12.144340306975563,0.0011929355970147558,-0.00349555627247796,-0.029630449817506763
19.000000000000004,11.861484109153889,-0.0016674361304526637,0.0014307373462435775,-0.03131073229070891
19.1,11.71604002928267,-0.004718517033457102,0.006424819420870241,-0.035678102057012474
19.200000000000003,11.707758181071092,-0.007528197924148227,0.010447140129971694,-0.042694079181355093
19.300000000000004,11.82727261402298,-0.009762058349542236,0.012669144347870986,-0.05207572938961671
19.400000000000002,12.059203904446765,-0.011256871122696981,0.012699404777049408,-0.06327649959646596
19.500000000000004,12.385632349199298,-0.011954714341552704,0.010578037546308693,-0.07519867069017662
19.6,12.788825785987163,-0.011771932871995098,0.006660290934491957,-0.08544729262474975
19.700000000000003,13.252666872526937,-0.010515024289877979,0.0015640291869826208,-0.08947145598313902
19.800000000000004,13.762826328611132,-0.007951149345703302,-0.003766691464600954,-0.08116141227681099
19.900000000000002,14.30608720284744,-0.00409357137225049,-0.008065862987124535,-0.057315319989164885
20.000000000000004,14.869319067486986,0.00048105855866491606,-0.01014945310694461,-0.024328922798969463
20.1,15.438527699174536,0.004759376493725719,-0.0096260848041906,0.0025488191981213274
20.200000000000003,15.99826116785529,0.007927230270322239,-0.007112230133457017,0.010684842666149582
20.300000000000004,16.531498967395212,0.009791248385797872,-0.0036187673030129708,-0.0019175199811229614
20.400000000000002,17.020021700968385,0.010577157187832616,0.00013238084453886585,-0.02928777619695736
20.500000000000004,17.44517165138745,0.010482146060016974,0.003862915086482355,-0.06072336645471559
20.6,17.788871770826454,0.009366335127000578,0.007433784006784539,-0.0774513049344918
20.700000000000003,18.034764058058784,0.006804078849841764,0.010288595080970615,-0.05214818087283364
20.800000000000004,18.169344794698546,0.0027952168175226105,0.011196117683395472,0.02375600377317531
20.900000000000002,18.18300096970153,-0.0014839563039275169,0.009330733465505501,0.10640372003200191
21.000000000000004,18.070880260169005,-0.004590952698931111,0.005556589550150199,0.14496624084562174
21.1,17.833550952570057,-0.006204978414520694,0.0014619746160440008,0.13969114410092684
21.200000000000003,17.477425742148334,-0.006836221937286864,-0.0020730807625411883,0.11609878939416592
21.300000000000004,17.014933127975038,-0.0070170498167365924,-0.004903248977994253,0.09133640817176551
21.400000000000002,16.464420661229592,-0.007037439981141676,-0.0071370229100709455,0.07122977843003839
21.500000000000004,15.849763560790574,-0.006987872607608573,-0.008856150759097401,0.05630838150692326
21.6,15.199628721527526,-0.006831053863872114,-0.010023693697117248,0.04558045870028967
21.700000000000003,14.546311144673925,-0.006443572005994497,-0.010472727940784162,0.03794833288741944
21.800000000000004,13.924033769089382,-0.005647228148653435,-0.009942826360582996,0.032611255928859814
21.900000000000002,13.366623039772046,-0.004259909086331596,-0.008176204420831326,0.029145831032976157
22.000000000000004,12.904604912561577,-0.002181068170280435,-0.005078581069222314,0.027476925619237834
22.1,12.56205361331313,0.0005124513469470329,-0.0008922211892568434,0.027757492882664235
22.200000000000003,12.353895065812702,0.003529461533677094,0.003739420698352234,0.0301620901887361
22.300000000000004,12.284558475321976,0.006445323293048058,0.007917192775187874,0.03468528779835978
22.400000000000002,12.348580863558405,0.008865595424175672,0.010793423760772067,0.04107433280061522
22.500000000000004,12.533013345131202,0.010552124809116327,0.011847442786754678,0.04890470084022724
22.6,12.820723119283336,0.011427167505745642,0.010974001774723042,0.05764069698262629
22.700000000000003,13.193448968991154,0.011483109084580162,0.00840292306896128,0.06650913596376536
22.800000000000004,13.633816389836,0.010685565230346502,0.004579372502865776,0.07417263087996713
22.900000000000002,14.126099797877265,0.008940952055640139,0.00010530412677069222,0.07845329218576089
23.000000000000004,14.655974544077992,0.006163796178090109,-0.00425902974253031,0.07671068944913546
23.1,15.209703679254742,0.0024363618284331313,-0.0076358940738696195,0.0675684009273338
23.200000000000003,15.773203770875702,-0.001839556830281054,-0.009239404210802103,0.05346253899015898
23.300000000000004,16.331325449527025,-0.005984435132228845,-0.008710074429404082,0.04109200166766726
23.400000000000002,16.86754072305873,-0.009320837208662832,-0.006272565805870349,0.03730889578561721
23.500000000000004,17.364094279027285,-0.011416757984189051,-0.002518437462341868,0.04288861332879325
23.6,17.80257340304061,-0.012025139373928798,0.0019085374715635329,0.048578320008623485
23.700000000000003,18.16478940466444,-0.0108822923603347,0.006294068335140996,0.03632738188837177
23.800000000000004,18.433839740701952,-0.007856502647507455,0.009563720074657129,-0.007634881379451065
23.900000000000002,18.595224377148647,-0.0035524320085871344,0.01051961019900036,-0.07018182322716907
24.000000000000004,18.637910283280473,0.0006605215230116779,0.008909098108876305,-0.11670879074633285
24.1,18.555264076296005,0.0037193863092492407,0.005739322227340562,-0.12984211290267772
24.200000000000003,18.34579792587185,0.005500061473419771,0.002228877314660155,-0.11907286295897891
24.300000000000004,18.0136941407466,0.0064001984087570405,-0.0009647652409477746,-0.09966572221318128
24.400000000000002,17.569087407329725,0.0068311112069822265,-0.003678565045028348,-0.08053649956501202
24.500000000000004,17.028088838957856,0.007047097300327936,-0.0059471936986652965,-0.06476288468209168
24.6,16.412530785179218,0.007153871655960488,-0.007812417840161612,-0.052642045271040806
24.700000000000003,15.749393562082341,0.0071458917166186955,-0.009239040701916314,-0.04356683471772542
24.800000000000004,15.069845129702646,0.006930920432765378,-0.010085181957232554,-0.036809405592873275
24.900000000000002,14.407791395074847,0.006349227209356826,-0.010109706750786198,-0.0317961952573478
25.000000000000004,13.797827030407396,0.005209726998570601,-0.009030223370980615,-0.028203719217764787
25.1,13.272550452383129,0.0033630602034937624,-0.006649079152441976,-0.025985087393808625
25.200000000000003,12.859425694860603,0.0008049645977803555,-0.0030268741259798495,-0.025319574955087847
25.300000000000004,12.577733458278727,-0.002245895025399086,0.0013887979114639041,-0.026456397860002454
25.400000000000002,12.436475487753905,-0.005375394822977422,0.005805684144835377,-0.029502070536880403
25.500000000000004,12.434054484876802,-0.008122662898833186,0.009333918145521748,-0.03429390550917286
25.6,12.559966220310242,-0.010152052927505918,0.011299494230005584,-0.04045836648514633
25.700000000000003,12.797894551615057,-0.011324201792529347,0.011426643428873498,-0.0475781825165143
25.800000000000004,13.129075633999252,-0.011641529539056523,0.009820101775796628,-0.05529276693658784
25.900000000000002,13.534907746590378,-0.01114291838309841,0.006835692508039026,-0.06323582693963807
26.000000000000004,13.998320217028208,-0.00982909997121078,0.002961532837728731,-0.07085687720157186
26.1,14.503965741742256,-0.007654180303248986,-0.00123408297501637,-0.0772767185018351
26.200000000000003,15.03762161908058,-0.004583679309070109,-0.005107616574617847,-0.08139483108896592
26.300000000000004,15.585265354948895,-0.0007008508220697103,-0.007960936933224179,-0.08241726861999712
26.400000000000002,16.13221919537826,0.003684778314136202,-0.009140618279186304,-0.08051143060451642
26.500000000000004,16.662623824123315,0.007998233812391755,-0.008216723930642746,-0.076387215169486
26.6,17.159359572850114,0.011461111191049558,-0.005158029452432756,-0.06852864121794774
26.700000000000003,17.604414898904835,0.013210466640243182,-0.000457128287764222,-0.04981327602281059
26.800000000000004,17.979621033349275,0.012526993368038466,0.004739575384016885,-0.010813921834674074
26.900000000000002,18.267630679154536,0.00936809458162688,0.008729935878339099,0.04559236973357839
27.000000000000004,18.45301057350014,0.0048107477558822056,0.01013765177486464,0.09707417002019948
27.1,18.523331359239474,0.0004380570882848449,0.008950165123549694,0.12284218965802292
27.200000000000003,18.470162357162952,-0.002799253257570289,0.006238776379628376,0.12270589593035655
27.300000000000004,18.289905068612892,-0.0048334774854918204,0.0030851017563357135,0.1085660679084039
27.400000000000002,17.984422420908384,-0.006008393144590618,0.00007252481485821847,0.09074214481815535
27.500000000000004,17.56143810439601,-0.006684215511281862,-0.0026164377064296688,0.07432695256254304
27.6,17.03468998201179,-0.007104667930301473,-0.004976739143875279,0.06088517772721564
27.700000000000003,16.42382133325658,-0.007391975248943615,-0.007030351863516472,0.05040687847213074
27.800000000000004,15.753980726849193,-0.0075670786754071006,-0.008746703261179649,0.042371280957931405
27.900000000000002,15.055073185874129,-0.007562352781423282,-0.010000932350047651,0.03619239361581586
28.000000000000004,14.360564838297217,-0.0072291039129923785,-0.010558992761355815,0.031390476142904467
28.1,13.705708897762959,-0.006358624877193791,-0.010104568224025546,0.027675686182542427
28.200000000000003,13.125080708406518,-0.004742573315798937,-0.008336321514695703,0.025005353948503655
28.300000000000004,12.649461796476524,-0.0022839565655720494,-0.005143342293470255,0.023589310411634937
28.400000000000002,12.302452848290672,0.0008809522971142524,-0.0007947417747724686,0.023778840575955817
28.500000000000004,12.097631022138813,0.004347589946437373,0.004000678852557505,0.02583562336590798
28.6,12.037273409008225,0.00756859578517195,0.00827821922255253,0.029719109116405754
28.700000000000003,12.113286623706962,0.010076386107429822,0.01117187761913088,0.03507712612772971
28.800000000000004,12.310072817976002,0.011635753493877207,0.012206195901647112,0.04145245848479159
28.900000000000002,12.608229616596267,0.012232255873533014,0.011359247275288312,0.04851726323422938
29.000000000000004,12.987809499313189,0.011953966252191433,0.008936854509452256,0.0561613711009387
29.1,13.43034086683734,0.010877424158356849,0.0054055155419059624,0.0644202534262925
29.200000000000003,13.919477441693239,0.009016684740633591,0.0012864729132963386,0.07332506255874506
29.300000000000004,14.440605857714157,0.006335587269841788,-0.0028730945881900406,0.08273728083724889
29.400000000000002,14.979910971700901,0.0028056792268125693,-0.006483534972023649,0.0921388927886387
29.500000000000004,15.523362736364842,-0.0014985251207918224,-0.008893800409874928,0.10016975463891874
29.6,16.05595789232798,-0.006263974932648411,-0.009419347876365105,0.10346461239914462
29.700000000000003,16.561396974685472,-0.010771718567601795,-0.007497615958879447,0.09476597399162683
29.800000000000004,17.02224107296207,-0.013813778863438644,-0.003099400405103223,0.06340160256144511
29.900000000000002,17.42049256207718,-0.014074327324268587,0.002664501574225986,0.005274935471084915
30.000000000000004,17.738485710018608,-0.011212155157293737,0.007576513038690102,-0.062472889151326004
30.1,17.959952595936727,-0.00651678001451001,0.00979666154479748,-0.11066670528675762
30.200000000000003,18.071136703246435,-0.0018529756704665976,0.009222683451871088,-0.12703098862243026
30.300000000000004,18.061848796205986,0.0017209931438425586,0.006946735047086717,-0.12044985217073853
30.400000000000002,17.926387157947214,0.004092196183533737,0.004051033814723987,-0.10428149229646005
30.500000000000004,17.664270317395612,0.005566386237858994,0.001139111112767394,-0.0868655762764355
30.6,17.280751348117796,0.006487098549286911,-0.0015670130075848498,-0.07159576516388902
30.700000000000003,16.787096564868673,0.00710533057102767,-0.004029620083491991,-0.05925627972492752
30.800000000000004,16.200615882874192,0.0075651669240079725,-0.006258455656874454,-0.049609941455176186
30.900000000000002,15.544424113772985,0.007915208026169185,-0.008230983034154853,-0.042127526306651696
31.000000000000004,14.846888021130063,0.008114491761087665,-0.009842156623989844,-0.03626529420644522
31.1,14.140671104661662,0.008031060825407834,-0.01087284074306354,-0.031568554246024554
31.200000000000003,13.461235807775655,0.007448304402660257,-0.010989920429321377,-0.02773647121920881
31.300000000000004,12.84463773844898,0.00610794246031417,-0.009812321854246967,-0.024694541268400812
31.400000000000002,12.324528142412245,0.0038175974783933556,-0.007074603758440218,-0.022647745606515123
31.500000000000004,11.928568265628664,0.0006076602917182926,-0.002859436634358962,-0.02202631210523371
31.6,11.674953417639255,-0.0031621040911175916,0.002241107228031798,-0.02325907601831338
31.700000000000003,11.570178813088095,-0.006877109302774488,0.007218697286090059,-0.02647327180546296
31.800000000000004,11.609068662749847,-0.009923563011661678,0.011016273254737481,-0.031372683195950504
31.900000000000002,11.7772224118167,-0.011935587447874962,0.012932909407489592,-0.037427701052248186
32.,12.054918548783695,-0.012850718638609464,0.012794887591386663,-0.0442086033265385
32.1,12.420992946293763,-0.012788138600042563,0.01085535009562106,-0.0515967722491573
32.2,12.855551640430905,-0.011891693020647014,0.007585809809114314,-0.05978768848095795
32.300000000000004,13.341139618275898,-0.010238299323728722,0.003515712738584354,-0.06916467405922835
32.400000000000006,13.8626123898652,-0.007822676586379617,-0.0008310398114521394,-0.08010834302303647
32.5,14.406235760927302,-0.004590895329650803,-0.004923984462834176,-0.09266093973372877
32.6,14.958545989001042,-0.0005091723866171948,-0.008171772345807009,-0.10572847700016824
32.7,15.505376646797519,0.004307634493980577,-0.009861175043908724,-0.11526986734636775
32.800000000000004,16.031295511988173,0.009356237818133772,-0.009187516226451965,-0.11159860980891594
32.900000000000006,16.51954287110679,0.013455075136611809,-0.005633993852704934,-0.080135555676441
33.,16.952444480572947,0.014924491449988348,0.00013196718888720528,-0.015293180080122247
33.1,17.312197149629537,0.012877856515033115,0.0058186376765526565,0.06053124182062635
33.2,17.581891225435687,0.008395686219188387,0.009063157595578903,0.1120697410204253
33.300000000000004,17.7466331451362,0.0035271463700900225,0.009341271956002088,0.12778364613952825
33.400000000000006,17.794650249887347,-0.0004172395463524588,0.007620581920999262,0.11998146723045357
33.5,17.718287737663754,-0.003166605756960193,0.00502148519305598,0.10340748309151859
33.6,17.514835785000848,-0.004957928914462467,0.0022276941153967023,0.08622476423632335
33.7,17.187148772172065,-0.00611953807100517,-0.000468086894106836,0.07139921364826327
33.800000000000004,16.74403569527572,-0.006914103692969129,-0.0029828669801568995,0.05946911736474957
33.900000000000006,16.200409290605016,-0.007509097875693257,-0.005307696260939456,0.05011865456723173
34.,15.577178324749267,-0.007981472561100232,-0.007424346570753158,0.042820967619896046
34.1,14.900848697565648,-0.008320919342524434,-0.009249915732766645,0.037055864863327945
34.2,14.202760400092346,-0.00842501907543945,-0.010596377984211383,0.03238010735862085
34.300000000000004,13.517831536006646,-0.008096201108324529,-0.011152819297986005,0.028474036114449888
34.400000000000006,12.882631723970647,-0.00706632267867879,-0.01052123152943196,0.025211243470032892
34.5,12.332631877952684,-0.005083720539108525,-0.008347272004224788,0.02273696401451402
34.6,11.898684519085013,-0.002071608875863426,-0.0045495461269557495,0.021472050948371377
34.7,11.60324682360879,0.0017161785423375191,0.00045712331329429234,0.02193974281725765
34.800000000000004,11.457408563457104,0.005692652999116414,0.005746074697661684,0.024442001196889253
34.900000000000006,11.459953248326714,0.009162814210172732,0.010182544432758851,0.028826568585995124
35.,11.599036173719824,0.011628467674715388,0.012878076809988327,0.03458270043590694
35.1,11.855863897332693,0.012931465291319447,0.01347407178038736,0.041192118135084464
35.2,12.208898174729109,0.013169979866453654,0.012114212645032565,0.048434198968598206
35.300000000000004,12.637176945136662,0.012521335121215773,0.009234254509989794,0.05646621354886912
35.400000000000006,13.122077231735894,0.011112084407026872,0.005361734392507663,0.0657223746505077
35.5,13.64759665744301,0.008974434865005399,0.0010157061729361443,0.0767187330079816
35.6,14.199640160800945,0.0060628812142878435,-0.0032995907377789237,0.08971407379132665
35.7,14.764878581893495,0.0023071329623128205,-0.00703971518120026,0.10393819638029968
35.800000000000004,15.32964544417796,-0.002281632952500202,-0.009533477916998736,0.11585553226353394
35.900000000000006,15.879176958491843,-0.0073880397849447905,-0.009941276372377583,0.1164266872467983
36.,16.397339727628072,-0.012049034568323666,-0.007503396162643761,0.0909772349010338
36.1,16.86685865987879,-0.014603797658432945,-0.0023831631997198945,0.0311753258048189
36.2,17.269966370819457,-0.013744863842056997,0.003538498583008921,-0.04471399934788458
36.300000000000004,17.58934683039193,-0.009989995294924881,0.007700937197493813,-0.10108718826996312
36.400000000000006,17.80923375200384,-0.005245666347435804,0.008996698403976185,-0.12221810295503241
36.5,17.91653675184566,-0.0010587432598373103,0.00802339242558211,-0.11807886572515233
36.6,17.901893550348447,0.002040452909486323,0.005854676874911937,-0.10350829081945666
36.7,17.760574944062157,0.004148889752357589,0.0032649811298202914,-0.08732646026393019
36.800000000000004,17.49319498332505,0.005549098950216178,0.0006455916231554991,-0.07295541036851687
36.900000000000006,17.10619853128433,0.006504348786014537,-0.0018532311118326082,-0.06118028991516123
37.,16.612110130476317,0.007201037772812713,-0.004188570750297634,-0.05182333395763571
37.1,16.029529527398218,0.0077423250555083405,-0.006336214177069221,-0.04444409509931509
37.2,15.382846772537803,0.008149352818773955,-0.008231366643833022,-0.0385794671886853
37.300000000000004,14.701619485585832,0.008357190551006203,-0.009725082236140162,-0.03381840435216647
37.400000000000006,14.01950643774986,0.008209361443331448,-0.010558266774276693,-0.02984183923220088
37.5,13.372599870712666,0.007469512830162384,-0.01037513114658378,-0.026480562743186525
37.6,12.796992281689409,0.005881035360935288,-0.008812978196221788,-0.02379317828384616
37.7,12.325543752085396,0.003295700481436894,-0.005688448274626381,-0.02210692682235291
37.800000000000004,11.98417341746238,-0.00016654451286583636,-0.0012219692091138428,-0.02192240756380465
37.900000000000006,11.788525074992394,-0.004048962326770237,0.0038631912249175284,-0.023649055817829473
38.,11.742198569131906,-0.007694542116889542,0.008521024538272123,-0.027328236708685474
38.1,11.837416711205137,-0.010528643748951717,0.011783749755436218,-0.032598816299378594
38.2,12.057977572314716,-0.012269492962905477,0.013110007142355683,-0.03895887345533283
38.300000000000004,12.383307837956842,-0.012926012524625444,0.012465542069836199,-0.04609375746695407
38.400000000000006,12.792147115910252,-0.01264920525492753,0.01017329556429492,-0.05403234501093553
38.50000000000001,13.2649061240836,-0.011582628340827874,0.006710223356348036,-0.06309356173947792
38.6,13.784506659972294,-0.009787514439567045,0.00257710997473265,-0.07369328047977274
38.7,14.336046708311823,-0.007237623647922719,-0.0017340391972771318,-0.08600279242555701
38.800000000000004,14.90582771313439,-0.003859960862548484,-0.005699724608307024,-0.09926502380421705
38.900000000000006,15.480243531021392,0.00037318304275946765,-0.008684333840896421,-0.11041871977029534
39.00000000000001,16.044893154316327,0.005253938589844106,-0.009885626100187643,-0.11208688975599163
39.1,16.584121433495653,0.010035554390049882,-0.008498749354904954,-0.09245319071582088
39.2,17.08105159708821,0.013296758549443235,-0.004370845148722903,-0.04351186102532833
39.300000000000004,17.518067703214165,0.01363427086997731,0.0011931097462535957,0.02342769499021032
39.400000000000006,17.87764036485987,0.010986739887240929,0.00588141006236162,0.08001052250446686
39.50000000000001,18.143362412616753,0.006780755574923605,0.008163970265502068,0.1081202361878604
39.6,18.30106342414387,0.0025945260216295187,0.008089752784065457,0.11144104857038775
39.7,18.339891651947905,-0.0007665783932227218,0.006509359300747759,0.10194876498677653
39.800000000000004,18.25327846082819,-0.0031821209738064488,0.004229452324906124,0.08852431880634139
39.900000000000006,18.039726676711606,-0.004834703410660205,0.0017461119654655294,0.07539658407277924
40.00000000000001,17.7033859920155,-0.005963133052876867,-0.0007020620439991883,0.06401925396567835
40.1,17.254393317307432,-0.00676370533819609,-0.003020128877767679,0.054633901194712155
40.2,16.70896161766652,-0.007363062857221119,-0.0051652827338936995,0.04704344112003606
40.300000000000004,16.089194534804424,-0.007813002798780238,-0.007082475950346864,0.040923732365996154
40.400000000000006,15.422582580703397,-0.008086700337567528,-0.008657709932205023,0.035940029362919394
40.50000000000001,14.74109857337885,-0.008073451427953614,-0.009686977202618803,0.031802592619243196
40.6,14.079763726961055,-0.0075826881034479505,-0.00987387997365111,0.02832198564082585
40.7,13.474533835727238,-0.006380458800092342,-0.00888392342209191,0.02548118987788632
40.800000000000004,12.959426572568244,-0.004282197980049468,-0.006480642251270693,0.02349513431199203
40.900000000000006,12.56306288420835,-0.0012916963860850068,-0.002721120550711448,0.022781960184210172
41.00000000000001,12.30523565343198,0.0022938697789698526,0.0019001042360303117,0.02378483153443775
41.1,12.194530987553803,0.0059277612576145704,0.006510382800634107,0.026712003364766312
41.2,12.22799199147632,0.009025212605461708,0.010154182509378913,0.03140169371974425
41.300000000000004,12.393098846763117,0.011196327428716582,0.012146899664055598,0.03745096244969351
41.400000000000006,12.671317003565944,0.012328785822177266,0.012254659844342763,0.04449906088851955
41.50000000000001,13.041875492698615,0.012501663261917397,0.010638871600944786,0.05243090382433599
41.6,13.484626585338317,0.011841748314358105,0.0076853210550434006,0.06137868608923316
41.7,13.981494376457887,0.010422728540784059,0.0038589017298119163,0.07153812880966053
41.800000000000004,14.51663510139267,0.00823433643098671,-0.0003552919188990661,0.08281260963832704
41.900000000000006,15.075754689884741,0.00520995337161705,-0.004431226460496436,0.09419757795359839
42.00000000000001,15.64508492199505,0.0013126227974601225,-0.007736704352144266,0.10279222381898659
42.1,16.210428064577137,-0.003294076997734539,-0.009494376252885734,0.10275338371755796
42.2,16.75653624316989,-0.00799773179140522,-0.008925021118165658,0.08596302505649334
42.300000000000004,17.26694809720973,-0.011623838984633908,-0.0057533923481638835,0.047549644612321466
42.400000000000006,17.724286922027527,-0.012897455932339812,-0.0008435860134615684,-0.005449347244118246
42.50000000000001,18.110942985652134,-0.011418806679894524,0.003953180634335929,-0.05486936758558552
42.6,18.410019710056645,-0.008043180023161895,0.007017331372686031,-0.08609282332023237
42.7,18.606412919120615,-0.004120809785559731,0.007888784254170339,-0.09757928367881526
42.800000000000004,18.687904043097333,-0.0006193228486229009,0.00703452438066081,-0.09582607946445124
42.900000000000006,18.646171270092534,0.0020915636728669994,0.005172645939483142,-0.08766857117652913
43.00000000000001,18.477648642199664,0.004033107608640897,0.0028723776889605533,-0.07745845670183545
43.1,18.18418651411217,0.005380610303976656,0.00047325622132308423,-0.06738103482149578
43.2,17.77348444181268,0.006324645465399643,-0.0018570896301366494,-0.0583498728335374
43.300000000000004,17.259277265384934,0.007011875656650022,-0.004040969789188934,-0.05063381036680875
43.400000000000006,16.661254525417707,0.00752464342622527,-0.0060212588549875806,-0.044195139623033064
43.50000000000001,16.004679445366197,0.007872825064184385,-0.007708291200955186,-0.03886088490839116
43.6,15.319644373995231,0.007987456011818952,-0.008941685750008737,-0.034418347251943975
43.7,14.639858585169884,0.007719280213399264,-0.009474179391200276,-0.030688960945945736
43.800000000000004,14.000832137456863,0.006858324827228423,-0.008998036742421426,-0.0276070739636345
43.900000000000006,13.43734681127216,0.005197868208285961,-0.00724037248003402,-0.02529646706953356
44.00000000000001,12.980270483800709,0.002650546987958443,-0.0041287222984784395,-0.024092881399715868
44.1,12.65312342408893,-0.0006284713022581329,0.000041005863554799396,-0.02444270691197724
44.2,12.469237257642115,-0.0042123192001662785,0.004569034536111489,-0.026680751219440777
44.300000000000004,12.430527273279724,-0.007536830344842607,0.008540940781644761,-0.030831837285324695
44.400000000000006,12.528485348833097,-0.010127442296190687,0.011158278896534726,-0.03661577838863254
44.50000000000001,12.747087416078905,-0.011749860316139229,0.011994545278635705,-0.043657703410225915
44.6,13.06650557240091,-0.012394280053148465,0.011037744080387789,-0.051709707618125864
44.7,13.4663716851871,-0.01215267414625433,0.008568145975355023,-0.060698596789638334
44.800000000000004,13.92781790097419,-0.01109873690692682,0.005009193063517089,-0.0705488982903673
44.900000000000006,14.43416588037745,-0.009230374467653133,0.0008459396970578239,-0.08079843114765624
45.00000000000001,14.970582561237675,-0.00648341326340271,-0.003371998664959082,-0.09002151394453814
45.1,15.523183979068357,-0.002818279123071464,-0.006978898018897816,-0.09519236662187724
45.2,16.078037071502578,0.0016103528616721724,-0.009177585490028043,-0.09159503752725727
45.300000000000004,16.620387747960272,0.006242317078622971,-0.00920426811218268,-0.07452846153132003
45.400000000000006,17.1342998206146,0.010060336627537697,-0.006767212750506217,-0.0432769783740406
45.50000000000001,17.60275942768807,0.011971224198127071,-0.002502113720531363,-0.0040678047367042865
45.6,18.00820118226346,0.011486045480718597,0.002146888599817594,0.03293584697064964
45.7,18.333352044369782,0.009035203208534837,0.005721270472426381,0.060343663009656136
45.800000000000004,18.562264443796025,0.005599477189682076,0.007472039067599703,0.07634636247462888
45.900000000000006,18.68141284947367,0.002114843195205023,0.007445594582055115,0.08267991197985115
46.00000000000001,18.680746885149464,-0.0008555502454214126,0.006130344150190377,0.08209979620146625
46.1,18.554619506830967,-0.00312925868095551,0.004084645152852831,0.0772285351225728
46.2,18.30253381252688,-0.0047645218857747485,0.0017381357345237116,0.07019223923116598
46.300000000000004,17.929672620124645,-0.005916098061363642,-0.000647611861017676,0.06250838194072043
46.400000000000006,17.44718851952151,-0.006741244758719098,-0.002936138683575457,0.05511020307785139
46.50000000000001,16.87223648345295,-0.007352683969763334,-0.0050505008080765175,0.04846415599951503
46.6,16.2277235647369,-0.007797780062378403,-0.0069120973867237675,0.04271694201545156
46.7,15.541727836395287,-0.008047278346551225,-0.008391806487916187,0.03782939145941357
46.800000000000004,14.846501703686446,-0.007988571979972332,-0.009279167211868068,0.03369016603864128
46.900000000000006,14.17693439595059,-0.00743240427899266,-0.009284934274585363,0.030221839015397132
47.00000000000001,13.568340898264426,-0.0061543661832444,-0.00810317591205393,0.027484255951638878
47.1,13.05353924673512,-0.003990713809071865,-0.0055507491067061125,0.0257446009927191
47.2,12.659449780030824,-0.0009714526069412471,-0.0017506681180022264,0.025445504350230613
47.300000000000004,12.403877708600614,0.0025916927251885317,0.0027546731173128474,0.027027914689327234
47.400000000000006,12.293483956082575,0.006164870756117057,0.007093193256920234,0.030692138158384775
47.50000000000001,12.32381718787985,0.00919882333213753,0.010358494667298586,0.03629051376339355
47.6,12.48152567918141,0.011336054291282325,0.011929200486257813,0.043452178854510914
47.7,12.747918175010142,0.012469113748288973,0.011611212472404838,0.05180589513963951
47.800000000000004,13.102575555874203,0.012647447052846055,0.009573124756170134,0.061067415962181966
47.900000000000006,13.525972993959783,0.01194018523422251,0.006198127037834742,0.07086312910726247
48.00000000000001,14.00071476058572,0.01034838495691343,0.001980497997033069,0.08029746263249601
48.1,14.511548915800628,0.007802485061754629,-0.002486582615514513,0.08738466582406494
48.2,15.044611753346265,0.0042555072402520044,-0.006467121036223271,0.08874127682510576
48.300000000000004,15.58638982163644,-0.00012997394856751124,-0.009091147357356553,0.08043328742571197
48.400000000000006,16.122791958155,-0.0047839248209618134,-0.00956977687528947,0.060711925075419684
48.50000000000001,16.63858116266117,-0.008747489998444208,-0.0076356830036795175,0.0329400769891569
48.6,17.11727439835676,-0.011071714978460856,-0.0038644392658589216,0.004415863727060893
48.7,17.54150247830925,-0.011323842329576457,0.0005444790747460854,-0.019165779771459335
48.800000000000004,17.893743773298016,-0.00973077711210349,0.0043711480194634274,-0.037020707660881176
48.900000000000006,18.15730604867405,-0.006934407539882067,0.0068258776243180115,-0.05098642922348412
49.00000000000001,18.317423684179932,-0.003672329125656576,0.007653566906607818,-0.06197698625884774
49.1,18.362351939561755,-0.0005543051763115113,0.007030208959552927,-0.06928551786526195
49.2,18.2843647787965,0.0020542751252847985,0.005373376423991597,-0.07208875357021886
49.300000000000004,18.080589606022283,0.004041975231535345,0.0031405018728231293,-0.07063928412074512
49.400000000000006,17.753635815497873,0.005475189219946254,0.0006919439934617902,-0.06616164059214051
49.50000000000001,17.311991328455942,0.006495497857136531,-0.0017469419062339957,-0.060129236116163706
49.6,16.77017016105512,0.007239903094823853,-0.004051475734081477,-0.05371829411171348
49.7,16.148592048806172,0.007795269350580519,-0.006135559330719315,-0.04764122783981502
49.800000000000004,15.47315900747408,0.008175012348335101,-0.00789032570760401,-0.04221556080060896
49.900000000000006,14.774461109036833,0.008305664901596142,-0.009136731359148406,-0.037510764156193255
50.00000000000001,14.086499128072262,0.008023262941090582,-0.009605356763545242,-0.03350267763414142
50.1,13.444778555508488,0.007095878184224226,-0.008967758487633225,-0.03022090390984688
50.2,12.883665376777182,0.005298164645036594,-0.00694781776579,-0.027871982721099663
50.300000000000004,12.433085727755488,0.0025444710159169457,-0.003509091508446888,-0.026879945438620385
50.400000000000006,12.115044560422925,-0.0009764687272509902,0.0009679819822543271,-0.027770655869274463
50.50000000000001,11.940893136307645,-0.004783362263085928,0.005674108911178198,-0.030919209486561156
50.6,11.910407609385567,-0.008268587243124662,0.009610005789276028,-0.03633939565250614
50.7,12.013208081596,-0.010948029441718536,0.011952896862843445,-0.043702262943386715
50.800000000000004,12.23203640158306,-0.012601352275563645,0.01230511841214091,-0.05253670314548479
50.900000000000006,12.54663136287008,-0.013223462166665825,0.010703958048126105,-0.06235071281893033
51.00000000000001,12.93691977463921,-0.012874526341727978,0.007482859142556086,-0.07245179231534803
51.1,13.384829474665862,-0.011555704934715059,0.0031454618260069156,-0.08144126919109802
51.2,13.874706135747264,-0.009183468372580918,-0.0016604715153513943,-0.08661706471132256
51.300000000000004,14.392732377964084,-0.0056919562898359475,-0.006099107670355186,-0.08399991704168264
51.400000000000006,14.925869472259684,-0.0012552193479449297,-0.009176792672216884,-0.0701949538705863
51.50000000000001,15.460779533395078,0.003504795860368718,-0.010031557571517542,-0.046152075031255665
51.6,15.98304667596815,0.007609209026452707,-0.008429089711463856,-0.019004201917589593
51.7,16.47686258470371,0.010195093611671768,-0.004991009787778176,0.0024431959741851145
51.800000000000004,16.92520824875652,0.010939854200316368,-0.0008258586590811116,0.014718011255810588
51.900000000000006,17.31046613721936,0.010040412899386678,0.0030432142201472345,0.021081088508361167
52.00000000000001,17.615341474274953,0.007935209316857414,0.005940607069955364,0.02721078915237791
52.1,17.82395335401657,0.005115673168111588,0.00751287620267563,0.036534309225550524
52.2,17.92296560867256,0.0020702916147408872,0.00767377487394394,0.048369493699027336
52.300000000000004,17.902651307914432,-0.0007692759599804284,0.0065908911029913505,0.05926943630171518
52.400000000000006,17.757813300555597,-0.003119542861079252,0.004623568852488325,0.066004142062993
52.50000000000001,17.488509638886537,-0.004895184369311904,0.0021828619370428113,0.0675396950256018
52.6,17.100553397476343,-0.006167607357007371,-0.00039854282484878644,0.06486640707415668
52.7,16.605769200200687,-0.007073850196278189,-0.002909865243139438,0.05974611060170602
52.800000000000004,16.021991596626727,-0.007736676059967374,-0.00522705216272174,0.05372211312438816
52.900000000000006,15.37278024848293,-0.008216735543634243,-0.007245364799399089,0.04777064035269071
53.00000000000001,14.686800263126727,-0.008487598308761085,-0.008814562069565459,0.04236020886802044
53.1,13.996772896117486,-0.008423869500557336,-0.009696432959712724,0.037650963127476435
53.2,13.33785545061675,-0.007808861098669277,-0.009566695405530876,0.0337088184112066
53.300000000000004,12.745302436374836,-0.006386044701687896,-0.00809268852413425,0.030694377638642197
53.400000000000006,12.251375411672909,-0.00397659183616644,-0.005104498094388319,0.028981787384850584
53.50000000000001,11.881790892615847,-0.0006368870977114657,-0.0008086144400990369,0.02912777015771873
53.6,11.652482540468817,0.0032515018301718817,0.004104468025516958,0.031653997705709896
53.7,11.56779683212928,0.007077821993668688,0.008608628788276932,0.036769406877688364
53.800000000000004,11.620990836552153,0.010256260097725296,0.011710616429325298,0.044265558223473896
53.900000000000006,11.796972996864255,0.012442109328849243,0.012793586177430595,0.05364731706841381
54.00000000000001,12.076214493464605,0.013551370332216813,0.01172453566828072,0.06425929327422916
54.1,12.438404961096605,0.013618340979429116,0.008749456656240004,0.07509304477555279
54.2,12.864858258269273,0.012635841955100697,0.004353756583319003,0.08417692372505828
54.300000000000004,13.339409790553006,0.010495828386097581,-0.0007751827739010679,0.08789071185198262
54.400000000000006,13.848102165021327,0.007095412122029988,-0.005694642974008748,0.08133759553330716
54.50000000000001,14.378184026211605,0.002608024721290165,-0.00924938303463263,0.06143015300118298
54.6,14.916934947894168,-0.0022735695658398555,-0.01045461046744378,0.031828002970096206
54.7,15.450702540411564,-0.006498421582206471,-0.009094154515468623,0.0033504270697842474
54.800000000000004,15.964378616343208,-0.009238355144775563,-0.005885777923615445,-0.01388353028343181
54.900000000000006,16.441392296619625,-0.010281339566058553,-0.0019466523833456314,-0.017943555473647718
55.00000000000001,16.864181920087827,-0.009881173776826313,0.0018182588372565897,-0.014210531347339619
55.1,17.215034674990875,-0.008408173357313578,0.004882459696480781,-0.010265224602888262
55.2,17.47715208821313,-0.006177135337904952,0.006954424182313368,-0.012097178229377399
55.300000000000004,17.635801428048165,-0.0034770827806468144,0.007845038824810005,-0.02197187046830389
55.400000000000006,17.679434617945343,-0.0006439316747516045,0.007482614975328092,-0.037501920779800364
55.50000000000001,17.600685505024497,0.001964929962708136,0.006000633512150215,-0.0531198562911222
55.6,17.397185013963664,0.0040916074556099835,0.0037359924509107077,-0.06376296468990203
55.7,17.072157257353606,0.005663530235109395,0.0010943041936652322,-0.06762434221692515
55.800000000000004,16.634775762525862,0.006762495333535769,-0.0015952682456877095,-0.06590069008574807
55.900000000000006,16.10026588234574,0.007526483356882529,-0.004125870683387991,-0.0609199489186856
56.00000000000001,15.489734749353001,0.008063176644937442,-0.006367189089656274,-0.05469949629098694
56.1,14.829690486233437,0.008401202059291044,-0.00818813520661052,-0.04848538062615066
56.2,14.151175807365185,0.00846861388402572,-0.009392221772170061,-0.04287444737099813
56.300000000000004,13.488394046704313,0.00809135501515948,-0.00969213853341747,-0.038107766062977465
56.400000000000006,12.876676878130695,0.007024888839434825,-0.008751692516893159,-0.03435358483983442
56.50000000000001,12.349698983697502,0.0050439376912658936,-0.006321122743012844,-0.03191544301508132
56.6,11.936077119478776,0.0020897361062457475,-0.0024468379367995623,-0.03130177707363675
56.7,11.655926000890945,-0.0015988058983049675,0.0023582988317389243,-0.033097788309663784
56.800000000000004,11.518387240504824,-0.005497244749957092,0.007153825451138202,-0.037696378178253824
56.900000000000006,11.52117092818509,-0.008995910085838433,0.010873342189316675,-0.04509638234428911
57.00000000000001,11.652463719906486,-0.011648194095933893,0.012708634372623673,-0.05491428019329057
57.1,11.894495420513733,-0.013268214740465824,0.012319314565509382,-0.06645182082374211
57.2,12.227392964589944,-0.013832593695493231,0.009799761453158569,-0.07845472117960756
57.300000000000004,12.632103810860913,-0.013305771559411409,0.005553320573028447,-0.08834980977561811
57.400000000000006,13.091846288773613,-0.011540279974533288,0.0002531841636532807,-0.09136282608225085
57.50000000000001,13.592200213793845,-0.008370218182857414,-0.005081768597523979,-0.08119427122802182
57.6,14.12030415426941,-0.003935224222243646,-0.009120158203742528,-0.05467416841574897
57.7,14.663694185285435,0.0010104843776625528,-0.010699773559413853,-0.018362991592679543
57.800000000000004,15.209226605005663,0.005314446691218914,-0.009577312764445407,0.012881621487439049
57.900000000000006,15.74237413982164,0.008138738728901657,-0.006567964630867325,0.027823700731580327
58.00000000000001,16.247027943825135,0.009354064597845341,-0.002843623842414308,0.0262831427198806
58.1,16.705806157411544,0.009287974341383015,0.0007422261831695159,0.015153023701342028
58.2,17.100779279272032,0.008317917125151071,0.003774139316344573,0.0023152863150715493
58.300000000000004,17.41447646713945,0.006684887829912398,0.006072388470433579,-0.00564361083066422
58.400000000000006,17.631028192117615,0.004522784017401278,0.007490060735945849,-0.003895064770380826
58.50000000000001,17.737316744871478,0.001985503308002025,0.007850343321664986,0.009186239595995162
58.6,17.72403388403874,-0.0006545461286887783,0.007045962167824336,0.030079245291847717
58.7,17.586574571424,-0.0030501694252884157,0.005193751861978618,0.05112665427107732
58.800000000000004,17.325721422032732,-0.004944289819012139,0.0026508182966947895,0.06540794974184852
58.900000000000006,16.94809334277306,-0.00628124664909955,-0.00015046797360903787,0.07069062601462892
59.00000000000001,16.466342230657563,-0.007163830050565075,-0.002873168855410643,0.06888290274895899
59.1,15.899081729258254,-0.0077342065913161276,-0.005313697868326157,0.06320336706859371
59.2,15.27051926619529,-0.00808095539762505,-0.007335270173412648,0.056235260929700444
59.300000000000004,14.609734624108924,-0.0081962757424052,-0.008781202101967894,0.04946821324517138
59.400000000000006,13.949507893492717,-0.007967024952676606,-0.00942095870123397,0.04358403859897369
59.50000000000001,13.324565037499324,-0.007193920936458997,-0.00895745399225241,0.03888305984137332
59.6,12.769128332744664,-0.005653831415872633,-0.007118983561488273,0.03562516357709673
59.7,12.313809959915073,-0.003216218118438149,-0.003835310298263459,0.034218814902039346
59.800000000000004,11.982226671597015,0.000023056307614146436,0.000573641857148649,0.03521506813505934
59.900000000000006,11.788151031613651,0.003690203105367373,0.005343834861146797,0.039120473450303735
60.00000000000001,11.734225028512027,0.007246360752675946,0.009456502809764473,0.04616939647736187
60.1,11.812881983435798,0.010206974443971577,0.011988863556594927,0.056219090892352566
60.2,12.00920997355463,0.012292425570308043,0.012392750811890545,0.068703300255218
60.300000000000004,12.304651331519072,0.013398599185635645,0.010555226572802634,0.08228771901822193
60.400000000000006,12.680256486644929,0.01343988089702175,0.006720362406580772,0.09387707177422112
60.50000000000001,13.118686060420897,0.012213391686098793,0.0014653144573307764,0.09733537055895787
60.6,13.604821328262709,0.0094578079994663,-0.004182709183529089,0.08425543841992061
60.7,14.125310897565333,0.005223037798567791,-0.008726536832518705,0.05061514769463352
60.800000000000004,14.66755779115048,0.0002886062827758739,-0.010760182509454192,0.006136918653132343
60.900000000000006,15.218621818349922,-0.004070666745981213,-0.009933843102294986,-0.029292833485767084
61.00000000000001,15.764384588698144,-0.006957699616314572,-0.007132740519655372,-0.04316939911898121
61.1,16.289169967531006,-0.008286416399382646,-0.003605342526267671,-0.037647377177732845
61.2,16.775871135315818,-0.008443925492752954,-0.0002022846848497449,-0.021450234297757553
61.300000000000004,17.206528567392677,-0.007837418913501443,0.002717134197958905,-0.0023174872294830892
61.400000000000006,17.563239874397222,-0.006701991273561299,0.00505787686392513,0.014147106459718386
61.50000000000001,17.829259635576282,-0.005108216676274132,0.006765993284756646,0.022953252121657032
61.6,17.990154333202252,-0.003064228711942352,0.007699760846900728,0.01931095696916605
61.7,18.034901043273944,-0.0006616341321498825,0.007632698730185154,0.0012023856584238131
61.800000000000004,17.956847469573,0.001824869233122292,0.006417516021900396,-0.026718499647276416
61.900000000000006,17.754477922267863,0.004016617840240777,0.004193447569344093,-0.05389508274327694
62.00000000000001,17.431951096744662,0.005653447601585235,0.0013869973139870352,-0.07119263355493399
62.1,16.999389113031526,0.006716260442143597,-0.0015195934477824952,-0.07654364071211309
62.2,16.47290174909787,0.007344307638527103,-0.004185918006529718,-0.07334732139550133
62.300000000000004,15.874323167005837,0.007685518593749558,-0.006422846645966461,-0.06608091144920461
62.400000000000006,15.230618636473519,0.007804767032625556,-0.00809460818219862,-0.05790361058044876
62.50000000000001,14.572886634105737,0.007657774143313953,-0.009028133938211601,-0.05044095727631781
62.6,13.93484821013989,0.007102940088937068,-0.008982480570496762,-0.04436750920066552
62.7,13.350713284897315,0.005945318834362632,-0.00769840369573542,-0.03998924100252287
62.800000000000004,12.852403367851766,0.004022451529239858,-0.005032722573743477,-0.037616053198295425
62.900000000000006,12.46635552631648,0.0013205414882939178,-0.0011378796232111934,-0.03770457124421062
63.00000000000001,12.210512205458388,-0.0019421472314128778,0.0034237437607182626,-0.04079142107808072
63.1,12.092405455030788,-0.005348900828202807,0.007756327033315816,-0.04730691926171984
63.2,12.109130532341645,-0.008441955871748352,0.010902348403372486,-0.057407294759663496
63.300000000000004,12.249336181544686,-0.010886552764599955,0.01214218076257306,-0.0708198321647224
63.400000000000006,12.49649736442491,-0.01250509260091261,0.011138732732078344,-0.08637203500702696
63.50000000000001,12.832281863765896,-0.013159137249286848,0.007922905151650627,-0.10069154823833376
63.6,13.239022161644076,-0.012586806426284668,0.0028955280998967273,-0.10622011344819934
63.7,13.700882870084271,-0.010402212280401363,-0.002997330204473482,-0.09152538846693888
63.800000000000004,14.20385372231624,-0.0064910888365079435,-0.008124395227488921,-0.05028064928824732
63.900000000000006,14.734989222569777,-0.0015988307234564628,-0.010751791603602064,0.004511564435403596
64.,15.281372452414352,0.0028499874416142083,-0.010309196354031483,0.04601543393448698
64.1,15.829197449631357,0.005832119139860692,-0.007720487645142467,0.059695428238011945
64.2,16.36322452789997,0.007264237611948411,-0.00434248361701299,0.050860453976859385
64.3,16.866717520942455,0.00758034501985425,-0.0010676623062118838,0.030902750740794998
64.39999999999999,17.321851132563253,0.007221663163389466,0.0017554883088347786,0.007753607243473714
64.5,17.710495368192426,0.006445125014071745,0.0040730562683676235,-0.014377268517216912
64.6,18.01524469632278,0.005323760829202272,0.005906038681969309,-0.03216033696338845
64.7,18.22055455117324,0.003808789662531981,0.007207007453353586,-0.04077656860440719
64.8,18.313864646048003,0.001837249961176493,0.007779829571109116,-0.03395264372418365
64.89999999999999,18.286615220153802,-0.0005082973789858802,0.007322162496815456,-0.00853159649289734
65.,18.135089946225634,-0.0028960703519629975,0.005662450199110284,0.028726835743486657
65.1,17.861042645351908,-0.004886829405496897,0.0030229163570425787,0.06255970075519283
65.2,17.472081643493194,-0.006236111551383726,-0.000045451563558354926,0.08138852333448568
65.3,16.981794072437765,-0.006997158592050553,-0.0030054820286605833,0.08469724468420953
65.39999999999999,16.409591081935524,-0.007360841882930129,-0.0055381864314391835,0.07852169979314785
65.5,15.780241941906532,-0.0074757937813966216,-0.007488382367976471,0.06884062655568686
65.6,15.1230399542656,-0.007374880206049787,-0.00872835313523325,0.05918317199713463
65.7,14.470511935984854,-0.0069766144531825565,-0.009074794632354478,0.051075113562526926
65.8,13.856567243649897,-0.006121019642142192,-0.008294158526518408,0.045042618980094984
65.89999999999999,13.314027799599721,-0.004635391652524153,-0.006197655597445885,0.04133291857482922
66.,12.87164897798856,-0.0024310430452075854,-0.002803154170525424,0.0402768852893818
66.1,12.551054340548502,0.00040195015220038704,0.0015139082658375046,0.04237079660656432
66.2,12.364348481179908,0.0035724341656193695,0.006002969462118921,0.04817207512588079
66.3,12.313257958498577,0.006682221797970118,0.009719581142035453,0.058129058678757554
66.39999999999999,12.390234745753501,0.009378556328064912,0.011812911018538869,0.07237286116290485
66.5,12.581168588593789,0.011434912840282248,0.011733146123405374,0.0901688426862728
66.6,12.86870703509829,0.012678846601365914,0.00927809488656769,0.10831684235655045
66.7,13.235098415909635,0.012810097380047689,0.004613891415140343,0.11813344762427924
66.8,13.663899724172175,0.011310170863456603,-0.0014949059561987495,0.10423399847740819
66.89999999999999,14.140454394740596,0.007815763353258615,-0.0073468671172287016,0.055426413694311005
67.,14.65144126347589,0.002944027875788323,-0.010781411883697127,-0.012726093575058408
67.1,15.18394969432951,-0.0016968949690686435,-0.010841156116708767,-0.06325786448585512
67.2,15.724511091763697,-0.004858924628196956,-0.008454226481607761,-0.07769275984713309
67.3,16.258400998157885,-0.006418396305973272,-0.005146849523210155,-0.06554346087508572
67.39999999999999,16.769382178782067,-0.006858019020585843,-0.0019088948900679555,-0.042139112302576234
67.5,17.23992667416531,-0.0066618236354988244,0.0008868406040699419,-0.01625372120867446
67.6,17.651855884060026,-0.006118364241734857,0.003196003382355899,0.009001022472611414
67.7,17.987280561087314,-0.005330360535394616,0.005080777980788383,0.032371145091662085
67.8,18.229703645741413,-0.004259007774959195,0.006578763970828849,0.0512737991336871
67.89999999999999,18.365157362513134,-0.0027769680445320893,0.007601584252452154,0.05945314614208681
68.,18.383269287803788,-0.0007813449950449,0.00786359218701715,0.04753418258294049
68.1,18.278179802858055,0.0016069293634055131,0.006965844721509605,0.010951793073135792
68.2,18.049258799410367,0.003937898071022891,0.004752385705654753,-0.03868351601782632
68.3,17.701589222061912,0.005699649793116446,0.001624301433685434,-0.07850374285930858
68.39999999999999,17.24619723975535,0.006718150871439173,-0.0016933509263773764,-0.09558925761871359
68.5,16.70001211565391,0.00716596105135189,-0.004641446244726568,-0.09383016948221831
68.6,16.085531450187904,0.007286203656665611,-0.006968616508406296,-0.08307304411109363
68.7,15.430148078412303,0.007208305539230057,-0.008569132874487462,-0.07049839576459617
68.8,14.765065874864886,0.006917976874446458,-0.009317615253205576,-0.05944709882055786
68.89999999999999,14.123706289142643,0.006292371769307399,-0.009015117511570947,-0.051002219016815224
69.,13.539519592714761,0.005158405211310458,-0.007444500634793108,-0.04540697874383068
69.1,13.043221351640772,0.00337558371037491,-0.004512921455327867,-0.04282714855508465
69.2,12.659723931954073,0.0009331986654783737,-0.00042653091164031044,-0.043641248876646235
69.3,12.405381230561394,-0.001989520643368733,0.004213464489482743,-0.04844746583303051
69.39999999999999,12.286397532164685,-0.005062211546613011,0.008500708907781202,-0.05793364221177064
69.5,12.299070810162437,-0.00793358691494941,0.011480707765112995,-0.07267937940218268
69.6,12.431879821014535,-0.01034685533640825,0.012406828302327469,-0.0926392428427555
69.7,12.668654541730445,-0.01211934829524253,0.010845513808517575,-0.11542014282721777
69.8,12.991715936989998,-0.012955485880696503,0.0066978205257377296,-0.13215591763810017
69.89999999999999,13.38410446567003,-0.012238517054996928,0.00044028334288298966,-0.12326808248488998
70.,13.830562789637018,-0.009281772897098034,-0.006289628554735522,-0.06885818109212884
70.1,14.317428135964931,-0.004414300521284205,-0.01083189551163323,0.016270528892165723
70.2,14.831848323128828,0.0005663924847022833,-0.011586631649538732,0.08069910526685554
70.3,15.360779502707373,0.004041026578419326,-0.009407531845019855,0.09764729829089942
70.39999999999999,15.890138725243009,0.005781210015322578,-0.006082063744099548,0.08189929009843426
70.5,16.40434593847801,0.00633203888170724,-0.0027759692490823993,0.054624143043415035
70.6,16.886347525997195,0.006240603742382155,0.00008002142434296002,0.026292386664310767
70.7,17.318096859032448,0.005835289898857161,0.0024325615793724343,-0.0006147977674115706
70.8,17.68139121050305,0.005254503411335912,0.004360733653550152,-0.026526353452726352
70.89999999999999,17.958930035699,0.004496727015724188,0.005955873142500405,-0.05148691400411815
71.,18.135458463278027,0.003445765283810099,0.00723652567290916,-0.07228532899371169
71.1,18.1988790101323,0.0019097315209813362,0.008043565405984159,-0.07941224582532452
71.2,18.141242064535064,-0.00023237885158816087,0.007956751898561591,-0.05830313472143029
71.3,17.959553170685094,-0.002751238305076829,0.006464951695362982,-0.004134561664506471
71.39999999999999,17.6563579090772,-0.005003443559962988,0.0035300209057707132,0.060331288114640544
71.5,17.24008095075331,-0.006444330454181877,-0.00012678184815374105,0.10193021369374736
71.6,16.725103286426098,-0.007076388344350903,-0.0036096548872359894,0.11146878390722921
71.7,16.131559080510364,-0.007222937419307886,-0.006433630702696375,0.1013595291803718
71.8,15.48481919298555,-0.0071446681834645785,-0.008465762530273263,0.08518656884615304
71.89999999999999,14.814601950164587,-0.0069156665682243365,-0.009641944389428253,0.07001927981655136
72.,14.153620163911313,-0.006457606337442981,-0.009815019982963111,0.05817588058696533
72.1,13.535660461529355,-0.005604877045640164,-0.00876012467404397,0.050000394687050524
72.2,12.99304602921511,-0.004181161420977261,-0.006294209994165354,0.045422142308023314
72.3,12.55361982314557,-0.0020947191004049015,-0.0024643681161339408,0.044588220877432125
72.39999999999999,12.237715728254404,0.000576012622818946,0.0022888084542127137,0.048016895942235065
72.5,12.05592131421569,0.0035721630705505586,0.007125950732176117,0.056530828168446276
72.6,12.008474456126017,0.006553809710397583,0.011016289719816587,0.07110915870193409
72.7,12.08664987577505,0.0092399139463677,0.01303167132571906,0.09251585215119205
72.8,12.275669192039107,0.011449075140885771,0.012519912907355987,0.11979005281355015
72.89999999999999,12.558060850125518,0.012939121725457726,0.00912124931190222,0.14553061399183578
73.,12.916394340683174,0.01308718332022611,0.002938698614369893,0.14766594758312254
73.1,13.334797499702796,0.010878788415365177,-0.004693452455497623,0.09389643043049326
73.2,13.799236385737089,0.006114234944412919,-0.010693826163492234,-0.010473508726308105
73.3,14.296909904175687,0.0006615948207402219,-0.0124721836127288,-0.09650755404704985
73.39999999999999,14.81523656118471,-0.003297347457060056,-0.010585883636411688,-0.11985766920300392
73.5,15.340864607140361,-0.005303874095956308,-0.0071813570969634245,-0.10053690344727544
73.6,15.859007420764954,-0.005976694248276703,-0.0037135386336621307,-0.06850913902029854
73.7,16.35325505013951,-0.005957209464489296,-0.0007141146600778197,-0.03725261261959324
73.8,16.805878637683662,-0.00562684251669229,0.0017415278318985246,-0.00908240178304442
73.89999999999999,17.198548378528365,-0.0051599431667971535,0.0037364730094194987,0.01760269698521268
74.,17.51333429699164,-0.0045946728223400955,0.0053895716187717475,0.044839857420653294
74.1,17.733846792013953,-0.003858599672754587,0.006791279813924529,0.07284437640473584
74.2,17.846387957993723,-0.0027659336751683925,0.007920436954876918,0.09639001709883273
74.3,17.84101161908297,-0.001058151817863325,0.008501161723641354,0.09980624389204248
74.39999999999999,17.712419455744,0.0013605614822489785,0.007909766223026738,0.0608058750977261
74.5,17.46064639856374,0.0040231527053528485,0.005559788600322792,-0.019584263918582874
74.6,17.091507682432542,0.006042979974237484,0.0017664051551183856,-0.09605201165568113
74.7,16.616791169170995,0.00700899421483268,-0.0023043372902930214,-0.1289474899022824
74.8,16.054180368963493,0.0072247205522036565,-0.0057383214146705785,-0.1239811913777602
74.89999999999999,15.42688401562524,0.007120798247189988,-0.008266651361507796,-0.1039921222029137
75.,14.76292534745409,0.0068999753707494425,-0.009882926019008129,-0.08331464247771335
75.1,14.094010770952204,0.006545243651420077,-0.010520532805127556,-0.06686290416195255
75.2,13.453868227337312,0.0059095960372936435,-0.009980703043008457,-0.05530430221269947
75.3,12.875959537880108,0.004797657692901707,-0.008021768640694852,-0.04822757565424113
75.39999999999999,12.390593947648458,0.0030559200125455173,-0.004547521145102473,-0.04538703159875233
75.5,12.021755379323016,0.0006709324243674545,0.00017923716002277832,-0.04705496741042451
75.6,11.784343115973751,-0.0021787684203715472,0.005435049895438234,-0.05402442293474144
75.7,11.682753607311732,-0.005180234270450379,0.010165754048852498,-0.06751352902066432
75.8,11.71146694074876,-0.008031927366697356,0.013293643711317814,-0.08898158274780851
75.89999999999999,11.857522606853122,-0.01054688400976739,0.013970855003678714,-0.11914360467281772
76.,12.103954461577091,-0.012561027316683128,0.011618127690678897,-0.1537462297437709
76.1,12.432975169858805,-0.013572285460091127,0.005960553437921439,-0.17249394871754967
76.2,12.828054279334081,-0.012390691947979404,-0.002253221198819982,-0.13154220215154105
76.3,13.27465245323209,-0.008068237426424825,-0.009935714778212222,-0.012184309218289868
76.39999999999999,13.759865875434258,-0.0021492164753673234,-0.013235690799013482,0.10554585758258064
76.5,14.27145773339657,0.0024796270608761677,-0.011898966084894396,0.14359001946076067
76.6,14.796759174570767,0.004880015488237469,-0.008440107997273323,0.12222690925911049
76.7,15.32180920528068,0.0057169629240183045,-0.00475983508250466,0.08448204961975347
76.8,15.830947822546438,0.005763597002177117,-0.0015586015151266,0.049274449182058956
76.9,16.306926947570357,0.005475066884718899,0.0010492916763540552,0.019395653540592677
77.,16.731487688655143,0.005064122243224209,0.003143353013126721,-0.007561828376750526
77.1,17.08628250682842,0.004602714409772748,0.0048538336283072275,-0.03491093745002623
77.2,17.353995168365802,0.004063714814996897,0.006308578725381059,-0.06527942910479687
77.3,17.519518393503073,0.003312543093984353,0.0075816334693788205,-0.0982187784615009
77.4,17.571074196860152,0.0020812100057341454,0.008577230593019076,-0.12402156576547359
77.5,17.50119267716395,0.000048378539227047626,0.008815291766618018,-0.11555782908520935
77.6,17.307493553015412,-0.002732070041315223,0.007400462965948613,-0.04290042915983469
77.7,16.99323715843122,-0.005361759609739838,0.0039006748803557915,0.0679271299193006
77.8,16.567626271603753,-0.00684726025054623,-0.0006460043729116972,0.1402549166533135
77.9,16.04584591681714,-0.007219966036990328,-0.004757572142907022,0.14982299709181032
78.,15.448823402530001,-0.00707774227280675,-0.007826125007489563,0.1272484022962685
78.1,14.802673071378528,-0.0068099127085501695,-0.00986477211448204,0.0996950094818838
78.2,14.137759149225799,-0.006488369708043219,-0.010918955487053449,0.07727345226670809
78.3,13.487273725565702,-0.005998892512641873,-0.010861514782620126,0.06146859383202224
78.4,12.885213363444588,-0.00514657669688096,-0.00944161889685767,0.05142368581497682
78.5,12.36370525071198,-0.003741516861386302,-0.006458628058490961,0.04630878195912332
78.6,11.94985357772932,-0.0016948500287385711,-0.0019972663754244087,0.04595715363383657
78.7,11.662653903831062,0.0009030967323853019,0.003391650626426146,0.05092929408620304
78.8,11.510876013032673,0.0037930431745581378,0.008719967920163735,0.06244311925894287
78.9,11.492788074953062,0.006670339527762474,0.01283357832028658,0.08232476385259388
79.,11.597975328845607,0.009329359221367406,0.014731049392334654,0.11260497695298893
79.1,11.810595635722766,0.011663966314539786,0.01367304684198508,0.1527136350616948
79.2,12.11285472795807,0.013373592385975304,0.00911172016961322,0.18887732350927208
79.3,12.487618769652624,0.013390750868558616,0.00109411712931798,0.1750931795271286
79.4,12.919672285311123,0.010096197640369264,-0.008019144225945062,0.058672064670553234
79.5,13.395720171798645,0.004040456635080525,-0.013392903270047322,-0.09718631675103337
79.6,13.903567882789767,-0.001386360119578131,-0.013134319500330383,-0.1651486147482998
79.7,14.430991120443398,-0.004363703856522876,-0.009809899804747519,-0.14727238546980775
79.8,14.964724534633184,-0.005456615808473632,-0.00594336094006993,-0.10356387719760073
79.9,15.48984889923232,-0.005598507583560098,-0.002522081305349234,-0.06307027594499638
80.,15.98969672562447,-0.005349039806062698,0.0002666724294731556,-0.030440921154922765
80.1,16.44626268215667,-0.004968860291432236,0.0024892163563591764,-0.0027858674974346586
80.2,16.841016005530644,-0.004559713208352175,0.004277077604575777,0.024046818140794783
80.3,17.155970433612755,-0.004130215705943167,0.005772374436218387,0.0540411389300879
80.4,17.37486404869876,-0.0036003923932087494,0.007097502146085475,0.08996740716893466
80.5,17.48432207657434,-0.002760562655370502,0.008286293941839492,0.1291440274569348
80.6,17.474906119682466,-0.0012369928494720805,0.009092200875914043,0.1517586300797233
80.7,17.341983722672367,0.0012880907188256164,0.008689339791567096,0.11177292563098222
80.8,17.08637735156317,0.004323117735979694,0.005993973987551594,-0.012235353643141832
80.9,16.71476963900221,0.006472887473432669,0.001325952668408259,-0.13541452910937085
81.,16.239851067073122,0.00715407565216399,-0.003432385329474417,-0.174987214041987
81.1,15.680195779407427,0.0070024206062205725,-0.007068108346896426,-0.15425203588917655
81.2,15.059838832217755,0.006651011509277868,-0.009499515088101682,-0.11915437801329651
81.3,14.407502362961141,0.006300485474114812,-0.010897394741903552,-0.08947634810699405
81.4,13.755382521118346,0.005884621930439337,-0.011249223042980006,-0.06858009589987872
81.5,13.137382028138866,0.005225745375242114,-0.010349963718955787,-0.055147133855375896
81.6,12.586700270876857,0.004124190932497986,-0.00795346362905733,-0.04758848238435041
81.7,12.13284411199169,0.0024421550583713448,-0.003999872717995217,-0.04512476089496024
81.8,11.798442131652246,0.0001875032978106264,0.0011619142302433673,-0.047896710390614605
81.9,11.596637523694715,-0.002457894785495275,0.006704635231013373,-0.056883062631306325
82.,11.529998746191653,-0.005217515078127991,0.011507247210510649,-0.07388932683200651
82.1,11.591505702499385,-0.00786734653042731,0.014484833336538876,-0.1015251605515839
82.2,11.767318020379252,-0.01031265623223364,0.014789903071422611,-0.1419111440587925
82.3,12.040271043955663,-0.012426646189566012,0.011743522893492165,-0.1893446817061474
82.4,12.39290027557937,-0.01350175341183097,0.004879755279260048,-0.20855996957143882
82.5,12.809248037832537,-0.011762180967111513,-0.004697527891113201,-0.12482172573888439
82.6,13.27533456456501,-0.006326990229651084,-0.012340468127336923,0.056766266464030504
82.7,13.778621307537149,-0.00019303147398446466,-0.01395387224492284,0.17457926169091234
82.8,14.306965585472561,0.0035935455146397445,-0.011198036233124457,0.17387152121487434
82.9,14.847536843571062,0.005108814631196689,-0.007274336871775606,0.12659735283035733
83.,15.386035166162037,0.005421354771440958,-0.0036554120632958827,0.07968525680841844
83.1,15.906393181865194,0.005237995180029092,-0.0006750347471872475,0.04288308910225474
83.2,16.39099669283382,0.004889432123253511,0.0017003688021885012,0.013501982387100724
83.3,16.82135212605499,0.004510965433209019,0.0035949204809319606,-0.013220881149163888
83.4,17.179069198261566,0.0041393778561939236,0.005151825371095618,-0.042011700266495755
83.5,17.44701020166024,0.0037370412261885665,0.006511228145192988,-0.07727647064541
83.6,17.61046990712897,0.003161845390100008,0.007775117563570359,-0.12109847892814293
83.7,17.658277527171354,0.0020944305298976054,0.008883126282707892,-0.16408667749922293
83.8,17.583742960587397,0.00005562820657412669,0.009283237208625568,-0.1649551866287442
83.9,17.385396794708505,-0.0030074438274069115,0.007695402512100841,-0.0615017290581213
84.,17.067494119896967,-0.0058062889500883515,0.00344394846365182,0.10464046178701714
84.1,16.640264829447194,-0.00699222577880337,-0.0017749938138740223,0.19179543304365163
84.2,16.11989667447494,-0.006928930385030104,-0.005993418319732629,0.182401069598786
84.3,15.528230238746415,-0.006499105721103311,-0.008817726082651474,0.14101415365675465
84.4,14.89212543415927,-0.006084729397208801,-0.010510643648826992,0.10333604526089324
84.5,14.242428314599596,-0.005686634023753843,-0.0111990848731319,0.07667046570597294
84.6,13.612436370550059,-0.005154336990638972,-0.010764536649585972,0.05949381260312952
84.7,13.035762603791282,-0.004295796305568819,-0.008969716481061743,0.049371951022030666
84.8,12.543592702107336,-0.0029495302777906504,-0.005663056234392047,0.04480458581165876
84.9,12.16157410587318,-0.001059996237121028,-0.0010066068568778885,0.04539420032078696
85.,11.906942575367706,0.0012727849049267417,0.004384569224323284,0.05171679645614716
85.1,11.786769061099092,0.003825670306965298,0.0095199026411979,0.06526854399148747
85.2,11.79806938603309,0.006371165042780443,0.013313196953735725,0.08856536597514086
85.3,11.929849689547503,0.008791143198356503,0.014847678755443728,0.12481508641732145
85.4,12.166331096171634,0.0110385908717823,0.01339673107981269,0.17413914035812078
85.5,12.490186122992618,0.012768846376519724,0.008295362310387681,0.2174544683389321
85.6,12.884843436918667,0.012613393168993904,-0.000439382138815097,0.1870648234310494
85.7,13.33549401478194,0.00869553969295563,-0.009687966986348544,0.021139087970317626
85.8,13.828956602483984,0.00238083935681851,-0.013917052697460184,-0.15385035127708133
85.9,14.352837675434177,-0.002406889437999062,-0.012458451730707918,-0.19479749431705887
86.,14.894467892484812,-0.004603857748256981,-0.00874066197134153,-0.15293728710906923
86.1,15.44000608804303,-0.005224363590744974,-0.00497758464638337,-0.10004625180162148
86.2,15.973954426843324,-0.005164293043259108,-0.0017980040023885288,-0.057658164247921785
86.3,16.479177528851757,-0.004865683471399302,0.000756729720625467,-0.02517544035648172
86.4,16.93739608299121,-0.004513682258063607,0.0027924558728963486,0.002433416442799686
86.5,17.330047095792352,-0.004173485182717256,0.004446739822957183,0.030376461243458552
86.6,17.63936916985938,-0.003838910311235539,0.005862854440118781,0.06376815561421315
86.7,17.849572150746695,-0.003421080671358295,0.007171736353994651,0.10704821541416185
86.8,17.947971951064545,-0.0026801331634822632,0.008422220232825793,0.1584572949111889
86.9,17.92600059780451,-0.0011436256996929914,0.009330342856303351,0.19058161736153892
87.,17.780029946447705,0.0016182797178552848,0.008808665340803823,0.13011369593766955
87.1,17.51197055392176,0.004846356748506414,0.005464176992787815,-0.04800123277980117
87.2,17.129622971806192,0.006698931720777443,0.00014604500930253856,-0.19043569200552501
87.3,16.646766154243657,0.0068945673379404195,-0.004633565497618576,-0.20653677729689074
87.4,16.082965448147704,0.006444556863956622,-0.007900221078407503,-0.16351621920387377
87.5,15.46306910336286,0.005965085379099181,-0.009899889163925491,-0.1183622818143317
87.6,14.816337299669698,0.005554444609840644,-0.010895906738603774,-0.08567205420645942
87.7,14.175117882185194,0.005097247862045295,-0.010876466844108404,-0.06452447621049455
87.8,13.572970576238111,0.004415508424899015,-0.009646760478223116,-0.0517472716059102
87.9,13.042192583917155,0.003338410839437715,-0.007009224586463365,-0.04510641548370168
88.,12.610872533903084,0.001766427118609379,-0.002978243967972633,-0.04363126841259903
88.1,12.299911729188008,-0.00027110905678927723,0.0020418531030833315,-0.047431206832399694
88.2,12.12077596112471,-0.0026115655964142706,0.007237997684323149,-0.05755959392823267
88.3,12.074794813379176,-0.005038367844817207,0.011584074742624786,-0.07606694712017065
88.4,12.15438371555871,-0.007398641923268679,0.014121912714757757,-0.1060507819103042
88.5,12.345783349511857,-0.009644252603700979,0.014089931890225362,-0.15016376101912457
88.6,12.632304826391568,-0.01164500218273065,0.010812133803313407,-0.20170397528449438
88.7,12.997029173367132,-0.012603000844883088,0.003792749802399837,-0.21797865562129787
88.8,13.424353476829692,-0.010613146992615998,-0.005669102126465494,-0.11311891397299816
88.9,13.900330082674506,-0.005067869423161433,-0.012567907615041358,0.08671613682646936
89.,14.412123250422797,0.000635658328144453,-0.013338370227082777,0.19380251139978757
89.1,14.947045691100028,0.003842539074163008,-0.01030330936621679,0.17771746416928386
89.2,15.491601715751404,0.004997750676217002,-0.0064979200047078885,0.12395630477892175
89.3,16.03084004470618,0.00516138070180519,-0.003103331884393161,0.07558521921045695
89.4,16.54817076643708,0.004947886536117496,-0.0003288283216938416,0.03862085893879441
89.5,17.025667385727328,0.004627014305038762,0.0018917832564090708,0.008851201467321138
89.6,17.444778624093992,0.004303791475910545,0.0036864101047296384,-0.019191461474612623
89.7,17.78732258751956,0.00400019407861841,0.0051971095826382485,-0.05092917889176158
89.8,18.036622600836576,0.0036657150862256273,0.006566338713096179,-0.09168375954486666
89.9,18.178656965947177,0.003127350379713815,0.007898869075911606,-0.1437241956706308
90.,18.203120790861682,0.001984387221567847,0.009094473869949313,-0.19194714828600531
90.1,18.104326603372172,-0.0003407757008852796,0.009384652160071321,-0.17396871798086005
90.2,17.88189559710067,-0.003682793634393334,0.007166138216501305,-0.019020619322522424
90.3,17.54121014335487,-0.0062286392048520895,0.0022058380426572205,0.16507496541136402
90.4,17.093609285446384,-0.006890171354683739,-0.003017425604400799,0.21964443637248257
90.5,16.5563111497458,-0.006532156433368317,-0.006795742777158648,0.18354932009342156
90.6,15.952038049408074,-0.006017524344532666,-0.009168202708631425,0.13349139725823725
90.7,15.308300590693205,-0.005585949760766242,-0.010493854729119848,0.09529181907912289
90.8,14.656269451059256,-0.005171721749380206,-0.010871887442333384,0.0702050646884997
90.9,14.029142048611055,-0.004613722745542978,-0.010166670256031353,0.054747504957044744
91.,13.459930751096865,-0.0037367828622098006,-0.008164112928007502,0.04606546226606778
91.1,12.978714307307053,-0.0024089607423764007,-0.004768503747585041,0.0426539428617104
91.2,12.609645377635038,-0.0006015265983015572,-0.00019910623409726132,0.04416908396085316
91.3,12.368338775682355,0.0015798845765732802,0.00491475876357951,0.05121156825855551
91.4,12.260459643936485,0.003936298630168188,0.009636844146904067,0.0652701482385672
91.5,12.2821131950641,0.006280100883749791,0.012983068039842501,0.08880584382557684
91.6,12.421977995394164,0.008519243572364702,0.01413589402272961,0.12479990987815572
91.7,12.664403442537148,0.010595771999093695,0.012437297825464546,0.17268196172779068
91.8,12.992396284225153,0.012122986816237854,0.007296630328286251,0.21225554050622394
91.9,13.389678888869675,0.011749076020955165,-0.0011273175170618045,0.17749469966936277
92.,13.841534880178509,0.007822189315938418,-0.009708076084110864,0.0151554532430653
92.1,14.334620786129454,0.0018254337286487106,-0.013397865682331785,-0.15028261248898925
92.2,14.856159595716719,-0.0026318154310851537,-0.011832502991902609,-0.18830638214838227
92.3,15.392964500802455,-0.004661533859416632,-0.008229915738005293,-0.1480289806277057
92.4,15.930650803074858,-0.005228911014082137,-0.004616976094787972,-0.09657995864644876
92.5,16.45325366934859,-0.005169753486566633,-0.001563121914943924,-0.05452087846065802
92.6,16.94332800608708,-0.004897009195287125,0.0009033890816101605,-0.021358855859426828
92.7,17.3824937601188,-0.004583219773144801,0.0028917040737940682,0.007948109829089337
92.8,17.752319001042505,-0.004285557570026038,0.004542780018507951,0.03889929503727433
92.9,18.03540387792691,-0.00398452163118436,0.00600610728382998,0.0770078284870151
93.,18.21653111381562,-0.0035557393007584538,0.0074160250227116795,0.12616109958821542
93.1,18.283769802209015,-0.0026736871088418766,0.008781648485087326,0.17889843954578596
93.2,18.22944718132518,-0.0007548908799432633,0.0096115839678658,0.1894152042616388
93.3,18.050929939625505,0.002452087359384003,0.008446348005754448,0.07517685644571052
93.4,17.75117828980543,0.005552223433659707,0.004228850074185964,-0.12052487326697567
93.5,17.33905063579318,0.006846291389391622,-0.001188397339413101,-0.21600763099059195
93.6,16.829342966231234,0.006735639770567494,-0.005501835551187014,-0.19707069494733034
93.7,16.242543722114895,0.006247687860643061,-0.008329921266315751,-0.14698499641135093
93.8,15.604270333227001,0.005805579332941888,-0.010037952805889858,-0.10488136286482788
93.9,14.944328565557587,0.005419042475540081,-0.01082495423945794,-0.07631321341890362
94.,14.295308588177855,0.004950869026466468,-0.010623392780105163,-0.058300554762171206
94.1,13.69062717570458,0.004224031079803307,-0.009222067263020153,-0.04764641786034776
94.2,13.161991485084496,0.0030792083303674478,-0.0064433656923087515,-0.04241935971305914
94.3,12.73645111591142,0.0014363950395192377,-0.002346814732237435,-0.04188320964231546
94.4,12.433520378095519,-0.0006530317093112152,0.0026164429524800875,-0.04624303875665753
94.5,12.263145111668582,-0.0030113786357244166,0.007614888358401714,-0.05648442118605034
94.6,12.22527671549371,-0.005418343098298888,0.01164769727175343,-0.07436172217425417
94.7,12.311321683397466,-0.0077185468570046475,0.013814601004872449,-0.10228317493250387
94.8,12.506969189449011,-0.009841169340293233,0.013430246197947292,-0.14164759140142602
94.9,12.795370545034944,-0.011606335622955662,0.0099438150542334,-0.1849478773374532
95.,13.159679027255983,-0.01222977299093656,0.003095874752623133,-0.1955636631664962
95.1,13.584423900139125,-0.010095787158883845,-0.005711813240124459,-0.10688804805958989
95.2,14.055722300458546,-0.004807988096838194,-0.012108962917779369,0.062334532383284326
95.3,14.560674700872022,0.0007165563361532952,-0.012962118949417654,0.16579632218897117
95.4,15.086401683747336,0.004003656359369521,-0.010120851590185968,0.16289482877956366
95.5,15.61913131666855,0.00528023721680125,-0.006389250925787752,0.11811852671043124
95.6,16.143619245022617,0.00551772493610713,-0.002999374348832889,0.07278409472031475
95.7,16.643036983072125,0.005341384526696693,-0.0002075147917257124,0.03565475821519569
95.8,17.099335262181093,0.005041797221537738,0.002043730119160818,0.004019450711367931
95.9,17.493999044329566,0.004732995331700012,0.003891115365932377,-0.027199886993271236
96.,17.809064255080028,0.004429307092708454,0.005491961960028767,-0.06336494771696347
96.1,18.028256901057464,0.004043292921594194,0.0070002182716304715,-0.10874148520345488
96.2,18.13813031311472,0.0033096356278310163,0.008488931232508965,-0.15976847588548138
96.3,18.12910281169149,0.001694184237554033,0.009661014630712481,-0.18425245525751127
96.4,17.99632643844882,-0.0012651228193652495,0.009324862578188167,-0.10862617954630241
96.5,17.740341902601617,-0.004689386728008853,0.00603334198990675,0.07071666196751236
96.6,17.367492884931753,-0.006664146004759825,0.0007564918271710736,0.19537773931284208
96.7,16.890082992673246,-0.006963709080436941,-0.004006222976441277,0.20063381866606123
96.8,16.326259645854535,-0.00659590236082591,-0.007337219973965824,0.15671706792735277
96.9,15.699599254837857,-0.006173854631397804,-0.009478268940935407,0.11343477004259801
97.,15.03834618663555,-0.005814195617085382,-0.010694459078259055,0.08239126551912317
97.1,14.374227881826998,-0.005418605147268644,-0.010989881664812884,0.06218798790047
97.2,13.740746519047276,-0.004814299451314833,-0.010173464997025233,0.0497257812051232
97.3,13.170872925208313,-0.0038187491283819914,-0.00801026268658375,0.04282576768149814
97.4,12.694200895102771,-0.0023032543356871185,-0.004420987848562513,0.04045129179226046
97.5,12.333898814368125,-0.00026240521428142995,0.0003198173208012045,0.04249344249687514
97.6,12.104145797546698,0.0021552567162773976,0.0055057130527570095,0.049549010321403936
97.7,12.008910814717332,0.0047021431203728556,0.010138036999301861,0.06279477512271693
97.8,12.04264057909523,0.007150053424859925,0.013218421282464865,0.08391239058580578
97.9,12.192685380680475,0.009369419084291048,0.013976719402645107,0.11444112098019671
98.,12.44256466572692,0.011250236853600515,0.011883450761752503,0.15227885865047625
98.1,12.774951633452154,0.01237982710234065,0.006617142253829961,0.18064373976577494
98.2,13.173600317648214,0.011624850067439059,-0.0013547070222571127,0.15399355758827152
98.3,13.624010675580921,0.007773236149318621,-0.009287760978210182,0.03569732579385772
98.4,14.113079174347428,0.0019854562386627,-0.013041613739312586,-0.10109868374234086
98.5,14.628187840022834,-0.0026935360110727615,-0.011881758930634334,-0.15347975060386335
98.6,15.156188248615694,-0.005089359729942888,-0.008411174272981606,-0.13324120678935034
98.7,15.6826282528898,-0.005888303059338889,-0.0047130510162075095,-0.09141696841124361
98.8,16.191420171733082,-0.005924803265305671,-0.0015212874947537667,-0.05161962125454669
98.9,16.665006117450634,-0.005675051013586488,0.0010753645449454556,-0.01719114910023808
99.,17.084966381991666,-0.0053519870393409705,0.003187582219766929,0.0152122833078393
99.1,17.43295163300017,-0.0050201573691804925,0.004978800745587928,0.05036867261935434
99.2,17.69179658416615,-0.004627600927490233,0.006619548093597696,0.09231817167600757
99.3,17.846680382740256,-0.003956085673979253,0.00822280899923863,0.13921306782024545
99.4,17.88622325247612,-0.0025327383856118403,0.009617635053497688,0.16803309512196773
99.5,17.803438351293938,0.00017356936995379887,0.009871742945534837,0.12024025951928252
99.6,17.596485000439102,0.003704435468114919,0.007487156073939563,-0.02903539508022192
99.7,17.269190748764803,0.0062694073967945385,0.00265853507791904,-0.16392011770743212
99.8,16.831323526193678,0.007091241033361451,-0.0023451604332435784,-0.19333585220780564
99.9,16.298600213541327,0.006952984531879983,-0.006142256258801879,-0.16092987634212758
100.,15.692412579898491,0.006601084314340438,-0.00872816081301861,-0.11981274680196381
100.1,15.03923372845266,0.006279586751861217,-0.010374447311585227,-0.08780615586602021
100.2,14.369638302033229,0.005949471930902951,-0.011150312962404724,-0.06605702702421455
100.3,13.716837026071419,0.005454823172369102,-0.010902113047910283,-0.05209367730091713
100.4,13.114619890966036,0.004598994462835015,-0.00936642655947434,-0.043728518516663845
100.5,12.594679145909359,0.003209518052708519,-0.006351196098292607,-0.03973903810029636
100.6,12.18350730179521,0.0012198164437405004,-0.0019564774383268218,-0.039784946841878645
100.7,11.89942849409122,-0.001265769881943168,0.0032683439616038538,-0.04418698162822816
100.8,11.750636833872415,-0.003988225522186046,0.00837137693052024,-0.05371900080343383
100.9,11.735048759237461,-0.0066478288848232535,0.012271284252267032,-0.06947309902769286
101.,11.842157669434753,-0.009030612668695747,0.014074244557380716,-0.0925861470566275
101.1,12.056220079021083,-0.011017081840342363,0.01320830675511526,-0.12277762197942066
101.2,12.359602243694543,-0.012390706232916479,0.00937549184495752,-0.15313454997566578
101.3,12.735269438766908,-0.012481197831713654,0.002698671075588395,-0.1595851370822326
101.4,13.167967852734597,-0.010132343374047397,-0.005393202432231413,-0.1027844696732701
101.5,13.644207334864955,-0.0050971739553524,-0.011494427207177832,0.01437580239455378
101.6,14.151468148100813,0.0004885088727349558,-0.012865152090948323,0.1092472317745158
101.7,14.677125097668897,0.004292334011747096,-0.010447919084207852,0.13054507034895924
101.8,15.207500898772942,0.00603869618803051,-0.006715818184670817,0.10516217915479148
101.9,15.727314020687846,0.006518374349786663,-0.0031286728375459435,0.06762985229784566
102.,16.219631540327505,0.006419283095873014,-0.00011560570993088077,0.03143740977815481
102.1,16.666309140461316,0.006111587581428544,0.0023371158235443073,-0.002514763564231644
102.2,17.048815652554342,0.005744068092914879,0.004381274286339265,-0.03746980902424956
102.3,17.34930072791918,0.005311781310080466,0.0061993347537128065,-0.0767725311100497
102.4,17.551762155961733,0.004639533048132617,0.007931134254595157,-0.11914456077568791
102.5,17.643189776457927,0.003314947822949102,0.00948676973828475,-0.14738346971656807
102.6,17.614592507518097,0.0008154642953772124,0.010143119576802858,-0.11687857256030881
102.7,17.46184447854815,-0.0026734292811528165,0.008531043215359059,0.0014007836500852086
102.8,17.186310662315034,-0.005650777372658646,0.004342700909864149,0.13035879680810422
102.9,16.795229605651915,-0.007011620784507013,-0.0006285816333574155,0.17751111723146015
103.,16.301839725444385,-0.007194932593649253,-0.004756007577507604,0.15906923716855093
103.1,15.725234665076421,-0.006973201782612504,-0.007734617513003873,0.12314335199373086
103.2,15.089920150399216,-0.0067094716161173506,-0.009771156175893119,0.09192071956797897
103.3,14.425018070514987,-0.0064410090306041765,-0.0109784588104469,0.06949342561447813
103.4,13.763027094157124,-0.006045833152016519,-0.011252917402387399,0.05448132645187542
103.5,13.138022487685662,-0.0053294078658539905,-0.010336478821980096,0.04494715238852051
103.6,12.583208164311458,-0.004089070989963423,-0.00796421281469168,0.03961130039663935
103.7,12.127893247323993,-0.0021994756631949055,-0.004080241235251377,0.03797604960680322
103.8,11.794295435188621,0.00029609085920717355,0.0009519585547295366,0.04016904714787601
103.9,11.594969233936324,0.0031570738854883465,0.006296311354500465,0.04670827952531827
104.,11.531804826169248,0.006033615040503119,0.01084920858051724,0.05829613971925449
104.1,11.59712942212222,0.008620968911620687,0.013596186911505452,0.07564510074146828
104.2,11.776569268094255,0.01074310446889181,0.013865514176954476,0.09889357606897291
104.3,12.05258104758452,0.01226216317943656,0.011349639674447225,0.12532547814927067
104.4,12.407451992905246,0.01282049353639983,0.006078392409374581,0.1436780279123201
104.5,12.825049455575854,0.011621505566973665,-0.0012280914097114338,0.12864604977728925
104.6,13.291234339147946,0.007906715451758665,-0.008395302575967946,0.05796856266246645
104.7,13.793287299559154,0.0024146804445926984,-0.012332391107554136,-0.03996945021628137
104.8,14.318853604067096,-0.0025720224838446165,-0.011913442734031188,-0.10064865746554008
104.9,14.854873175772878,-0.005599835709463843,-0.008811043633050988,-0.10549504921809835
105.,15.386827414686373,-0.006869312830962868,-0.005047996726568419,-0.07963960221648415
105.1,15.898473855977665,-0.007125721806324833,-0.0016228047756077753,-0.04541810096001221
105.2,16.37209577451349,-0.006926839370856917,0.0012303350904129707,-0.010768002543721289
105.3,16.789189846066673,-0.006552745655470632,0.0035940358708995,0.02430462494421561
105.4,17.131458527141458,-0.006072308680481142,0.00564460179771034,0.06171433361925395
105.5,17.38195924348643,-0.005361365321951992,0.007537361285040073,0.10005103013949712
105.6,17.526276386698605,-0.0040683999927384725,0.009235111934998225,0.12579659527474168
105.7,17.553610002205332,-0.0017175262495407063,0.010173477731419217,0.10528344331545776
105.8,17.457705767488907,0.0016546525134547557,0.009175128352276261,0.01294254571547731
105.9,17.237577870064996,0.004857666808448293,0.005688164546363403,-0.10129627368050458
106.,16.897996720761288,0.006684903367921861,0.0009968956533407218,-0.15743614793471233
106.1,16.449725795014153,0.007234460600404539,-0.0032639466230791445,-0.15207524864150526
106.2,15.909495054212261,0.007197039168274235,-0.006525344436257534,-0.12318128771970568
106.3,15.299690324909687,0.007015109823571282,-0.00887368315475845,-0.09430974527010975
106.4,14.647716397319252,0.006806053720550382,-0.010432024741728328,-0.07213708127931635
106.5,13.9849571068875,0.0064967269574130555,-0.011147712134459404,-0.05661473138836432
106.6,13.345219868368925,0.005913896345990722,-0.010797395576294897,-0.04627379720161732
106.7,12.762550243347826,0.0048462433881877025,-0.009091362666733119,-0.03990575707292829
106.8,12.268400077696839,0.003124437345771223,-0.005859738327990154,-0.03692249934917523
106.9,11.888397967434221,0.0007235799514329714,-0.0012779564944018788,-0.037309163040623615
107.,11.639373971107553,-0.002168610150026727,0.003998669323121589,-0.04142004927316387
107.1,11.527592729046352,-0.005194744344705601,0.008938018615977022,-0.04973513800846788
107.2,11.54898216691389,-0.007979057999758546,0.012460271453218348,-0.0626788805119144
107.3,11.691396559283776,-0.010266867265019535,0.013772633200668186,-0.08037850333774633
107.4,11.938057560857452,-0.01192173213380564,0.01249516732939604,-0.10173701772505242
107.5,12.270915203296914,-0.01275735043500353,0.008611235639748542,-0.12173225813271293
107.6,12.67296193687531,-0.012313118407740074,0.0025268960441291724,-0.12699863264455996
107.7,13.129169088777298,-0.009893801357023618,-0.004504383555798491,-0.09708542371074051
107.8,13.626257715400795,-0.005348492687367796,-0.010105565149685143,-0.027112174900982836
107.9,14.151779221480247,6.777710432293516e-6,-0.012092075601999656,0.047559712267124854
108.,14.693005565081297,0.004260709856432788,-0.010506702965740237,0.08484911971944094
108.1,15.236020565474844,0.006648739480139757,-0.007112918415138716,0.08124508416733225
108.2,15.765246998176863,0.007567388325626458,-0.0034552034000001515,0.055963914310628825
108.3,16.263490416450203,0.0076623704338697005,-0.00020548185893587626,0.023514788480385088
108.4,16.71245961696732,0.007371255868304361,0.0025308381072941906,-0.011000560815750036
108.5,17.093648634175075,0.006873563495771005,0.0048750688208772435,-0.04688213474696957
108.6,17.38943511050418,0.006116887614090255,0.006978275972959041,-0.08188564550657208
108.7,17.58425385287424,0.0048172728361033515,0.008835539418952992,-0.10478255156492505
108.8,17.6657277932954,0.002563476771074504,0.010000690523114548,-0.09000062735970783
108.9,17.62566877550589,-0.0006739578315391623,0.009488189493783446,-0.0175060150409565
109.,17.460889311788108,-0.003964510894118899,0.006673026467404734,0.07954043438751916
109.1,17.173789492275493,-0.00614582917667952,0.0024203063162715225,0.13725834853220675
109.2,16.772698806624874,-0.007056110231445358,-0.001783854096602876,0.1419114353751031
109.3,16.271959630609253,-0.007239755866035636,-0.005197598651865427,0.12039770931158716
109.4,15.691735871075743,-0.007165738842964245,-0.007766550145964853,0.09490952315806796
109.5,15.057514443749117,-0.007019943203092819,-0.009590219293346509,0.0737949823771698
109.6,14.399237892059888,-0.00678470213192538,-0.010654962424775356,0.05828814463090432
109.7,13.749969660523318,-0.006322750345332883,-0.01078629007922877,0.047509654039296405
109.8,13.143973437507961,-0.0054351091586696525,-0.009708672522355705,0.04042759886593253
109.9,12.614137822602492,-0.003930351884715499,-0.0071890267913301015,0.03642736533500873
110.,12.188869391115993,-0.0017232345932593986,-0.0032444276283473627,0.03538708557307482
110.1,11.888933683977655,0.0010730613121914827,0.0016783795628966855,0.037543655661003435
110.2,11.725098783507647,0.0041399104070941,0.006702505913419156,0.04325888070662335
110.3,11.697492204457694,0.0070709216569635365,0.010767242096689372,0.05281075876315649
110.4,11.797058282900768,0.009536272493657433,0.012982167253074961,0.06625206854235163
110.5,12.008608961752213,0.011353882265018251,0.012850812407875676,0.08306776006053984
110.6,12.314313262224967,0.01240366942472188,0.010278082380752456,0.10100317589043079
110.7,12.696492562345071,0.012445821630149161,0.005518296874860124,0.11356655966961489
110.8,13.139126985806028,0.011014034309791271,-0.0006876537946557724,0.10798124948385313
110.9,13.628084720377144,0.007687585796704997,-0.0067991757273076995,0.07132862271003328
111.,14.150462951716237,0.0028458116012679596,-0.010716118097706447,0.009960951684863821
111.1,14.693540444383341,-0.002057432689567837,-0.011208871982098988,-0.04448016998670086
111.2,15.243779372346157,-0.005616426775517983,-0.008937890201576749,-0.06657773537608395
111.3,15.78617334079064,-0.00750361915499941,-0.005472551320001152,-0.05821190789724587
111.4,16.30408272462308,-0.008161004839778592,-0.0019585658339403814,-0.03320183805396507
111.5,16.779564418105334,-0.008117719520805939,0.0011588290089325094,-0.001485306273944959
111.6,17.194110043347788,-0.007685551667916848,0.003852584568000986,0.0324322462156101
111.7,17.529659080382075,-0.006912108903355423,0.006228655441799357,0.06457148828913396
111.8,17.769744092608423,-0.005595323946327325,0.008292070369705655,0.0848800218790212
111.9,17.900640989077637,-0.0033987504228480216,0.009681788587891241,0.07356491756486606
112.,17.912424689745915,-0.00027667479402890526,0.009576355698203086,0.015807139081810435
112.1,17.799859716600867,0.0030313138067797818,0.007364214906028172,-0.06508447246199404
112.2,17.56308040910512,0.005467697428908134,0.003611011656173507,-0.11970751873112176
112.3,17.208034003653218,0.006705486642344583,-0.00040441088505395863,-0.13072560232137764
112.4,16.74667040590203,0.007128930363615505,-0.0038606253594334903,-0.11575346236540314
112.5,16.196863726121315,0.007189187842360125,-0.006574415528681037,-0.09401495646350229
112.6,15.58204050319645,0.00712024451648027,-0.008598721975249999,-0.0744902790294225
112.7,14.930466330546036,0.006957560725593188,-0.009940642324039831,-0.0594209586050897
112.8,14.274108934480475,0.006606097924201397,-0.010472636078991687,-0.04852203988671969
112.9,13.646967079951224,0.005892170920072326,-0.009952435571982563,-0.04100034232491824
113.,13.082770760340079,0.004620707962764839,-0.00812286953640348,-0.03627005314261362
113.1,12.612084218349766,0.0026617157897063782,-0.004885041250352378,-0.034137292884267624
113.2,12.259129962875926,0.000050790424125281445,-0.0004894468556424924,-0.03474842201457953
113.3,12.039034210794465,-0.002962220601679398,0.0043829129448508765,-0.03839996560038944
113.4,11.95641094963246,-0.005981307803754331,0.00876237439103805,-0.04531814243501344
113.5,12.005930497396253,-0.008622134406335254,0.01170863325843047,-0.05552050303431881
113.6,12.174748695620677,-0.010636070000105125,0.012598440542949682,-0.06869585528049693
113.7,12.445879569386273,-0.011900269425823614,0.011219615699039096,-0.08375666284789003
113.8,12.801328910876041,-0.012289226926474356,0.007714396884673538,-0.09762054617624318
113.9,13.224155924956067,-0.011537356635933265,0.00256232032492627,-0.10340996906689061
114.,13.699233058196246,-0.009268640583652085,-0.0032667458209801217,-0.09072293773625867
114.1,14.212951116897313,-0.005380927600827773,-0.00820538044577719,-0.053536781632970924
114.2,14.752331246775428,-0.000579756576298262,-0.010641356975089654,-0.003121822879107329
114.3,15.304008151789251,0.0037962178130223415,-0.01007105302304726,0.03566036888734549
114.4,15.853437946061828,0.006776085142431981,-0.0073956551325577635,0.047642979656993684
114.5,16.38453448053368,0.008277245345586142,-0.003923959829691558,0.036082141394623374
114.6,16.879795785521583,0.00871434350491302,-0.0005020590630216169,0.011115442317061151
114.7,17.320873075333303,0.008489168451086904,0.002573718491470134,-0.019189527285397273
114.8,17.68946889941231,0.007767298457905756,0.005291248476809012,-0.04830185129931602
114.9,17.968426112634805,0.006447876699092117,0.00762962690429706,-0.06628094319611917
115.,18.142874679168454,0.004279520381482948,0.009280480107057011,-0.057218464030301404
115.1,18.201325680219913,0.0012315828204331651,0.00954919088399836,-0.010400452588216659
115.2,18.13663003765699,-0.0020829582425825836,0.007869080395235723,0.05668538278926211
115.3,17.946746059646518,-0.004715851804872849,0.00460802921283822,0.10596730173705532
115.4,17.635281120722713,-0.006246772842190725,0.0008447715459828322,0.12020061644981614
115.5,17.211786776776027,-0.006917707003176898,-0.002584258603518686,0.11032603593434238
115.6,16.691792041658864,-0.007136668031293118,-0.0053945090725817015,0.09213820049744786
115.7,16.09655463433408,-0.007165511893494838,-0.007583133190514292,0.07442286862275108
115.8,15.452492781805487,-0.007085289371291131,-0.009161276224507776,0.06006080395280709
115.9,14.790230988538436,-0.006842772377114568,-0.010037960481297289,0.049274372895947216
116.,14.143161065630169,-0.006294173902779442,-0.010006943034192644,0.0415216452386651
116.1,13.54541277401425,-0.005251115113932809,-0.008807831585990881,0.0362820007003574
116.2,13.02920128546416,-0.0035526224353637616,-0.006261227226139576,0.03332243743369427
116.3,12.621733485076666,-0.0011639447052818276,-0.0024514337903273264,0.03272183397622769
116.4,12.342207159889195,0.0017451371763841004,0.0021389584285060824,0.034738766222673835
116.5,12.199752283826355,0.004816704615151898,0.0066708504073177185,0.03959943653592404
116.6,12.193122436079687,0.007634690717958899,0.010198195527325562,0.0473328674227271
116.7,12.312369109465083,0.009879239260961637,0.011981724840519816,0.05770838635258085
116.8,12.54189792014433,0.011383906575234852,0.011669170710611807,0.07011127363772991
116.9,12.86378551973625,0.012063031391249417,0.009287639573829012,0.08303053964194033
117.,13.260341122565292,0.01178178058498937,0.005169275918835813,0.09298541447300766
117.1,13.715426663734462,0.010289439032122146,-0.000033587453996194915,0.09358784011775972
117.2,14.214598020907726,0.007354468478969786,-0.005237252802521426,0.07737138630574261
117.3,14.744453614764437,0.003148087097137886,-0.009014528094166427,0.04318847206621716
117.4,15.291660889877205,-0.00147607216285481,-0.010244573552868157,0.003292284780854093
117.5,15.842062517236952,-0.005376542169423084,-0.00889729797530235,-0.023712112685753028
117.6,16.380128597639413,-0.007896472425488845,-0.005924217709219353,-0.028620218598142438
117.7,16.88887535939634,-0.009074781289617296,-0.0023995087258112053,-0.014947133464645965
117.8,17.350247826855462,-0.00925749614502864,0.0010388130377039391,0.008804908370703893
117.9,17.745880059041134,-0.008701909552578537,0.004161391545171082,0.03375411316868145
118.,18.0581046834398,-0.007421870598963247,0.006860238665025872,0.04920688665110127
118.1,18.271076299150003,-0.00526488614812542,0.008838187754813896,0.041539372197778764
118.2,18.371888662233463,-0.0022407445264939524,0.009486613623195885,0.0028826861620993576
118.3,18.351591321827577,0.001108822989160329,0.008286174072493102,-0.05291263356278482
118.4,18.206038638501408,0.00392146384204925,0.005479751517664884,-0.09617397796774785
118.5,17.936527655460086,0.0057253046636924565,0.001982540425416798,-0.1113432377767672
118.6,17.550198494381686,0.006648254758998968,-0.0013859335698846263,-0.10501858542473433
118.7,17.06018029015173,0.007046901187381681,-0.0042674357867483505,-0.08983163273642712
118.8,16.485465528127435,0.007196207819409442,-0.006604083592109678,-0.0738803099071847
118.9,15.85048392435449,0.007214472351710935,-0.008399908981473636,-0.06034094791837628
119.,15.184322530625218,0.007087061493036166,-0.009589455857760889,-0.049810500244928065
119.1,14.51950580417978,0.006700354758303888,-0.009998413117232768,-0.04197160722632591
119.2,13.890226556291037,0.005877202418539298,-0.009371909567637015,-0.03638215697810896
119.3,13.329949371496596,0.004434586547381219,-0.007473558110858287,-0.03279279035658354
119.4,12.868456680285833,0.0022755582934675072,-0.004249940645898837,-0.031233482758134312
119.5,12.528710952855164,-0.0005126492779074117,2.489339838140847e-6,-0.03194115090079405
119.6,12.324272133445323,-0.0036267020777660795,0.004592240685320016,-0.035170375395318414
119.7,12.258160699113077,-0.006636712890893194,0.008598905317488583,-0.04099830025944777
119.8,12.323706794329432,-0.009152041997803954,0.011182150295170754,-0.04924521014864947
119.9,12.50713885895131,-0.010937251676321353,0.011836790839600667,-0.05947693330470437
120.,12.790943468804537,-0.011897830619500734,0.010460027777090349,-0.07086268209500332
120.1,13.156860433419629,-0.011970940261353704,0.007277360001231352,-0.08165323537896545
120.2,13.587772692454573,-0.011021343031509435,0.0027740806356982106,-0.08836101307977626
120.3,14.06833544420216,-0.008847079024218742,-0.0022754371048045612,-0.08557911867527762
120.4,14.584622409171995,-0.005374995682121613,-0.006765476339763946,-0.06852161040277335
120.5,15.123246445862097,-0.0009790791326291504,-0.00948235452421925,-0.03893595579726452
120.6,15.670397105460063,0.0034467074343938055,-0.009717117841347845,-0.008202686106498769
120.7,16.211122909811472,0.006951758947661652,-0.007729785880396853,0.009979064866350954
120.8,16.72904051475615,0.009084125221104813,-0.0044456215106770496,0.010128460328550649
120.9,17.206518139382712,0.009920658602906623,-0.0007600828435141722,-0.0036303498331376484
121.,17.625279327696063,0.009704101727644748,0.0028007632616218123,-0.022233046485879218
121.1,17.967313518281127,0.008545959048605271,0.005953264292075423,-0.03417515256501126
121.2,18.215958719334644,0.006405066276329184,0.00834921670433333,-0.026901116874859608
121.3,18.357028294588236,0.0033582467898801258,0.00941802357166307,0.0057862591471360535
121.4,18.37987601682323,-0.00007394935758135494,0.008675011010726126,0.05257167095069659
121.5,18.278320771618816,-0.0030798654244728317,0.006286227735235002,0.08996599214140985
121.6,18.051377840331952,-0.005153598846104442,0.0030468805473718393,0.1045968115870447
121.7,17.703763937135328,-0.006334627971818547,-0.0002482422677044133,0.10044978010409872
121.8,17.246156223023,-0.006930053695187239,-0.003187317845068074,0.0875669324977053
121.9,16.695189781371415,-0.0072194672394606035,-0.0056624901336197455,0.07315515151185242
122.,16.073171422090244,-0.007351750805162039,-0.007664832230409733,0.06042695096282394
122.1,15.40746803818603,-0.007347697930796348,-0.009146439621415156,0.05021689361857526
122.2,14.729495813063586,-0.00712352561251386,-0.009960926306336349,0.04238415208410953
122.3,14.073203204824559,-0.006516347101102029,-0.009864029828064077,0.03655969197660327
122.4,13.472938164187134,-0.005327754214558313,-0.00857912696881965,0.032487127836546524
122.5,12.960678886068186,-0.0034052144719207613,-0.005937539353913982,0.030156498826287546
122.6,12.562850793215455,-0.0007518176106116013,-0.002061403342964923,0.029789373326961955
122.7,12.297330006296963,0.002397830106553304,0.0025177442950629642,0.03168386088040414
122.8,12.171536766770688,0.005617064095773137,0.006932910320930609,0.035995409961543566
122.9,12.182410771894514,0.00844686387263911,0.010259067078065285,0.042604886652405576
123.,12.318396342581925,0.010563074571732776,0.011828123991633216,0.05114433657890726
123.1,12.562706100083403,0.011826421026076957,0.011386164404358377,0.06104412023090165
123.2,12.896677710270758,0.012203434464480212,0.009056654802375776,0.07136386059814756
123.3,13.302238401508886,0.011646305979493924,0.005230176505205562,0.08030091568843654
123.4,13.763071852956115,0.010031114451017054,0.000512084721352827,0.08464383728441872
123.5,14.264622073353994,0.00722557352304153,-0.004249808882120728,0.08011901774242591
123.6,14.793357917203572,0.0033057311095590534,-0.007992661830254188,0.06402098218848545
123.7,15.335774225877113,-0.001214346384131323,-0.009733723725682902,0.03950744919478296
123.8,15.877518390959722,-0.005451760731693455,-0.009085305833528108,0.01634053339923586
123.9,16.402888907648936,-0.00860591744662723,-0.006482114594479553,0.0043509020604906405
124.,16.89480764478035,-0.010337064203369392,-0.002806297507803243,0.006042048640780123
124.1,17.33524940872591,-0.01069314753163227,0.0011461338621752263,0.015628142260659762
124.2,17.706034528443556,-0.009801219507489195,0.0048280715605599255,0.02219112094852065
124.3,17.989853628507014,-0.00772273017558944,0.007750125987465263,0.01380712635305117
124.4,18.171390287224153,-0.00462768511687299,0.009313893666625668,-0.014937172019263947
124.5,18.238424587004662,-0.0010647943185480618,0.009042931273207351,-0.05475364645350351
124.6,18.182827003814687,0.0021633380901261404,0.007055265710043558,-0.0868353404400338
124.7,18.001379278901315,0.004516745224528222,0.00406664908528955,-0.10005402765377557
124.8,17.69638203347832,0.005964353813153207,0.0008538075219191866,-0.09697947254712824
124.9,17.276025462331848,0.006769611203537626,-0.0021286727023249186,-0.08569195787852411
125.,16.75450784397708,0.007212803425817332,-0.004727919012478549,-0.0724968512463274
125.1,16.15188483493305,0.007468794704250271,-0.006919195244991882,-0.06047709032292035
125.2,15.493617928050037,0.007591620188067233,-0.008667232044514925,-0.050587972684566294
125.3,14.809761379592365,0.007528070246262054,-0.009852019089627208,-0.04281196375008678
125.4,14.133688006681938,0.007133988193460916,-0.01024648737289843,-0.036837544809663114
125.5,13.500227308314715,0.00620397613916452,-0.00955091202207404,-0.03240045140622207
125.6,12.943125884753263,0.0045384280599720175,-0.0075036893568195115,-0.029448971452236166
125.7,12.491915865870665,0.002055681191630958,-0.0040640474332660145,-0.02818212436043319
125.8,12.168630043757553,-0.0010950538903849241,0.0004119919103691642,-0.02894112612202349
125.9,11.985209245824581,-0.004514729643002792,0.005147827613621313,-0.031981901240374866
126.,11.94257185698583,-0.007686846466999531,0.00916252878860447,-0.037276229562855374
126.1,12.03184927699876,-0.010183877133322283,0.0116223562611076,-0.04449638202389782
126.2,12.237380802856691,-0.011789591606917466,0.012096514594507238,-0.053145668181392505
126.3,12.540326944990262,-0.012464481188812701,0.010589043416523749,-0.0626122431499517
126.4,12.921698539632233,-0.012220939705386772,0.007419828256189025,-0.0719599587201722
126.5,13.36411465308668,-0.011018862958744038,0.003107690654937906,-0.07948649893003296
126.6,13.852236608256293,-0.008754817424117631,-0.00165986118576582,-0.08241191448422992
126.7,14.37224017393261,-0.005375605872561136,-0.006009295416230851,-0.07751160316670601
126.8,14.910824413527214,-0.0010871713972480236,-0.00896432328391902,-0.06347465728153662
126.9,15.454205483585568,0.0035024874711130755,-0.009762113828985926,-0.043802543925518224
127.,15.987408914637168,0.007535196869754535,-0.008256522873587375,-0.02624746301032744
127.1,16.494021059842364,0.010302170758548399,-0.004992016879598766,-0.017166364163999002
127.2,16.95642639043052,0.011491758768772226,-0.0008391739326140045,-0.01597367869323312
127.3,17.356460979207885,0.011086822581049639,0.0033777498489416555,-0.014796370952126454
127.4,17.676359277884867,0.00918651869804878,0.006927207168011125,-0.003135549615364907
127.5,17.899855900004724,0.006062771464273775,0.00908830018007111,0.023892458861148644
127.6,18.013315030791503,0.0023404264386160767,0.009343655592341247,0.05872241817582762
127.7,18.006784688486793,-0.0011390062508306483,0.007772331376860473,0.08627538887340339
127.8,17.87490134575698,-0.0037872101900476725,0.005043592784123621,0.09763124500202082
127.9,17.617596130194492,-0.00551078214179644,0.001930378378608612,0.09478644769544546
128.,17.240573710619266,-0.006534814194413003,-0.0010724737154620143,0.08444159020422225
128.1,16.7555472440686,-0.007138480655199133,-0.003769351235158979,0.07209904838618861
128.2,16.180215579131083,-0.007519201977426761,-0.006117224188576726,0.060624703182887624
128.3,15.537959583476455,-0.0077625062045940385,-0.00808961025821619,0.051006459774458134
128.4,14.857209969473692,-0.00784715589904331,-0.009592616475477917,0.04330193837090759
128.5,14.170399548781857,-0.007653970967239486,-0.010424953099202133,0.037239765123051535
128.6,13.51237089960347,-0.006982867585982133,-0.010284872460780107,0.03254376608883288
128.7,12.918105352125986,-0.0056023723452114675,-0.008847536641000292,0.029112989736825984
128.8,12.419745890797868,-0.0033530244289624866,-0.005930218089685484,0.027103696546159853
128.9,12.043181864245645,-0.0002837859894115614,-0.0017018705008092717,0.02687755520950767
129.,11.804912119260292,0.0032689291674421693,0.0031999930623217293,0.028792818196964172
129.1,11.710230288553236,0.00676150236546716,0.007793562770437096,0.032947266384471104
129.2,11.753569164175266,0.009663600917187124,0.011100792385244357,0.03907965777370404
129.3,11.920999656050851,0.01165396860640967,0.012494428178468053,0.04670410400513386
129.4,12.193918750488281,0.012650404601579488,0.011827051856660921,0.05530023302664343
129.5,12.55257902062829,0.012696422417297614,0.009338457643984676,0.06431846299431417
129.6,12.978475454585908,0.011825774710331818,0.00549567415852377,0.07292320772602101
129.7,13.455295444398786,0.009997662768312387,0.0008984123099232223,0.07960918087314484
129.8,13.968687903446552,0.007135421342213041,-0.0037271679123209254,0.0820572098795677
129.9,14.505350373979011,0.0032659100074407628,-0.0075248571988189355,0.07784427013966491
130.,15.051934983998,-0.0012967057589052164,-0.009628104144633833,0.06634541767371033
130.1,15.594154214907563,-0.005876670792444568,-0.009465302692905218,0.05051519331381818
130.2,16.116310342770923,-0.009621987098767945,-0.007069706115311349,0.035624825552959836
130.3,16.601324705900876,-0.01184328576807873,-0.0030846146179254194,0.02449570302947045
130.4,17.03122874560727,-0.012201333208161127,0.0015292627463121009,0.013811449699075022
130.5,17.38800789631964,-0.010686198527225075,0.00574975974949117,-0.003730916301109157
130.6,17.65466011876173,-0.007627591270738073,0.008617624886057336,-0.031712869269285446
130.7,17.81633326421158,-0.0037592243208652413,0.009489364292226514,-0.06373925013072246
130.8,17.86142656709112,-0.000014667872935236259,0.008385802751848926,-0.08779117302589443
130.9,17.78256990323963,0.0029409477155171305,0.005950028076129402,-0.09716545634502054
131.,17.577422198424774,0.004948822151242328,0.002968089511522471,-0.0939425922786572
131.1,17.249253229976436,0.006197402468864346,-0.00002085154328057327,-0.08397170387254055
131.2,16.807288864342446,0.006962996723190609,-0.002777021849714077,-0.07211115492515037
131.3,16.266806826023426,0.007462278637415294,-0.005235210504349693,-0.060981297605445
131.4,15.648965953928146,0.007809982399007247,-0.007372896409795021,-0.051542753230594554
131.5,14.980333142184445,0.008017410210770194,-0.009120724421996702,-0.04388932121415561
131.6,14.292036392017572,0.007996306190832678,-0.01031058654248179,-0.037775217368875486
131.7,13.618424940391824,0.007566220578363671,-0.010661017872130413,-0.032911218583206656
131.8,12.995084975349448,0.006486185555594026,-0.009821538286470402,-0.029142806710350026
131.9,12.45610586384974,0.004539326363888877,-0.007505779151739007,-0.026559769917186705
132.,12.030709154264114,0.0016726981483357,-0.0037040146123333006,-0.025501615734629026
132.1,11.739777358984137,-0.001876164788007552,0.001130248218966074,-0.026397577676871127
132.2,11.593276461625239,-0.005589223920361853,0.006094621661055397,-0.029486765586039985
132.3,11.589633044068947,-0.008863214762143192,0.010128751763252999,-0.0346250341123604
132.4,11.71748589104975,-0.01125959518788398,0.012416372863962811,-0.04135549607872109
132.5,11.959170203956853,-0.012615472723470413,0.01262531285223636,-0.049156560582490794
132.6,12.294582038855994,-0.012968053492786156,0.010881367391629456,-0.05760453576460572
132.7,12.704175393715138,-0.012403209887476481,0.00759642558567164,-0.06629043497951863
132.8,13.170506972396279,-0.01094839590830457,0.0033186097894786727,-0.0745301232525797
132.9,13.678414515819675,-0.008557225981227724,-0.0013218433912320707,-0.0810383713789644
133.,14.214286042937898,-0.005184730417570168,-0.005599357132778846,-0.083863830157723
133.1,14.764954813885856,-0.0009340393523613528,-0.008702918068445843,-0.0809945795066333
133.2,15.316663553795435,0.003787508668778143,-0.009874696040159617,-0.07170001351549966
133.3,15.854387301543419,0.008233713223172024,-0.008696939408768561,-0.05744397365940891
133.4,16.361646954190384,0.011507441748265271,-0.005358493363891468,-0.04046338385706229
133.5,16.820815521252523,0.012877763531908833,-0.0006758028152514555,-0.020613978388038582
133.6,17.213830469148338,0.012033319814737604,0.00413152178998748,0.005015447143425226
133.7,17.523180517771383,0.009229409322560172,0.00778067353610993,0.03701617395978553
133.8,17.733026542331324,0.005293424796932602,0.009379618866630366,0.06886645940519386
133.9,17.830331462717247,0.0012994813615375999,0.008829070601920985,0.09082643028967836
134.,17.805900699233295,-0.001967495443992994,0.00674440940004666,0.0984388880241824
134.1,17.655263555138532,-0.00426651267439328,0.003939348155881052,0.09445790931143999
134.2,17.379351158417858,-0.005745002912092144,0.0010061110917603186,0.08439133978117536
134.3,16.984945521705995,-0.00667332266092473,-0.0017663003156359316,0.07265788041097264
134.4,16.484885133703223,-0.007283806834418308,-0.004284783402446791,0.06165060162490289
134.5,15.898013183559224,-0.007717310432207368,-0.006524342932814982,0.0522680946667082
134.6,15.248841830343908,-0.008016465429233172,-0.00843574471822643,0.04461045974092934
134.7,14.566876416498589,-0.008127079874842631,-0.009886714598617986,0.03844564574266285
134.8,13.885497997266153,-0.007899872289530846,-0.01063289835823215,0.03347380720154108
134.9,13.240257067995636,-0.0071075417652123616,-0.010334561627492954,0.029490923522580093
135.,12.666434264841701,-0.005506053584398278,-0.008651376476149556,0.02650665293204022
135.1,12.195862498300947,-0.0029586990352510555,-0.005430303945531708,0.02479378294057392
135.2,11.853357351700787,0.000415172938160769,-0.0009235949283324029,0.02479427974487236
135.3,11.653596574186354,0.004181441480203315,0.0041250544099835015,0.026864878156737593
135.4,11.599578112733711,0.007723309280786979,0.0086688154052094,0.03101695924587003
135.5,11.683432460201194,0.01050263139044881,0.011752505152464468,0.036882409398737624
135.6,11.889376390504685,0.012248245797062142,0.012846175986384116,0.043938952653159696
135.7,12.197637010382502,0.012947000621788999,0.011918618791371008,0.05176853276212759
135.8,12.587944578208395,0.012702547852225774,0.009295663026838435,0.06012191647058381
135.9,13.04170590568373,0.011598029157612804,0.005477194140673243,0.06875449199745957
136.,13.542703663679394,0.009637323938907177,0.0010320772721863604,0.07713044871524469
136.1,14.076674264266927,0.006770458332339229,-0.003415650299533566,0.08412934903572793
136.2,14.630297857269554,0.0029885039903732357,-0.007162194329307127,0.087942912282706
136.3,15.190092987631374,-0.0015306792328139505,-0.00944471217680743,0.08639428489361825
136.4,15.741569288529952,-0.006280289677047215,-0.009592534346910953,0.07765917285468862
136.5,16.26883127356575,-0.01040139983842137,-0.007322498718458971,0.060729320192786436
136.6,16.75468395129148,-0.012889066790564539,-0.003039910194757915,0.03506946568146603
136.7,17.181185642925612,-0.013008870864066116,0.0020939849775579297,0.0009143207355801169
136.8,17.53053143982066,-0.010736263535131511,0.006507755839591962,-0.037982717821191656
136.9,17.786128352707838,-0.006889563456467498,0.008937140663252779,-0.07279760684549799
137.,17.933729716896472,-0.002701943135247351,0.00904952770533609,-0.09464400308612522
137.1,17.962519173485752,0.0008686843910873843,0.007395869652747943,-0.10114505919647612
137.2,17.86606287207232,0.0034660593726141406,0.004823169242043356,-0.0962868933133721
137.3,17.6430753987546,0.005183648955616797,0.0019880939012440688,-0.08577556900537098
137.4,17.297966509116065,0.006280471995156934,-0.0007627621013413363,-0.07384926708399557
137.5,16.841149987680957,0.0070008707810087206,-0.0033011935308104915,-0.06273708975798294
137.6,16.289101002743152,0.0075086567413199575,-0.005592408605036279,-0.053265070691473425
137.7,15.664141430579253,0.00787534887611641,-0.0076007128433576735,-0.04551827798316199
137.8,14.993910255051174,0.008080583336711394,-0.009226917364679626,-0.03926717059201494
137.9,14.310436754478086,0.008011676437111245,-0.010270794110683457,-0.034203323337944
138.,13.64868622461521,0.0074709850011091036,-0.010427745799136466,-0.030082650170324864
138.1,13.044424894795252,0.006215611699583249,-0.00934783388849796,-0.026836272143720447
138.2,12.5313246914959,0.004055252201736436,-0.0067842212512782525,-0.024643951624981484
138.3,12.137490271325287,0.0009974382273093619,-0.0028061530528838735,-0.023902677239927523
138.4,11.882046435988665,-0.00264564206502561,0.00204672577328551,-0.02503274448631978
138.5,11.772841646670388,-0.006309389041671242,0.006835255076508634,-0.028200779634363498
138.6,11.806261568258615,-0.009401714709741299,0.01054694871404062,-0.03318251652498903
138.7,11.969378850871275,-0.011539820671960537,0.012475662208883503,-0.03950267549167941
138.8,12.243613064405087,-0.012622434720401417,0.012403028100816862,-0.04671883536227781
138.9,12.608511385118371,-0.012730042791175131,0.010527926712501336,-0.0545988380738397
139.,13.044508769002247,-0.01197651255997479,0.007283293850678197,-0.0630801356120092
139.1,13.534223901660194,-0.010415020544596199,0.0031902082895397055,-0.07206082029980336
139.2,14.062467207114647,-0.00802327794575145,-0.001195998475739921,-0.08110384825020263
139.3,14.61544295387015,-0.004754165979566847,-0.005269826557047511,-0.0891061958750797
139.4,15.179663172128642,-0.0006411687453834552,-0.008345324593314695,-0.0939934665147935
139.5,15.740983881508757,0.004049228423368174,-0.009687324105394243,-0.09256451470737938
139.6,16.28401986938755,0.008666148445065303,-0.008694050702477385,-0.08073785148210555
139.7,16.7920445074854,0.012165203313105083,-0.005269703966942668,-0.054801737539849446
139.8,17.247361220047278,0.013442892982878209,-0.00021782904386409026,-0.014574838413464453
139.9,17.63205417625426,0.01201298777316233,0.0048083989339124285,0.03272316772974338
140.,17.92898777891217,0.008486531355453386,0.008126754515027219,0.0738058026895881
140.1,18.12291961368613,0.004206564754347053,0.00902286239593442,0.09819735790318765
140.2,18.20160782609932,0.00035253585147242345,0.007898188402350481,0.10481244050162178
140.3,18.1568199527105,-0.0025540470391363685,0.005620300071774827,0.09929825388079375
140.4,17.98517761067634,-0.0045282582890656745,0.002921744985917116,0.08815397875299301
140.5,17.68879511237739,-0.005808787851268375,0.00021841605848387096,0.07577382572401858
140.6,17.27568732934495,-0.006648402105598166,-0.00231753865085922,0.06433994217950711
140.7,16.759931112778272,-0.007231540997286106,-0.004633961301027908,0.054623082205189445
140.8,16.161562959970347,-0.007656283825430186,-0.006701495402272597,0.04668233639316029
140.9,15.506180185484622,-0.007933974320601257,-0.008448002743484156,0.04028006541193404
141.,14.824181006094788,-0.007988554053125898,-0.009715880025091966,0.035097908392536584
141.1,14.149534179913973,-0.00765842139675638,-0.010245180686343237,0.03086009357427732
141.2,13.517932617611825,-0.006719443324305116,-0.009703834772364962,0.027429836061618435
141.3,12.96421247170157,-0.004955594639357208,-0.007794897220067836,0.02488984550780238
141.4,12.519095549766845,-0.002285188526517302,-0.004442711932389432,0.023557389566874132
141.5,12.205691396630451,0.0011094732247003167,0.0000205181171360151,0.023860835055957576
141.6,12.036655129940192,0.004761543382995021,0.004822777600713585,0.026089027678912004
141.7,12.01306919266302,0.008077629746300916,0.008975066866148377,0.03018322361176121
141.8,12.12564027036858,0.010583279291363224,0.011642507011556707,0.03576552938582309
141.9,12.357814247411605,0.012069368162997283,0.012414557443762757,0.0423860610192579
142.,12.689597016048852,0.0125570572697484,0.011330456222738343,0.049768872323361725
142.1,13.10078951547575,0.012161607096976874,0.00873007316595853,0.05788128941404295
142.2,13.572899106543252,0.010973236636094631,0.005085499218066704,0.06681979109206879
142.3,14.089667539524282,0.009007846544860676,0.0009068232710803172,0.07657737708425799
142.4,14.636590382834461,0.0062225450321675025,-0.0032697750328125087,0.0867083676422248
142.5,15.19993909414867,0.0025821112942538507,-0.0068456253194933,0.09583020995868613
142.6,15.765741100878515,-0.0018200850020913119,-0.00912674074158977,0.10090139224324222
142.7,16.31903600454733,-0.006581810218917622,-0.009380005881451695,0.09653044654943828
142.8,16.84357457427486,-0.01082155126290267,-0.007108397334181323,0.07568748368447274
142.9,17.321995674314906,-0.013273214461265838,-0.0025865843565977217,0.0344664126902233
143.,17.73642089083248,-0.01295079603381749,0.0027617902413019347,-0.020069375329404168
143.1,18.069351984828284,-0.010025695714274252,0.006945837224378998,-0.06993747987571058
143.2,18.304737880468814,-0.005804677047164423,0.008740434062605324,-0.10004896321438764
143.3,18.429085469813696,-0.0017038082711289062,0.008260538817531686,-0.1087060961952994
143.4,18.43251047450904,0.001527843304012823,0.006350004808066021,-0.10321753334781804
143.5,18.309651327566247,0.0037876884319654742,0.0038240058090524363,-0.09148123407239454
143.6,18.06039415645901,0.005278981997141964,0.0011829653888822478,-0.07848093121864476
143.7,17.6903768701652,0.006258644835086067,-0.001345447905408881,-0.06653900300584807
143.8,17.211252925520554,0.006930542461138133,-0.0036834062597198985,-0.05642480369239489
143.9,16.640698484981026,0.007418119471071034,-0.0058007842286877265,-0.04817594750913735
144.,16.00213754477731,0.007762331359849905,-0.007645569237095281,-0.04153991436666918
144.1,15.324135188424675,0.00792134923699987,-0.009097035160475917,-0.0361847219670524
144.2,14.63936972893469,0.00776958927494955,-0.009939355457876017,-0.031807282536320716
144.3,13.983052684450024,0.00710889872420285,-0.00986991300872728,-0.028214175254362716
144.4,13.390660384372016,0.005715826693530589,-0.008570266395013484,-0.025399388311441836
144.5,12.894946318505093,0.00344364153306211,-0.005857777836774988,-0.023589050381469502
144.6,12.522494615847654,0.0003560171591536587,-0.001878380532021152,-0.023181563465031745
144.7,12.290519053375283,-0.003197344780561519,0.0027847852167024105,-0.024546452824295788
144.8,12.204942740579064,-0.006662561179874559,0.007223649456643922,-0.027783185637101162
144.9,12.260608119223527,-0.009502647330650323,0.01052635619540748,-0.032642766541612286
145.,12.443655127253573,-0.011397620266711166,0.012103946492665035,-0.038697823306541666
145.1,12.735153385549932,-0.012284104271980874,0.011817653400801152,-0.04561292874797118
145.2,13.11466655064964,-0.012252264691320975,0.00989090186420151,-0.05330449129008717
145.3,13.562750575776297,-0.011413769544764628,0.006739030775504695,-0.06191721040236165
145.4,14.062053758368965,-0.009822126499851383,0.0028405376619745895,-0.0716622199699768
145.5,14.597235269128925,-0.007458547118621055,-0.0013091973822439557,-0.08254263250350569
145.6,15.15417234381011,-0.004268172248949426,-0.0051775558272058875,-0.09388214968067804
145.7,15.71894083458754,-0.0002447070578966274,-0.008142480928650405,-0.10346282947549049
145.8,16.2769452568005,0.004413989988427305,-0.009467039887854408,-0.10621265512927588
145.9,16.812427294258022,0.009076643208232127,-0.008430599778640633,-0.09353960806138516
146.,17.308441605612668,0.01254563391603276,-0.004801123074031253,-0.057082939951634014
146.1,17.74727729360843,0.01347469236130944,0.0004885391486875646,0.0005039992785153937
146.2,18.111231828883586,0.011441924980845933,0.005404320321119481,0.0595524067152458
146.3,18.38361088361761,0.007486660656803359,0.008182210078190474,0.09842457885409911
146.4,18.54982453396567,0.0032047348860219185,0.008481515624005434,0.11173762753140827
146.5,18.598466508841142,-0.0003675661289859251,0.007031005752531601,0.10755135042656781
146.6,18.52228809359952,-0.0029533217615441447,0.004720780549384554,0.0955948312757413
146.7,18.319004230522072,-0.004694849067959356,0.002153266852645639,0.08195886940505216
146.8,17.9918916041251,-0.005846072032298362,-0.0003725278387018105,0.06938166395580118
146.9,17.550154377163565,-0.006629532733350939,-0.002742576893231879,0.05873550230677662
147.,17.00904069479578,-0.007194206610788739,-0.004918441593590686,0.05006472482283709
147.1,16.38968957052764,-0.007609752304892747,-0.0068614960513077965,0.043104439053759394
147.2,15.71867016731503,-0.007866353365636012,-0.008481392049034564,0.03750695107936058
147.3,15.027142062475912,-0.0078724015495525,-0.009602144296928607,0.032943718706556255
147.4,14.349521853013467,-0.007457538225832522,-0.009953625632536725,0.02917303800897496
147.5,13.72151454847683,-0.006401181232095574,-0.009212291156852083,0.02611071649433974
147.6,13.177417117689314,-0.004510401587552509,-0.00711771704134988,0.02389202391245914
147.7,12.746808904684828,-0.0017464512670773273,-0.003655912451399803,0.022863772128411383
147.8,12.451138852296037,0.0016620791098267969,0.0007799334183556322,0.02344105080747358
147.9,12.301142458226117,0.005227603063684267,0.005398126050611607,0.025863215792077992
148.,12.296093857327177,0.00837798399621517,0.00925377230269523,0.03002639094544332
148.1,12.42532846641875,0.010687086464754475,0.011599174472986465,0.03555494211073857
148.2,12.671495351619491,0.011989811257797175,0.012107623425291994,0.042058552308495374
148.3,13.014301242237392,0.01232902503391769,0.01086608521088099,0.049362380240286684
148.4,13.433543209057458,0.0118231213722388,0.008222777240636319,0.05756949674194654
148.5,13.910808485547312,0.010559182764606078,0.004631471968852307,0.06696438192726399
148.6,14.429855747653042,0.00855076396495539,0.0005689507188037017,0.0778004620398339
148.7,14.976072571125751,0.0057503610873194146,-0.0034702061812098652,0.08991701753065891
148.8,15.535506403535654,0.0021057479038203747,-0.006926403197702452,0.10196996074486835
148.9,16.093898443595975,-0.002321802436167841,-0.009113610188297181,0.109996915920049
149.,16.63601279861962,-0.007140221040893377,-0.009237889396316146,0.10575587804183854
149.1,17.145407365679258,-0.011368776838970864,-0.006708096002330984,0.07814514594159738
149.2,17.604668559223278,-0.013537518316207404,-0.0018698535513968996,0.023415267398641814
149.3,17.996043540915476,-0.012644142961264943,0.0035221032785538358,-0.04214502504743247
149.4,18.302354373793523,-0.009216582795807884,0.0073003466653818955,-0.09152141051531168
149.5,18.508063464261728,-0.004872124958111542,0.00852323575611986,-0.11244120779266269
149.6,18.600368685934086,-0.0009601991007179803,0.007657184438252761,-0.11150374449022495
149.7,18.570228661842403,0.0019967363280671514,0.005628009591776557,-0.10015706783626543
149.8,18.413244814632503,0.004038625952733993,0.003154250371931913,-0.08610481206277067
149.9,18.13035104573042,0.005402337855263427,0.0006268338854271928,-0.0728691544254191
150.,17.72828084910004,0.006326956600282398,-0.0017894492693713647,-0.06159659609895792
150.1,17.219793082054682,0.006987918673988336,-0.004038469540449628,-0.052401668684361385
150.2,16.62363919077619,0.007484070479328647,-0.006088071648227062,-0.04502614486465433
150.3,15.964243338591778,0.007836762091732563,-0.00787233816089624,-0.03911121120143434
150.4,15.271039621604448,0.007987023299714133,-0.009250861358674308,-0.03430591811971808
150.5,14.57736869782272,0.007793161070651776,-0.009986884927379156,-0.03032686779220301
150.6,13.918795335564326,0.007044491711563624,-0.009762841731285403,-0.02702063793776136
150.7,13.330713587942535,0.005516549180236069,-0.008263179314719826,-0.02443435373121598
150.8,12.845237055929113,0.003083320582504869,-0.0053380261089527575,-0.022848727018262238
150.9,12.487698265641802,-0.00014711489094712123,-0.0011952085803999533,-0.022695031514035856
151.,12.273540640063104,-0.0037742679471648526,0.0035163592321501517,-0.024332367125199657
151.1,12.206670434338536,-0.007217076552280771,0.007858641052953568,-0.027813107253565977
151.2,12.280043101138258,-0.009951079063777898,0.01094673304950662,-0.03284415691690914
151.3,12.478362935150846,-0.011694831797703257,0.012257899327426401,-0.03899667906818053
151.4,12.781850962207844,-0.012422312240383286,0.011721003077103657,-0.04598579824326838
151.5,13.169744607245507,-0.012244067951526697,0.00960244374398425,-0.05381801937114816
151.6,13.622614024479361,-0.011276256374116226,0.0063322197672314,-0.06275833474364849
151.7,14.123264783549068,-0.009568715896191644,0.002383935158127662,-0.07316598392749518
151.8,14.656508956791114,-0.0070956688941561635,-0.0017611063721161922,-0.08519064234345053
151.9,15.208295909149859,-0.003791967348443912,-0.005582840432459716,-0.0981580487976641
152.,15.764680161548158,0.00035997449144332266,-0.008453559447471693,-0.1093084735454308
152.1,16.31098312728951,0.0051515840832686245,-0.009592480993676279,-0.11183294091320063
152.2,16.831356422933112,0.009862632645360726,-0.008218233840557101,-0.09429862119007444
152.3,17.30881743648969,0.013116535109365397,-0.004158774427755859,-0.047690313547848966
152.4,17.725722606768308,0.013506368229798754,0.0013523928214150968,0.019059906806909582
152.5,18.064577935795764,0.010900427570787881,0.006031848104490972,0.07813578480425473
152.6,18.30905775767622,0.006689972611192981,0.008300539683051682,0.10911625217472694
152.7,18.445103205640997,0.0024849264660543797,0.008177304801152288,0.11391681597609485
152.8,18.461989965886165,-0.0008778836844377258,0.006531644842126951,0.10458009445629561
152.9,18.35328058841828,-0.0032750074617916916,0.004195666784771265,0.09067786677632622
153.,18.11760254722716,-0.004899507326760763,0.00167487392148291,0.07693369534001988
153.1,17.759215031400764,-0.006000139385805769,-0.0007953985307291152,0.06501672210702569
153.2,17.288342536477177,-0.006778959609238166,-0.0031283788413480687,0.05522431604549245
153.3,16.721259529131206,-0.007365245031336725,-0.005289947718232678,0.04734991604085156
153.4,16.080104901537116,-0.007811972170695975,-0.007232660025942071,0.04104093320531699
153.5,15.392384019360735,-0.008092890251710855,-0.008848191754507437,0.035932688508279464
153.6,14.690078052408499,-0.008096928214379831,-0.009934694620614148,0.03170835638783729
153.70000000000002,14.00823236283857,-0.0076306551725932445,-0.010191450842502559,0.028154167584877456
153.8,13.382869077581745,-0.006452633163077933,-0.009269762790740967,0.025232059898940347
153.9,12.848132735635229,-0.004365668565022359,-0.006908705209121512,0.023143015837513353
154.,12.432823300361532,-0.0013601102155217032,-0.0031381521228425057,0.022303554476471442
154.1,12.156916089184602,0.002271756501607008,0.0015616658721208838,0.02316648629998175
154.20000000000002,12.029104664558098,0.0059723944007959336,0.006306171407703652,0.025947727329408955
154.3,12.046397608329482,0.00913484625797067,0.010104990289092423,0.03047428611751618
154.4,12.19608793120732,0.011349253182395803,0.012235664947956248,0.03631086077876713
154.5,12.459356288846807,0.012495794656982067,0.01244279699104548,0.04306125269436343
154.6,12.81513644934376,0.01265845840999608,0.010887389249153686,0.050600514786995024
154.70000000000002,13.24304907954547,0.011975920490291003,0.007967847740765798,0.05911268711267255
154.8,13.724886186333606,0.010536569005865908,0.004162219557932601,0.06896630932209172
154.9,14.24476925646689,0.008345029548525291,-0.00004326580618178259,0.08046303155708641
155.,14.788440525917318,0.0053425083841403586,-0.004145163547596714,0.09335657044575324
155.1,15.342204387871138,0.0014722740801788186,-0.007560660901120422,0.10584916005756458
155.20000000000002,15.891940413853645,-0.003180353443964509,-0.009555268033530668,0.1127954661845898
155.3,16.422460571253463,-0.00812885927345089,-0.009284601788468029,0.10412670712770074
155.4,16.91733493083625,-0.012217950464919516,-0.006216764611721305,0.06838380840844842
155.5,17.359188552855635,-0.013886745815059151,-0.000986573116555502,0.006507778759048131
155.6,17.73038898491169,-0.012369624073025864,0.004343740482353694,-0.058453582063243095
155.70000000000002,18.014000477722867,-0.008573264992234955,0.007697681659923682,-0.10024839932193426
155.8,18.194871227587672,-0.004202549251108108,0.00848776772062401,-0.11331154778518089
155.9,18.2607328362498,-0.00043676545744281435,0.007372241649462896,-0.10795249737570851
156.,18.20321555109978,0.0023622878300312653,0.005255780039519714,-0.09523132379999061
156.1,18.018709978359524,0.004298671733232851,0.002774157454364958,-0.08139835598500843
156.20000000000002,17.709030319284768,0.005614195928322175,0.0002571618121520529,-0.06895303056115269
156.3,17.281852640706497,0.006534212107212705,-0.002159928584542244,-0.05854837351407717
156.4,16.750912094776893,0.007219046051184603,-0.004429386965128784,-0.05011193236134284
156.5,16.13594278323154,0.007754198704589509,-0.006514707014115184,-0.043335113373853526
156.6,15.462329478457432,0.008146995594642449,-0.00833567314046144,-0.03785883486122527
156.70000000000002,14.76040804685579,0.008319818256628692,-0.009727060738930196,-0.03334674383385092
156.8,14.064302669935758,0.008105017172765691,-0.010416811147463066,-0.02953729539610065
156.9,13.410141602814026,0.007261290487902725,-0.010048045042952253,-0.026313666468717502
157.,12.833503363309513,0.005541894937233436,-0.008280674853758267,-0.02378544877445652
157.1,12.366105858955931,0.002829800825404273,-0.00498412168193385,-0.02231841341692552
157.20000000000002,12.032137173446404,-0.0007096677755606899,-0.0004484787602173764,-0.02241769889246725
157.3,11.845140976470276,-0.004585594876562567,0.004553246367024656,-0.024454676941173054
157.4,11.8066261771375,-0.008143175672438928,0.008980861080435254,-0.028416253717485643
157.5,11.90713202509851,-0.010843998363361083,0.011927080473099412,-0.0339144062840799
157.6,12.129422920929958,-0.012447774793454835,0.0129275705980199,-0.040465725120771366
157.70000000000002,12.45254672210629,-0.012984481079867433,0.01200307003972298,-0.047797773350471646
157.8,12.855341142239473,-0.012601568097229884,0.00949859327357351,-0.055970461434980925
157.9,13.3185508394088,-0.011424762176866058,0.005892733076086587,-0.06529566654429983
158.,13.825460217604414,-0.009494861265540399,0.0016859152926360188,-0.07611754245851457
158.1,14.361428339908908,-0.006771373658172355,-0.0026178734115108347,-0.08842059166226698
158.20000000000002,14.91286510515106,-0.003183474108763101,-0.00646262807917446,-0.10105505857785994
158.3,15.466131312007366,0.0012589274794944979,-0.009162578141300691,-0.11028652284310107
158.4,16.006702629130167,0.006248567214508154,-0.009882126758473761,-0.10804606680141535
158.5,16.51878059100133,0.010886008221373934,-0.007891876745461891,-0.08303909800609884
158.6,16.985396904067926,0.013676160306114803,-0.003303482582992585,-0.030524752831516636
158.70000000000002,17.38895661692075,0.013406961181049582,0.002292006512232699,0.034525410883752244
158.8,17.712106260010227,0.010348530622248227,0.00661975010299073,0.08521015396277737
158.9,17.938791182778033,0.006043094590656009,0.008450948345276914,0.1081450308507087
159.,18.05537215986145,0.0019493093636243329,0.00804330523029661,0.10902435414873422
159.1,18.05169310956257,-0.0012686025300285716,0.006273084713286631,0.09903562474596876
159.20000000000002,17.922019332336998,-0.003561659089397029,0.003897515100800283,0.08591558049236347
159.3,17.6657921597139,-0.005132743237736998,0.0013630292307762022,0.0732763164010327
159.4,17.28816737945524,-0.00621976598491283,-0.0011241463500245897,0.06235268482308074
159.5,16.800318950148714,-0.007012035920207473,-0.0034866117390089627,0.05333644709815457
159.6,16.219494088138322,-0.00762772249235759,-0.0056881404474949104,0.04603069752920395
159.70000000000002,15.568797516119472,-0.008108266325398374,-0.007670352155539169,0.040117984227836044
159.8,14.876657295943321,-0.008411803363129767,-0.009304303106991886,0.03526564233460039
159.9,14.17588016794225,-0.008404449060504847,-0.010356811176159171,0.03118369370579384
160.,13.502149945729894,-0.007863355912544587,-0.01048889331153172,0.027690780751833698
160.1,12.89179620905696,-0.006520433454627379,-0.009321503994436115,0.02480204258037522
160.20000000000002,12.37874488439125,-0.004175399328161012,-0.006598947265223706,0.02279798124068103
160.3,11.990859710398485,-0.0008612872473179725,-0.00241826422117911,0.02217792516031944
160.4,11.746393774046702,0.0030435811551910888,0.0026175060953822385,0.023430065355828332
160.5,11.6517150397167,0.006895263023309563,0.007501778254441731,0.026723596093800754
160.6,11.701348943838944,0.0100536661375399,0.011193842935279327,0.03178675314802105
160.70000000000002,11.88048474741381,0.012140954464219677,0.013014508101884929,0.038107505090523325
160.8,12.168956330943459,0.01309770377288283,0.012804229134258202,0.04527876678341173
160.9,12.545186934329491,0.01305376121296276,0.010815941295243537,0.05321026029768307
161.,12.988947742779338,0.012162495168723721,0.00750835167934777,0.062108858374669465
161.1,13.48255465413027,0.010502624590740355,0.0033930848450044117,0.07228573548112338
161.20000000000002,14.010754500872729,0.008059901233355654,-0.0010167865373272814,0.08381579777658349
161.3,14.559827283006591,0.0047651907545097835,-0.00517714520346657,0.09592702381824082
161.4,15.116435696376445,0.0005859773581750634,-0.008440544335411401,0.1058920210420066
161.5,15.666628490928497,-0.0042955214061156785,-0.010008426440013977,0.10753160560205367
161.6,16.195244043564564,-0.009209593266593314,-0.009072728237316157,0.09117895861186971
161.70000000000002,16.685811056852632,-0.01285470495573201,-0.005374394475793439,0.04965075057644291
161.8,17.1209258557078,-0.013825002950550157,0.0000491902827586794,-0.00988196986610248
161.9,17.483009314230415,-0.0117835515036642,0.005063105204933739,-0.06495928279329444
162.,17.75531051326331,-0.007857838274426201,0.007946575965689201,-0.09736502820426043
162.1,17.92302077934692,-0.0036086882525756723,0.008413811741376788,-0.10635445535215335
162.20000000000002,17.974379045729144,-0.000011378758878662554,0.007153834653803685,-0.10103431903352075
162.3,17.90167621795348,0.0026626677857365614,0.004990243219544935,-0.08989083073287048
162.4,17.70209410008856,0.004527414852347622,0.0024939969750445877,-0.07771498460565227
162.5,17.378338453310565,0.005810729713316145,-0.00003439217974893599,-0.06654887312345358
162.6,16.93904317658874,0.006723523145332938,-0.0024675217669159646,-0.05702449757781998
162.70000000000002,16.398931354235902,0.0074148389208043885,-0.004754957773878134,-0.04916360640067076
162.8,15.7787162446642,0.007959756944698238,-0.00685056008693341,-0.04275090678635548
162.9,15.104707201543592,0.008352846574645266,-0.008657443027909398,-0.03749400163674544
163.,14.408048385217269,0.008499019856969265,-0.009986326907980462,-0.033101846402219776
163.1,13.723464952458917,0.008208941079249528,-0.010537095519412603,-0.029351614709110335
163.20000000000002,13.087346124660801,0.0072222529899267284,-0.009932579026774588,-0.02617477390519892
163.3,12.535021312455752,0.00529126563974407,-0.007841914663495559,-0.023746545186373494
163.4,12.09728754859131,0.002333785226207588,-0.0041948938290364045,-0.022500916111502886
163.5,11.796687211001645,-0.001414177469095853,0.0006104584680239137,-0.022974432282113433
163.6,11.644562770124859,-0.005388884654140752,0.005692675339195213,-0.025501202487677496
163.70000000000002,11.640080133398559,-0.008908217739626802,0.00996763635405678,-0.02998304886946118
163.8,11.77180533115101,-0.011466373843061378,0.012573299635281148,-0.03596424513868529
163.9,12.021269696943596,-0.012882823639023634,0.0131423091349756,-0.04295371484270974
164.,12.367107408250734,-0.013231747111833721,0.01178658044919985,-0.050710727191819585
164.1,12.788381677127752,-0.012671693665957053,0.008906946893581222,-0.05930421846771137
164.20000000000002,13.266404776733207,-0.011313552984662233,0.005008397694295052,-0.06895846506814912
164.3,13.78509205306002,-0.009173323576695789,0.0006112698290155148,-0.07974361818345355
164.4,14.330307411917621,-0.006193749850676747,-0.003743681269499175,-0.09106749399231014
164.5,14.88875317588749,-0.002321050912401181,-0.007434571470829503,-0.1008327178105223
164.6,15.446869564187672,0.0023454485784022054,-0.00970210508293999,-0.1043142572310708
164.70000000000002,15.990055340372656,0.007315996444212849,-0.009724558713211146,-0.09385072231142606
164.8,16.502363800509684,0.011517528310796743,-0.007021670646921454,-0.06231539427712406
164.9,16.966696189087493,0.013559170171185216,-0.00214171462338665,-0.011733836297525653
165.,17.365421141768163,0.012675021597450369,0.0031541765825695814,0.042176550057259746
165.1,17.681297063154336,0.009450883140976786,0.00693751057451289,0.0811332938376972
165.20000000000002,17.898559108015743,0.005308156856893102,0.008373593651633935,0.0987239976644938
165.3,18.00404284150375,0.0014471514432334105,0.007796525745340609,0.0999176797544852
165.4,17.988240784077934,-0.0015952841896172611,0.005984963766313011,0.0924215779878276
165.5,17.846216207377015,-0.003782526652963228,0.0036105175217247317,0.08178044349529152
165.6,17.57832446955724,-0.005294978304442679,0.0010839433182883156,0.07092959178457275
165.70000000000002,17.19071239932862,-0.006349466425503896,-0.0013949523407650116,0.06112645937044759
165.8,16.69557862712731,-0.007120900777095955,-0.0037435044406120147,0.05275921213051028
165.9,16.11118002086483,-0.00771638656672764,-0.005915002188533255,0.04580871481023064
166.,15.461558124044375,-0.008166125377488358,-0.007836441347205769,0.040079162155913686
166.1,14.775930801719081,-0.008415146277061664,-0.00936083970288712,0.03531550525320877
166.20000000000002,14.08764774629123,-0.008315893217443795,-0.010237694523620604,0.03128319307455737
166.3,13.432557709375534,-0.007637452488814638,-0.010122093583820827,0.02785290587235913
166.4,12.846625795293226,-0.006120881130509141,-0.008657589097220624,0.025096309366702388
166.5,12.362759150431769,-0.003603308124174735,-0.0056538454882963255,0.02334312419311074
166.6,12.007139497851846,-0.00017869565077444378,-0.0013070918557890369,0.023104555525696624
166.70000000000002,11.795875647322362,0.0037217318176260713,0.0036919434841087406,0.02482284887747965
166.8,11.733146873907067,0.007448755530189334,0.008317940664085059,0.028589211046187883
166.9,11.81173361973042,0.010411069408218444,0.011596698529072766,0.03408352526283824
167.,12.015852401844912,0.012296516586013927,0.01295691374238933,0.040809153417603876
167.1,12.32516686081652,0.013085697124597484,0.01232793714254334,0.04840694645753406
167.20000000000002,12.718509209388651,0.012909529573580207,0.01000561160395129,0.05679656354031439
167.3,13.176316839947207,0.01189571372846493,0.006457710525325451,0.06607974173685405
167.4,13.681547812644512,0.010088872728640631,0.0021998042146469023,0.07625954604527971
167.5,14.219392385417176,0.007449401134507093,-0.0022293319442451805,0.08679089665229729
167.6,14.776311710528583,0.003915134437886275,-0.006223236423625299,0.09591634161004181
167.70000000000002,15.338909983470723,-0.0004691353214029619,-0.009052371199973383,0.09988236650225159
167.8,15.893013921429823,-0.005344998300058958,-0.009904257749240775,0.09277814758356433
167.9,16.423175613527615,-0.009844385776160088,-0.008180481982563706,0.06877917704035469
168.,16.912671611150095,-0.012703222099338454,-0.00406964735169394,0.027763249770466143
168.1,17.343961601586784,-0.012943687088520598,0.0011095772508351279,-0.02046264065065969
168.20000000000002,17.699501542954025,-0.010651410685932262,0.005503029521389496,-0.061263534547012825
168.3,17.96277682560434,-0.006911042256791325,0.007878768879153885,-0.08578121344916917
168.4,18.1194219611021,-0.002976169445565335,0.008121336613142007,-0.09441479306066704
168.5,18.158312663801603,0.0003720594450076057,0.006819374174870268,-0.09231678310490984
168.6,18.07254320299397,0.0028929835426909035,0.004676165576278401,-0.08469458292583208
168.70000000000002,17.860228921434597,0.004669239310924281,0.002208856334085688,-0.07509619182270781
168.8,17.525096367081666,0.005896798685938918,-0.00029060272297699456,-0.06549357566133363
168.9,17.076839068129036,0.006766362482037619,-0.0026866981966168256,-0.05680540346871029
169.,16.531223548024997,0.007414076359669157,-0.004916489249287551,-0.049341076167516394
169.1,15.909924966767807,0.007904377323335182,-0.006919695670502414,-0.04308700136139268
169.20000000000002,15.240051211777102,0.008221343711383578,-0.008584759609469266,-0.03787673332235515
169.3,14.55327630665934,0.00826103008003536,-0.009711320108646771,-0.03350029489364098
169.4,13.884455503848727,0.00783271124391813,-0.010001571043699201,-0.029797165424952886
169.5,13.269565487532871,0.006691869411073264,-0.009108761458394784,-0.026754380104596038
169.6,12.742872138316656,0.004631733196438078,-0.006771433279146955,-0.024587779509959523
169.70000000000002,12.333467842255445,0.001628779706621443,-0.003016806419900991,-0.023731933843682034
169.8,12.061764073311418,-0.0020363684933688907,0.0016765285070607667,-0.024668149585941525
169.9,11.936971627361967,-0.005807988194875672,0.006420185446402974,-0.02764823448983224
170.,11.956616585166326,-0.009068999505064177,0.010212654680200849,-0.03252987898793102
170.1,12.108443182569905,-0.011393082786651031,0.01231567760320898,-0.03888806149525
170.20000000000002,12.373990075388715,-0.012644578296566188,0.01245814714624658,-0.046300652785415515
170.3,12.732469425493091,-0.012893567302740081,0.010789438698010285,-0.054551695499109994
170.4,13.163736031424381,-0.012262438747699883,0.007704746011015649,-0.06360491493232219
170.5,13.649806838957304,-0.010816762659311986,0.00369593594424885,-0.07335976961162023
170.6,14.175040111017982,-0.008535999448538955,-0.0007047535827401326,-0.083235626192794
170.70000000000002,14.725429723226275,-0.005356654179020542,-0.00490028330464089,-0.09161343124664416
170.8,15.287534245689868,-0.0012860297801140328,-0.008178575709047082,-0.09530341814635608
170.9,15.847468110254958,0.0034119072538925316,-0.009734799751249022,-0.08966207839345967
171.,16.39023396698703,0.00802946314852026,-0.00890412337909689,-0.07043899182925129
171.1,16.899526091689236,0.011455031395964802,-0.0056358849337743,-0.03746045335988372
171.20000000000002,17.35801121755734,0.012660708672918337,-0.0008609701669374688,0.002964216501916959
171.3,17.748007810293135,0.011380323633737241,0.0038074728118456347,0.04086977405928239
171.4,18.052439744887714,0.008292845639096783,0.006967805196334609,0.06860444605574256
171.5,18.255929448217966,0.004517512573123993,0.008087855745798116,0.08382773287755658
171.6,18.345907956395404,0.0009804421381610748,0.007444286215546873,0.088286822962783
171.70000000000002,18.313643595966674,-0.0018580359846448189,0.005662668204136217,0.08536654609791393
171.8,18.155118165056635,-0.003930107000864565,0.0033296810638581797,0.07837833510309437
171.9,17.8717038739053,-0.005371878075297377,0.0008384647911444572,0.06980921126340618
172.,17.470612731517456,-0.0063719056864140824,-0.0016012816137239555,0.06120797037368481
172.1,16.9651004594059,-0.0070897929137096125,-0.003891727334153561,0.05336966307691021
172.20000000000002,16.374407080838502,-0.007622687073104845,-0.00597163435271714,0.046586791749485136
172.3,15.723402996307906,-0.007992195902874318,-0.007754863364655091,0.04086076138665174
172.4,15.041879928375655,-0.008136466813302056,-0.009085203756869904,0.03605524192257329
172.5,14.363383168983123,-0.007907346302836208,-0.009714325280913816,0.03201346581409491
172.6,13.723443789858873,-0.007087810871625962,-0.009323288872665083,0.028665429852193076
172.70000000000002,13.15708673087279,-0.005454816848733266,-0.0076163604028817965,0.02612497594542982
172.8,12.695645233601747,-0.0028994372038221084,-0.0044932034646339575,0.024728839364930096
172.9,12.363264556322337,0.000438347764319294,-0.0002334122682298051,0.024942878723892264
173.,12.17393555789702,0.004127399616847925,0.0044504002987261915,0.027129693311978537
173.1,12.130123426157018,0.007578497417006048,0.008600273353348892,0.03132618248704141
173.20000000000002,12.22366957505724,0.010285898012303826,0.011363867331170426,0.03723126280604386
173.3,12.438703716134823,0.011994959451983806,0.012276313394661493,0.04441879785044925
173.4,12.755437478388325,0.012690672330563096,0.011314239095167518,0.052568648193761905
173.5,13.153528590882567,0.012467447732185638,0.008768769964485595,0.06150977762874739
173.6,13.614191640484112,0.011400465732918072,0.0050873747235774995,0.07102253798279767
173.70000000000002,14.120909952677373,0.009486242574472146,0.0007879166545219743,0.08044458276261392
173.8,14.65907454903969,0.0066630281853308545,-0.0035395215320309856,0.08816446310827077
173.9,15.215049345718489,0.0029096936690669404,-0.007189409582423229,0.09125013320029908
174.,15.775129040359655,-0.001580476700263694,-0.009352429223864098,0.08583830889236935
174.1,16.32472944213571,-0.006217641750205376,-0.009312178106502393,0.06901730672689622
174.20000000000002,16.848000812875874,-0.010020354319014699,-0.00685784101390555,0.041572004757606355
174.3,17.327920199804904,-0.011989016821298725,-0.0026317421556854253,0.0086556367837845
174.4,17.746817168629963,-0.01166371171939543,0.0020279182072003386,-0.02325521714834854
174.5,18.087225565446232,-0.009374181230108455,0.0057406932293564625,-0.04970974046994853
174.6,18.332929317668636,-0.0059858675168447065,0.007696184562748292,-0.0686328830327031
174.70000000000002,18.470073669193468,-0.0024237770145729286,0.007819843829620142,-0.07936900976210316
174.8,18.488233158607994,0.0006777862446847267,0.006541517958976537,-0.08249656379684722
174.9,18.381353971172118,0.003066007711058296,0.004441258118925324,-0.07977625686871773
175.,18.148513994287644,0.004769311922168617,0.0019999952310030453,-0.07350427111721772
175.1,17.794464879667437,0.005945015007397066,-0.000480849940890232,-0.06572813117176272
175.20000000000002,17.329934280986684,0.006765204730197188,-0.0028467370230042277,-0.05785044977090653
175.3,16.77167114290119,0.007357332875810729,-0.005018534099532258,-0.05062861719035365
175.4,16.142209835962422,0.0077797097815942556,-0.006923325193401642,-0.04435078369453974
175.5,15.469307183151406,0.008010809789845705,-0.00844018211495179,-0.03902854201017468
175.6,14.78496989246316,0.007943948533069836,-0.009366250477596592,-0.03455524337161407
175.70000000000002,14.123949150231004,0.007394469820115568,-0.009416866909906294,-0.030837007677484637
175.8,13.521568714533299,0.006140052084406917,-0.008284964868671347,-0.02790787229689328
175.9,13.010840739224719,0.00401411005432521,-0.00577847149853511,-0.026006402760145025
176.,12.61908567839908,0.0010375520135123934,-0.002005018326086143,-0.025550283263330458
176.1,12.364695236194445,-0.0024904327060871635,0.0025078818403898077,-0.026965098987139956
176.20000000000002,12.255031292250989,-0.006045279232653861,0.006893008724173861,-0.030445421096641615
176.3,12.286349219301666,-0.009078731286897169,0.010234833812263228,-0.035839717732961476
176.4,12.445904936360098,-0.01122751951425379,0.011894821891657869,-0.04276684736191964
176.5,12.71545370488743,-0.012377679349724332,0.011664117567705086,-0.05083989862232193
176.6,13.074853652397426,-0.012576442371054463,0.00970504026925789,-0.05976816525624036
176.70000000000002,13.504717370530052,-0.011896757141043912,0.006401465286626663,-0.06921221664828096
176.8,13.987688898072369,-0.010348760579768666,0.0022481509163914835,-0.07840710238441956
176.9,14.508495686060755,-0.007873498050424279,-0.0021715572302668028,-0.08566903294799962
177.,15.053218559939262,-0.004425494021057436,-0.006150423573517404,-0.08810592846860303
177.1,15.60826776218845,-0.0001402656363074874,-0.008860032979989958,-0.08222500927947968
177.20000000000002,16.159460518051482,0.004479026583046785,-0.00952654206505189,-0.06604720510671065
177.3,16.69145315135884,0.008543685903214355,-0.007816629730652624,-0.041581059078614174
177.4,17.187638360682794,0.011096901787951443,-0.004172266849947013,-0.014353717717973218
177.5,17.630501615362913,0.011593245979030893,0.0002949844402291667,0.010732868738197728
177.6,18.002351680137647,0.0101287485301303,0.00432006959166375,0.03229323695560451
177.70000000000002,18.28630046170171,0.00730034365583784,0.00697977002645315,0.05076061688275292
177.8,18.467359976541882,0.0039027953732737545,0.007910264428634791,0.06552766495986781
177.9,18.533538301709992,0.0006408442976856561,0.007269564837153729,0.07489946399438663
178.,18.47684086559982,-0.0020567516682482275,0.005527348816477393,0.07799044114720793
178.1,18.294109937588008,-0.004066520220504982,0.0032039256134126786,0.07567248444070629
178.20000000000002,17.987658433844246,-0.005472773371039288,0.0006964652883048176,0.06989795453525471
178.3,17.56567122942291,-0.006439305299586884,-0.0017606677697265987,0.06262018820259087
178.4,17.04235602806326,-0.007118099394559903,-0.004048912340954099,0.055214801429625426
178.5,16.43782420691052,-0.007603787568616975,-0.006093380769090514,0.04842126047755535
178.6,15.777667077388454,-0.007914823156249919,-0.007798142247972171,0.042514511305470085
178.70000000000002,15.092162917572578,-0.007985097876895893,-0.008999882863865083,0.03750829212035193
178.8,14.4150097428119,-0.007664310975927333,-0.009449707493911205,0.0333284276471358
178.9,13.78145058379948,-0.0067413377766893405,-0.008843432365878428,0.02995723104268419
179.,13.225695160064985,-0.005013016063668755,-0.006924739769195908,0.02754487163810281
179.1,12.777722233221771,-0.0024033486790390954,-0.0036568387270787678,0.026443320718591172
179.20000000000002,12.459909592944825,0.0009166737576034563,0.0006141416366319907,0.027102632707936853
179.3,12.284356902373236,0.004510733295181703,0.005142460547515124,0.029846849316816696
179.4,12.251896469270834,0.007820998295396371,0.008993434101685505,0.03468377767576508
179.5,12.353314479698849,0.01039111957633993,0.011379031423814552,0.04131622518250611
179.6,12.572379819744727,0.012000509108618414,0.0118988107779595,0.04932800103394497
179.70000000000002,12.889529107706984,0.012632792292361843,0.010565061432656987,0.05832908352605338
179.8,13.284988457367476,0.012347313086509335,0.007679495491813724,0.06786783621889247
179.9,13.740628184351335,0.011164488618672025,0.0037043592172965887,0.07707204193832447
180.,14.240483460131056,0.009029032009018388,-0.0007853429310096341,0.08414048424043274
180.1,14.77029125214857,0.005872751469100273,-0.005075618003106045,0.0860683503549028
180.20000000000002,15.316533526711076,0.001778359225187303,-0.008306029211116025,0.0794068154744455
180.3,15.865431311929328,-0.002819475226021828,-0.009629969932784942,0.06269373555032136
180.4,16.402205795522413,-0.007090471404015787,-0.00859899159205487,0.039063064900445615
180.5,16.910775882502467,-0.010101679177818217,-0.0055111381295387335,0.015169365481147777
180.6,17.37393128406299,-0.011271189700770233,-0.001324182223966972,-0.004088457054563728
180.70000000000002,17.773923928382498,-0.010569626795979213,0.002817761096860249,-0.019082367524561356
180.8,18.093364235914493,-0.008390129849494323,0.005997879826951599,-0.0331912314504995
180.9,18.316288963976426,-0.005338583029851651,0.007688386507070654,-0.04813842629060908
181.,18.42927404643775,-0.0020678260224214467,0.007781449530154605,-0.06207603595271156
181.1,18.42248751868347,0.0008849429282901344,0.006541711558944309,-0.07164533511541683
181.20000000000002,18.290604396523715,0.003227304474360934,0.00444219725884658,-0.07503578538817363
181.3,18.033530679360467,0.004921722313322622,0.001950954698261197,-0.07291656515016985
181.4,17.656903728887077,0.006088467543741255,-0.0006006157200763686,-0.0673156240734311
181.5,17.172348929884187,0.006890256317948091,-0.0030281825456794733,-0.06025588215817304
181.6,16.597475731731848,0.007456082684278361,-0.005234613238899818,-0.053117147588821426
181.70000000000002,15.955587237013775,0.007845472989758035,-0.0071363419651544234,-0.04660834291707018
181.8,15.275053769135441,0.00803384449847265,-0.008603072866911109,-0.04097533971370804
181.9,14.588263179339028,0.007907690027901357,-0.009422166587625565,-0.036229430674159666
182.,13.930022159379451,0.0072754946133028525,-0.009303395291543604,-0.0323391078490688
182.1,13.335282500468418,0.005914888096625955,-0.007949155340687469,-0.029382233875963303
182.20000000000002,12.836175609743986,0.0036735935219045423,-0.005203899257772448,-0.027635151613781654
182.3,12.45862762568668,0.0006019838803478468,-0.001240092635338248,-0.02753940870555352
182.4,12.219257060059158,-0.0029696155258366564,0.0033425884114481777,-0.029517625989505636
182.5,12.123564050641574,-0.006505771276021599,0.007633386094138394,-0.03373866179668677
182.6,12.166219958865177,-0.009476795239647711,0.010723564711704705,-0.04002427205837623
182.70000000000002,12.333466262218629,-0.011551264815307181,0.012018698549580254,-0.047969169054826816
182.8,12.606711565218022,-0.012632720978809336,0.011359076636667728,-0.05710894065386155
182.9,12.966031464065484,-0.012754179700739823,0.008942496848548127,-0.066892191052775
183.,13.392599223446549,-0.01194276670764596,0.005186160598306402,-0.0763451709065309
183.1,13.869727048428299,-0.010148590121047402,0.000651955481074609,-0.08352869196899626
183.20000000000002,14.382735006239256,-0.0072819714358082505,-0.003938854467265754,-0.08521812855462438
183.3,14.918115397595239,-0.00337237428463856,-0.007685654317934757,-0.077743657844021
183.4,15.462477472964329,0.0012079809488948676,-0.00965154756155481,-0.05977772676188887
183.5,16.001651542746355,0.0056637666916095585,-0.009260898166851366,-0.03535517743193065
183.6,16.52018454959334,0.009056123067010693,-0.0066915785991298726,-0.012550368105510013
183.70000000000002,17.001316852759402,0.010772511281957482,-0.00280983014787399,0.0028051885937974523
183.8,17.427416495618008,0.01072711713904033,0.0013180013703705622,0.011498661423775735
183.9,17.78077345824386,0.009200175652794886,0.004827708516693749,0.018934067936737412
184.,18.04462241244804,0.006629876687497316,0.00715090057621411,0.029916907490107593
184.1,18.204260229592723,0.0035317018127999063,0.007999942787185731,0.04484870062257003
184.20000000000002,18.248142149552432,0.00044123461225623213,0.007398165792193071,0.05980344779423672
184.3,18.168866932257004,-0.0022162890459537623,0.00566779510280409,0.07006723710197368
184.4,17.963988373002024,-0.004244764848721062,0.003280080801509782,0.073561422419302
184.5,17.636613474137558,-0.005671182301791676,0.0006593263225622157,0.07125921036758699
184.6,17.19576373262287,-0.006640807918746471,-0.0019175063118228657,0.06549713059194914
184.70000000000002,16.656483529268062,-0.007309113225118372,-0.004303776196162912,0.058419195708922206
184.8,16.039676129894595,-0.007777590367403558,-0.0064106319518262974,0.05139149161919376
184.9,15.37163033627321,-0.008065903880827341,-0.008132368829875994,0.04506562476454243
185.,14.683167751170355,-0.008101334384124696,-0.009292763700066419,0.03964443679265191
185.1,14.008298082004723,-0.007720778487006412,-0.00962637055636929,0.0351412792396408
185.20000000000002,13.38224417329351,-0.006699730991994719,-0.008817154889559824,0.03158815824289023
185.3,12.83874918241029,-0.0048315156276361034,-0.006618476909577358,0.029181890185078618
185.4,12.406787898085476,-0.0020577394082462045,-0.0030417553462717133,0.028323393411908357
185.5,12.107200470089975,0.0014115294058339941,0.0014810531225192894,0.02949550138854772
185.6,11.95018568187554,0.005098960678688215,0.006112236222073137,0.03301917775891725
185.70000000000002,11.934650533938736,0.00843103429593925,0.009864292529659204,0.038867876624227395
185.8,12.049825984865027,0.010968188844033971,0.011955987597846236,0.04669592428684592
185.9,12.278575605431312,0.012516839380587301,0.012033380315775468,0.05599998890652874
186.,12.601139133027019,0.013066688074151024,0.010161979953886851,0.06614861550774485
186.1,12.998110459726668,0.012645301765288785,0.006694175621724476,0.07608133652213786
186.20000000000002,13.452046653216886,0.011210316680385114,0.0021677185980884233,0.08372085582168254
186.3,13.94774347795383,0.008652944137012373,-0.002695461374732981,0.08555093959749617
186.4,14.47158959824994,0.0049459840693209245,-0.006954900856512427,0.0774541533990271
186.5,15.010510065995188,0.0003943482445765008,-0.009569794857147849,0.05787273705569597
186.6,15.550938199715057,-0.004232442582357715,-0.009814052594591852,0.03148285544032963
186.70000000000002,16.07811358397224,-0.007962086176065865,-0.007741265251984274,0.007888675028478865
186.8,16.575852349140316,-0.010133217705355272,-0.00416357513256283,-0.00566629061815734
186.9,17.026805998872415,-0.010630937742743105,-0.0001242020328733917,-0.009545059523053958
187.,17.41313300038714,-0.009697036766044848,0.0035532919425810545,-0.009978330988895993
187.1,17.717457474489937,-0.007670631984701065,0.006333099311966777,-0.01408935000845306
187.20000000000002,17.923976112367814,-0.004915669323475875,0.007866033649729959,-0.02560829121357999
187.3,18.019586540478127,-0.0018628865789366558,0.007982708353258814,-0.04270038761546603
187.4,17.99493545227695,0.0010236101171315819,0.006783681416722097,-0.05941523433955772
187.5,17.845313180950832,0.0033959516759123586,0.004638760453336568,-0.07021066070812558
187.6,17.571346893520307,0.005136640576679289,0.0020190959270191973,-0.07332928671338779
187.70000000000002,17.179464007022318,0.006326443935540134,-0.0006915573123535654,-0.07040389555538541
187.8,16.68210885999289,0.007126683837760987,-0.0032640901662175704,-0.0641823411493845
187.9,16.097697105233575,0.00767787016589287,-0.0055785446297111916,-0.05690786810190462
188.,15.450280866549605,0.008047049707565842,-0.007540394477599884,-0.049887472773067744
188.1,14.768870582529125,0.008207387376334533,-0.009007766149046597,-0.043686289025242055
188.20000000000002,14.086318062822839,0.008033507056671095,-0.009750088409606884,-0.03845940898402552
188.3,13.437625361097062,0.00731658591417794,-0.009456967321954538,-0.03424003338504525
188.4,12.857550856802586,0.005821155031808071,-0.007823972281598184,-0.031153111182320538
188.5,12.377517233970798,0.003400454388556571,-0.004725030221169279,-0.029529282978149423
188.6,12.022155325903231,0.00013851166757929134,-0.00041207975397133354,-0.02986178306099286
188.70000000000002,11.80627619995621,-0.0035833204830186542,0.004403947057420172,-0.0325942128006839
188.8,11.733336315654325,-0.007192491229004422,0.008719623587784041,-0.03787306869163736
188.9,11.796145448144356,-0.01016014259575832,0.011596469085939703,-0.0454694344004917
189.,11.979653807777249,-0.012183479277589209,0.012472687263401816,-0.054895013185008425
189.1,12.264737590410306,-0.013186931546457644,0.011247657575084427,-0.0654731854855221
189.20000000000002,12.631639703200166,-0.013185982959616815,0.008178597747218273,-0.07608444228145074
189.3,13.062171409144705,-0.01214599712223943,0.0037581467045384002,-0.0845354210356951
189.4,13.540475339620597,-0.009943239744361718,-0.0013079131142917577,-0.08698240868347328
189.5,14.052658515221843,-0.006490231884527026,-0.0060523467187207775,-0.07866071835435987
189.6,14.585805745881508,-0.002010716423381622,-0.00932749483838814,-0.05740013724458427
189.70000000000002,15.126863705091317,0.002758829244841997,-0.010229829035730767,-0.028217533664871
189.8,15.661759560874822,0.006795073702462528,-0.00866153842765892,-0.002324388435809963
189.9,16.174961970407658,0.009359510860408779,-0.005389440691775858,0.011313896376292164
190.,16.649548040573695,0.010304441471286804,-0.0014774231674269586,0.012268436007044714
190.1,17.067729554930953,0.00987393443123316,0.0022516881164746146,0.0068425238445334
190.20000000000002,17.41172445611479,0.008380225021652105,0.005308653680394361,0.0032010201156798474
190.3,17.664833166933548,0.006082789975049226,0.007374099302530108,0.007739506043204472
190.4,17.81258375930277,0.003262774028446514,0.00819368494703135,0.022294610341798
190.5,17.843832279823754,0.00030860006202264767,0.007656379060217272,0.04267403320263439
190.6,17.751733362047396,-0.00235253591088219,0.005931125452412324,0.06114321240640857
190.70000000000002,17.534523944045173,-0.0044373570194428036,0.003438992228405329,0.07188835551734132
190.8,17.196085293772498,-0.0059021945871534105,0.000648888563368532,0.07400794750563733
190.9,16.74626349246679,-0.0068736099205334794,-0.00209831648387227,0.0700320873862962
191.,16.20093431864197,-0.007518286705976906,-0.004616348320093225,0.06311937091447997
191.1,15.581792668678887,-0.007951641607942504,-0.006799793108481867,0.05553826386068452
191.20000000000002,14.91582610971568,-0.008197800275784754,-0.00853358376443559,0.048478782561680936
191.3,14.234395611080378,-0.008177679827078463,-0.009628454376094404,0.042397762986905355
191.4,13.57180197674734,-0.0077148220053390205,-0.009802066911127637,0.03741237018757932
191.5,12.963195234810277,-0.006572651244073638,-0.008729488959055839,0.033605082396986334
191.6,12.441753648076078,-0.004546432664544705,-0.006184562842827236,0.031218558420565517
191.70000000000002,12.035304739952304,-0.0016044839286196999,-0.002246624997888849,0.03070121040693612
191.8,11.762992308162687,0.0019969458640468267,0.0025450681674510163,0.032563818995694264
191.9,11.632999085636516,0.005742228554408283,0.007250208854355182,0.03711905085339581
192.,11.642297467583262,0.009055742483572026,0.01083472300100817,0.044306345341133764
192.1,11.778685543506723,0.011529685187597899,0.012539216271807664,0.05372447659833296
192.20000000000002,12.02434567875315,0.01300170400313665,0.012067003591258606,0.06470983250420541
192.3,12.359579482392245,0.013454947388455282,0.009540628621871834,0.0761316072607414
192.4,12.765573741140928,0.012857322231052994,0.005374893726820047,0.085730518576474
192.5,13.225719427336298,0.011075202514373252,0.00023073389519618796,0.08934604444711824
192.6,13.72562734077374,0.007959920222899536,-0.004926528529819926,0.08140218581579521
192.70000000000002,14.252308181816264,0.0036347956172576943,-0.008856921790736265,0.058689771297682984
192.8,14.793038981815535,-0.0012208738625227639,-0.010457461825520107,0.026166136897603904
192.9,15.334341091030144,-0.005530362048503319,-0.009434022048037147,-0.0032718218009753362
193.,15.861342373138003,-0.008448376335568721,-0.006488263648810879,-0.01857766441394155
193.1,16.357641904178504,-0.009771226679591884,-0.002728324810568439,-0.01837349512750004
193.20000000000002,16.80566833862816,-0.009754376862296115,0.0009804515525155626,-0.008845914980665606
193.3,17.187437512493585,-0.008731280471985603,0.004169994514655238,0.0016783657371299266
193.4,17.485572977726747,-0.00692536436960405,0.006585647043269137,0.005639803982184638
193.5,17.684447304657624,-0.004494269873760456,0.007993198296272633,-0.0020232858881352464
193.6,17.77131935141673,-0.0016772867242054966,0.008161061234188558,-0.021202314613943233
193.70000000000002,17.737370617412395,0.0011374042831973716,0.007025614310742565,-0.04526276428884874
193.8,17.57857294522146,0.003544591912925571,0.004837899389332866,-0.06493044679726062
193.9,17.29634479490936,0.005329375063415747,0.0020733092154675272,-0.07475790934382812
194.,16.89797142291228,0.0065219620938130555,-0.0008112671092002427,-0.07520687168758779
194.1,16.396773946075268,0.00728446143263598,-0.0035234045564402376,-0.06982299472003979
194.20000000000002,15.812011495768619,0.00777527206003105,-0.005913350872183708,-0.062080033686714116
194.3,15.168486614430114,0.00807335089860953,-0.00787648026681371,-0.05416163882454215
194.4,14.495794291176477,0.008152761694619662,-0.009264308030090682,-0.04708387248224537
194.5,13.827112672106145,0.007882197695839338,-0.009838489763811865,-0.04118805053082566
194.6,13.19739829897518,0.007048357551821271,-0.00928781070766248,-0.03657701369520606
194.70000000000002,12.640872096481218,0.005423249117284537,-0.007331246698619393,-0.033411557121301595
194.8,12.187846723131457,0.0028869731983594284,-0.003905699107268852,-0.032050848055805395
194.9,11.861306424857556,-0.00043669245106244946,0.000640316803059469,-0.03300200389214577
195.,11.674100086134432,-0.004138954429421777,0.005503806176952751,-0.03669978029514488
195.1,11.627795719128798,-0.00765790487150414,0.009641634241064966,-0.04327433848139571
195.20000000000002,11.713805408899612,-0.010510007725953887,0.012141467202124069,-0.05248392439420666
195.3,11.916427590583487,-0.012436609962275653,0.012500038638041746,-0.06375668209865369
195.4,12.216626487978242,-0.013365279109683636,0.010666131924708193,-0.07602265792210454
195.5,12.59525428437446,-0.013254364663460746,0.006935873003799772,-0.08704049447044596
195.6,13.034952314632836,-0.011964157275548861,0.0018869659633398807,-0.09240523217246437
195.70000000000002,13.52064770035577,-0.009288628387013066,-0.0035601644737005547,-0.08563126631006651
195.8,14.039012757934435,-0.0052315567957036445,-0.008109279207096405,-0.06200299597829976
195.9,14.577407210161475,-0.00037651077053989945,-0.010450538598816533,-0.025843293490401122
196.,15.122776549823127,0.004162560777824038,-0.01003827526856151,0.008239091000047816
196.1,15.66084311211279,0.00740821040973351,-0.0074629545709400495,0.026588041951686313
196.20000000000002,16.17576868753223,0.009066542668514511,-0.003879010536525364,0.026675373318965315
196.3,16.650326764395274,0.00939199058265314,-0.0002289885754615478,0.014739895656464405
196.4,17.066518973051107,0.008758610688438325,0.0030006341205434184,-0.0009290860259370138
196.5,17.406511170639593,0.00740812819410213,0.005607301112715017,-0.012822902061069301
196.6,17.65374567579409,0.0054393808583891225,0.007432132772893836,-0.014416011262079883
196.70000000000002,17.794095909888416,0.0029447552943433447,0.008238781939720049,-0.0017045917406692728
196.8,17.816954775246757,0.00017210837552334612,0.007795524269248398,0.023112530799265202
196.9,17.716177583342787,-0.002462631833507085,0.0061066733056544965,0.05066301958622635
197.,17.490827323541815,-0.004581299500330439,0.0035261657190348516,0.07050053180710049
197.1,17.145690993296192,-0.006051254875638143,0.0005774814205075435,0.07835620183400076
197.20000000000002,16.69154881298042,-0.0069747935926056425,-0.002312107909512795,0.07650682006312626
197.3,16.14518182029559,-0.0075346761719903305,-0.004904079891421417,0.06948083841460562
197.4,15.529095235506649,-0.007865585998294658,-0.007076067788332362,0.06088331594048948
197.5,14.870912476645055,-0.008000235904943344,-0.00871068152569687,0.05268555709104529
197.6,14.202358120615989,-0.007860651607647552,-0.009619969030854957,0.04568568120917867
197.70000000000002,13.55770901158434,-0.007273386685202094,-0.009530576836952945,0.04011872894453855
197.8,12.971587394185383,-0.006016906677902348,-0.008148016210503988,0.0361017281269611
197.9,12.476067662969516,-0.003918553956738181,-0.005310070036300104,0.033885864282446006
198.,12.09734195931512,-0.0009863004697597314,-0.0011864186846232726,0.03391090962410386
198.1,11.85261315450279,0.002503419570388503,0.003603046125771575,0.0366644136795162
198.20000000000002,11.748209847815572,0.0060603442228505,0.008092273016879882,0.04244670483237914
198.3,11.779758204256582,0.009174259659265287,0.011287794130462553,0.05122064845434337
198.4,11.934473895553795,0.011501706717084297,0.012499110685587749,0.06258579427432039
198.5,12.194703327346142,0.012898571364283401,0.011476816862161671,0.07562229061464683
198.6,12.54141759413345,0.01329807751111374,0.008359267910404226,0.08822237610020517
198.70000000000002,12.956656365208996,0.01255569047573947,0.0035999636409815177,0.09588081927978369
198.8,13.424570972793983,0.010417139300500115,-0.0019761499862672905,0.09121318547951762
198.9,13.931270813852514,0.00675381219170206,-0.0070724373966597216,0.06753495552150278
199.,14.463945285796434,0.0020064444204778153,-0.010187508793745293,0.027723744760762736
199.1,15.009759808388,-0.0027094844885620114,-0.01046842767604761,-0.012041024693562394
199.20000000000002,15.554919578810745,-0.006267017465556525,-0.008326537431497541,-0.03475423893516123
199.3,16.084143053350722,-0.008241657362705174,-0.004945709451756024,-0.03630684741801853
199.4,16.580637887635987,-0.008862523617729936,-0.0013704095813470716,-0.02327370073222031
199.5,17.02655244873834,-0.008544044619066467,0.0018560716820329286,-0.004230252735959812
199.6,17.403798810344625,-0.007574737335511634,0.004548887073401496,0.013804359292365436
199.70000000000002,17.695108705966113,-0.006056063648191755,0.006626211714221379,0.024539026890168823
199.8,17.885183210060497,-0.003991730162558996,0.007925406498270867,0.021812772380570226
199.9,17.96181681180454,-0.0014606463312068093,0.008167412260636808,0.0024637563097422398
200.,17.91690486984412,0.0012366463212684245,0.007133039295075483,-0.02859151944532352
200.1,17.747271661193686,0.003647273924523668,0.00493369918739257,-0.058829761067286816
200.20000000000002,17.45527962012574,0.0054431984812621705,0.002041776642182758,-0.0773679457945173
200.3,17.04919661506281,0.006590691455660894,-0.0009920967989199404,-0.08212762165865713
200.4,16.54330575659122,0.007255423600622592,-0.003792900145095949,-0.07749606693222184
200.5,15.957739403446368,0.007621439112080077,-0.00617784353243165,-0.06876354160839436
200.6,15.318003328980144,0.007785109414141183,-0.008039891256677997,-0.05941368219476828
200.70000000000002,14.6541273904101,0.007727521538587328,-0.009238231356696864,-0.05108298212058479
200.8,13.999341610402148,0.007324026611915934,-0.009549541492192873,-0.044329444056011344
200.9,13.388155530983314,0.006378877493884859,-0.008695411876443179,-0.039304228914306134
201.,12.853767606551541,0.0046981603382254935,-0.006456615483260498,-0.03616198900255961
201.1,12.424923236359293,0.002203946738513681,-0.002856052222532877,-0.035234982406072375
201.20000000000002,12.122699296357931,-0.0009572036709539455,0.0016798035483845059,-0.036993079198755816
201.3,11.958075725009943,-0.00440279942353229,0.006323187686079696,-0.041852837046453435
201.4,11.931222100800113,-0.007646732431403532,0.01007606783968895,-0.04998418492520144
201.5,12.032911540839878,-0.010290002295879045,0.012104997219205315,-0.06121310753153667
201.6,12.247575295624408,-0.012115101466747739,0.011960976102117809,-0.07485624169916731
201.70000000000002,12.55684627726027,-0.013017611738869232,0.009597859439745449,-0.08907254092819285
201.8,12.942442812948448,-0.012848004236288742,0.005310610294981169,-0.09946837594306801
201.9,13.38777336850756,-0.011317896308034283,-0.0002195296969876982,-0.09792134907614206
202.,13.878251654835344,-0.00816479599134471,-0.005763868206677122,-0.0754083741221653
202.1,14.400695635027917,-0.00363868287817884,-0.00967158925588984,-0.03229189666300571
202.20000000000002,14.94230320209501,0.0011980118586047241,-0.010736351848678017,0.01416114458895299
202.3,15.489642281001752,0.005062471516451721,-0.009104623619417737,0.04267007965302371
202.4,16.027959020624913,0.00735456754585728,-0.005956554794823766,0.04673726774491037
202.5,16.540956553120022,0.008247335833371667,-0.002457118808317113,0.03350006797490953
202.6,17.01106422029192,0.00818681452688089,0.0007598328400302087,0.012421092042015122
202.70000000000002,17.42012224240236,0.007517520736078689,0.0034907477740082162,-0.009744384958019922
202.8,17.750355193016183,0.0063811551347925585,0.005703357280585932,-0.027779917193347006
202.9,17.98549392608306,0.004761265845738138,0.007329704250161668,-0.03567614593406701
203.,18.111917900157568,0.002612182624842742,0.008148552955083576,-0.026853160320546385
203.1,18.119715294085935,0.00005020270136801278,0.007830319423816994,0.0006751329824620148
203.20000000000002,18.003586824443506,-0.0025382201441600865,0.006207905343082346,0.03806100486785951
203.3,17.763544569983956,-0.004676272973760053,0.0035472485875670413,0.06942930061112235
203.4,17.405376258056403,-0.00612316784944286,0.00043766249920637243,0.08482825030974134
203.5,16.940856735886907,-0.006955075759280825,-0.0025801789229389395,0.0854599012392442
203.6,16.387690189987797,-0.0073824873474424195,-0.005205508627299325,0.07780667794382404
203.70000000000002,15.769157023754575,-0.0075689779254153365,-0.007306263272032498,0.06750089355486147
203.8,15.113416499687533,-0.007561286671327732,-0.008776334547867045,0.05762259334022792
203.9,14.452382901200906,-0.007288897497113577,-0.009445256534259396,0.04938065320464377
204.,13.82006431321952,-0.006592114272671992,-0.009068151684313396,0.04309832410819733
204.1,13.250268435290856,-0.0052775733046337165,-0.0074014051417661,0.038875234636669795
204.20000000000002,12.773703813335425,-0.0032114635155525784,-0.004357918150961189,0.0369207671418137
204.3,12.414788561153294,-0.00043009734526131455,-0.00018514569005549436,0.037631067452407484
204.4,12.188860510123321,0.0028026349625544632,0.004457285189033009,0.04147274633922554
204.5,12.100706743725867,0.006061822167175842,0.008628720220608689,0.048789006147319874
204.6,12.14507387264029,0.008927436850184238,0.011406306419300283,0.05964974242652854
204.70000000000002,12.309061542439515,0.011119313278780626,0.01215942333005244,0.07367034450444397
204.8,12.575502328923049,0.012489533068503506,0.010646869428926916,0.08940328140979925
204.9,12.926145167452617,0.012883867128491417,0.00698335756636998,0.10282451371886127
205.,13.343790171494442,0.011998404919920637,0.0016693008421651155,0.10540908391529798
205.1,13.813119887359376,0.009450060382603905,-0.004205478976262247,0.08564147667730765
205.20000000000002,14.320454713949148,0.005257410658278197,-0.008910189703618378,0.040082708416888824
205.3,14.85288461355764,0.0003569806188958581,-0.01085820338970668,-0.013977609696762322
205.4,15.397241325227702,-0.0038216838243786966,-0.009828850111691096,-0.04998129939454825
205.5,15.939271210912226,-0.006452297016701673,-0.006947284980378134,-0.05769215218164744
205.6,16.46322323652299,-0.0076144897506200725,-0.003515499782072674,-0.044848597579653614
205.70000000000002,16.951925069710175,-0.007775330066149602,-0.000290620867363499,-0.022527630633101918
205.8,17.38730893347018,-0.0073365783979335375,0.0024735318962457965,0.002182890257036073
205.9,17.751279238588875,-0.006496045754935463,0.004761172580055462,0.02514110528141407
206.,18.026785241344278,-0.005265177448233493,0.006580905658680625,0.041886787709244776
206.1,18.19896442604686,-0.0035474598640121463,0.007817041173044766,0.04547175288978725
206.20000000000002,18.256243126153084,-0.001292653618609763,0.008161903486681693,0.028460780171229667
206.3,18.19130864266708,0.001296161932247013,0.007252354518580602,-0.00875321960157637
206.4,18.001894020041945,0.003728435192420289,0.005037383412575932,-0.05169110070729903
206.5,17.691338449336097,0.005542887067989406,0.0019804390673795395,-0.08172266817597724
206.6,17.26890090273722,0.00662924626329849,-0.0012420691365286104,-0.09196281871940877
206.70000000000002,16.7498106278004,0.007170051445435305,-0.004148413647581459,-0.08773662338364588
206.8,16.155033785568765,0.007392139053103318,-0.0065256779291429715,-0.07714851834316457
206.9,15.510718914378835,0.007417468294030207,-0.008278462879744198,-0.06560160238514222
207.,14.847255416801078,0.007236310880550773,-0.009285633979230884,-0.05551868651381254
207.1,14.197847708189192,0.00673114962691527,-0.009345622503253504,-0.0476409052973526
207.20000000000002,13.596500511097494,0.005722575257988625,-0.008213638267515628,-0.04209351925413876
207.3,13.075381579470188,0.004044510391075467,-0.005725175981448755,-0.038967164612672335
207.4,12.661738561480254,0.001647000925828584,-0.0019728739947354524,-0.03854330125906809
207.5,12.374894247552351,-0.0013191471078838673,0.0025593966425589364,-0.04127406553514995
207.6,12.224161071363323,-0.0045106785252633725,0.00703104620489463,-0.04762176750565273
207.70000000000002,12.208486527366233,-0.007516227694760475,0.01048011739843075,-0.057883587172388604
207.8,12.318082049045348,-0.010008888648440665,0.012121865969184418,-0.07200065702524126
207.9,12.537458877933526,-0.011796344917604984,0.011521518915583388,-0.08901529272867274
208.,12.848760532162254,-0.012720230559814383,0.008604071798489158,-0.10554035387208029
208.1,13.23436596924367,-0.012482519591150772,0.0036672859712609676,-0.11315354836728525
208.20000000000002,13.678256096090715,-0.010609314805075145,-0.0024021353171372168,-0.09805637763969652
208.3,14.166186550767671,-0.006863278506533053,-0.007889091012872352,-0.0516693836684411
208.4,14.685042883423426,-0.001964421279800837,-0.01083155542999579,0.010632781441272924
208.5,15.221848448541373,0.002545052850996887,-0.010522975663740948,0.05622640154038309
208.6,15.762833862054515,0.005556009301896972,-0.007954262365054327,0.0690349125882273
208.70000000000002,16.292844712359173,0.007005617057715086,-0.004579063148546139,0.05707390751471654
208.8,16.795218202674466,0.0073706561196026045,-0.0013153256166564195,0.03384092688111533
208.9,17.25213353514707,0.007111420347524598,0.0015041797528177153,0.00752754824416625
209.,17.645353036095585,0.006486637446854898,0.003852344164189659,-0.01832619613496313
209.1,17.95722561358214,0.005558442745246691,0.005783638747278214,-0.04109792326840045
209.20000000000002,18.171814719860755,0.004240670013548973,0.007283901977218771,-0.055676524020521576
209.3,18.276027440714124,0.0023899987847951385,0.008151827735107278,-0.05304224276828406
209.4,18.26064719723151,-1.707646111472383e-6,0.007980134684016139,-0.025128187175732154
209.5,18.121200404974996,-0.002594359236982694,0.00641795131285726,0.022852542650964928
209.6,17.85861167236549,-0.004800757158615988,0.0036170225889288446,0.06910453629244932
209.70000000000002,17.479619932906928,-0.0062435895174430284,0.00025656860578587555,0.09444890258553996
209.8,16.9969377605171,-0.0069782130066943365,-0.002965169490319374,0.09770621834949302
209.9,16.429136484263022,-0.007268381993818439,-0.005674665483885554,0.08841826663784733
210.,15.800228688110186,-0.007322199221441789,-0.007744217722876072,0.07534530384059876
210.1,15.138896250043382,-0.007202569988473397,-0.00909180917408378,0.06305796767965123
210.20000000000002,14.477280479724076,-0.006841204889285772,-0.009565553296080212,0.053161023126681965
210.3,13.849229232403976,-0.006081897470968444,-0.008937538233861324,0.045956300142254145
210.4,13.287926084698194,-0.004743629983970696,-0.006993371129701307,0.04143995226877126
210.5,12.822971131882852,-0.002711941523964387,-0.0036963458377779375,0.03974683943659573
210.6,12.477277977272694,-0.000036502467103500875,0.0006424230378800468,0.04125346679433201
210.70000000000002,12.264509375613573,0.0030304031757204084,0.005311971001617402,0.04647717813952782
210.8,12.187927593931096,0.006108998799427793,0.009356056171438046,0.055901150965065205
210.9,12.241202346993592,0.008841780918550297,0.011866532394062905,0.06978353716401912
211.,12.410951401096652,0.010992533831235171,0.012222356842354383,0.08770469408978109
211.1,12.680070300685376,0.01239708548116635,0.010156703113239138,0.10714367037789722
211.20000000000002,13.030723981976868,0.012783849471154062,0.005757570205332676,0.12040586273958348
211.3,13.446249330925568,0.011633730270851326,-0.0003409443437971186,0.1121191480423662
211.4,13.911794889203941,0.008456317935132698,-0.006557904834288792,0.06753298524221646
211.5,14.413962102691189,0.0036514512836603053,-0.010612673010081545,-0.002935029556823147
211.6,14.939901873190578,-0.0012022891704205453,-0.011184676745260223,-0.06064567530437479
211.70000000000002,15.47631437288924,-0.004655054418287545,-0.0090043083193809,-0.08062866835002706
211.8,16.008689800096224,-0.006431579169719222,-0.005681939791292434,-0.07016135692575236
211.9,16.520982037458737,-0.007002250914875875,-0.002343764093070808,-0.04603815163915789
212.,16.995769062835862,-0.0068904758916376865,0.0005671697535200732,-0.01846268208720086
212.1,17.41484819897764,-0.006418737847789249,0.0029905067109651812,0.008987172346398866
212.20000000000002,17.760150992162437,-0.005706390864963165,0.004999138722103754,0.03514204825674915
212.3,18.014839309851602,-0.004710848912232785,0.006651959458863505,0.05744283188338466
212.4,18.164450569106286,-0.0032730466154036212,0.007873238985590827,0.06870965490345554
212.5,18.197982795536962,-0.0012340039827287274,0.00834377553514396,0.05689242676822506
212.6,18.108838420634253,0.001313291794256924,0.007560274694429355,0.014765373351921914
212.70000000000002,17.895572148229444,0.0038461986893800963,0.005273546963312428,-0.04366887456943218
212.8,17.562409072061573,0.00573346647620654,0.0019341061483245706,-0.08896090753288362
212.9,17.119512663387113,0.006771207987938642,-0.0015988820104966388,-0.10584031439188003
213.,16.5829868799228,0.007186594462502589,-0.004700787010350612,-0.10101891357654245
213.1,15.974590685008593,0.007276623459937554,-0.0071377089336466274,-0.08714936559991963
213.20000000000002,15.321124943703882,0.007195605871524465,-0.008843766830804638,-0.07237002583568497
213.3,14.653422066701294,0.006936429778204515,-0.009720953167595437,-0.05995179119919687
213.4,14.004838634294783,0.006375250616908172,-0.009575319783887244,-0.05066195372307857
213.5,13.409151472982337,0.0053300364841809495,-0.008168355035536225,-0.04446204002584213
213.6,12.897845020194225,0.0036407656094784597,-0.005359884572595949,-0.04131423936951649
213.70000000000002,12.497010680438583,0.001269638028345122,-0.0012962810276427113,-0.0414573475699358
213.8,12.224436655867247,-0.0016259268334385879,0.003464561735475285,-0.04539145776111002
213.9,12.087753325146192,-0.004717057716230991,0.0080162404119713,-0.05372585317935737
214.,12.084394916043658,-0.007632337349334376,0.011362635085339157,-0.06699568686657222
214.1,12.203509326550366,-0.010092466053492597,0.012707650377590285,-0.08531088079660909
214.20000000000002,12.429123949519948,-0.011921075889255233,0.011592949541789736,-0.10715813903878814
214.3,12.743424633311522,-0.012887103784339693,0.007900607549523335,-0.12620646610344513
214.4,13.129178756151024,-0.012482650923392426,0.001984988378591603,-0.12675955212658793
214.5,13.570885766463098,-0.010007249486907576,-0.0048370466558944674,-0.08775484005360287
214.6,14.054769314286052,-0.005441648315646514,-0.010101309260376314,-0.01063123303369296
214.70000000000002,14.568021136882374,-0.00025974622244388193,-0.011765031954972575,0.06194745390037998
214.8,15.097771230212237,0.0037085842751124237,-0.010101001588478733,0.09215841448604756
214.9,15.63018024081865,0.005874203463412299,-0.006850699461997598,0.08422167900166784
215.,16.149910157797688,0.006670866947623823,-0.0034075781155977272,0.05910198231419323
215.1,16.640081879018698,0.006692313981765089,-0.00036524485100625817,0.030145662762730032
215.20000000000002,17.08270523579674,0.006330567759618333,0.002162739194450688,0.0016620278685406879
215.3,17.459484899424936,0.00576261210917957,0.00424762527823813,-0.02603868082916024
215.4,17.752866706095453,0.004999874303761032,0.005990658583093243,-0.05262245792901351
215.5,17.947185182993422,0.0039173271336277815,0.007418343261531431,-0.07421974742421804
215.6,18.02979135060748,0.0022992556659256957,0.008357670722003179,-0.08000934406384598
215.70000000000002,17.99206765910919,0.000013421868319135933,0.008338722918911233,-0.054430609203816115
215.8,17.830265212280526,-0.0026656197756511385,0.006803513434916042,0.005034655460607231
215.9,17.546122191076616,-0.005017087522752663,0.0037523814867285506,0.07064189406419766
216.,17.14723922910634,-0.006483239755173079,-2.636509258608166e-6,0.10867588762149384
216.1,16.647196052652898,-0.007113345348260613,-0.003538360781072827,0.1139157329159831
216.20000000000002,16.06539240172776,-0.007264370340357937,-0.006402104775138362,0.10115168947168152
216.3,15.426583052294177,-0.007204903909406472,-0.008494975354725482,0.08385921722354554
216.4,14.760050756630113,-0.007008829598658185,-0.009771325878494528,0.06836529014407815
216.5,14.09832733685615,-0.006596738995488884,-0.010089066263160374,0.05645739081389753
216.6,13.475352981607227,-0.005798848780710772,-0.009213114850841031,0.048197273290517484
216.70000000000002,12.924004160508469,-0.004427630328526018,-0.006929365259580959,0.0433595876089072
216.8,12.473088036739474,-0.0023733672522849598,-0.003233976163269324,0.041979224386016124
216.9,12.144225231368914,0.00030140256971259203,0.0014866766372612049,0.04445593245911726
217.,11.949407819651018,0.0033370891967448657,0.006423781542554566,0.05144725316246116
217.1,11.890124552764846,0.006369034124761472,0.01054013943846672,0.06369835206549558
217.20000000000002,11.958517628366002,0.009079069253561042,0.012884952434649481,0.08178498929521098
217.3,12.140202468788551,0.011267844966958235,0.012810277754468084,0.10521789698220625
217.4,12.417695486915896,0.012746626966753358,0.010001862619440161,0.12952074769742353
217.5,12.773313586608374,0.013074253401375151,0.0045351612103187635,0.1402922558663815
217.6,13.190870192614774,0.011430461557886797,-0.002652367719402737,0.1115297362077633
217.70000000000002,13.656088965429785,0.00732177291991441,-0.009142437761816283,0.031637286352430294
217.8,14.156066530779762,0.0018992979145498543,-0.01214888575406879,-0.05805592231828252
217.9,14.678266760007824,-0.0026516232596563425,-0.011207847522981026,-0.10286912065781974
218.,15.209494811947188,-0.005290447940062581,-0.008094330118412573,-0.09936396159105437
218.1,15.735172518609915,-0.0063539371456693815,-0.004533581259711427,-0.07323223847940032
218.20000000000002,16.239083829760464,-0.006511665298679686,-0.0013252052287769862,-0.04247230348753369
218.3,16.70362043982991,-0.006235575263098264,0.0013407962669129182,-0.012927902560129222
218.4,17.110456249401118,-0.00576108591205369,0.003519283548314366,0.015384840011077136
218.5,17.441522899313252,-0.005152392433978414,0.00533026957266277,0.04366871696775395
218.6,17.680142543199754,-0.004337718410252942,0.006866422123922654,0.07117464215922674
218.70000000000002,17.81218597738433,-0.0031190374779218205,0.008091224488427555,0.09119337175132239
218.8,17.82715047369545,-0.0012421596400038763,0.008688379598824897,0.08734745312918846
218.9,17.71908130585799,0.0013246969460981432,0.008015375502177145,0.04168936567601954
219.,17.487287423565828,0.004030921048035303,0.005580721283960783,-0.03587271419253522
219.1,17.136821814303868,0.006024654036157793,0.0018242584686890373,-0.10089377837478969
219.20000000000002,16.67870930667367,0.006994403808035781,-0.00212853088044603,-0.12471083860864376
219.3,16.129907574094254,0.0072583531817267954,-0.005475559047565541,-0.11706787555694351
219.4,15.512978935010874,0.007212970016389574,-0.007990499197792378,-0.09790091254223478
219.5,14.85542927886187,0.007042305465651942,-0.009662705396545967,-0.07880599980872288
219.6,14.188637531554779,0.006728696011766044,-0.010418761112182937,-0.06363438871226597
219.70000000000002,13.546267229385752,0.006128624365415662,-0.010057363107674345,-0.05283791094544413
219.8,12.962056800026371,0.005045513991353414,-0.008326411479268592,-0.04601858251315861
219.9,12.46699075574287,0.0033169443189622378,-0.005097733257264769,-0.042939331525193025
220.,12.086119969796123,0.0009168656396572387,-0.000578817965401599,-0.04380490697013957
220.1,11.835685948431319,-0.0019802096505614534,0.004567505277755832,-0.049224102365484114
220.20000000000002,11.721473557368038,-0.005042982634273472,0.009326130597961507,-0.06006053328104472
220.3,11.73912530835856,-0.007927617670879183,0.01263115390338888,-0.0772469387873349
220.4,11.876415898386842,-0.010401509394817217,0.013654382829258073,-0.10120230614173106
220.5,12.116637010862393,-0.012305318052157873,0.011896279320796429,-0.12950446121425388
220.6,12.441877299072907,-0.013302274919615801,0.007180966451532939,-0.15061354655953313
220.70000000000002,12.835272447622208,-0.012577847622068589,3.4759773348801236e-6,-0.1366728819089137
220.8,13.281911359906672,-0.009206038957559008,-0.0075607196254131774,-0.06097530514981386
220.9,13.768604825036084,-0.0037513678691899724,-0.012145954872168884,0.045985963987661235
221.,14.282978188892121,0.0014055773936910662,-0.012231337109368995,0.11117430262225278
221.1,14.812376061988044,0.0046179966607847785,-0.009393581052038061,0.11550543653514195
221.20000000000002,15.342964241434421,0.006012036800653101,-0.005736920930542399,0.08875685486997074
221.3,15.85926193208134,0.006327242336687659,-0.002342782282172008,0.05561989955105197
221.4,16.344186343852286,0.006129977246830545,0.0004899832020070359,0.02456726944782362
221.5,16.77957158419915,0.005718497067110785,0.0027863329009133572,-0.004165690674789515
221.6,17.14704838860217,0.005205626003051095,0.0046690135450501115,-0.03268876961074086
221.70000000000002,17.429140381231477,0.004572780611469362,0.006265683829754306,-0.06248894384978461
221.8,17.61043577319782,0.00367523698210636,0.007635379528987892,-0.09121700092237484
221.9,17.678716369678323,0.0022441302352885885,0.00863781834427623,-0.10713097237211858
222.,17.62595582063235,0.000026703165391474935,0.008753973958374827,-0.08634426848004743
222.1,17.449127814903022,-0.002783575664112307,0.007200202908199331,-0.013969246626410253
222.20000000000002,17.150788049511487,-0.0053040225692807695,0.003796546729906947,0.0763217156626493
222.3,16.739409433508776,-0.006756658039909784,-0.0004438825199388219,0.12891505226120897
222.4,16.2294569390692,-0.007225154855423492,-0.004305826826172949,0.13370283121668708
222.5,15.64118513077798,-0.007205596770961662,-0.007283953572155921,0.11469738802702159
222.6,15.00012545933534,-0.007027840346420402,-0.00935106986133572,0.09170969216443506
222.70000000000002,14.336201129046351,-0.00676091249239302,-0.010511808535045677,0.07253169019731152
222.8,13.682371312764166,-0.00630282346559694,-0.010629297384594916,0.05860153073363811
222.9,13.072688525065175,-0.005465970622492385,-0.00945441344326114,0.04943304219433601
223.,12.539706869452628,-0.00405779712252011,-0.006773877981939878,0.04445656542913478
223.1,12.111375780882918,-0.0019789587251001803,-0.0026283934926009038,0.043580686814225326
223.20000000000002,11.807912351876888,0.0006885064565682371,0.0025020583729271524,0.047252446740408585
223.3,11.639513037539365,0.003675206234682963,0.007698054749202906,0.05634046899770351
223.4,11.605803325932028,0.006636866904892,0.011844081647356735,0.07199509444076875
223.5,11.697382567710445,0.00930604626255881,0.013959460613792276,0.09532545997174834
223.6,11.89892623709566,0.01152984408046695,0.013371980217400332,0.12581310034838258
223.70000000000002,12.192678979792943,0.013081400405954817,0.009697637144573945,0.15576883089182908
223.8,12.561215078156128,0.013274588149243658,0.003006557073905233,0.15956581828460095
223.9,12.988890164245758,0.010919239790007123,-0.005239929169592471,0.09760832862911972
224.,13.462011489908388,0.005789664326841879,-0.011511982182410157,-0.022220428091793584
224.1,13.968124583203222,0.00010389725499236728,-0.013011328467382927,-0.11415036243018124
224.20000000000002,14.494921401364445,-0.00378339493769016,-0.010692693973150749,-0.13205064077174253
224.3,15.02921090988499,-0.0055970293620995395,-0.007015381192101023,-0.10601756695757353
224.4,15.556250902354293,-0.0061111229739920815,-0.0034398485492409406,-0.06996547116281872
224.5,16.05958184235656,-0.0060025527706339624,-0.00042250577044062546,-0.036676694494761776
224.6,16.521366962813964,-0.005641917415636462,0.002014943848074635,-0.007187138828804908
224.70000000000002,16.923148058941464,-0.005188653092149301,0.003986472778368687,0.021068991939853808
224.8,17.24687847064706,-0.004670093301794848,0.005633233333275071,0.05094509649710068
224.9,17.476086364955222,-0.004000299275279775,0.007068093938066007,0.08334477230544966
225.,17.597038737049164,-0.002959172314642639,0.008287018436733426,0.11261219242393915
225.1,17.59980550941064,-0.0012144857631857324,0.008983090026616132,0.11860837614344917
225.20000000000002,17.479153417137752,0.0013909569806833276,0.008380862661238319,0.06992776760042312
225.3,17.235225216416058,0.004272504960849783,0.005725424045999968,-0.03135548067315909
225.4,16.873978567728997,0.006315112713557745,0.0014843416596024793,-0.1197329504554979
225.5,16.407369529778364,0.00712525622206222,-0.0028606395617090186,-0.14818963236512608
225.6,15.853266633678055,0.007177144863370706,-0.006346274281314703,-0.1339785704607635
225.70000000000002,15.235070935041481,0.00697385915470516,-0.008818474563701894,-0.10748081365526345
225.8,14.58099347833943,0.006706255606864983,-0.010350053612178256,-0.08353525900180171
225.9,13.922906798696028,0.006331582057984406,-0.010894555793432346,-0.06573904662188784
226.,13.294657201447428,0.005686774335904388,-0.010246289554803929,-0.05375034952445598
226.1,12.729740796086208,0.004571323208737892,-0.008154324559205695,-0.046630972654175415
226.20000000000002,12.258376748119499,0.002835277400224755,-0.004526106641190164,-0.04389511323331237
226.3,11.904308729239338,0.00047411234462309997,0.00035261261192845314,-0.045709928670919595
226.4,11.68206075951952,-0.002325670197442218,0.00572352021235543,-0.05282224696645361
226.5,11.595590246149705,-0.0052516993821931,0.01050542186899193,-0.0664458708817733
226.6,11.638983071588486,-0.008014337370498122,0.01361876643719901,-0.08811292183383389
226.70000000000002,11.79902566547065,-0.010445539924329589,0.014238885266636012,-0.11877860304859322
226.8,12.058678082656815,-0.012401592593602496,0.011816734774636482,-0.15469860139197514
226.9,12.400228965556417,-0.013396979168637553,0.006087178320976738,-0.17602464240680252
227.,12.807302429308846,-0.01223037518625494,-0.002225541018740328,-0.13737955627746923
227.1,13.265515603029366,-0.007891673228662318,-0.010018808282028424,-0.01584991243992996
227.20000000000002,13.762066660733256,-0.0019198756133954754,-0.01332873032224045,0.10713431868664605
227.3,14.284740244626917,0.0027124964434097646,-0.011896899445000211,0.14735814979073344
227.4,14.820810690339853,0.00506073792463037,-0.00834725405437117,0.12517728911604997
227.5,15.356204150800393,0.005838477136895219,-0.004625578222050092,0.08600601206861111
227.6,15.875123594197989,0.005844655219162448,-0.0014197567305935144,0.04959265465247938
227.70000000000002,16.36019203669278,0.005537776923320234,0.0011767835393264642,0.01865436206323217
227.8,16.79305619509084,0.005126618181044407,0.0032588439059909042,-0.009498109122536976
227.9,17.155326132912684,0.004677610830961069,0.004967556333521179,-0.03849408704468723
228.,17.429703562745065,0.004155177765747827,0.006439669599737061,-0.07121561487513692
228.1,17.60116018671356,0.0034063641430025107,0.007753573140595247,-0.10692415395249387
228.20000000000002,17.658053164528294,0.0021261263675427028,0.008794458760760597,-0.1335769954980921
228.3,17.59309542625728,-0.00004178096834494309,0.008999355786331526,-0.11836045872037548
228.4,17.404126556078015,-0.0029743460247425484,0.007360023019155884,-0.030032722724010873
228.5,17.094651716095154,-0.005592561161847021,0.0035432483991681206,0.08974203184204539
228.6,16.67413003746563,-0.006908659580833981,-0.0011348649602418743,0.15514714931895776
228.70000000000002,16.157998980509262,-0.007127145242735822,-0.005161896509081781,0.15445596165395675
228.8,15.567415667824068,-0.006905956726579176,-0.008071411015852478,0.12633949603321867
228.9,14.928678099680686,-0.006602962829151011,-0.00995609384080037,0.09705739490277152
229.,14.272258702025896,-0.006258384632138652,-0.010875234293759951,0.07454538790334887
229.1,13.63134899018825,-0.005746373938969497,-0.010700666980564402,0.05913880327349613
229.20000000000002,13.039806500840289,-0.00487570148424873,-0.009189782638301778,0.04955167903603804
229.3,12.529470985314033,-0.0034695492426960813,-0.006163213271111476,0.04481745601177989
229.4,12.127041782371993,-0.0014543071498271697,-0.0017302411463935182,0.04471340515812716
229.5,11.85107594615389,0.0010721208822307192,0.0035493018125297244,0.04974016899661837
229.6,11.70998921145694,0.0038571653447868844,0.008708734804273961,0.061023519355866265
229.70000000000002,11.701879983519957,0.006612588025992678,0.012642659932713355,0.08025578696875925
229.8,11.816374443279283,0.009145493255181684,0.014408103199137169,0.1093130937809347
229.9,12.037821910794449,0.011352427783057485,0.013324371816811998,0.14769011387029063
230.,12.348661091607537,0.012947600412290521,0.008906937807914895,0.18294248669658122
230.1,12.731929783941345,0.012946487323917205,0.0012238175631393068,0.1732158527006372
230.20000000000002,13.172461869595718,0.009836871377853783,-0.007565436244494608,0.067258448479034
230.3,13.656877382518251,0.004021475071503984,-0.012937035826081437,-0.08406887458318182
230.4,14.17278852278581,-0.001339869509218662,-0.012874675097591527,-0.15795603124312776
230.5,14.707715910472368,-0.004358814779267637,-0.009694122262362602,-0.1458590672983228
230.6,15.248128839753903,-0.005492997147929446,-0.005897110274947993,-0.10425042758569798
230.70000000000002,15.778877430672654,-0.005656595935590964,-0.0025117504218670874,-0.06381336622803377
230.8,16.28313011701329,-0.005418096322526557,0.00025648476417408097,-0.030495649102313466
230.9,16.74280109714503,-0.005044886603046469,0.0024707607291946008,-0.001855133126571291
231.,17.13936674590363,-0.004639857236904122,0.0042635187662270055,0.026188712479029395
231.1,17.45493014444038,-0.004207232086069191,0.005777623343740982,0.057582313590908686
231.20000000000002,17.673389960347244,-0.0036546754617005645,0.007132084762589956,0.09466177283178008
231.3,17.78158977074825,-0.0027491511016960045,0.00834110853688407,0.13296269679755432
231.4,17.77035319154461,-0.0010978297749776019,0.00909750314756164,0.1486358856138779
231.5,17.63533949890261,0.0015573856137146508,0.008492982596937766,0.09458119011646235
231.6,17.377678744574016,0.0045565723535553005,0.0055365515173914455,-0.035685021266662426
231.70000000000002,17.00436248237932,0.006510566957301632,0.0008377246573042651,-0.14658462240740303
231.8,16.528375027321424,0.0070480260280409695,-0.003718031854352274,-0.1729954207826442
231.9,15.968549320278614,0.006855852473712158,-0.007122475231645041,-0.14800569590597762
232.,15.349119093351442,0.006502611205887192,-0.009374172484119635,-0.11346314731620596
232.1,14.698914192880569,0.0061469478181544425,-0.010634372978781304,-0.08535464255515385
232.20000000000002,14.050113337075018,0.005713147724116492,-0.010877611732654632,-0.06580397535105834
232.3,13.436447782311715,0.005030082960147741,-0.009906933171525552,-0.053322369120077984
232.4,12.890784952606008,0.003912544220272931,-0.00750264359964604,-0.04639748933714624
232.5,12.442177542246242,0.002239260806834609,-0.0036345356623472837,-0.044321413564138476
232.6,12.112773395380056,0.000028189492657174764,0.0013394162255481023,-0.04724121549790443
232.70000000000002,11.915341681221513,-0.002542355765194318,0.006621779742970436,-0.05606339097772621
232.8,11.85229568179832,-0.0052099998054032535,0.011154803308247722,-0.07242021548134983
232.9,11.916705086404253,-0.007760918971237278,0.013923533430242682,-0.09858843581173711
233.,12.09498667729332,-0.010093180622514337,0.014139638390168241,-0.13619949875960372
233.1,12.370264885016546,-0.012065060958779662,0.011191756037411965,-0.17965138064175715
233.20000000000002,12.725272800465557,-0.01301544167596282,0.004707672104374091,-0.19764388790985266
233.3,13.144092394840063,-0.011367226394366898,-0.004274158843373045,-0.12495710697844806
233.4,13.612621897162926,-0.006294904511786367,-0.011618743926356192,0.039725386052712856
233.5,14.118079609591865,-0.0003838198069793049,-0.013456892236013816,0.15771889054748836
233.6,14.64801924387848,0.003444116747883587,-0.011003604677224606,0.166481881707718
233.70000000000002,15.18930741603543,0.0050625708982823675,-0.007246258055362294,0.1250205793169747
233.8,15.727391432263364,0.005446413101266774,-0.003700272027257907,0.07992864549102169
233.9,16.246032830210552,0.005300951245877053,-0.0007497843895993223,0.04315470233308385
234.,16.727541850078627,0.004969952977783381,0.0016181494584851925,0.013161511245640306
234.1,17.153444389242562,0.004596079767481829,0.003520656633892964,-0.014397989770551421
234.20000000000002,17.50545477772255,0.004216250625913101,0.005097483500395664,-0.04403683197593483
234.3,17.766610456232986,0.003785243487064538,0.006483281672467489,-0.07969947852619422
234.4,17.922435959546913,0.0031443915250668926,0.007763431502958228,-0.1220389419638173
234.5,17.962029551375736,0.00195840969229232,0.008831331081314198,-0.1584429286638014
234.6,17.878995379023657,-0.00021150033164199608,0.009061861679244046,-0.14590264076656914
234.70000000000002,17.672170408188375,-0.0032597074331709736,0.007229350571129633,-0.035677919473801264
234.8,17.346115448918155,-0.005859131911823225,0.0029625206028323662,0.1142118819675221
234.9,16.911351876846087,-0.006908654893176191,-0.0020016801630690084,0.18376667334937927
235.,16.384329047521984,-0.006845173688039527,-0.005968918182288097,0.17114531636854294
235.1,15.787100286477397,-0.006452855103405066,-0.008640353867175115,0.13290241965400545
235.20000000000002,15.146666279152935,-0.006059876123615206,-0.010240040333955178,0.09850080578470348
235.3,14.49391555735103,-0.005660147948497509,-0.010861000116090352,0.07398790599044604
235.4,13.862064806434926,-0.005109834632853306,-0.010379904260735102,0.05807988315220741
235.5,13.284509606259961,-0.004226578304282348,-0.008575238885273645,0.048698427266405525
235.6,12.792095517635758,-0.0028596517927856387,-0.005319169430769871,0.04456965803260201
235.70000000000002,12.410061840064165,-0.0009625318398246654,-0.0007887065476779025,0.04540088804942788
235.8,12.155260115116759,0.00136174697448883,0.004411030820251625,0.05177881680707776
235.9,12.034498108383781,0.003893941965429816,0.009326878356401535,0.06511608351187341
236.,12.044702883226929,0.006410919961490902,0.012920980711096654,0.08769471282556421
236.1,12.174945895766017,0.008788479921765985,0.014316271593870687,0.12220857705395603
236.20000000000002,12.409588388303218,0.010956906456738889,0.012822269921524184,0.1679866122391058
236.3,12.731425725637653,0.012553831576397405,0.007847578814537754,0.2063655205624012
236.4,13.123928533626772,0.012297588637905466,-0.0004917552459446698,0.17659126116514345
236.5,13.572228697137618,0.008525269818825693,-0.009266024321109364,0.025559271458945952
236.6,14.063000740789985,0.0024760150753197815,-0.013428686013777636,-0.1379572531056152
236.70000000000002,14.583657725596455,-0.002251872246132653,-0.012199620854548046,-0.18318210509531543
236.8,15.12132866916413,-0.004524324208111491,-0.00866543954203064,-0.14804102517506465
236.9,15.661998246142678,-0.005220611871042677,-0.004989375996633467,-0.0985156581795068
237.,16.19004707144252,-0.005205255880544363,-0.0018439304288081545,-0.057196162287005296
237.1,16.688284136925866,-0.0049268859494468005,0.0007016522646339108,-0.024803368775693082
237.20000000000002,17.138443478492313,-0.004578772800605604,0.002741727824619298,0.0030532194348193466
237.3,17.522040146524635,-0.00422885097868468,0.004408538591363583,0.03124393731340019
237.4,17.821446931088627,-0.0038676238301719175,0.0058400569820158035,0.06445772457565471
237.5,18.02105359078332,-0.0033966181656082052,0.007155447612532046,0.10613529908286524
237.6,18.108390897393747,-0.002565540313776409,0.008373609853170707,0.1523857252208165
237.70000000000002,18.075130240329102,-0.0009239951810290348,0.009158632420691348,0.17420181230769968
237.8,17.91789737533895,0.0018436294446603613,0.00844012965556929,0.10740326678642181
237.9,17.638861625795652,0.004907552069852091,0.0050670464625260985,-0.05521623582976542
238.,17.24607743213161,0.0066430185064599275,-0.000017927283550636766,-0.1783264290668874
238.1,16.75356244734742,0.006869604338101094,-0.0045830433461657135,-0.1925907606797848
238.20000000000002,16.18109402601778,0.006483999033093506,-0.007760543496274227,-0.15499828919551056
238.3,15.553692356178797,0.006043295435324287,-0.009734429646483394,-0.11422637309912369
238.4,14.900733731549753,0.00564471648292062,-0.01071858177089528,-0.08394296669909149
238.5,14.25460850824293,0.005180700848901361,-0.010685210671103952,-0.06399147321330972
238.6,13.648827904027149,0.00447801370469597,-0.009441068684091182,-0.05181185902418752
238.70000000000002,13.1155382536294,0.00336886062050187,-0.006798551638617157,-0.04550235855323589
238.8,12.682578593040766,0.001757367052845565,-0.0027846924150603976,-0.04426098700101882
238.9,12.370528730144665,-0.00032235348165696165,0.0021873635274397645,-0.048283560168174616
239.,12.190510831583305,-0.0027031636722533226,0.007305058489712294,-0.05866339110578127
239.1,12.14354709876623,-0.00516560162396211,0.01155136112977215,-0.07743995984794383
239.20000000000002,12.221825666571739,-0.007554015689153636,0.013977528272991481,-0.10756842277909932
239.3,12.411452860863637,-0.009810786829761614,0.013823834212647306,-0.15115928025961214
239.4,12.695681455618859,-0.011776224938493026,0.010419021210803028,-0.20006859361387513
239.5,13.05757836549032,-0.012604926037481604,0.0033332810659394796,-0.2101446195137243
239.6,13.481540282952315,-0.010437238817036351,-0.005969363700552385,-0.10119134943106328
239.70000000000002,13.95361285372335,-0.004881304038474594,-0.012535749401426493,0.09046901902482407
239.8,14.46093954924779,0.0006916127431596494,-0.013149225303563909,0.18857020985137984
239.9,14.990800206415598,0.0038239723059247796,-0.010140523255590164,0.17163434681046372
240.,15.52966219664159,0.004969976710984544,-0.006392458166912114,0.11991337594927932
240.1,16.062543748664247,0.005142536672916059,-0.0030366228243930773,0.07324100043528643
240.20000000000002,16.572841215852815,0.004935127901609507,-0.0002835065757127135,0.03729668323016084
240.3,17.04263949009053,0.004612423698959106,0.001925688073513298,0.008171117809516171
240.4,17.453429360248613,0.004278117046901875,0.0037131421402803013,-0.01927453965044446
240.5,17.78710423255306,0.00395218680819318,0.005215299466646342,-0.05007972956067218
240.6,18.027095740129273,0.0035809421258476064,0.006565482241384018,-0.08895027947633
240.70000000000002,18.159520944242885,0.0029916519741567857,0.00785099103605343,-0.13724303574483093
240.8,18.17423979594413,0.0018061642232856125,0.008949318544743479,-0.17999457113378045
240.9,18.065750092722624,-0.0004821692423855027,0.009120590605725346,-0.16152379674325004
241.,17.833872258808597,-0.0036811916145015307,0.006926004788361222,-0.021718774849047388
241.1,17.48419499189758,-0.006158089060823346,0.00217031155086091,0.14831522107983242
241.20000000000002,17.02826377673181,-0.006886180065508052,-0.00292330521514996,0.20666512220055058
241.3,16.483496254433952,-0.0066008336142697665,-0.0067045845616203045,0.17835921342886046
241.4,15.872799876968706,-0.00612124308583115,-0.00912055014842147,0.13251522517291334
241.5,15.223847187290978,-0.005700976919891824,-0.010480429469199143,0.09587675074934505
241.6,14.567935664889541,-0.005285938791467452,-0.010869868500198925,0.0712326095207796
241.70000000000002,13.93833718895092,-0.004717464862350438,-0.010149298447692386,0.05585051113814185
241.8,13.36806259879292,-0.003818571964655496,-0.008103773789237049,0.04718084065172103
241.9,12.887085865095656,-0.002455825425470144,-0.00464251416514532,0.04385601442539467
242.,12.51933089387182,-0.000602410613962936,1.0759636505336179e-6,0.04563050373487875
242.1,12.28006228667839,0.0016306483300128273,0.0051758011397940035,0.05322442736981756
242.20000000000002,12.174513035315448,0.004039526666387636,0.009922876436661553,0.06831103815576843
242.3,12.198347048550374,0.0064378353804957125,0.01324017438297983,0.09362888355875292
242.4,12.339872819282252,0.00874133821714782,0.014289004794518915,0.13238892337589953
242.5,12.583196452147455,0.010889475537786483,0.01236587421258818,0.18318915492715965
242.6,12.911221472082321,0.012422911833151902,0.006820797790986519,0.22054483367099578
242.70000000000002,13.30768317398878,0.011797800176757054,-0.0020513113303636684,0.1681485853487738
242.8,13.757951169993982,0.007414352524383572,-0.01055583799149634,-0.014938184576239999
242.9,14.248796784737559,0.0013283384934069389,-0.013613887540442427,-0.1717245577197584
243.,14.767552515497549,-0.0028578910870516597,-0.01161946038653387,-0.19139893784086642
243.1,15.30111617759723,-0.0046531215976334615,-0.007926997349233265,-0.14372728357914
243.20000000000002,15.835157210029736,-0.0051075920472147705,-0.004351751254591013,-0.09183931215941295
243.3,16.35373960359028,-0.005003980878605907,-0.0013545372397185073,-0.051233869577231604
243.4,16.839433391962956,-0.00471243796618105,0.0010611889132215746,-0.019747512340209394
243.5,17.273873766208645,-0.0043852252975747665,0.0030036050862722987,0.007864785359454698
243.6,17.638656818345396,-0.0040714460703270144,0.0046063588492989095,0.036865804179704115
243.70000000000002,17.916432929696523,-0.0037512819699410567,0.006008414411838693,0.07244044604888433
243.8,18.092062629966698,-0.0033122577297172062,0.007331563205463536,0.1185552998642239
243.9,18.15372179748643,-0.0024676365897273915,0.00858575384751984,0.17013388270693516
244.,18.093871551298985,-0.0006974334538185408,0.009353299907677552,0.1895124303308855
244.1,17.910035305109243,0.002296492249238544,0.008343386298275883,0.09780950736696875
244.20000000000002,17.605347143694388,0.0053732252492067,0.004406413115224198,-0.09136741884900819
244.3,17.18885011190924,0.006808407764669681,-0.0009690395418024886,-0.20554737850423824
244.4,16.67552900652091,0.006776315617147863,-0.005416605538460346,-0.19999181903810015
244.5,16.086058365991377,0.006295015258445414,-0.008364677515039956,-0.15282629983378787
244.6,15.446231006439364,0.005840943392947677,-0.010136459996541431,-0.1098588408037422
244.70000000000002,14.786006308991546,0.0054451190840641706,-0.01094061889854419,-0.07994913159655023
244.8,14.138089164448141,0.004972590630077166,-0.0107153892454721,-0.060928064826894834
244.9,13.535946032682226,0.004243479349510696,-0.00924818243668078,-0.049675005311161834
245.,13.0112337999948,0.0030957862452769555,-0.006361856468029223,-0.04422096959410264
245.1,12.590816542500418,0.0014489931435814607,-0.002127656308372464,-0.04384125735405104
245.20000000000002,12.293871375022844,-0.0006443283956377914,0.002977014027413512,-0.048856242284336396
245.3,12.129880759944806,-0.003007694817357598,0.00808683478271779,-0.060532125108499785
245.4,12.098282046615934,-0.0054312226106661915,0.012170754588790163,-0.08117259925630192
245.5,12.190020485280945,-0.007783931637501296,0.014299167849126939,-0.1140628739799453
245.6,12.390465075689406,-0.010024910070614873,0.013724709483469329,-0.16115688924755917
245.70000000000002,12.682626372358769,-0.011949336638327172,0.00975309730418791,-0.21117160034740323
245.8,13.049679505166495,-0.012523852556409183,0.0020236769636779025,-0.20965623765114932
245.9,13.476285779646597,-0.009753427640038828,-0.007453772185006591,-0.07397427034518668
246.,13.948742624453592,-0.003819511129906252,-0.013233704144053022,0.12244808075278324
246.1,14.45432687579178,0.0014729773517751185,-0.012952613800063233,0.1987965703351483
246.20000000000002,14.980298257420733,0.004178834661509978,-0.009590290947636058,0.16787594389756602
246.3,15.512973541900308,0.005067205252490813,-0.0058208598260542175,0.11317877630475184
246.4,16.037149964400363,0.005127165322628504,-0.0025419337140464536,0.06720179765411437
246.5,16.536007636077834,0.004883453621568931,0.00012381836027065333,0.03222814688710669
246.6,16.99149176881463,0.004560763084826651,0.002260073560052249,0.0034238310697697096
246.70000000000002,17.38508627729419,0.004243698512838013,0.003997004810881557,-0.024644721789870115
246.8,17.698845473416387,0.003941208770309627,0.005476462212266872,-0.057325963589953614
246.9,17.91654295829619,0.0035855478188206494,0.006837493152192874,-0.09965499651627048
247.,18.024813304593135,0.0029708905622839055,0.008164686307409089,-0.1522215616901028
247.1,18.014189545357404,0.0016502514388121948,0.009278322524801643,-0.19398139486486313
247.20000000000002,17.879968199379054,-0.0009171740624733848,0.009236900060239523,-0.15490451166813826
247.3,17.622858070086505,-0.004279700764230557,0.006454700309625823,0.016364498314618624
247.4,17.249386821237497,-0.006520949626517222,0.001228714329743676,0.1819739728503719
247.5,16.772049098284178,-0.006946208483890835,-0.0038413661151006505,0.2149689078030376
247.6,16.20918042464666,-0.006542322532710548,-0.007409695869560322,0.17374195139659307
247.70000000000002,15.584530503895712,-0.006057789362612997,-0.009646176688231202,0.12567808067332772
247.8,14.926486940311865,-0.005658045390260058,-0.010869280601049686,0.09020120392666466
247.9,14.266869769652168,-0.005249101537602342,-0.011117466645184378,0.06713160184224096
248.,13.639195919533933,-0.0046559903031931915,-0.010210292895564322,0.05304733914164351
248.1,13.076341391328556,-0.0036964792081956356,-0.00791705618632847,0.045387295002183574
248.20000000000002,12.607668514087239,-0.0022434135953635827,-0.004169551771382103,0.042921873302541054
248.3,12.255972827792283,-0.00028935056905676787,0.0007347658886226555,0.04555738788613358
248.4,12.034955970719105,0.002029142706118491,0.0060603162984836775,0.054155067428713184
248.5,11.948087038002715,0.0044917449249862835,0.010783704548473935,0.07052965377710763
248.6,11.989393763908263,0.006914847933951458,0.013884443007465526,0.0975515625436393
248.70000000000002,12.145969335706182,0.009226145531511253,0.014537493722836472,0.13830657100716262
248.8,12.40126382719406,0.011346395376811178,0.012049857021863149,0.18985005197332522
248.9,12.738038148399642,0.012696710410637493,0.0058190105724893176,0.22115853550219627
249.,13.14022789615669,0.011555079165114624,-0.003511605400070497,0.15089418122249948
249.1,13.593541328380503,0.006596084985887393,-0.011634045117430332,-0.04126231142178677
249.20000000000002,14.085058168379325,0.00048533123577666217,-0.013823591178700573,-0.1816268507446557
249.3,14.602289518806595,-0.0033929647329548566,-0.011309845303997564,-0.18715159973160134
249.4,15.13215440505821,-0.004945222203850795,-0.007464729793954593,-0.1364761537691901
249.5,15.660215558335763,-0.005274677857507575,-0.0038835257611517307,-0.08560495614142416
249.6,16.17036650652928,-0.00511587146237778,-0.0009224017089272687,-0.046180144415462254
249.70000000000002,16.645019254759454,-0.004804487880336247,0.0014506564802139028,-0.01511330900462292
249.8,17.06573345435173,-0.004475699202610691,0.0033587369990984994,0.013011708799457398
249.9,17.414164682494235,-0.004168275987478355,0.004945942332406895,0.04361506938745946
250.,17.673188210349554,-0.003849068079229004,0.00636086063831502,0.08205875676078164
250.1,17.828063599932904,-0.003375491255607576,0.007728331001202752,0.13170872561346583
250.20000000000002,17.8675305493714,-0.0023952313616352377,0.00902046900318925,0.18298548585849114
250.3,17.784756081999145,-0.0003208088709338701,0.009650362432973649,0.18539520994965797
250.4,17.5780802599391,0.002972067016672196,0.008085613225360267,0.058884874337607175
250.5,17.25152857986763,0.0059247509201183855,0.003510651863271484,-0.1341923300264023
250.6,16.81507254443157,0.007011309967188839,-0.0019649366311159226,-0.21707481723909308
250.70000000000002,16.284624443526567,0.006815488400016424,-0.006197281615029072,-0.19265441997058158
250.8,15.681746453357004,0.006328458990777954,-0.00895577474191648,-0.14265508504346835
250.9,15.033035967031068,0.005910081283381856,-0.010608661959593233,-0.1018850301570739
251.,14.369119443408568,0.005536145777484144,-0.011308709097434476,-0.07448638410620484
251.1,13.723156220819286,0.005048599818746215,-0.010937506562212752,-0.05733326108079907
251.20000000000002,13.128752013314983,0.004254792207307799,-0.009246844753277398,-0.04737230848743976
251.3,12.6172659691204,0.002989829272250017,-0.006059863298038275,-0.04286612008351137
251.4,12.214725438742212,0.0011871247396855631,-0.0014980416633964188,-0.04329817676708315
251.5,11.938921939858206,-0.0010693271728704223,0.003867403531813253,-0.0491403722593197
251.6,11.797555576034389,-0.0035677636475132763,0.0090721381537795,-0.06174550645497055
251.70000000000002,11.788197865371115,-0.006078644435017153,0.013028255524458798,-0.08341850147390656
251.8,11.90021148256988,-0.008470769052285821,0.014805664181213611,-0.1172202082363942
251.9,12.117929353980868,-0.01069527673836712,0.013686941423722194,-0.16408284430260178
252.,12.423935782216233,-0.012475024742935438,0.009036979362775931,-0.209683077660418
252.1,12.80146938007905,-0.012627714444218367,0.0007319206143548228,-0.1963142042264431
252.20000000000002,13.235531202534752,-0.00924165688883343,-0.008684123241971368,-0.052828818355917614
252.3,13.712821973713478,-0.0030458765839386005,-0.013747630056386972,0.1299771396941932
252.4,14.220932163544546,0.0020926355721464897,-0.012869791764702711,0.19208549182304233
252.5,14.747271641336138,0.004606838677350984,-0.009257094119130622,0.15891447396954375
252.6,15.27814240089802,0.005381184916372292,-0.005410264292621467,0.10628469047244755
252.70000000000002,15.79821194142503,0.0053800699697276865,-0.0021189096176922767,0.06206960443500337
252.8,16.290491784465424,0.005103382442251279,0.0005345324717376308,0.027744512845905886
252.9,16.736799152375028,0.00476373760241492,0.0026532472139229163,-0.0014620315855587004
253.,17.11859706110016,0.004437958169962267,0.004381987721900985,-0.030964078681409237
253.1,17.418070912043177,0.004123455270513517,0.0058756087002071146,-0.06615886120202713
253.20000000000002,17.61929870300149,0.0037257657733280026,0.0072806902475542525,-0.1115701206692196
253.3,17.709392920885797,0.002979044060307975,0.008658619809441217,-0.16434444307076865
253.4,17.679521802847418,0.0013525774655771508,0.009696306500809193,-0.19247215137159338
253.5,17.52574687589199,-0.0016106666696728488,0.009175226466169145,-0.11770513276304098
253.6,17.249637691281656,-0.0049975880389087814,0.005633017609252671,0.06960723852139644
253.70000000000002,16.858641400989704,-0.006858971036562773,0.00014391210053167522,0.20108527755435224
253.8,16.36619318164569,-0.007042768269403691,-0.004696666490620823,0.2057894600212523
253.9,15.791552065938733,-0.0066162112288965765,-0.008019225922236202,0.15946013052781535
254.,15.159333455440356,-0.006178310920355915,-0.01011424913332315,0.11463734894714589
254.1,14.498683399602346,-0.005814903266576882,-0.011241215402100596,0.08291290533324992
254.20000000000002,13.842005530728017,-0.005402905415402615,-0.01136941523418367,0.06251899431308726
254.3,13.223129940326388,-0.004751734813020206,-0.010270997404431192,0.05016496219488223
254.4,12.674851481809158,-0.003670944188435999,-0.007700496210456318,0.04364829712242912
254.5,12.225930873244726,-0.002040771905866426,-0.0036233987982101025,0.04203039101753256
254.6,11.897977639513318,0.00011663174008253578,0.0015767340556472867,0.04540782449576863
254.70000000000002,11.703005185075586,0.00262097998973389,0.00705471000308928,0.05472268646377402
254.8,11.64255948225737,0.0052158652538093694,0.011707228802755744,0.07173420835847158
254.9,11.708892344842239,0.0077037588847164926,0.014498352673713865,0.09902064913815056
255.,11.887804621377699,0.010005928989394576,0.014641148394983754,0.13880541756466233
255.1,12.162087671452483,0.011999572113213636,0.011517169642878404,0.18610604304694528
255.20000000000002,12.514413095989878,0.012998198324431921,0.0047101488708349605,0.2079152367587214
255.3,12.92899425737772,0.011284828847868337,-0.004712895104601624,0.1309378863563843
255.4,13.39195055697408,0.0059552327126097876,-0.012262404042972108,-0.04762791233833707
255.5,13.890719639025638,-0.00011065420110543785,-0.0138542705552481,-0.17068374907505152
255.6,14.413012142317093,-0.0038576752445497924,-0.01106761116859311,-0.17433589595350032
255.70000000000002,14.945764658119767,-0.005334047671365721,-0.007120603023214052,-0.1278062846827413
255.8,15.474414361067891,-0.005619366243383503,-0.003500690691638617,-0.08001633607614261
255.9,15.982660835748712,-0.005429020018171585,-0.0005309345022093018,-0.04179093312647253
256.,16.45273871313952,-0.00509403088548717,0.0018378242662316698,-0.01052923925704899
256.1,16.86612239643027,-0.0047467754455289375,0.0037441826052258802,0.01888410904118381
256.20000000000005,17.204529040364562,-0.004417755269328507,0.005346895599213954,0.05176609978562745
256.3,17.451072306617466,-0.0040511258731939885,0.006804700444489634,0.09301285133014855
256.40000000000003,17.591433817756375,-0.00345123313678187,0.008229280947320988,0.14331769042047984
256.50000000000006,17.614947226094625,-0.00217866996943907,0.009491580157010246,0.18406682868291976
256.6,17.51552037401029,0.0003427852342854561,0.00973708247023778,0.1528313804454659
256.70000000000005,17.29234772335819,0.00382116181582008,0.0073618023770373716,-0.002410031925301485
256.8,16.9503851673975,0.006406495397201923,0.0023224342514990086,-0.16608116489025432
256.90000000000003,16.500571268695342,0.007139000030060776,-0.0029316705866377036,-0.20896140771018948
257.00000000000006,15.959781719456725,0.006874738801590441,-0.006817846036938987,-0.1740574048190725
257.1,15.350495515442566,0.006438084938945145,-0.009364091431374403,-0.12774797788039927
257.20000000000005,14.700130041316395,0.0060687297679839,-0.010891511873402563,-0.09218170794277539
257.3,14.039969379551694,0.005703016426861292,-0.011470487739106517,-0.06851992207790453
257.40000000000003,13.403578270546204,0.005167555026178252,-0.010927743149760987,-0.05371254051799416
257.50000000000006,12.8245989166294,0.004261363621833887,-0.00899427823962082,-0.045211728289031604
257.6,12.333932869659732,0.002823660326436457,-0.005516748450572218,-0.04168059801176945
257.70000000000005,11.956575491763036,0.0008131748820026797,-0.0006900810771634174,-0.042852420616256576
257.8,11.708756539553349,-0.0016424292294138156,0.004812308583311959,-0.049304029034413804
257.90000000000003,11.596309089020759,-0.004288393659888005,0.009944525847726713,-0.06232909417372397
258.00000000000006,11.614996094396306,-0.006872032001762743,0.013600099552535801,-0.08393435808847889
258.1,11.752787940076646,-0.009254005774325794,0.014893318478709595,-0.11642056293809458
258.20000000000005,11.993236507805452,-0.011358275986930412,0.01319205340195855,-0.15911738817627447
258.3,12.318730342566035,-0.012832220902761421,0.00802153860151729,-0.19601188477700227
258.40000000000003,12.712710475630269,-0.012471554050951735,-0.00040353781289251007,-0.17475259667393325
258.50000000000006,13.160540376025653,-0.008686097211858528,-0.009290467867627824,-0.04284294315423758
258.6,13.649243694858596,-0.0025171295727477805,-0.013720527252287616,0.11614355309677248
258.70000000000005,14.166576784393357,0.0024904059153452265,-0.012602493954962372,0.17300278593813762
258.8,14.699926839293179,0.00497089978432453,-0.008942162955255305,0.14642693604080417
258.90000000000003,15.23542065854459,0.005744552507247156,-0.005078037135923167,0.09932409837808243
259.00000000000006,15.757474136639253,0.005735810408220444,-0.0017792543382428119,0.05749206985800582
259.1,16.248859770167698,0.0054437657966432745,0.0008739576008372214,0.023431240148211
259.20000000000005,16.691249010609134,0.005085414620319281,0.0029945010748665974,-0.006855757472163563
259.3,17.066112007521344,0.004734609045696022,0.004740242290030665,-0.03844046276011443
259.40000000000003,17.35582823192991,0.004371068102587561,0.006276600840531061,-0.0762406642060619
259.50000000000006,17.544866417495054,0.003854886881342378,0.007743150574585917,-0.12267172658301584
259.6,17.620916407240227,0.002837510518384463,0.009125753029603048,-0.16763896626988356
259.70000000000005,17.575886092568833,0.0007517349865636947,0.009876819634554536,-0.16635224149762654
259.8,17.406705426101286,-0.002541353520752921,0.00857268995517853,-0.05393381475545497
259.90000000000003,17.11590236807861,-0.0056438923525025005,0.0043584963378044345,0.1172986963350958
260.00000000000006,16.711930907376118,-0.007027771347749529,-0.0009911180995727977,0.1991554184020826
260.1,16.209237945867777,-0.007054617664772727,-0.00537117148183619,0.18394422962939289
260.20000000000005,15.628052291564778,-0.006667935215346153,-0.008367784723209495,0.14013143347601975
260.3,14.993863168944804,-0.0062905659218228886,-0.010273557434305577,0.10187918941580373
260.40000000000003,14.33652694253525,-0.005946909039118283,-0.01125214115392,0.07516404893825948
260.50000000000006,13.688905943346878,-0.00549777501500159,-0.011208393534547723,0.057913889037396374
260.6,13.084927176847374,-0.0047473915035582265,-0.009891301575681497,0.04746340468756766
260.70000000000005,12.557004146823482,-0.0035102131497458024,-0.007075771260774108,0.04214201021417201
260.8,12.132960747901167,-0.0016891802425803677,-0.0027923047025749416,0.04134017690556288
260.90000000000003,11.83294773785249,0.0006532461905453294,0.002485180674459846,0.04530264256220212
261.00000000000006,11.667198135249594,0.0032941316234983923,0.007840676503752572,0.05493941390567886
261.1,11.635497620852423,0.005951315076645303,0.012161708747588786,0.07174994420722536
261.20000000000005,11.728711614957938,0.008419020592024205,0.014468001920741234,0.09767314153052681
261.3,11.931836308896315,0.01060169055021352,0.014067018593840616,0.13363439670715083
261.40000000000003,12.227429067413503,0.012322887474604178,0.010482124749044322,0.1730088065741789
261.50000000000006,12.598317328518739,0.012860812682183004,0.003567407144094267,0.1853409119939736
261.6,13.029020739381913,0.01072756099765224,-0.005322759175108284,0.1136755552456294
261.70000000000005,13.505913485808014,0.005427302713230962,-0.012093412584941817,-0.03714486914896726
261.8,14.016519237025243,-0.00040548100061299757,-0.013409339975450463,-0.1451352737386231
261.90000000000003,14.548437902867503,-0.004104231973723377,-0.010689277003148416,-0.1553396460054941
262.00000000000006,15.088340049196207,-0.005633776733839063,-0.006813882492108463,-0.11775465905722525
262.1,15.621323454526484,-0.00596059548521862,-0.003223118552110591,-0.07454135637372901
262.20000000000005,16.130769030823554,-0.005782921170752902,-0.00026414139756877235,-0.03753711196860479
262.3,16.59869791296768,-0.005442027143236173,0.0021051288280013185,-0.005589907259020113
262.40000000000003,17.00653812792197,-0.005074778413513262,0.0040296677874781875,0.025672568697224774
262.50000000000006,17.336162612443704,-0.004700481635016581,0.005676715185283204,0.06097924003950261
262.6,17.571052809036534,-0.004225983173016505,0.00720124086910646,0.10350485718504143
262.70000000000005,17.697459672453107,-0.003381145574874337,0.008658697513320246,0.14822161981946694
262.8,17.705462741135438,-0.0016638221163596937,0.00972582292853923,0.16467468678809521
262.90000000000003,17.58985786411329,0.0012938914283280613,0.009278939831584511,0.092614563771757
263.00000000000006,17.3508295860747,0.004640272463978173,0.006072819054295547,-0.0642407365829554
263.1,16.994382607891147,0.006667048374875275,0.0009890436480854688,-0.17623606069848932
263.20000000000005,16.532517014969972,0.007111276199014024,-0.003735038657575913,-0.18677635264590822
263.3,15.983132843076243,0.0068507723999618715,-0.007161209319600503,-0.1504208949558404
263.40000000000003,15.36963911747044,0.0064834015303574235,-0.009431658689570828,-0.11140436997826468
263.50000000000006,14.720219258758526,0.006148566923577795,-0.010768674766097783,-0.0821850614095834
263.6,14.06667166378432,0.0057592695257657565,-0.011163048381869094,-0.06262053733821044
263.70000000000005,13.442717358023353,0.005139423366049358,-0.010411931300463551,-0.050280390085202416
263.8,12.88168623172783,0.0040951570167189755,-0.008263709461052492,-0.04327997037384807
263.90000000000003,12.413624371464135,0.0024875171262737795,-0.00462511860130776,-0.040708887015747014
264.00000000000006,12.06215470899882,0.0003126410700062308,0.00022606084767577822,-0.042509016513705845
264.1,11.841800251402505,-0.0022611717270191985,0.005553675651757878,-0.049270580499199294
264.20000000000005,11.756677889892151,-0.004953603299724225,0.010311643479977992,-0.06208745925414855
264.3,11.80117626733426,-0.007505383490989099,0.013461100967120315,-0.08245926661116619
264.40000000000003,11.962452787409028,-0.009768921866275319,0.014220894409120331,-0.11166958349918826
264.50000000000006,12.223808793063311,-0.011631068886984968,0.0120884027124847,-0.1475648598711975
264.6,12.56776641905075,-0.012697138590560857,0.006800159119158645,-0.17463775795851663
264.70000000000005,12.9780397891622,-0.011895091433672865,-0.0011412351871212694,-0.15145377309148766
264.8,13.440197521050315,-0.008062816868995704,-0.009097594762465477,-0.04276601818303695
264.90000000000003,13.941282132445963,-0.0022448544126698754,-0.01303611719723998,0.0891628533026445
265.00000000000006,14.46885809697066,0.002589851465239443,-0.012045644927803233,0.14584068152603719
265.1,15.009957646191364,0.005142447904954254,-0.008600204820241984,0.13080761731524665
265.20000000000005,15.550278322793714,0.0060219218912230905,-0.004845321332460886,0.09159670292590467
265.3,16.073832696367006,0.006074606984977127,-0.0015860916662448726,0.05275476862563637
265.40000000000003,16.56310494062807,0.005804151696991443,0.0010610482722354197,0.018778182249459166
265.50000000000006,16.999657986804174,0.0054400468297170134,0.003200832220080835,-0.01298865189904054
265.6,17.365069589773388,0.005053307840239335,0.004994397690164461,-0.04677775857685991
265.70000000000005,17.6420529608719,0.004595227245075542,0.0066045757869838935,-0.08600156014791362
265.8,17.81562582381308,0.00386128973910855,0.008129122756904698,-0.1285514413604188
265.90000000000003,17.874216603113794,0.002428903075541836,0.009398295171213746,-0.15418623336065815
266.00000000000006,17.81062622964371,-0.00015574061019102504,0.009584276232322955,-0.11376292455919576
266.1,17.622791383896203,-0.003505638825465993,0.007380798207283972,0.01618395635388837
266.20000000000005,17.314316280850953,-0.006062639859873078,0.0028667539192818382,0.14349682395098734
266.3,16.894753779429376,-0.00701244765032911,-0.0019888708936666812,0.1812124078413741
266.40000000000003,16.379621557363116,-0.006971716662093902,-0.005793096833256005,0.1572172657758696
266.50000000000006,15.790133712750224,-0.0066541188717853805,-0.008420379560749867,0.12001701813599022
266.6,15.152610642092663,-0.0063301808867322435,-0.010091798473940929,0.0892299101133471
266.70000000000005,14.49750103992371,-0.005982785086746469,-0.010874521147897198,0.06764260341527933
266.8,13.857918907859439,-0.00546820196950174,-0.010629607200919065,0.05352239407898489
266.90000000000003,13.267594437842044,-0.0045980255803071595,-0.00911356904672683,0.04495020874727225
267.00000000000006,12.758215528693565,-0.003206647998086138,-0.006152873725205203,0.0407857800514762
267.1,12.35635690478629,-0.001231486246103133,-0.0018554007910758057,0.040704430856570946
267.20000000000005,12.080545641781669,0.0012250048407790033,0.0032412275579271695,0.045025113777487386
267.3,11.939313496982365,0.003911825399685613,0.008215796296254907,0.0545276926729126
267.40000000000003,11.931018954034586,0.006538918995405015,0.012022637201837525,0.07032956696390479
267.50000000000006,12.045625334372952,0.008898276646370884,0.01379123555703686,0.09360322331564268
267.6,12.267793152172723,0.010871706640186716,0.012953104829456843,0.12405897047362313
267.70000000000005,12.580155901782868,0.012242441480978012,0.009198067344694985,0.1545569878127854
267.8,12.965785139740184,0.012340961764717995,0.0026306615569253885,0.16030826460911946
267.90000000000003,13.40939262676928,0.01001751032625319,-0.005333765856466961,0.10132561048693582
268.00000000000006,13.897359851173652,0.005047681291450203,-0.011310905561186147,-0.01780356739533921
268.1,14.416998134811617,-0.0004288352052414354,-0.012621903279568376,-0.11214351620842485
268.20000000000005,14.95551807218595,-0.0041310453070062215,-0.010239147369509937,-0.13188685716308213
268.3,15.499112406742373,-0.005817968073998092,-0.006589936379953854,-0.10572644516697924
268.40000000000003,16.032415780608464,-0.006270539882916534,-0.003087218617896949,-0.0682818140431346
268.50000000000006,16.53845449131594,-0.006156579470465026,-0.00014483052406482797,-0.032748755588141734
268.6,16.999073547393948,-0.005832996114930629,0.002246595818499507,0.000033866018335030126
268.70000000000005,17.395744216197052,-0.005443636144970232,0.004225461431535496,0.03317165096011254
268.8,17.710615520077063,-0.00498945065127492,0.005955754044755166,0.06992451932839792
268.90000000000003,17.927669310234613,-0.004323353356594554,0.0075616135421971,0.1098207209365356
269.00000000000006,18.033857104333578,-0.003099142217287964,0.00897644550411486,0.13947787653004806
269.1,18.02012493302704,-0.0008574756697210127,0.009616393160740458,0.12124675342330114
269.20000000000005,17.882260887644843,0.0023399581221018296,0.008295700725594457,0.02129694221533149
269.3,17.621523861943118,0.0052599901242225446,0.004535262569152527,-0.10641507864450275
269.40000000000003,17.245028857724325,0.006742633885338105,-0.00021827434231962226,-0.16753469783070266
269.50000000000006,16.76587297349797,0.007015226254389891,-0.00431293421393875,-0.15944370712905345
269.6,16.202985449686427,0.006805408574431374,-0.007286136611357928,-0.12694438442595185
269.70000000000005,15.58067311433774,0.006510722678705409,-0.009283300542919369,-0.09588622411800704
269.8,14.927808550380005,0.006198939119679558,-0.010422530762165113,-0.072757897690769
269.90000000000003,14.276577279870414,0.005770084397622983,-0.010631285781330243,-0.05704167583585388
270.00000000000006,13.660681715589872,0.005051985110522543,-0.009696014135595768,-0.04701600553233723
270.1,13.112937035909606,0.003865637503570011,-0.007399683298653299,-0.04141100503536869
270.20000000000005,12.662349011259565,0.0021009776282748826,-0.003715559949986523,-0.03968440602154935
270.3,12.331065097500689,-0.00020690319714148568,0.0010109954841720002,-0.04192572046927698
270.40000000000003,12.131936270317432,-0.0028553490403255533,0.006018967245919688,-0.04867190717544583
270.50000000000006,12.067543784293754,-0.005547574391175104,0.010306562897181341,-0.060746164445661395
270.6,12.13116958551148,-0.00802093782823321,0.012933433657642969,-0.07908602469681213
270.70000000000005,12.309413583555637,-0.01011597092951241,0.013237039333148796,-0.10404458642588121
270.8,12.585484113770486,-0.011688400944783366,0.010853718082457985,-0.13264479989623734
270.90000000000003,12.942061940815645,-0.012348667321759028,0.0057214869661230145,-0.15164639752197012
271.00000000000006,13.363044648521237,-0.011230339704829924,-0.0014871203860930295,-0.1311975414508843
271.1,13.83404914611536,-0.007541734731337971,-0.00849185572051432,-0.04805956640734445
271.20000000000005,14.341965055652878,-0.0021665441634214785,-0.012112750547302884,0.05785069038672306
271.3,14.874019689566255,0.0025189884644430667,-0.011445972308577584,0.1146811395506767
271.40000000000003,15.416795707114447,0.005228881582956004,-0.00834633427697831,0.11223764116153157
271.50000000000006,15.955524773466896,0.006300989314934091,-0.00474761620018867,0.0822080337510993
271.6,16.47383191605762,0.006473363886105603,-0.0015190744675277932,0.04703916627495874
271.70000000000005,16.953968075789646,0.006252502023406815,0.0011578154087095605,0.013326239240898971
271.8,17.377466510532642,0.005883821029876288,0.0033641557840944055,-0.019780752415977345
271.90000000000003,17.72610082614801,0.005431574585114559,0.005254325257138738,-0.05489314029308461
272.00000000000006,17.98300436317896,0.004804673139603522,0.006968599103347496,-0.09235656371162948
272.1,18.133820673858544,0.0037261370657757052,0.008510625636244747,-0.12327838547661485
272.20000000000005,18.16777948746975,0.001768988222514106,0.009483065242484861,-0.11960113398273013
272.3,18.078621152136765,-0.0012040104306935628,0.008888633794017019,-0.04683998910778093
272.40000000000003,17.865318413923433,-0.004320867379764857,0.0059425650852837604,0.07046573089068729
272.50000000000006,17.53256425456625,-0.006302881411835954,0.001500471329973304,0.14763119976639624
272.6,17.09100681557674,-0.006963942331097177,-0.002765242506012435,0.1566672548461733
272.70000000000005,16.55721594453698,-0.006930347169724511,-0.006059606641978734,0.13152707219648602
272.8,15.953358945089029,-0.006697513222248955,-0.008380792801014874,0.10173054240340773
272.90000000000003,15.306544250788626,-0.006426848602019433,-0.0098603631598825,0.07772625258987174
273.00000000000006,14.647762853650729,-0.006072611767518548,-0.01048422400524178,0.060688343246286164
273.1,14.010330568189227,-0.0054877753963721914,-0.010079905772409354,0.049355213764395466
273.20000000000005,13.427742056525748,-0.004490628045960566,-0.008414200043314852,0.04245128287708515
273.3,12.93094600592669,-0.0029349167634155925,-0.00536009695147981,0.03927796387257846
273.40000000000003,12.545291207074401,-0.0007921410476081616,-0.0010900033479663922,0.03973595391832731
273.50000000000006,12.287740542129956,0.0017948054383000306,0.003810878375570601,0.04417333278267557
273.6,12.16519855001706,0.004543689948431332,0.008426226165590238,0.05320056798415463
273.70000000000005,12.17464649700353,0.007149605935266788,0.011775411993166847,0.06753191027904457
273.8,12.305136813166799,0.00939501356265158,0.013090000922690432,0.08765089824876929
273.90000000000003,12.540918455220261,0.011141743612782792,0.011923626751606721,0.11247320804257359
274.00000000000006,12.86458068381756,0.012160994319670453,0.008128998693036366,0.135419988550593
274.1,13.259312927344505,0.011882940521748254,0.0020026358999203644,0.138001730303648
274.20000000000005,13.709922136572496,0.009467051002006725,-0.005102397072583537,0.09339048530332379
274.3,14.202749996115829,0.004834293988158341,-0.01047026816775462,0.0031458582954579173
274.40000000000003,14.72490233350145,-0.00035239211032746123,-0.011905558140849282,-0.07779210911904662
274.50000000000006,15.263252911825345,-0.00413800776487888,-0.009927290136334147,-0.10572139468898097
274.6,15.803599499368302,-0.006064926979567913,-0.006517324766222323,-0.09126808945446854
274.70000000000005,16.330209745603963,-0.006704722136733346,-0.003068073235571037,-0.060404577800839236
274.8,16.825849733836215,-0.00668468435148076,-0.00008380067611250461,-0.026857880243408575
274.90000000000003,17.272270114453416,-0.006379456117409668,0.0023947432375560434,0.0063953313997669806
275.00000000000006,17.651048277804236,-0.005938702769540935,0.004490167870100158,0.04053795174499129
275.1,17.944651014038634,-0.005333981183048248,0.006348918097056523,0.07607150917534544
275.20000000000005,18.137581458855998,-0.004353193657162564,0.008023591886442081,0.10697624956952301
275.3,18.217493661798283,-0.0026173220825520867,0.00925599684179688,0.11249952454568582
275.40000000000003,18.17618576501891,0.00011835308806394643,0.009243052798424592,0.061820627438123305
275.50000000000006,18.01041019610029,0.0033007229543123556,0.0070843288521666445,-0.03946855417742046
275.6,17.72246188920203,0.005706304232614429,0.0031092148042662533,-0.12433116689785978
275.70000000000005,17.320521221947242,0.006799764947932969,-0.0011895925151352098,-0.14923349977123174
275.8,16.818735812431512,0.007011234543997752,-0.0047585917491322636,-0.13335867385811576
275.90000000000003,16.23702304941239,0.00688304163413278,-0.007398221566060499,-0.10638912058556815
276.00000000000006,15.60056144254515,0.006669021538614205,-0.009209894025795048,-0.08231029746406869
276.1,14.93891339702683,0.006386551617404923,-0.010222228791029811,-0.06431467751655855
276.20000000000005,14.284691478836876,0.005922029933590519,-0.010307491704395284,-0.051859259823938166
276.3,13.671667362771844,0.005100216501931058,-0.009235792921437584,-0.04380044248284103
276.40000000000003,13.132274656498888,0.003749086344010879,-0.006809727890724883,-0.03935348353743949
276.50000000000006,12.694634356374504,0.0017824806607734636,-0.003052459006484955,-0.038270896647728384
276.6,12.379549764840915,-0.0007231922915344773,0.0016302507326893543,-0.0407532058066868
276.70000000000005,12.19824714228943,-0.003518844302848403,0.006440730251228687,-0.047263463475417336
276.8,12.151689773146318,-0.0062729129990073875,0.01039249589588091,-0.05834803162081163
276.90000000000003,12.231839606280564,-0.008704037584819259,0.012613344665061945,-0.07443994956354709
277.00000000000006,12.424446567099857,-0.010638951686030546,0.01254491090074726,-0.09523221580189396
277.1,12.712336207541874,-0.011921777574170938,0.009962004697152504,-0.11761220484534597
277.20000000000005,13.078135155045034,-0.01220388329410605,0.0049809878629588095,-0.1312337657834371
277.3,13.505828988168709,-0.010817794339408916,-0.0016310480235148478,-0.11559082047669747
277.40000000000003,13.981106678071491,-0.007234434105584887,-0.007934617987398657,-0.054854124823975996
277.50000000000006,14.490822395150008,-0.002165889860999913,-0.011390366815951396,0.028080047915362522
277.6,15.022039257730523,0.002483147706585015,-0.011065888337912614,0.0828596535814889
277.70000000000005,15.561080366759315,0.0054336849167392716,-0.00828488559059226,0.09123429691724037
277.8,16.09288747814701,0.006763178162042182,-0.004782840946418563,0.07058442769091057
277.90000000000003,16.600839727963553,0.007089969689116959,-0.0015040282047269096,0.03976034308482709
278.00000000000006,17.067052779574464,0.006921015851151263,0.0012875233501086095,0.006915619954530615
278.1,17.473083841870103,0.006517865233653571,0.003638676655671884,-0.026602102806899473
278.20000000000005,17.800916641948024,0.005930114091522445,0.0056857735888163966,-0.06072958704007918
278.3,18.03408713456822,0.005012475058213698,0.007514554750547492,-0.09115270053805552
278.40000000000003,18.15882333939932,0.003440849512434084,0.00897077854724261,-0.10242619409150971
278.50000000000006,18.165098197977837,0.0009228581776445946,0.009425781930283438,-0.06864130258808294
278.6,18.047522672965318,-0.002237437089576658,0.007982320239697551,0.015159556409269742
278.70000000000005,17.806031405711792,-0.004972061194658488,0.004568522382338033,0.10050741897491827
278.8,17.44633212579258,-0.0065063875154027515,0.00037648807836978876,0.1381509278560828
278.90000000000003,16.98010117784795,-0.0070220856061209294,-0.003396378077942841,0.13236861827741478
279.00000000000006,16.42490961478758,-0.007046157103644433,-0.006335366202022505,0.10959535843651301
279.1,15.803855441316003,-0.006911512722395417,-0.008469380114466681,0.08629982492329988
279.20000000000005,15.144856333154017,-0.006704300354312537,-0.009848515837949035,0.0677812630023539
279.3,14.479526115873464,-0.0063523604402466426,-0.010388182932392381,0.05442991650546221
279.40000000000003,13.841531966371441,-0.005695856178305523,-0.009876069944097152,0.04537260169529602
279.50000000000006,13.264344668040094,-0.004547335246170611,-0.00807056055143916,0.039813162585681613
279.6,12.778411996911403,-0.0027704343020541356,-0.004870813818169459,0.03739581060301246
279.70000000000005,12.40805370938521,-0.0003713145885651282,-0.0005065773494603495,0.03820421457726345
279.8,12.168739495716995,0.0024515255584307357,0.004371191033195663,0.04260157487161147
279.90000000000003,12.06562977830975,0.0053590386796676355,0.008809722021390227,0.05102830344711949
280.00000000000006,12.094025732943024,0.008008298671722723,0.011848683068470934,0.06383260109526967
280.1,12.241656315629632,0.010164583591257484,0.012796416639191734,0.08097710262840935
280.20000000000005,12.49195346703635,0.011683624357112038,0.01132737329329003,0.1010231251295559
280.3,12.827167628844565,0.012355291489253621,0.007454452023588411,0.11850423733291908
280.40000000000003,13.230476173984211,0.011722444810627137,0.0016251768627222904,0.12029178019188913
280.50000000000006,13.686814818853046,0.009182807856018842,-0.004889401232594511,0.08848330012132671
280.6,14.182643421701105,0.004734651465050813,-0.009872944927093208,0.021927658786353322
280.70000000000005,14.70508995218935,-0.0003207720186900672,-0.011468631012724807,-0.045715402459015425
280.8,15.240935790628903,-0.004284521040542354,-0.009845848928847932,-0.07847861111908057
280.90000000000003,15.775804210085875,-0.006518778877080819,-0.0066057322894067915,-0.07439736761546906
281.00000000000006,16.293767433083094,-0.007388877232794507,-0.0031207272281193305,-0.05047006071845067
281.1,16.777444062124797,-0.00747226251513988,2.775121789033588e-6,-0.01965968795613751
281.20000000000005,17.2085458771331,-0.007158948199178075,0.002660156186797134,0.013036671593695256
281.3,17.568763210645624,-0.006598820105814039,0.0049460931985338945,0.04610563937899759
281.40000000000003,17.84085020637182,-0.0057233030981829695,0.00696247899779584,0.0759667820444542
281.50000000000006,18.009774981376292,-0.004269609997152153,0.008632650405781784,0.09087843457122599
281.6,18.063821629825824,-0.0019363459735803172,0.009476057628932813,0.06965144147810672
281.70000000000005,17.995559453224452,0.001151722215791276,0.008663121299210572,0.0023404493574427586
281.8,17.80262202871457,0.004120928922336378,0.005852455644168868,-0.07840934028862437
281.90000000000003,17.488260644017668,0.006072476078764651,0.0018943292447089475,-0.12479557755154645
282.00000000000006,17.061651326770015,0.006933722526453471,-0.0019907210596030647,-0.1288206598778056
282.1,16.53794085983945,0.0071564450505493355,-0.005190253046404174,-0.11122779306507204
282.20000000000005,15.938013048593167,0.007127741254041963,-0.007626960495530282,-0.08953437295706924
282.3,15.287940010675982,0.007002960375092704,-0.00934804239148423,-0.07096484112448527
282.40000000000003,14.61805426257514,0.00675847346826782,-0.010306232770724153,-0.05697729831926358
282.50000000000006,13.96154380599927,0.006259059962131716,-0.010317396358510521,-0.047093747342993444
282.6,13.352460869718664,0.0053132145481903405,-0.009119952891997943,-0.040581626245559686
282.70000000000005,12.823099511109639,0.003744430236818774,-0.006516772729613175,-0.037015442138597913
282.8,12.400903786581994,0.0014885335267767158,-0.002572097123303588,-0.0363831054467564
282.90000000000003,12.105421983880197,-0.001322958482387427,0.0022331011876578245,-0.03897699423312572
283.00000000000006,11.946159207205856,-0.00436770700803484,0.0070257834903073,-0.04518377812578858
283.1,11.922173128699379,-0.007252826324239253,0.010789699481965261,-0.05529309933629966
283.20000000000005,12.023697768371877,-0.009666793971952524,0.01269263769670464,-0.06933320873462066
283.3,12.235221387309743,-0.011432419138738213,0.012278008278982396,-0.08661419963656393
283.40000000000003,12.53887842527115,-0.01240934672950653,0.009466170062883023,-0.10431800064360086
283.50000000000006,12.917093878219625,-0.012314585525135225,0.004534825807382497,-0.11479373392752151
283.6,13.353955673152534,-0.01065179985245798,-0.0016904813672561634,-0.1041892560401292
283.70000000000005,13.835362829835784,-0.007071840251099692,-0.00753854980462585,-0.06125446701890297
283.8,14.34834161938279,-0.002149006168667556,-0.010927067085871735,0.0022494467748588117
283.90000000000003,14.880016356469433,0.0025672782276873946,-0.010909469086552439,0.052447294648473766
284.00000000000006,15.416654541103672,0.0058193659752774456,-0.008389125236235443,0.06856115530121587
284.1,15.943067074945384,0.00745408368400355,-0.004912471324762834,0.056628129545477156
284.20000000000005,16.442492494352972,0.007957515339291794,-0.0014942842116435228,0.030762322478176247
284.3,16.89696478291636,0.007825167825761781,0.0015054724681891442,-0.00011478724942531079
284.40000000000003,17.288075547492408,0.007327481998708163,0.004082900620221558,-0.03209997406925206
284.50000000000006,17.597996973002004,0.006489953507676199,0.006329675181774534,-0.06140567052996924
284.6,17.81062459691116,0.005121353512519287,0.008223518233766464,-0.07868542929956784
284.70000000000005,17.912715492332175,0.002938458236336829,0.009406170451531278,-0.06671552736469041
284.8,17.894924908900887,-0.00005348807681433117,0.00914534644382649,-0.013800373108077872
284.90000000000003,17.75267325033367,-0.003173746430228608,0.006942330758009435,0.05941750141774849
285.00000000000006,17.486799996269436,-0.0054948497038905635,0.0033228483082712447,0.11058159327416806
285.1,17.103979227566175,-0.006720424181502264,-0.0005698050226801946,0.12323674491759391
285.20000000000005,16.61688140980903,-0.007181075139388261,-0.003970028590729932,0.11132047971634788
285.3,16.044066474517585,-0.007285255134452297,-0.006674804261071746,0.09191966018573901
285.40000000000003,15.409581776405338,-0.007251303407158737,-0.008703715450066405,0.07376685504492402
285.50000000000006,14.742213438996407,-0.007108882256766661,-0.010037110707113559,0.05942045215959231
285.6,14.07430399947273,-0.006756326914320073,-0.010525957605147691,0.04889516964192536
285.70000000000005,13.440020318472044,-0.006010693421908132,-0.009911424797862826,0.04159312463940089
285.8,12.872976955008575,-0.004669142047981604,-0.00793152981778755,0.03705708020850488
285.90000000000003,12.403261275951554,-0.002603153900871899,-0.004505617810386166,0.03519303192954639
286.00000000000006,12.054216512609296,0.00013516073268156166,0.0000690405794622799,0.036233056236392905
286.1,11.83973588564583,0.003268665074841443,0.005048531474846884,0.0405428699996337
286.20000000000005,11.763015111240732,0.006378313579225249,0.009412216190632611,0.048397839467552765
286.3,11.81737342573969,0.009073530521898108,0.012202015798010871,0.059836599691816636
286.40000000000003,11.988921142418642,0.011111608682248801,0.012805322764499768,0.07447511973073653
286.50000000000006,12.260060628915591,0.012366235448532919,0.011028895473408342,0.09083297775900927
286.6,12.61260841355039,0.012673773140784647,0.007041355146607135,0.10466564236390635
286.70000000000005,13.029745050171584,0.01169195118179494,0.00140544072784799,0.1068920530877528
286.8,13.496628147249856,0.008999878676791511,-0.004695091468304453,0.08543635360347311
286.90000000000003,13.999967552427332,0.0046369866919735644,-0.009422211292220827,0.037538556628890364
287.00000000000006,14.527050259861703,-0.000371586763120114,-0.011178588137282716,-0.01729138820369667
287.1,15.06468452506435,-0.0045486131481108135,-0.009877106634385844,-0.051355676335413984
287.20000000000005,15.598409448302887,-0.0071234380765094986,-0.006777222201702785,-0.05548508631355953
287.3,16.112161050497935,-0.008254672367016033,-0.0032054996224162736,-0.03848540469225775
287.40000000000003,16.588442331341437,-0.008443795925322456,0.00013044428347015212,-0.011437776690654858
287.50000000000006,17.008937268139714,-0.008078992837147123,0.0030426483126466284,0.018847492033485423
287.6,17.355446350108966,-0.007299102491001532,0.0055674339763984795,0.04745337301086412
287.70000000000005,17.611000413903525,-0.005999990494987034,0.0077096213159819574,0.0662880296527742
287.8,17.76101849389449,-0.003939279524237436,0.00920808888737545,0.061165265790103604
287.90000000000003,17.794400311189666,-0.0010516947959445667,0.00943658230348515,0.020301474988452008
288.00000000000006,17.704473604680956,0.0021514999166137748,0.007823702316049787,-0.04413017279880893
288.1,17.489743662882184,0.004780582423244125,0.00462095109133342,-0.096718114072572
288.20000000000005,17.154413608338853,0.00636647428442936,0.0008274783217758377,-0.11628292465506397
288.3,16.708657573457405,0.007092876019364137,-0.0026966686502735713,-0.11004794204691731
288.40000000000003,16.16863351717845,0.007354430208992337,-0.005619627765094943,-0.0934363391676156
288.50000000000006,15.556215994663475,0.007419574105659526,-0.007911395291441544,-0.07612218925643312
288.6,14.89840922221722,0.007372240951685076,-0.009566826922214996,-0.061691530243499805
288.70000000000005,14.226367169283652,0.0071515952514133434,-0.0104742372387714,-0.05071160644044848
288.8,13.573909740060019,0.006595886567913372,-0.01039696884068278,-0.04278194021537365
288.90000000000003,12.975414124155135,0.0054929809726689816,-0.009041907136505259,-0.037452036081091884
289.00000000000006,12.463041273826235,0.00366379279153113,-0.00621578598314036,-0.03455745176163685
289.1,12.063501480535304,0.0010774952295416135,-0.0020352644894542546,-0.034265819175727276
289.20000000000005,11.794961339306184,-0.002061484896696143,0.002927589565835409,-0.03692999045710136
289.3,11.665035647495747,-0.005343647917321989,0.0077145470497747455,-0.04284758819686407
289.40000000000003,11.670719813499858,-0.008314755148294415,0.01128471165677085,-0.052080251159964085
289.50000000000006,11.800427594469154,-0.01064774326047377,0.012863440303964071,-0.06436580321517515
289.6,12.037375766013614,-0.012184422600486928,0.012112938344118033,-0.07885670279619798
289.70000000000005,12.363060556065475,-0.012824721373732804,0.009098279212704155,-0.09322507025996739
289.8,12.75978271266408,-0.012365262107947677,0.004225456608611227,-0.10202297162990777
289.90000000000003,13.211800141050544,-0.010455337708238945,-0.001665977064143943,-0.09593637660009328
290.00000000000006,13.705260939569552,-0.006870652294529949,-0.007141923706369733,-0.06671916978918911
290.1,14.227370824039719,-0.0020663087851321084,-0.01048245906432116,-0.019386593804585038
290.20000000000005,14.765298618863682,0.002706627412729622,-0.010753696227613713,0.024350308060351745
290.3,15.305227913085908,0.006248796288192638,-0.008505179111973656,0.04495963504767215
290.40000000000003,15.831811110207635,0.008206545317074983,-0.0050634141219194845,0.04060823593065136
290.50000000000006,16.328128325364318,0.008903419983955193,-0.0014800944512961716,0.020346408957276574
290.6,16.77612876306704,0.00878780916457146,0.0017790446019089734,-0.0068346846734158835
290.70000000000005,17.15745104583139,0.008118364810927259,0.004625175951351784,-0.034223926903872846
290.8,17.454482407029932,0.006896075927494186,0.007050467983662823,-0.053953718668458786
290.90000000000003,17.651515393662233,0.004941428264229326,0.008862796103543711,-0.05391207669685046
291.00000000000006,17.73588097252603,0.0021593562730408016,0.009537336907595508,-0.02291133170782239
291.1,17.698965943340916,-0.0010747198292980797,0.008487825860865402,0.03259235688660027
291.20000000000005,17.537051482910215,-0.003946467992031865,0.00575376790390747,0.08409365250387853
291.3,17.25193366533053,-0.005870118196380066,0.002157757143016128,0.10865634555855401
291.40000000000003,16.85130373537749,-0.006877064272349086,-0.0014051025619719252,0.10769288793273543
291.50000000000006,16.348874436420257,-0.007316497293235227,-0.004485688849610904,0.09414110805901214
291.6,15.764237040467496,-0.007489050137297432,-0.006987968748495976,0.07800726187818552
291.70000000000005,15.122419318993705,-0.007529427346195636,-0.008906091792576693,0.06374344008398178
291.8,14.45308568184588,-0.007421800680775732,-0.010162553644186648,0.05248594177193679
291.90000000000003,13.78928123624402,-0.007036125487542084,-0.010556196909837494,0.04408112630664117
292.00000000000006,13.165592554745501,-0.0061685010469310665,-0.009794116489480578,0.03812401497542981
292.1,12.615630563088697,-0.0046093546583017295,-0.00761075201019491,0.034394511079560326
292.20000000000005,12.168912401773463,-0.002253519943148192,-0.003965482647526181,0.03298601748854275
292.3,11.847572061459921,0.0007853523585635365,0.0007643378026281407,0.03422466563413902
292.40000000000003,11.663745404941272,0.004147776419791661,0.0057506128133904275,0.03844350037780236
292.50000000000006,11.618613888492208,0.007349715414055764,0.009938257508883457,0.04575889667943377
292.6,11.703630283098303,0.00998001202336228,0.012414037204023034,0.05598032577930452
292.70000000000005,11.90352589419725,0.011814161551750068,0.01267312569610334,0.06854787767258873
292.8,12.199944058433067,0.012763321854256356,0.010654605055728992,0.0821370708095109
292.90000000000003,12.574475819056206,0.01272237063924123,0.006648850989425643,0.09362216884643634
293.00000000000006,13.01039840335359,0.011455378397835931,0.0012746280286341925,0.09683294161198473
293.1,13.493065234770816,0.00867894722177217,-0.004402966345752032,0.08352035129794089
293.20000000000005,14.009319944096735,0.004445802031872582,-0.008872534084715434,0.050234694763518765
293.3,14.546446190299706,-0.00045552018461088176,-0.010766714027401201,0.007381076717090734
293.40000000000003,15.091113527468424,-0.0047735644555844,-0.009805499255002511,-0.025091681562566352
293.50000000000006,15.628640712242541,-0.007661782652081106,-0.006905524796966955,-0.035083623535531946
293.6,16.14273952160797,-0.009066082436998113,-0.0032838235019309607,-0.024851322871082587
293.70000000000005,16.615762970687424,-0.009362168095129613,0.000272042916877829,-0.003001262178247074
293.8,17.029382185058456,-0.008897575666311969,0.0034625858259934718,0.022083425985021457
293.90000000000003,17.3655621460283,-0.007789299581119989,0.006208500356169033,0.041943811266125786
294.00000000000006,17.60769232425132,-0.005942176839173828,0.008349755969311083,0.04560038121648758
294.1,17.741741217210436,-0.0032665412321870343,0.009447598434703872,0.022556892130941218
294.20000000000005,17.757330403085316,-0.00003911047106636276,0.008935322927361622,-0.024524022171354864
294.3,17.648653366903037,0.0030149671287791288,0.0067001445967017495,-0.07326427289968401
294.40000000000003,17.415190705632384,0.005242792156635338,0.003383470766670119,-0.10099694533016537
294.50000000000006,17.06219331471505,0.006533674238678568,-0.00013450077752437202,-0.10460473797422701
294.6,16.60091729380807,0.007167474626122615,-0.0033090269896716967,-0.09415959464675304
294.70000000000005,16.048597081088307,0.007457017118749491,-0.0059687511027085895,-0.079444765020995
294.8,15.428134409796213,0.007580314857251323,-0.008091842438945932,-0.06555791973365234
294.90000000000003,14.767457534646962,0.007567043448235241,-0.009627018471661463,-0.05417832335662352
295.00000000000006,14.09846850955253,0.0073255333125442235,-0.010414121193779638,-0.04543069959285258
295.1,13.455458574329539,0.006674578822425881,-0.010184085996914812,-0.038991761035405734
295.20000000000005,12.872870594173255,0.005395731097667791,-0.008639144318297475,-0.034606540655593175
295.3,12.382392886130004,0.0033282460946821523,-0.005619922081102931,-0.03228916063387588
295.40000000000003,12.00965017442336,0.0004923545450443527,-0.0013132431796120565,-0.03231496723278828
295.50000000000006,11.77117842726357,-0.0028357095493863464,0.0036325885966877313,-0.035039860176164776
295.6,11.672673230719447,-0.006186748869685311,0.008226670708889215,-0.04065533784518162
295.70000000000005,11.709304230027803,-0.009086909088043726,0.011470296692130707,-0.04905038806252759
295.8,11.868096671425509,-0.011227761435784071,0.01269181294464079,-0.05980900162217676
295.90000000000003,12.131469799599557,-0.01248675213326155,0.011676385609959483,-0.07210341361851044
296.00000000000006,12.480645155211786,-0.012808522153622295,0.008598388685990282,-0.0841479700105064
296.1,12.89796639957633,-0.012063030747948884,0.0039290181151784495,-0.0921816486936518
296.20000000000005,13.367826798924384,-0.010014987211638083,-0.0015375297222590947,-0.08994773396451738
296.3,13.876437845321,-0.006522181168995104,-0.006601115032812591,-0.07128591824918308
296.40000000000003,14.410921186355187,-0.001927085496875322,-0.009855453230882986,-0.03733919462054607
296.50000000000006,14.958218735538114,0.002791403065227717,-0.010405118982264426,-0.001119409605464658
296.6,15.50420302127704,0.006538783648974298,-0.008488960159744274,0.02114634391090902
296.70000000000005,16.033214590388123,0.008798614925103242,-0.005162205765151282,0.023107035842636674
296.8,16.528104126362482,0.009694933833454485,-0.0014537916608224942,0.0092751485401256
296.90000000000003,16.970740485687816,0.009573050234595742,0.0020613647343584907,-0.011752794053500963
297.00000000000006,17.342873531223308,0.008651961208939095,0.00515685025025351,-0.030651782071294976
297.1,17.62721111574438,0.006936772719859384,0.00765338755962142,-0.03675576604218254
297.20000000000005,17.80857254563206,0.0043741213222423326,0.009171346976714468,-0.020014415293547777
297.3,17.875002764276044,0.0011793622106828576,0.00917796001475432,0.019486496189266286
297.40000000000003,17.81876041018221,-0.0020076455817791806,0.00745703298814673,0.06450028810520207
297.50000000000006,17.637120834376073,-0.0045035904650726774,0.004482015813865245,0.0938311995434508
297.6,17.332957855585146,-0.006074491244199551,0.0010826881494901928,0.10115518743550798
297.70000000000005,16.915083494535917,-0.006916260285634415,-0.002126368456372487,0.09367026383737566
297.8,16.398331756255356,-0.007334848295898843,-0.004896198861940321,0.08050157867507941
297.90000000000003,15.803368751050941,-0.007541646283726259,-0.007175688405865841,0.06714912689061116
298.00000000000006,15.156194444936562,-0.007609188100299204,-0.008928934380223467,0.055773515839864535
298.1,14.487269923127686,-0.00748671186846264,-0.010035089617700627,0.04678900014087876
298.20000000000005,13.830164653838294,-0.007024942820190352,-0.010262216537876397,0.03998316948895946
298.3,13.219596562652544,-0.006014568582718894,-0.00931221903258266,0.03509085583991257
298.40000000000003,12.688790629638207,-0.0042618302669502435,-0.006949570681065163,0.03205202286765306
298.50000000000006,12.266285664418591,-0.0017051241982863597,-0.003197317263075416,0.031070927565091305
298.6,11.972695859155692,0.00147952639988032,0.0014961001721386074,0.03249865878689488
298.70000000000005,11.81832394869597,0.004879699492074254,0.006270624464378394,0.03659926518040908
298.8,11.80256669442394,0.007995120114059392,0.010111687255129521,0.043360208329183955
298.90000000000003,11.91548743548896,0.010435628827947862,0.01220783580085395,0.05246785141764008
299.00000000000006,12.140996765556686,0.012012815787741863,0.012173748460111612,0.06333666674719843
299.1,12.460435043595558,0.012674368560821905,0.010048859731369165,0.07489824044022335
299.20000000000005,12.855406963420842,0.012363782303974835,0.006185771244656402,0.08495141210610714
299.3,13.30928973544577,0.01092826756559423,0.0011952188029412,0.08935633603634603
299.40000000000003,13.807452434287821,0.008180723916534023,-0.004001328059683982,0.08240799237991366
299.50000000000006,14.336591889564543,0.0041672071456346806,-0.008177121637165465,0.06056168694600627
299.6,14.883688752276193,-0.0005275525946304539,-0.010169921397636963,0.0285522864131973
299.70000000000005,15.435016662835952,-0.004877510625845389,-0.009559858046647959,-0.00029609332938092194
299.8,15.975494890516625,-0.008015856995860856,-0.006928649796796565,-0.013984214288950407
299.90000000000003,16.488521318842775,-0.009681812457149176,-0.0033193434824160648,-0.010390174292065337
300.00000000000006,16.956292231585696,-0.010072929387951065,0.0004327460141558255,0.004340308707536111
300.1,17.3605250665341,-0.009450984125784791,0.0038823545884522884,0.020715186902254476
300.20000000000005,17.683453798675785,-0.0079202127719571,0.006763935550992596,0.027917602466015122
300.3,17.908956988060655,-0.00548835358778189,0.00871584400704944,0.015957377724181595
300.40000000000003,18.023693284266724,-0.0023452074084212094,0.009235571091521995,-0.01697959962659298
300.50000000000006,18.018145590729528,0.0009386702435342221,0.00803766053611909,-0.057853726053838754
300.6,17.887503581543303,0.0036713821907897646,0.005449024181909666,-0.08754667874926778
300.70000000000005,17.632339158006108,0.005516106152482286,0.002228249359621427,-0.09769748219063731
300.8,17.259047933099108,0.006578273755357627,-0.0009648928583885322,-0.09288144345585175
300.90000000000003,16.7800403866955,0.007140934460898284,-0.003806871402028072,-0.08127907276505376
301.00000000000006,16.213667253390362,0.007438208213789267,-0.006207111669117569,-0.06856023190028457
301.1,15.58385258510234,0.0075809191532577765,-0.008133576231190778,-0.05728155696006488
301.20000000000005,14.919382683844818,0.007558625763547304,-0.009498276436269496,-0.04813862288809546
301.3,14.252762157416154,0.007258150199646639,-0.010110434886536481,-0.04104878502843718
301.40000000000003,13.618515952176885,0.006491240703929759,-0.009691962128411601,-0.035760445724668834
301.50000000000006,13.050831241755493,0.005051196475732832,-0.00796786664977315,-0.0321531051313281
301.6,12.580566738703057,0.002813600845342466,-0.004834597785677686,-0.030350964186974964
301.70000000000005,12.231964878412976,-0.00014595545342956036,-0.0005479173435989756,-0.030672015006787283
301.8,12.01981282359163,-0.003500625258702187,0.004204224453473864,-0.03343238929470938
301.90000000000003,11.948024712313124,-0.006763218165411658,0.00845877844607524,-0.03872569052496963
302.00000000000006,12.010312795205671,-0.009480189566423259,0.011310675597778335,-0.046340336647586786
302.1,12.192784217377035,-0.011380997585474091,0.012206137111693017,-0.05582137079372305
302.20000000000005,12.477471565059364,-0.012377671157109669,0.011029323423402751,-0.06646057518734835
302.3,12.845560348127846,-0.012448667282957302,0.008015599331029117,-0.07696664876920314
302.40000000000003,13.279474777336869,-0.011518220828872083,0.0036467827915366777,-0.08480528079361846
302.50000000000006,13.763619038870539,-0.00943197635203679,-0.001360384520636022,-0.08576489786114974
302.6,14.284051782040828,-0.006096316265511554,-0.006012144137107617,-0.0751981154515547
302.70000000000005,14.82757323629111,-0.0017570408653214496,-0.009155986896982896,-0.05219374596173242
302.8,15.380693660983306,0.002836770027523452,-0.009946698549777182,-0.023768377699196333
302.90000000000003,15.928833349714063,0.006715985259203602,-0.008369725048214495,-0.002023549130422418
303.00000000000006,16.455953209032874,0.009242650448053247,-0.005194384391585655,0.005096121840821523
303.1,16.944674287675024,0.010321547254048836,-0.001379595705169207,-0.001213873575441216
303.20000000000005,17.37683772520618,0.010146004555306445,0.002384412686897298,-0.01307645004210439
303.3,17.734392346081144,0.008884993879273129,0.00567309972557577,-0.019754098079497986
303.40000000000003,18.000472818903997,0.006619451088200606,0.008085643066943987,-0.011032493208364575
303.50000000000006,18.160536523398886,0.0035458583544446835,0.009128191846616672,0.0164802245494961
303.6,18.203449234389,0.00018914673366354442,0.008463759564326752,0.05322183809348508
303.70000000000005,18.12243754479897,-0.0027578532392307223,0.006294600462410861,0.08239174657253888
303.8,17.9158524006193,-0.004872335426985676,0.003299231797968063,0.09453651873239616
303.90000000000003,17.587709330720735,-0.00616796153670642,0.000162523926820327,0.09200730508895329
304.00000000000006,17.147984948356957,-0.006892556980486301,-0.0027232151309772358,0.0818991596471966
304.1,16.61265450424731,-0.007292935687079208,-0.005220890562353117,0.06985509222541093
304.20000000000005,16.003449560849496,-0.007512957947653319,-0.0072916860557603914,0.05873230611847436
304.3,15.347295811979142,-0.007580270023122317,-0.008871939937708968,0.04948413577233609
304.40000000000003,14.675358618759425,-0.0074185386170734155,-0.009810020618436742,0.042165571090953514
304.50000000000006,14.021587194059927,-0.006866956534774933,-0.00985807491425073,0.036557471653761636
304.6,13.420637872396613,-0.005720585564339954,-0.008728237646344745,0.03249592409679264
304.70000000000005,12.905132859256613,-0.0038117668561738027,-0.006226863103612431,0.03002669304537198
304.8,12.502443130575955,-0.001126170349947554,-0.0024403616875481224,0.029414364405140732
304.90000000000003,12.231568295081459,0.0021085844897964197,0.0021311110730412764,0.031000176634420836
305.00000000000006,12.101027625033003,0.005451826195436897,0.006628662587392771,0.03497714056229589
305.1,12.108620381992028,0.008413240266902183,0.010106336200648693,0.04124477020034178
305.20000000000005,12.243274398354789,0.010638039680550493,0.011860229973168933,0.0494403374734863
305.3,12.488304189881784,0.011974449359893516,0.011606015580197908,0.059027901777616514
305.40000000000003,12.82487383179942,0.012399643383961212,0.009450182256118317,0.06920178937508205
305.50000000000006,13.234614391854961,0.011892944291287708,0.005770383683752422,0.07846800361808491
305.6,13.700928653345288,0.010359494378551836,0.0011441608288647062,0.08407724320384649
305.70000000000005,14.209084791538512,0.007673514361954957,-0.003634183282292558,0.08204923809532452
305.8,14.745516571564863,0.0038669949030977744,-0.007554757032692141,0.06909120237171681
305.90000000000003,15.296814902068224,-0.0006315156020304214,-0.009616004416850144,0.04655456737154514
306.00000000000006,15.848813998966598,-0.0049867964736899535,-0.00930436407507829,0.022456838838685808
306.1,16.386033941499555,-0.008340836891582765,-0.006914646014995541,0.006757351450019867
306.20000000000005,16.89159480115599,-0.010243765822618815,-0.003298022882104653,0.0036294485445466347
306.3,17.347596046919715,-0.010683569133840361,0.0006747526524668912,0.008935762068241905
306.40000000000003,17.735872998083693,-0.009813836023609397,0.004368715582428672,0.013146471601116514
306.50000000000006,18.039001644116286,-0.007776005768866927,0.007274433216895004,0.005949227867816745
306.6,18.24141672657537,-0.004797254697060758,0.008866037847197568,-0.017434043521713922
306.70000000000005,18.330523547634073,-0.0013845462814233997,0.008754787659191432,-0.0503908733600671
306.8,18.297709733500923,0.0017637429672361239,0.007034785799256441,-0.07849016910468938
306.90000000000003,18.13919041450651,0.004148791798152993,0.004303218695284701,-0.0919132748864077
307.00000000000006,17.85664381633702,0.0056930741523688305,0.0012558520841026931,-0.09124896855130338
307.1,17.45761142536175,0.006599985319308571,-0.001652388769282355,-0.08249105008714733
307.20000000000005,16.95564602809045,0.007120228371637075,-0.004233067738799899,-0.07110921841435595
307.30000000000007,16.37019014115333,0.007425596140848287,-0.00643136692551263,-0.06016802356801283
307.40000000000003,15.726154188764722,0.007579145348507737,-0.008199192197221308,-0.05084519071130398
307.50000000000006,15.053136676320609,0.0075405505942451705,-0.009419180151482458,-0.04333170495883822
307.6,14.384191763792819,0.007179315435772709,-0.009877407133671887,-0.037453320644244045
307.70000000000005,13.754023012582138,0.00630201013335993,-0.00929060408652564,-0.03301857908637564
307.80000000000007,13.19651326851678,0.004714384841875145,-0.007405566558469301,-0.030002233500140453
307.90000000000003,12.741661081430289,0.0023268632661210833,-0.004168073691005591,-0.028603923426994755
308.00000000000006,12.412324306232042,-0.0007347297747390095,0.00010769258122725826,-0.029164411862372182
308.1,12.221566959309767,-0.004100783822776611,0.00470282743485569,-0.03196025176284531
308.20000000000005,12.171557402744055,-0.0072726432474193685,0.008680963187031324,-0.0370087561836933
308.30000000000007,12.254566264922087,-0.009818994130737693,0.01121660944922655,-0.04403557890778931
308.40000000000003,12.455755645943446,-0.011505702373041498,0.011852212074457054,-0.05258851204841567
308.50000000000006,12.75670256752413,-0.012277378899191492,0.010549093113589054,-0.062094048016118716
308.6,13.138468955141319,-0.012142171144506471,0.007584889733206554,-0.07166113402458243
308.70000000000005,13.583484322272096,-0.011064779411834034,0.003440528773604768,-0.07962738066215168
308.80000000000007,14.076124587862465,-0.008944061619604331,-0.0012324071453724307,-0.0831678941271548
308.90000000000003,14.60230235724924,-0.005713186119894209,-0.005589301203832314,-0.07878045017260002
309.00000000000006,15.148546132110045,-0.0015462887770216012,-0.008656293500696036,-0.0645922849160438
309.1,15.701015341956342,0.002977094954926536,-0.009631084422871757,-0.043600094412747516
309.20000000000005,16.244774595357676,0.006995552104911237,-0.008309540864056162,-0.023701304006509945
309.30000000000007,16.76350257697358,0.009773386044568231,-0.005209238713292984,-0.012142454618380642
309.40000000000003,17.239677411260903,0.010991408477122898,-0.0012159857182516274,-0.009523273608413202
309.50000000000006,17.655181320162036,0.010668616169572966,0.0028347518850748753,-0.009203932068798173
309.6,17.992209882438214,0.008955137474876614,0.006259338952225264,-0.0015663170625670414
309.70000000000005,18.23435132633463,0.0061150527769222125,0.008440643153320293,0.01921148336683803
309.80000000000007,18.367708566963508,0.0026642147193641835,0.008917385205490961,0.049051026095956934
309.90000000000003,18.381958959591067,-0.0006789431248116854,0.007681533066660238,0.07585738664701996
310.00000000000006,18.271273874472982,-0.0033408294926996394,0.00525050082615118,0.09000073393670961
310.1,18.03504560531141,-0.005151988958319404,0.002322226868656544,0.0907832757106509
310.20000000000005,17.678389206695876,-0.006263895823609881,-0.0005905203980244205,0.08318186221017768
310.30000000000007,17.212399638597386,-0.0069234950668941465,-0.0032441557599414616,0.07240297575276557
310.40000000000003,16.654148319536926,-0.007325895495183865,-0.0055598193875678195,0.06163738524789496
310.50000000000006,16.026395517459537,-0.007567095285245759,-0.0074967654006148285,0.052249665561325064
310.6,15.356973545364548,-0.007641609986388639,-0.008966191055596668,0.04455823449375635
310.70000000000005,14.67776123334597,-0.007450540970699369,-0.009788512601734894,0.0384401805940812
310.80000000000007,14.023134363680978,-0.006818575947743648,-0.009696477797145199,0.033689100020994074
310.90000000000003,13.4277747829711,-0.005538388815419428,-0.008401721060266229,0.030217709046457396
311.00000000000006,12.923817884182164,-0.0034604183953993793,-0.005737908978029498,0.028154850487144403
311.1,12.537580470651791,-0.0006124167693892917,-0.0018444670190793835,0.027818569567165545
311.20000000000005,12.286511072794076,0.002724430465377446,0.0027228081958284877,0.029548420153635936
311.30000000000007,12.177311600122573,0.00607116731898817,0.007083319730641134,0.03348146083791803
311.40000000000003,12.206032586644904,0.008934433240473183,0.010324984940923522,0.039443696436231454
311.50000000000006,12.360223451644993,0.010986667540140842,0.011819783575623508,0.04703533698614635
311.6,12.622332077428062,0.012112853861397484,0.011366223331069698,0.05577430104749992
311.70000000000005,12.9731210038639,0.012323448981857265,0.009132411477498924,0.06507746695023486
311.80000000000007,13.394119335118386,0.01163130058402034,0.005523174394092286,0.07397876430285998
311.90000000000003,13.86874091370707,0.009983248502330865,0.0010964558314595979,0.0806967120536214
312.00000000000006,14.382238862893498,0.007291280648662332,-0.00343850901878068,0.08246580282143363
312.1,14.9209388474389,0.0035735642610923847,-0.007215001573387946,0.07640798021956278
312.20000000000005,15.471229587749287,-0.0008496225634677143,-0.00933993640470631,0.06191002354464395
312.30000000000007,16.018693122186253,-0.005281384385190915,-0.00923416147986103,0.04285088053581495
312.40000000000003,16.547612958979744,-0.008868458301108086,-0.006966812096438014,0.026045978884175248
312.50000000000006,17.040955206650654,-0.010979717711817197,-0.00322363416782471,0.01566241604042627
312.6,17.4808027383913,-0.01137936621907886,0.0010617360954074163,0.00914671894231453
312.70000000000005,17.84914736312437,-0.010129250430151913,0.005002189631735837,-0.0010567446580098112
312.80000000000007,18.128910107136058,-0.0075039657788441416,0.007819976399913772,-0.02104293251968412
312.90000000000003,18.305056853349456,-0.004045696850375854,0.008937246130803052,-0.04877998743466844
313.00000000000006,18.3656937945863,-0.0005138787563965473,0.008233606136117406,-0.07440617595893231
313.1,18.303053189972616,0.002434782184391293,0.00614567863494786,-0.08890390105423134
313.20000000000005,18.11430666434683,0.004533994909245964,0.0033685780822164213,-0.09075749085026871
313.30000000000007,17.802166013009046,0.005875686950316117,0.0004704080158968373,-0.08409140075214368
313.40000000000003,17.37524765673512,0.006695948954357663,-0.0022461373378620535,-0.07381776024933719
313.50000000000006,16.84818477422556,0.007208981088327645,-0.004670635729519552,-0.06319208593197632
313.6,16.241468569484674,0.007541610699883494,-0.0067619515115743805,-0.0537291657472332
313.70000000000005,15.580984376823974,0.007722231764787884,-0.008454081556482827,-0.045862105032704055
313.80000000000007,14.897177879681191,0.007684407285750133,-0.00960081126178088,-0.03952116722067307
313.90000000000003,14.223747131946201,0.007276082114758474,-0.009959021418298384,-0.03449429773233038
314.00000000000006,13.59573108222115,0.006288480625834773,-0.00922548611612281,-0.030640780223789316
314.1,13.046909236918921,0.004527375084162878,-0.007149250194893272,-0.02801567262397724
314.20000000000005,12.606616565089235,0.00193015159078202,-0.0037117552845930997,-0.026894147998421453
314.30000000000007,12.296443989140926,-0.0013227114044696434,0.000708618975930126,-0.027654207298373975
314.40000000000003,12.127697994253369,-0.004800285593255723,0.00533063388036309,-0.03054834943765516
314.50000000000006,12.100585047895121,-0.00796849042084886,0.009197748994795087,-0.035521660765550626
314.6,12.205577264086257,-0.010402446120642,0.011522941518116496,-0.04223023764529448
314.70000000000005,12.42649230588804,-0.01190337938130525,0.011924931771983643,-0.050215189360056554
314.80000000000007,12.744118737090943,-0.012457014761318073,0.010442835564629903,-0.05901674358421081
314.90000000000003,13.139202750892322,-0.012107837712980504,0.007407668967756385,-0.06805975247328071
315.00000000000006,13.594149105897245,-0.010856008483750623,0.003315768870240628,-0.07631607235314967
315.1,14.09341469093498,-0.008636220214118633,-0.001216708028242173,-0.08193864381313762
315.20000000000005,14.622967929937445,-0.005395670583210734,-0.005438737584775365,-0.08231850421964165
315.30000000000007,15.169308302066456,-0.001258005714138348,-0.008490574364809857,-0.0752083402282583
315.40000000000003,15.718483349106723,0.003313442677930505,-0.009595455609691602,-0.06087877915079582
315.50000000000006,16.255405698051042,0.007529987220550702,-0.008405415161322361,-0.04324034350893224
315.6,16.763623153390643,0.010555968622346134,-0.005234729284902429,-0.027238200747239427
315.70000000000005,17.225565224842487,0.01184015187587096,-0.0009312424050562454,-0.014002298251105778
315.80000000000007,17.623196706570024,0.011232159566053265,0.0034615553893979347,0.0006972633453199139
315.90000000000003,17.938957754721038,0.008943929377047462,0.006950199508732007,0.021958475583563106
316.00000000000006,18.15685507227968,0.005537112005300273,0.008774908170212653,0.048999245558278934
316.1,18.26357926946789,0.0018327157781060802,0.00866983219917612,0.07393326372031009
316.20000000000005,18.249547211062392,-0.0014118604158808625,0.006980427400852748,0.08865550743144601
316.30000000000007,18.109795593679586,-0.0038218891441068044,0.00439457028000551,0.09128575878811662
316.40000000000003,17.844677026442195,-0.005419841212769536,0.0015354025450004414,0.08532954797719067
316.50000000000006,17.460329237022876,-0.0064233957913280995,-0.0012302992959846866,0.0754345526487554
316.6,16.96889976553454,-0.007061594542040847,-0.0037527838419906434,0.06488583153121676
316.70000000000005,16.38851067899145,-0.00749013658663662,-0.005982769924334212,0.055317287601912346
316.80000000000007,15.742937708362494,-0.007770521363109943,-0.007871133017775455,0.04726230833227237
316.90000000000003,15.060953020683217,-0.007869546124470071,-0.009303227093294892,0.040703084839626966
317.00000000000006,14.375241658500848,-0.007662899803986667,-0.010066250749034798,0.03542880511198948
317.1,13.720762657089107,-0.006951207063709458,-0.009860120974564788,0.031253631892961195
317.20000000000005,13.132428418825445,-0.005511802015699471,-0.008376978257254874,0.028157998022282298
317.30000000000007,12.642094766939335,-0.0032037771289037684,-0.0054628678442183295,0.026355290577952325
317.40000000000003,12.275158687775546,-0.00010003156243888086,-0.001313239639631205,0.02623209975916645
317.50000000000006,12.047500548170339,0.0034453366968026627,0.0034314355924298916,0.028141966497005583
317.6,11.96379867870009,0.00688779017338149,0.007822161204394685,0.03216695618157397
317.70000000000005,12.017995749005976,0.00971143498976381,0.010938133326505823,0.03804491092254384
317.80000000000007,12.19585086768998,0.011613485767886013,0.012206505302439094,0.045321781859029166
317.90000000000003,12.478595705770058,0.012526026630523083,0.011510885493599254,0.05355510938842382
318.00000000000006,12.846383589616677,0.012504316561742836,0.009095201559280019,0.062347819401628674
318.1,13.28059922110659,0.011597424695459534,0.005408007108465776,0.07114097894781293
318.20000000000005,13.764766855251676,0.009784231208797001,0.001007873978580658,0.07885552772388814
318.30000000000007,14.284317684137722,0.006999642477786087,-0.003446207478903613,0.08361571258553421
318.40000000000003,14.82570367397358,0.0032486382917121183,-0.007178429951487372,0.08298782897142572
318.50000000000006,15.37534266916718,-0.0012237306821599844,-0.009363989409434396,0.07518416984974764
318.6,15.918762073204466,-0.005814403973895186,-0.009369299676719125,0.06078077520773764
318.70000000000005,16.44015632952408,-0.009654063747181677,-0.0070834083032215445,0.042865204240751055
318.80000000000007,16.92243099147471,-0.011920745734030996,-0.003068902172233716,0.024141530688720877
318.90000000000003,17.347696147164466,-0.01215096549752847,0.0016174829475513787,0.003838951386451305
319.00000000000006,17.69810349694176,-0.010375377672042949,0.005767267707787088,-0.020775713357693026
319.1,17.956892729211596,-0.00712439171300981,0.00836745805273099,-0.04891639879858367
319.20000000000005,18.109514634440433,-0.003287389805182814,0.008946054747700842,-0.07408317885651232
319.30000000000007,18.14471837800837,0.0002539258633281862,0.00772881886089005,-0.08920006952580725
319.40000000000003,18.055517572475452,0.0029961057321121827,0.00538744502333475,-0.09244243693900332
319.50000000000006,17.839976670328433,0.004877531448259477,0.0026008255097848144,-0.08699386896409643
319.6,17.5017814450359,0.006088077611423411,-0.00019380236450599876,-0.07733371145281676
319.70000000000005,17.050572643345028,0.006866702429136028,-0.002798704145821882,-0.06677508813119543
319.80000000000007,16.50202843784749,0.007395789924273059,-0.005148091061995431,-0.05705032514741894
319.90000000000003,15.877676575641852,0.007769059888990889,-0.007203137683784196,-0.04877942693367925
320.00000000000006,15.204397841266626,0.00798700420966084,-0.008877818425776446,-0.04199339645001911
320.1,14.513546863808209,0.007956815604372126,-0.00999388444572792,-0.036488008263571674
320.20000000000005,13.839571060143752,0.00749869814233888,-0.010270381219689572,-0.03204115216890278
320.30000000000007,13.2179821477172,0.006379068014010277,-0.00937106195511654,-0.028561089223021488
320.40000000000003,12.68259154194843,0.004396427986169165,-0.007036509572979677,-0.026183389765689034
320.50000000000006,12.262148107815895,0.0015175929075346808,-0.0032861886004622626,-0.025268508132369194
320.6,11.976937405376384,-0.0020062180443755754,0.0014149280844694475,-0.026241990218487263
320.70000000000005,11.836328571240447,-0.005659780675335877,0.006187013775977332,-0.029329865029636908
320.80000000000007,11.838278884073691,-0.008857975222804002,0.010021095285155537,-0.034388806335260105
320.90000000000003,11.971150492913555,-0.01118261860647848,0.012155003653071365,-0.04098886619023283
321.00000000000006,12.217170362108515,-0.012482034002310726,0.012288750582835944,-0.04865751823705899
321.1,12.556211526746377,-0.01279553442296181,0.01055249869829249,-0.057038543943754884
321.20000000000005,12.968703147448158,-0.012209083755400283,0.007342982785739079,-0.06581878678110462
321.30000000000007,13.437122341057682,-0.010753311988095112,0.003182541021127911,-0.07445111171876619
321.40000000000003,13.946161759174068,-0.008386350259756226,-0.0013315512273664714,-0.0818031267083046
321.50000000000006,14.482019271464319,-0.005060652198694014,-0.0055106744095723735,-0.08595977456792912
321.6,15.031328385767399,-0.0008612024215388343,-0.008571119021828593,-0.08455362279789308
321.70000000000005,15.58015923963083,0.0038306534815285786,-0.009747679734945478,-0.0758729614896679
321.80000000000007,16.113370729937063,0.008268109690255999,-0.008574164389373896,-0.06007480773635646
321.90000000000003,16.614441949646245,0.01150003046475539,-0.005202065676099593,-0.03883982452530938
322.00000000000006,17.065784915635252,0.012734061176869376,-0.0004949414414338074,-0.013341318696692892
322.1,17.449454317185022,0.011689657240502315,0.004220897511951659,0.016200268348649904
322.20000000000005,17.74812585350931,0.008758437279837605,0.007638926156106928,0.047482965487007235
322.30000000000007,17.94620573648518,0.004869701448488402,0.008997604475157826,0.07429229957049131
322.40000000000003,18.03094831221298,0.0010499166632782853,0.00834665748335111,0.09036080047547196
322.50000000000006,17.993484524115903,-0.002039412787256525,0.006320238144181348,0.0942472959629423
322.6,17.82969198626255,-0.00423059584589409,0.0036518586255303727,0.08916448573649625
322.70000000000005,17.54086221403033,-0.005672702954585598,0.0008567327086707738,0.0795943897251019
322.80000000000007,17.13413915035768,-0.006608166473540712,-0.0018095116552480474,0.06892056395833582
322.90000000000003,16.62271367210111,-0.007243212307241903,-0.004255185813556043,0.05896963449507907
323.00000000000006,16.025759057697698,-0.00770246119555222,-0.00644408445104622,0.05043805740474871
323.1,15.368079215581487,-0.00801987396461508,-0.008314174434122927,0.043401628247498616
323.20000000000005,14.679411569092828,-0.008136615868659708,-0.009723275520573761,0.037666743116105135
323.30000000000007,13.9932813147668,-0.007901050299265616,-0.01042228009304425,0.03298465468974406
323.40000000000003,13.345260611480539,-0.007086262812640434,-0.010074167455012177,0.02919854282151183
323.50000000000006,12.770494897953448,-0.0054531793333118354,-0.008350646711097535,0.02635672986194427
323.6,12.300505975109875,-0.0028754919022329403,-0.005118217544390205,0.02475878574597359
323.70000000000005,11.959639845817405,0.0005148491532489053,-0.0006473242849018883,0.024858252048485446
323.80000000000007,11.762013296867677,0.004276240126623608,0.004314748814349813,0.027010562871765374
323.90000000000003,11.71007476727269,0.007794775404465533,0.008738955672400059,0.031224170207013253
324.00000000000006,11.795512619875723,0.01054263164131335,0.011700994377420976,0.03713862283899558
324.1,12.002254904695823,0.0122582169259875,0.012697979688077472,0.04425211900303262
324.20000000000005,12.310379238437212,0.01293208100526891,0.011710928647686109,0.05217272450671686
324.30000000000007,12.699555430179961,0.012666434903532312,0.009063686568480694,0.06067444087649719
324.40000000000003,13.151165794469986,0.011540835685608005,0.005246899024066838,0.06952370551780912
324.50000000000006,13.648968843735501,0.00955531342817788,0.0008198707505768836,0.07816284017000627
324.6,14.178663247314875,0.006656562366910135,-0.0035979776998998243,0.08537055616945119
324.70000000000005,14.726880543414207,0.002835329755526764,-0.007298193563713449,0.08909107309039165
324.80000000000007,15.280091664159418,-0.001720223726430247,-0.009503294283155187,0.08673023387836469
324.90000000000003,15.82377423153133,-0.00647207332574476,-0.009530770695286546,0.07605753703704687
325.00000000000006,16.342029409170685,-0.010514507874460816,-0.007120576112933197,0.0561746176019506
325.1,16.817696837711022,-0.01282445601042911,-0.0027580552402419363,0.0277186399788005
325.20000000000005,17.232912426805164,-0.012734468364266394,0.002308326478826572,-0.007103576100217716
325.30000000000007,17.56999280198676,-0.010347295664898299,0.006521118339279023,-0.04342227202637589
325.40000000000003,17.812508241430326,-0.00654492653477518,0.008748830906980944,-0.07372889008852251
325.50000000000006,17.94641250709938,-0.0024974540216216702,0.00877583583633989,-0.09178745368988023
325.6,17.96112062240681,0.0009408990739157345,0.007154277274339266,-0.09663783002105
325.70000000000005,17.850453841471086,0.0034647624618198234,0.004664062669658468,-0.09189272457069046
325.80000000000007,17.613397818951867,0.005163597478408149,0.0019058152280965392,-0.08229131495039461
325.90000000000003,17.2546415054893,0.0062742839754194365,-0.0007957466549354296,-0.07138773289421463
326.00000000000006,16.78487846024277,0.007022985715918513,-0.0033124484316931456,-0.06112406876983917
326.1,16.220857138134594,0.007563313474627098,-0.005601812470518538,-0.052270476889457206
326.20000000000005,15.585159389449798,0.007961630736334574,-0.007619310960128098,-0.04494380853973794
326.30000000000007,14.90566319375547,0.008193819508000695,-0.009257045830046114,-0.038963541991012006
326.40000000000003,14.214604861414822,0.008142167481587411,-0.010305527906898194,-0.0340637370811112
326.50000000000006,13.547106296823268,0.0076015325999014074,-0.010450124840516516,-0.030033862006950737
326.6,12.939009215910987,0.0063203180737325506,-0.0093322401063505,-0.026835167446385175
326.70000000000005,12.423935702154182,0.0041030732744105096,-0.00670319142215405,-0.024679686932428686
326.80000000000007,12.029767164477665,0.0009624729649659176,-0.0026435308719790253,-0.02399780106582063
326.90000000000003,11.775205448491171,-0.002771185345100266,0.0022820846460723317,-0.02523431916661155
327.00000000000006,11.667504097883421,-0.0065095351094748765,0.007106167138751728,-0.028560734000544687
327.1,11.702375308685937,-0.009644444955870921,0.010800144937922218,-0.0337396699612427
327.20000000000005,11.866268481435982,-0.011791796519712813,0.012661103510569502,-0.04027894518252824
327.30000000000007,12.140137953016486,-0.012858719259154355,0.012486691247071118,-0.047726254834627065
327.40000000000003,12.503270124667711,-0.012933877214069642,0.010493304131256794,-0.05584128418638303
327.50000000000006,12.93602756183437,-0.01213284416989631,0.0071272118023334215,-0.06453354154295723
327.6,13.421092167389583,-0.010503637567329058,0.002920951192857452,-0.07361904445937914
327.70000000000005,13.94341230885202,-0.008016142774960941,-0.0015535742421193637,-0.08248095965448063
327.80000000000007,14.489354082566694,-0.004621685361315954,-0.005662553209122337,-0.08970867608793891
327.90000000000003,15.04558149824975,-0.00037307604888821744,-0.008681863759109287,-0.0928549713499752
328.00000000000006,15.59807619683755,0.00440920021602923,-0.009851512122312426,-0.08857974576304811
328.1,16.13154971340353,0.008997628294270007,-0.008605839296821514,-0.07347514116380921
328.20000000000005,16.6293502821964,0.0123143569080428,-0.004973727448188474,-0.045674862237502674
328.30000000000007,17.0738461966254,0.013342858970519591,0.00010506112561269353,-0.007023794650174083
328.40000000000003,17.44718933175331,0.011760169823041794,0.004982037341412709,0.03540298582286588
328.50000000000006,17.73232553409393,0.008247795632584109,0.008129121108959168,0.07126744883338483
328.6,17.914114928593673,0.004069894556481454,0.008952962874590313,0.09289138906512832
328.70000000000005,17.980442630906772,0.0003020449572272113,0.00784516929383474,0.09942550258487776
328.80000000000007,17.9232272754077,-0.0025709858850781193,0.005608443364273881,0.09517992744921262
328.90000000000003,17.739262713963658,-0.0045519250394036904,0.002933543560783994,0.08548630530956762
329.00000000000006,17.430852229068183,-0.005859087647612687,0.00022642600789096146,0.07424431011749934
329.1,17.006212011920383,-0.006733167285769429,-0.0023364686866405486,0.06357034903288024
329.20000000000005,16.479629613956433,-0.007354283125472169,-0.004696460847204779,0.05431894213252227
329.30000000000007,15.87136113132255,-0.007819504524367391,-0.006818536350994246,0.046646705230493246
329.40000000000003,15.207234473602126,-0.008138590487136383,-0.008624234218753414,0.0403870523624541
329.50000000000006,14.517892023092305,-0.008230184423366179,-0.009945806188777783,0.035264436807629036
329.6,13.837557272805237,-0.007921222471905076,-0.01050650683319364,0.031027712042437275
329.70000000000005,13.202168631513544,-0.00696971204645693,-0.009951095798754186,0.027560266102802877
329.80000000000007,12.646747957837386,-0.0051406184864505634,-0.007960415016217307,0.02497435992502193
329.90000000000003,12.202055785592764,-0.0023446181037019014,-0.004453283357183632,0.02363240028601652
330.00000000000006,11.890990268607059,0.0012187333966981494,0.0002110395565112975,0.024011700209971707
330.1,11.725682360299658,0.005040871134072632,0.0052023110468928605,0.026426435605638954
330.20000000000005,11.706419890026362,0.008483625620223109,0.00946886092487232,0.030801349923844142
330.30000000000007,11.823004909325011,0.011050133853791009,0.012141665266884922,0.03671318167768584
330.40000000000003,12.058080085925548,0.012536820542604974,0.012815518754959346,0.04366790931312294
330.50000000000006,12.391112198903107,0.012983243958338369,0.011559817853806494,0.05135958243738214
330.6,12.801683562544747,0.012518237001425212,0.008749259367328385,0.05972093425943466
330.70000000000005,13.27136249984844,0.01123324781885687,0.004886532173366727,0.06876740155851867
330.80000000000007,13.784138329342086,0.009136081626680769,0.0005118949207868477,0.07831146010333849
330.90000000000003,14.32583976262281,0.006176978612981555,-0.0037995375508652765,0.08758326721652443
331.00000000000006,14.883074607200324,0.0023325760337332903,-0.007397422781283824,0.094766678167702
331.1,15.442156511884535,-0.0022521796051401016,-0.009540119635551092,0.09655798353590903
331.20000000000005,15.988336842695528,-0.007081068236825266,-0.009502420511301153,0.08818083025745702
331.30000000000007,16.50550281362013,-0.011195314483063714,-0.006909530088650445,0.06484714696858393
331.40000000000003,16.97636912269391,-0.013382439209993487,-0.0022283827175909694,0.025602503850153446
331.50000000000006,17.383094794661343,-0.012847678921526488,0.003052171135840609,-0.022411726554186093
331.6,17.708203661293954,-0.009885274797138,0.007091559397781052,-0.06556258136721908
331.70000000000005,17.935670689119853,-0.005731471659689322,0.008819178780753728,-0.0927896003390873
331.80000000000007,18.052046241294224,-0.0016842202029377705,0.008349261300180384,-0.10223708208761358
331.90000000000003,18.047514222301952,0.0015443649092028206,0.006457311248516644,-0.0989436926588029
332.00000000000006,17.916808074328625,0.0038324882939290345,0.003921548387389167,-0.08921226584565245
332.1,17.659934450435326,0.005361013888644457,0.0012414381394612543,-0.07755308794162126
332.20000000000005,17.282674640594433,0.00637758603990027,-0.0013453054757460664,-0.06636987934383319
332.30000000000007,16.79684643727987,0.007085815533713526,-0.0037530026789070344,-0.05663459055663083
332.40000000000003,16.220311979276445,0.007611573559165095,-0.00594725621031133,-0.04854863081731861
332.50000000000006,15.576707090376221,0.007996746621116635,-0.007872118344900576,-0.041959671639797615
332.6,14.894841110881487,0.008196012852836021,-0.009398899439257846,-0.036587243270256496
332.70000000000005,14.207672743573532,0.008073291340551885,-0.010295725698030112,-0.03215116060777111
332.80000000000007,13.550719395012502,0.007411670749376614,-0.010234333148689666,-0.028471041219459994
332.90000000000003,12.959746584913882,0.00596412386998361,-0.008866364676133172,-0.02556166473003214
333.00000000000006,12.467692052889635,0.0035673662030548227,-0.005991006027294275,-0.023689690159086896
333.1,12.101093290842595,0.0002929776381451201,-0.0017698937200942059,-0.023308449284249196
333.20000000000005,11.876774344199072,-0.00346883802879194,0.003154455541502753,-0.02482848527240462
333.30000000000007,11.79990969403574,-0.007107713228409091,0.0077920343945039,-0.02834517372273132
333.40000000000003,11.864366581299727,-0.01004685893250447,0.011169117363072198,-0.03356012727063629
333.50000000000006,12.055322284857496,-0.011961608064440243,0.012683312901275232,-0.03998441285894938
333.6,12.353126625363034,-0.012808762271388581,0.012224345173393703,-0.04723770795721459
333.70000000000005,12.736988003672757,-0.012700668841964791,0.010060318182253357,-0.05520231372582432
333.80000000000007,13.187463241731631,-0.011758501874800074,0.006648415326811437,-0.06396183747358018
333.90000000000003,13.687461841315855,-0.01003163081193374,0.0025035273390016924,-0.07358541700545478
334.00000000000006,14.222039779739914,-0.007492254014332404,-0.001839775510777981,-0.08379849190093558
334.1,14.77749528652086,-0.004087446094759107,-0.005798433946383936,-0.09349905984148371
334.20000000000005,15.340271396747049,0.00015429492403274363,-0.008694156745571894,-0.10006252765055106
334.30000000000007,15.896045384881546,0.004951341915539857,-0.00976606630429739,-0.09863231997246669
334.40000000000003,16.42922887888863,0.009569801790232754,-0.008372087131053224,-0.08249101337827353
334.50000000000006,16.922958089945247,0.012803468136636324,-0.004477978949070919,-0.046795815507498714
334.6,17.359542131185858,0.013475203014924315,0.0008351907380787965,0.004266213966399305
334.70000000000005,17.721267104769353,0.011346013948309773,0.005628631627672013,0.055295384420530086
334.80000000000007,17.991422895581177,0.007430849275094765,0.00832745370183493,0.09030140933980568
334.90000000000003,18.155419564722543,0.0031944028018614304,0.008626759797703958,0.10445057567248345
335.00000000000006,18.20187900686683,-0.0003813157524835307,0.007187250324029875,0.10297077390651545
335.1,18.123614251429863,-0.0030005660624345207,0.0048569706779522,0.09344816619514626
335.20000000000005,17.918435724734504,-0.004779530691035198,0.0022395240251651587,0.08135952234342037
335.30000000000007,17.589746437990765,-0.0059618959072132655,-0.0003517293772896844,0.0695820161595853
335.40000000000003,17.14690393855367,-0.006771020275824661,-0.002792292085364238,0.059273021200241145
335.50000000000006,16.60533398464025,-0.007359814865776878,-0.0050389528271692005,0.050696210404832805
335.6,15.986376630597855,-0.007800444833150117,-0.00705036356381537,0.04371597395714378
335.70000000000005,15.316826236230682,-0.008081811573964629,-0.008731189975795384,0.03804922563105954
335.80000000000007,14.628090580164129,-0.008105518222702645,-0.00989455691041148,0.03339486676356522
335.90000000000003,13.954846571966266,-0.007687918070759412,-0.010251819503709568,0.029522847339755673
336.00000000000006,13.333038611165383,-0.0065904730103870865,-0.009456291072509958,0.02636195336119331
336.1,12.79711511387673,-0.004605368289695731,-0.007230836304775623,0.024074103082282163
336.20000000000005,12.376620468950863,-0.0016954015071567817,-0.0035688546052423074,0.02304685887233897
336.30000000000007,12.092686742096287,0.0018831761716275543,0.0010929594169984166,0.023731743717645117
336.40000000000003,11.955423028684596,0.005597073755473447,0.00589422879076511,0.02637287370449961
336.50000000000006,11.963261361515098,0.008835992586295773,0.009830193955967965,0.030830802185691994
336.6,12.1046781758874,0.011163923730045528,0.012132526434731165,0.03667648924177344
336.70000000000005,12.361658819701516,0.012431229235820736,0.012494963974530057,0.0434772395620695
336.80000000000007,12.713568675891656,0.01270249313530658,0.011044837256695585,0.051030287504213734
336.90000000000003,13.140192171283605,0.01210837389848805,0.00817003224928974,0.059398371549631346
337.00000000000006,13.623349019680404,0.010735112294834561,0.004356848144452299,0.06876911184912855
337.1,14.147157586319612,0.008588068977690006,0.00011302977890908875,0.0791926092075315
337.20000000000005,14.697384402069652,0.005615862153965057,-0.004028417174715469,0.09016399053406979
337.30000000000007,15.260399515675202,0.001784037228055934,-0.0074600909129500185,0.0999182963325016
337.40000000000003,15.822172040994538,-0.0027876977872117997,-0.009459501115246311,0.10437284435145035
337.50000000000006,16.367593245560748,-0.007612882241243125,-0.009264277249621512,0.096383529891417
337.6,16.880264088531344,-0.011657422676707252,-0.006435865192635249,0.06790318717608833
337.70000000000005,17.34275880201835,-0.013557408001306642,-0.0015056581419628755,0.0179706468137129
337.80000000000007,17.73728894836642,-0.012514169310018239,0.003780946923437422,-0.039614048402163586
337.90000000000003,18.046645768856532,-0.009101789805157414,0.007446321185701795,-0.08406178535133285
338.00000000000006,18.255286551881582,-0.004815699109911301,0.008639761175613802,-0.10514911631779456
338.1,18.35044234227219,-0.000923049061946729,0.007776838948193422,-0.1068593108402688
338.20000000000005,18.323148157635945,0.0020481518699179925,0.005731984617660092,-0.0980838963436453
338.30000000000007,18.169123937234744,0.004110990668725563,0.0032182372867779504,-0.08567368905678958
338.40000000000003,17.889458967758408,0.005489014911988167,0.0006403053475467709,-0.0732545408079842
338.50000000000006,17.49107130036621,0.006420198475292261,-0.0018250984726510243,-0.06228816666554536
338.6,16.986924618111146,0.0070829239803853975,-0.004115835678453626,-0.05313920216589944
338.70000000000005,16.395985844589728,0.007578264829413936,-0.006196880236435767,-0.04569773339886544
338.80000000000007,15.742894343408945,0.007927288177288062,-0.00799922407100154,-0.039680142564168214
338.90000000000003,15.057284782914916,0.008067744284836672,-0.009376998064959006,-0.034769282065536866
339.00000000000006,14.372662184861651,0.007851970120805312,-0.010085312379691241,-0.03069664303084735
339.1,13.72468611347001,0.007062399874713245,-0.009798365325898485,-0.027319329733719946
339.20000000000005,13.14872905835374,0.005471038178385328,-0.008198622331797464,-0.024698755271830238
339.30000000000007,12.676714800014741,0.002957693878154456,-0.005148906217477602,-0.023133703686954193
339.40000000000003,12.333585637719246,-0.0003514388449087971,-0.0008881097106778218,-0.02306777047183939
339.50000000000006,12.134217832566888,-0.004031886092671206,0.0038947280281316525,-0.02485409816706728
339.6,12.081873010547548,-0.00748702021052549,0.0082329684527715,-0.028519661773721863
339.70000000000005,12.168934215596302,-0.010194725868691197,0.011240355838319727,-0.03374171433741335
339.80000000000007,12.379738181258661,-0.011888937953152528,0.01241707122264652,-0.04007336548039341
339.90000000000003,12.694398065333631,-0.012558935353871726,0.011722880988165605,-0.047221504968076485
340.00000000000006,13.092268852386455,-0.012321511630174784,0.009449529502142817,-0.05517401631003108
340.1,13.554174357938093,-0.011289464647330933,0.0060442002354779215,-0.06413771247927415
340.20000000000005,14.063211026705625,-0.009504412474284313,0.0019951177063255604,-0.07434136277828185
340.30000000000007,14.604441822039215,-0.006934758882875983,-0.0021966925118506327,-0.08570248620649766
340.40000000000003,15.163983464937886,-0.0035223296506904475,-0.0059825598205028,-0.09722596260424944
340.50000000000006,15.727963023858283,0.0007169749200156302,-0.00870634763789126,-0.10592440484400606
340.6,16.281692801286244,0.0055090694250162315,-0.009593679440223027,-0.10542580635478654
340.70000000000005,16.809261346166746,0.010074122642774864,-0.007956022051587984,-0.08621796031038668
340.80000000000007,17.293601955000426,0.013079009947505193,-0.003782148901106805,-0.04200880080848799
340.90000000000003,17.716996837577337,0.013285143959163703,0.001637915736985848,0.01865560479442669
341.00000000000006,18.061911904719125,0.010661808630428529,0.006163081156890221,0.07281192625353347
341.1,18.312031271238247,0.006521634254489916,0.008347419253207294,0.10313594128263937
341.20000000000005,18.453362997189394,0.0023747359893200788,0.008199620882328895,0.10996013674746784
341.30000000000007,18.475306911735682,-0.0009614595139990793,0.006538549788773956,0.10287435336915011
341.40000000000003,18.37160145562453,-0.003345146320523213,0.0041795997167490325,0.09044526682370747
341.50000000000006,18.14109225707103,-0.004955356928996782,0.00163485870409976,0.07741116041536293
341.6,17.788286457601572,-0.006036780325133493,-0.0008510184574146932,0.06572549998344895
341.70000000000005,17.323671197612924,-0.0067915167674478995,-0.003185504738024631,0.05592556982650602
341.80000000000007,16.76378004853435,-0.007348850879668583,-0.005331222232318385,0.047948845045871165
341.90000000000003,16.13098476008368,-0.0077605214261088845,-0.007238106415075232,0.04151646732937726
342.00000000000006,15.45296817921801,-0.007998355147402629,-0.008795530373947058,0.0362986950578977
342.1,14.761796522823799,-0.007950477250844157,-0.009801493272463583,0.031996537287428004
342.20000000000005,14.09246425749335,-0.007426766180021344,-0.009961286988629128,0.028408523097509762
342.30000000000007,13.480765553694724,-0.006196577154420933,-0.0089432116237047,0.0255059093635176
342.40000000000003,12.960421620693909,-0.004081722769251006,-0.0065157404371406005,0.023490413243564632
342.50000000000006,12.559647563705337,-0.001093324964992708,-0.0027424553791162024,0.022761809853538498
342.6,12.297778492368186,0.0024676366322492504,0.0018769159132321178,0.02373831686852049
342.70000000000005,12.182972599981971,0.006057885616352823,0.006469377302473982,0.026600570569193675
342.80000000000007,12.211955222484946,0.00910219876222628,0.01008488399983001,0.031163414686522475
342.90000000000003,12.372045768118719,0.011220483225611462,0.012047616031097424,0.037008416133895446
343.00000000000006,12.644702738621834,0.012305427236263834,0.012132495189539898,0.04376614549516288
343.1,13.009257293047519,0.012436142974770217,0.010508527489319066,0.0513216664891925
343.20000000000005,13.445709947952782,0.01173830775993642,0.007568257829835417,0.05983402607983506
343.30000000000007,13.93612015067491,0.010287917368642619,0.0037816243914277456,0.06960132789993323
343.40000000000003,14.46472449608934,0.008082748755138218,-0.0003677451651880087,0.08080182989017035
343.50000000000006,15.017233504123,0.005066304721599392,-0.004371141898540418,0.09302011632699954
343.6,15.579807435409196,0.0011982997485722013,-0.007637374621926585,0.1043175690258727
343.70000000000005,16.13811711758947,-0.0034022332344947437,-0.009437667688190711,0.1096818509231421
343.80000000000007,16.676750341056344,-0.008213091213213338,-0.00897704360588576,0.09987916384505677
343.90000000000003,17.1790799420148,-0.012092845700905627,-0.005821962907124308,0.0649317760274439
344.00000000000006,17.627591806146775,-0.013581424153253498,-0.0006695083901851957,0.006127016740516939
344.1,18.004591012812025,-0.012011103059244802,0.004490905126915762,-0.05586542985695549
344.20000000000005,18.29316336508068,-0.008267046518997932,0.00770375067684568,-0.09707195249294603
344.30000000000007,18.478261000515328,-0.003975612611244381,0.008415447479307524,-0.11134092639579846
344.40000000000003,18.547793907420015,-0.0002784413493979138,0.007259899598629753,-0.10738499977813527
344.50000000000006,18.49363310831227,0.0024635795409337167,0.0051237908221494315,-0.09552924721413815
344.6,18.312457617524778,0.004348688881379613,0.0026396163947873395,-0.08203414837917002
344.70000000000005,18.00640072735186,0.005615265235399869,0.0001384132452472568,-0.06961378225259751
344.80000000000007,17.58346869805495,0.00648623765600464,-0.0022431181979111325,-0.05909711225014927
344.90000000000003,17.057714392367075,0.007118867745836077,-0.004455584469037559,-0.05051174869697705
345.00000000000006,16.449147348690126,0.007594942708880818,-0.006460283290815158,-0.0435966646291313
345.1,15.78334700196477,0.00791877663971108,-0.008175599172295373,-0.038014381696145204
345.20000000000005,15.090714657163941,0.008013179588069833,-0.009439311749724073,-0.033441582242793755
345.30000000000007,14.405255795537132,0.007718581160167345,-0.009992591432933037,-0.029629010382897728
345.40000000000003,13.762748253188148,0.006813744350512536,-0.009507902238269762,-0.02646947686541712
345.50000000000006,13.198177184995586,0.0050838183082694615,-0.007690475715024561,-0.024067886623445566
345.6,12.742488899271143,0.0024440180561580314,-0.004456439712806779,-0.022756236161254856
345.70000000000005,12.419086556439552,-0.0009308854666064764,-0.00011437780975782173,-0.02297693169625878
345.80000000000007,12.240947881642452,-0.004581434769758053,0.004597654601152446,-0.025039743888723088
345.90000000000003,12.209430211605493,-0.007914772874998257,0.008719991336912876,-0.02891418144211795
346.00000000000006,12.315378298617418,-0.010448557673951463,0.011429002813308107,-0.034251756743596866
346.1,12.542179801769688,-0.011963826242781889,0.012306194427468591,-0.0406329898706603
346.20000000000005,12.869586005345537,-0.012478555650096217,0.011372292965208693,-0.04783042851745732
346.30000000000007,13.277003280259658,-0.01211526500031243,0.008945616623790066,-0.055911585324528494
346.40000000000003,13.745490097201149,-0.010979420187452352,0.005473575684003887,-0.065166657155935
346.50000000000006,14.258369455908527,-0.009102751320311948,0.0014322400547846764,-0.07590892163960297
346.6,14.800811558851171,-0.006445926317248272,-0.002691256183991142,-0.08811012636887092
346.70000000000005,15.358889875430473,-0.0029460184200717776,-0.006355607933069716,-0.10066724209875218
346.80000000000007,15.918566485649963,0.0013777540043896038,-0.008895679773978198,-0.10999929450340487
346.90000000000003,16.464930466854653,0.006217887615271552,-0.009508228668628323,-0.10826043839093298
347.00000000000006,16.98186430121777,0.010697923366855515,-0.007498509184781856,-0.08412845816884766
347.1,17.452182361496977,0.013365793532122987,-0.002984052416542499,-0.032135403959366635
347.20000000000005,17.85818893340369,0.013037089465248442,0.002480710458419991,0.033609619884355915
347.30000000000007,18.18254615674273,0.009976389813953927,0.0066641785825292486,0.08578951209502413
347.40000000000003,18.409321082053246,0.005712095560041918,0.008364889056568433,0.10981778336843051
347.50000000000006,18.525086297510033,0.0016903345743408608,0.007861204835711427,0.11093969652705786
347.6,18.519969080421955,-0.0014410324095005273,0.006040847170607391,0.10064110430144323
347.70000000000005,18.388570152574726,-0.003648003025627476,0.0036592712067410904,0.08703916272768585
347.80000000000007,18.1306982856551,-0.005141015881361862,0.0011540849384076928,0.0739530496306894
347.90000000000003,17.751887357800516,-0.006158073112812079,-0.0012768148474383261,0.06268419235853782
348.00000000000006,17.263675644359527,-0.006883980030588587,-0.003560417008854443,0.05342478710229262
348.1,16.683630899647508,-0.007430701247171307,-0.005661124862614652,0.045958481063585924
348.20000000000005,16.03509616062069,-0.007834294416490653,-0.007519929186352328,0.03994984032821444
348.30000000000007,15.346606856973972,-0.00805133595852191,-0.009010474244244187,0.03505782724391456
348.40000000000003,14.650889461951387,-0.007954522368924776,-0.00991184256068376,0.030994712341116486
348.50000000000006,13.983307166722314,-0.007340744018943086,-0.009913928169304122,0.027586231010822353
348.6,13.379607343687484,-0.0059764479983276065,-0.00868512180706925,0.02484498953566484
348.70000000000005,12.872924216290741,-0.0037012012686076373,-0.006023365957978657,0.023019604605049544
348.80000000000007,12.490280068613746,-0.0005684376705034159,-0.0020544457523370497,0.02254014737613001
348.90000000000003,12.249286139158235,0.0030690253077463644,0.002648544043221884,0.023813890994383247
349.00000000000006,12.15610547620778,0.006637258998406492,0.00716957966268931,0.026970142870023927
349.1,12.205580550743836,0.009571655821898116,0.010574747622309446,0.03176929866665097
349.20000000000005,12.383607716470715,0.011532606184166714,0.012252138497749643,0.037777729021250664
349.30000000000007,12.670844499418516,0.012453518745166687,0.012049573295697058,0.044660019630201865
349.40000000000003,13.046387083520495,0.012434823950123793,0.010186907718677791,0.05236426138667346
349.50000000000006,13.490372480922504,0.011603877496873537,0.007078897965424175,0.061118327408641634
349.6,13.985146464674425,0.01002811424749626,0.003198700173204311,0.07127989289443327
349.70000000000005,14.515209816295945,0.007694964674644416,-0.0009730778815474366,0.08305161113523792
349.80000000000007,15.066420941219848,0.004540846663364789,-0.004926318378383962,0.09592285154279345
349.90000000000003,15.624950344356,0.0005283278197781342,-0.008054663305826822,0.10753086404084469
350.00000000000006,16.176373061773923,-0.004192502530641883,-0.009597119553585134,0.11181085620123113
350.1,16.70513634361501,-0.009009693379710202,-0.008740082527058813,0.09804545691109423
350.20000000000005,17.19449792172419,-0.012647681926171531,-0.005143596019501897,0.05635003651876641
350.30000000000007,17.62691756233074,-0.013629073893045178,0.00023217052683754952,-0.007754709825081061
350.40000000000003,17.984810736459902,-0.011536127737649947,0.00520403732929255,-0.06876449255832247
350.50000000000006,18.251537897031398,-0.00753920481838223,0.007972188826630096,-0.10411528664975364
350.6,18.41249850958012,-0.0032820178561236207,0.008282607395735029,-0.11259784479995412
350.70000000000005,18.45621462208966,0.0002504691491278295,0.006902006528925942,-0.10530519570626053
350.80000000000007,18.375313740553196,0.0028256658753915073,0.00468792098887721,-0.09223975883619345
350.90000000000003,18.16734715881806,0.004591615681060609,0.0022026256053591852,-0.07869594968381768
351.00000000000006,17.835402780112577,0.0057900271463037145,-0.0002743127586397079,-0.06669733131258014
351.1,17.388488050671306,0.006631368855558563,-0.0026316941078250175,-0.0567189003679557
351.20000000000005,16.841666752959622,0.007258166264477307,-0.004827235094572933,-0.048637361031777286
351.30000000000007,16.215930395821353,0.0077382200269260765,-0.00681754056987759,-0.0421384760848436
351.40000000000003,15.537767273865152,0.00806146746998296,-0.008507681922016688,-0.03687331230600048
351.50000000000006,14.83835742008756,0.008134165993184065,-0.009715183792697235,-0.03252524094842812
351.6,14.152274403079184,0.007778259544263905,-0.010157600648908208,-0.02886431104088226
351.70000000000005,13.51554037875584,0.006757327890656693,-0.009489808198030147,-0.025818091495310495
351.80000000000007,12.962920276183304,0.004856378292210092,-0.007421963674368867,-0.023542259582842562
351.90000000000003,12.524545357690306,0.002018525758926995,-0.003913701026349525,-0.022421603629820888
352.00000000000006,12.222369152212192,-0.0015259806142705957,0.0006468697058990756,-0.02292277920122331
352.1,12.06742454238672,-0.005259964331282797,0.005440272224840518,-0.02532735198516649
352.20000000000005,12.058964108478403,-0.008566286596555199,0.009471253078954406,-0.029539270273464913
352.30000000000007,12.185986753125016,-0.010983976664884217,0.011946377093337785,-0.03515633000562274
352.40000000000003,12.430609940117385,-0.01233890615898915,0.012518505346030552,-0.04175448827828157
352.50000000000006,12.771982400837992,-0.012686203691556153,0.011279317466597109,-0.04914736938162753
352.6,13.189457294505221,-0.012163570939072301,0.008593276686548136,-0.0574608792301812
352.70000000000005,13.664365693529277,-0.010873460573027922,0.00492898986687918,-0.06703243436914984
352.80000000000007,14.180407441652216,-0.008836439503571707,0.0007708957020119593,-0.07818101523196415
352.90000000000003,14.723075852126408,-0.006002681113911165,-0.003384844124096944,-0.09077945472559139
353.00000000000006,15.27863579861111,-0.0023084716207501252,-0.006976007910725169,-0.10337911817181811
353.1,15.833100603885121,0.0022009301975545684,-0.009299866544119887,-0.11159670045003976
353.20000000000005,16.37151002484783,0.007136184240798445,-0.009521177046561566,-0.10640373893534553
353.30000000000007,16.87766118641873,0.011479745021344736,-0.007003696116668247,-0.07627440836629347
353.40000000000003,17.334316618073515,0.013701968168582136,-0.002106005368942692,-0.018942321585845048
353.50000000000006,17.72382254457612,0.012800441397539065,0.003345567291823855,0.04658437518647598
353.6,18.02901970835091,0.009365392317548332,0.007161701754759662,0.09319974480828748
353.70000000000005,18.234313254448708,0.00503452903334202,0.008439069821248518,0.1112088436100627
353.80000000000007,18.326777354613352,0.0011275611721971886,0.007653000776332472,0.10881124281283788
353.90000000000003,18.29719294422762,-0.001852155363553629,0.005701799111340652,0.09730204191415577
354.00000000000006,18.140943891745984,-0.003939661616528437,0.0032798611054496696,0.08371978908855622
354.1,17.85872198732333,-0.005359636652504279,0.0007707700304487147,0.07111319720006802
354.20000000000005,17.457010824409856,-0.006342857427014208,-0.0016578642541358617,0.060411791553609095
354.30000000000007,16.948330717574454,-0.007062136249811659,-0.00394476438513101,0.05166461661942227
354.40000000000003,16.351228876192383,-0.007617348400121922,-0.006053794405677534,0.04461292583908093
354.50000000000006,15.689987793473295,-0.008031759669330292,-0.007916069211771678,0.03891629829919072
354.6,14.993996564252615,-0.008246230606433702,-0.009386655253714007,0.034241125632579444
354.70000000000005,14.296684738317067,-0.008113426605656624,-0.010218571376269994,0.030314368140599176
354.80000000000007,13.633870657061458,-0.007408423190430717,-0.010074223911398868,0.02698889395320516
354.90000000000003,13.041371440375121,-0.005883987721198225,-0.00860804160609176,0.024323970892812033
355.00000000000006,12.551845514533495,-0.0033907509857864005,-0.005639326687897856,0.02263043664957178
355.1,12.191174933917047,-0.00002940220758839514,-0.00136370719351119,0.022389752128675913
355.20000000000005,11.97519239679018,0.0037768272773941462,0.003545864670729121,0.024011698177392283
355.30000000000007,11.90789219087762,0.007399748453882094,0.008095094348099302,0.027568216619522152
355.40000000000003,11.981983448823446,0.010269895818122023,0.01133951096843256,0.03274210254299632
355.50000000000006,12.181690263248539,0.012086632443630058,0.012723434142629083,0.039058164685930465
355.6,12.486695649648665,0.012831761793654554,0.012176449180911672,0.046195530397827846
355.70000000000005,12.875802634675674,0.012635442014467644,0.009985651357152016,0.05414941971009328
355.80000000000007,13.329340925253826,0.011630590366822674,0.006605015090447979,0.063188841733473
355.90000000000003,13.830084195746702,0.00987491939097347,0.0025270651635934064,0.07366783894140183
356.00000000000006,14.362984486679641,0.007342393817916123,-0.001752693459751832,0.08568499604740595
356.1,14.914242961255685,0.003963626489656804,-0.005699669251364435,0.09841975279683748
356.20000000000005,15.470214554069644,-0.00028000872685431767,-0.008665963864709834,0.1088443237949931
356.30000000000007,16.016514960459713,-0.005167080744727294,-0.009847053949444363,0.109915271748447
356.40000000000003,16.537543157561533,-0.009946367125229508,-0.00845502597734478,0.09059390229303337
356.50000000000006,17.01649149621752,-0.013220744255220759,-0.00435370861179492,0.04347004280885214
356.6,17.43580742526617,-0.013616833368770027,0.001180885284350095,-0.021119404521851903
356.70000000000005,17.778003400938225,-0.011048348378886795,0.005888505849005337,-0.07674632381869936
356.80000000000007,18.02668254177591,-0.006885382990330079,0.008232344049435774,-0.10560294209351058
356.90000000000003,18.167648356476466,-0.0026917391616497377,0.008212912269849609,-0.11021163846370031
357.00000000000006,18.189985835614817,0.000703530057529443,0.00665428183394213,-0.10169706204055713
357.1,18.08702781427531,0.0031569526276966037,0.004365703475628162,-0.08878822828039513
357.20000000000005,17.857147273478244,0.004842032776920675,0.0018540896425014324,-0.07585247655463066
357.30000000000007,17.504338715944975,0.005998111160402345,-0.0006350643667969968,-0.06449742968384607
357.40000000000003,17.038567382780403,0.00682592584399225,-0.0030058935415239662,-0.0550637201533527
357.50000000000006,16.475871716092072,0.007457447233267768,-0.0052189767535076766,-0.04740476053768858
357.6,15.838199157677693,0.00794927984474684,-0.00722447655517854,-0.041215972451462614
357.70000000000005,15.15293416835563,0.008277457559317246,-0.008912149440627943,-0.036163416457029904
357.80000000000007,14.452037648868112,0.008329540176310407,-0.01007534537623191,-0.031945982888682264
357.90000000000003,13.770665007207704,0.00790450909627624,-0.010401970820517576,-0.02835593619500522
358.00000000000006,13.145096357985265,0.006745689326668399,-0.00952336915058432,-0.025360118512150677
358.1,12.609868222283117,0.004636152624407683,-0.007153782528925382,-0.023174427400891796
358.20000000000005,12.194241329242196,0.0015526923366654002,-0.0033059407191215703,-0.02224760431102995
358.30000000000007,11.918604147852001,-0.002205813017388985,0.0015328435940092859,-0.023074422578188165
358.40000000000003,11.791887675112333,-0.00605144252357154,0.006441284197015181,-0.025898779460840744
358.50000000000006,11.811090423520257,-0.009338545769643302,0.010379044350256396,-0.03054184159790171
358.6,11.963278312832227,-0.011632708787167783,0.012587099433406594,-0.036534301160762825
358.70000000000005,12.229301868647006,-0.012812401270940499,0.01280080766306713,-0.043441762415965764
358.80000000000007,12.587793016380203,-0.012974122214084158,0.011193338719898449,-0.05111269467180267
358.90000000000003,13.018189253129849,-0.012270059158413083,0.008182933336948093,-0.05971023726149241
359.00000000000006,13.502248929064882,-0.01079571140881547,0.004266232780105476,-0.06956443647992168
359.1,14.0241932891213,-0.008556089361691898,-0.00005417742444314084,-0.08088756656015894
359.20000000000005,14.569956625364485,-0.005490437695252138,-0.00425710210929028,-0.09326018933770011
359.30000000000007,15.126079500744396,-0.001545650102970525,-0.007737816764323299,-0.1046424628105719
359.40000000000003,15.678677607715397,0.003174097203542188,-0.009742264318579722,-0.1097894012313525
359.50000000000006,16.2127645047416,0.008149278746532169,-0.009432994811664068,-0.09927225241845423
359.6,16.71205452086629,0.012214215958942126,-0.0063329034459596685,-0.06348862560959383
359.70000000000005,17.159248061747448,0.01386779124529596,-0.0011267881918106497,-0.004842277806938138
359.80000000000007,17.53671678304173,0.012413261740761619,0.004173927677121211,0.05555319449674155
359.90000000000003,17.827462127460745,0.008719582623268904,0.0075779096253290245,0.09494746213217008
360.00000000000006,18.01621100536838,0.004405913167661567,0.008482956827157743,0.10841131589379226
