0.1,0.29455003795488394,2.0001652259078964,0.08005231259623519,2.886586580133822,-0.00334989068804936,0.8384538772709439,0.02312122417914938,-0.12540554063999762,-0.0011605018908027408,0.4139156379963058,-0.3862603040083388,-0.07144842462495157
0.2,0.5764699752862046,1.9980203614544159,0.1634886745130973,2.747759205010068,-0.04593742309669225,0.8168535377705908,0.06849885708510522,-0.16106928650387867,-0.01671658271657419,0.44020105488320455,-0.342969747720438,-0.2070968281748781
0.30000000000000004,0.8433297669225028,1.989746637146985,0.2413413323897074,2.585773742046959,-0.1254090502081335,0.7320169646047343,0.11765982204573001,-0.19011675734483555,-0.04846164886660753,0.4244647036431723,-0.29217507608517007,-0.3665669293796164
0.4,1.0929331119366945,1.9718348652199125,0.308583959530332,2.403044186794678,-0.23794732919766287,0.6077275015291009,0.16783827439922963,-0.20928760365111082,-0.09869739365668596,0.3726261570891587,-0.22725167437289867,-0.5604611120121059
0.5,1.3233317526323254,1.9412246865552083,0.3621108466674706,2.202112322307118,-0.37842306399742864,0.4600642377873117,0.21638069589483766,-0.21514614047938277,-0.17018325877000537,0.2907886392232835,-0.1569653937226652,-0.7966752181180587
0.6,1.5328367254030737,1.8954259288920634,0.40025240231831527,1.985617151516711,-0.5405997435827457,0.3020082413896175,0.26049188205466706,-0.20508340539035752,-0.26581501988958994,0.18759490863304634,-0.0946948433034225,-1.0747177678359006
0.7000000000000001,1.7200265573599127,1.832617238130177,0.42253715961217503,1.756264434481201,-0.7173821256704275,0.14464136171112524,0.29693770812249926,-0.17814425326814062,-0.38778709518801463,0.07391519045683582,-0.054611581201127475,-1.3769673796436201
0.8,1.8837524352499133,1.751718050582282,0.42952287729634886,1.5167966487005067,-0.9010990555803601,-0.00250913107592049,0.3219725449867839,-0.1361493463852859,-0.5360554330534508,-0.037003128213568874,-0.04795392814229863,-1.6597858746374559
0.9,2.023140404200598,1.6524310368435473,0.42264512080857397,1.2699636740281108,-1.083809245163619,-0.13141773211748037,0.332187520672811,-0.0847838867872953,-0.7064747659256649,-0.13009005711226146,-0.07845515783064194,-1.858126495623187
1.,2.137590683028634,1.5352533251491205,0.40406491331537225,1.018494484325923,-1.2576178213550389,-0.2356133693398802,0.32649369006748824,-0.03317405173867791,-0.8900719841511967,-0.19214594925758083,-0.13881333102758647,-1.9188826363567082
1.1,2.226774209997194,1.4014560567544663,0.3765093608681068,0.7650701062555303,-1.4149910245572066,-0.31025836579523614,0.3077301289853443,0.009277214064878851,-1.0751297568885043,-0.21765108980004214,-0.21267810531189146,-1.8424975305377491
1.2000000000000002,2.2906265577712426,1.2530330883755991,0.3431048136040101,0.5122980817995629,-1.549056510823233,-0.35221399133352677,0.2817962150528839,0.036900375311634905,-1.2514030394278048,-0.21091007084302543,-0.282519749424891,-1.6823135709850479
1.3000000000000003,2.3293393787173176,1.0926208867357718,0.3072051014835048,0.262688645612978,-1.653877285736784,-0.36007073268995765,0.2548708123796013,0.04911582578315159,-1.413280112171381,-0.18209684731142933,-0.3366405034565921,-1.5027239853949217
1.4000000000000001,2.3433495614723836,0.9233928087451169,0.2722190438145031,0.0186328014708646,-1.7246883491088671,-0.33413110564095877,0.2313095482063463,0.04881985146254073,-1.5599931711939874,-0.14177447985672031,-0.37057407391977215,-1.346928161442214
1.5000000000000002,2.3333262967489268,0.7489319820038276,0.2414423192147288,-0.21761754573552639,-1.758086616212943,-0.2763390575109532,0.2132824125743539,0.04013909076471046,-1.6939507983505886,-0.09802172798517488,-0.3848083961331708,-1.2334613766931488
1.6,2.300156264570349,0.5730878534571577,0.21789914024422774,-0.44396727444364326,-1.7521665439969047,-0.1901545620727046,0.20137328522773182,0.02704661612797571,-1.8189554058133777,-0.056122845007634044,-0.3821750066716786,-1.1655828781301523
1.7000000000000002,2.2449271664968053,0.3998221251298637,0.2041991297140615,-0.6584934480117863,-1.7065960552817123,-0.08037562652294122,0.1952576691124842,0.012857717882370279,-1.9390469446856735,-0.019307887842913013,-0.36620445957860515,-1.139591526579859
1.8000000000000003,2.16890983489638,0.23305021897150874,0.2024144199758905,-0.8594583628191448,-1.622629734087338,0.04708708823319965,0.19413000758880017,0.00017067855546173177,-2.0578972742116073,0.010403290215862442,-0.34038192008186535,-1.1488220771381528
1.9000000000000001,2.0735391569626,0.07648459108437111,0.21398134936738133,-1.045320200499903,-1.503058766028889,0.18547537625587918,0.19688623681033535,-0.009072462637278561,-2.1784701313880523,0.03156443707742823,-0.30796212348921415,-1.1844744804351302
2.,1.960394054031208,-0.06651385812321542,0.23963026211710503,-1.2147412695059834,-1.3520996195002204,0.3274787073813764,0.20215941328575984,-0.013567550112409966,-2.302732874278302,0.04292777322836026,-0.2720841969769775,-1.2349158779356018
2.1,1.8311767568911423,-0.19307035407415882,0.2793458793022141,-1.366593847776079,-1.1752259055738339,0.46554848799699156,0.2083164599466635,-0.012731145743185809,-2.431340492583299,0.04333430738118491,-0.2360006198220703,-1.284959616208759
2.2,1.6876916153288413,-0.3009114335880635,0.33235955003703344,-1.4999636636211384,-0.9789501198311483,0.5922193533635285,0.21352011089973696,-0.006860600574843413,-2.5633573156053107,0.03185851172338691,-0.20323983601241205,-1.316686433931442
2.3000000000000003,1.5318236752284884,-0.38845615381396936,0.3971734664902493,-1.6141510757785573,-0.7705639673864945,0.7004250770596,0.21592585900857858,0.0027425365320037543,-2.6962039769027,0.008126085813195787,-0.17751594653996333,-1.3129311536386994
2.4000000000000004,1.3655172493336658,-0.4548796883420629,0.4716156867026744,-1.7086700357263753,-0.557847623525578,0.7837968069638187,0.21398589107675123,0.013851934590361712,-2.8260221831438246,-0.02739247985188446,-0.16228670880171114,-1.2626740177963163
2.5000000000000004,1.1907546984377049,-0.5001467751419876,0.5529236078442379,-1.7832449356010622,-0.34875952081816314,0.836931975196674,0.20671089647731425,0.023688234834938884,-2.948454747320473,-0.07333586224747381,-0.16007700550427637,-1.165114204426466
2.6,1.00953562850753,-0.525013682887791,0.637852419438607,-1.8378054632741887,-0.15111902991276588,0.8556233490437868,0.1937246226450623,0.029476963727941417,-3.0595492524157057,-0.12768692421696162,-0.17186010679640598,-1.029223783237807
2.7,0.8238566962693827,-0.5309986173020301,0.7228040870202903,-1.8724796021914147,0.027705315472384612,0.8370392416099297,0.1750896060304187,0.028957368380659092,3.126797675889802,-0.18804513265271347,-0.19670482629072802,-0.8690652086813163
2.8000000000000003,0.6356922013157615,-0.5203217473482806,0.8039716117488404,-1.8875849273696905,0.18108961987745054,0.7798478196140592,0.15104670905988846,0.020687170947238657,3.045948168624129,-0.25162250183989837,-0.2316390970011098,-0.698265725616933
2.9000000000000004,0.44697562706003724,-0.4958172422619634,0.8774927135426923,-1.8836183604243861,0.3034187408174473,0.6842806525025568,0.12183846154543954,0.004169523691529156,2.98188168342152,-0.31486261377400093,-0.27158106311058655,-0.5264933585865874
3.0000000000000004,0.25958227610200885,-0.46082082624884396,0.9396067187165729,-1.8612445556266235,0.3903101874678524,0.5521330522913841,0.08769377158185516,-0.02008282941027443,2.934884097929608,-0.3728997348333083,-0.3093904165960409,-0.35824905545276553
3.1,0.07531312800911591,-0.41903733371378893,0.9868083129505605,-1.8212830957715405,0.4387888771863979,0.3867012601592261,0.04894672897725062,-0.05047906086383567,2.9051751822727074,-0.4193303415001527,-0.3364095858702994,-0.19279391557160713
3.2,-0.10411997060220801,-0.3743935451979918,1.0159919517979563,-1.7646946810982345,0.4474057828810765,0.19265904299568143,0.006197746334211588,-0.08431158587779955,2.893292947827505,-0.44682725305030824,-0.3439572004482539,-0.024202557310666187
3.3000000000000003,-0.27710769225290616,-0.33088217101449297,1.0245810988618618,-1.6925664966963794,0.4162957411292766,-0.024121329740219938,-0.03959304005928375,-0.11784326284969153,2.9004243521755297,-0.44876386568685755,-0.3258112424618171,0.15860536667767777
3.4000000000000004,-0.4421551181850316,-0.2924032024850247,1.0106370713604522,-1.6060969438429236,0.34717211642182816,-0.25679654782515327,-0.08714302373836404,-0.14658606533568366,2.9287090802287827,-0.42120886084134085,-0.28087186025301597,0.37138643037495545
3.5000000000000004,-0.5978920769299472,-0.2626089556265619,0.9729430899039975,-1.5065799186380628,0.24325853425277577,-0.4978190540217708,-0.13494995342297722,-0.1657309773818161,2.981510187300934,-0.36407518768136515,-0.214688227196002,0.6329624924962428
3.6,-0.7430818955991527,-0.24475898492950243,0.9110601214635269,-1.3953888172770068,0.10916040464220811,-0.7392324993910354,-0.1812407983753141,-0.17062682510857546,3.0635222719621718,-0.280790563466405,-0.13914178298257832,0.9609341312955118
3.7,-0.8766285452916197,-0.2415906513799232,0.8253522322591998,-1.2739604414455932,-0.04931864195507851,-0.9729840506990431,-0.22349702678660033,-0.15736966214456516,-3.102899123727499,-0.17739777295106482,-0.07076354266398797,1.36011536668196
3.8000000000000003,-0.9975821789981414,-0.2552105047929111,0.7169803857489088,-1.1437789698223004,-0.2254080882329882,-1.1912410715236814,-0.25756364156513983,-0.12403564493312177,-2.947012980580239,-0.06297785610206678,-0.028166015866039593,1.7964260160982437
3.9000000000000004,-1.1051430765435817,-0.28701081072298923,0.5878648815367947,-1.0063601526785524,-0.4116404105686062,-1.3866995266941453,-0.277362017244368,-0.07331898224417277,-2.753318522592806,0.04807732471329955,-0.027071197999126856,2.1653352411887634
4.,-1.1986640263024784,-0.3376145497825939,0.44061788363608284,-0.8632358762759235,-0.6001487472214543,-1.5528717916361705,-0.2775052899921699,-0.015291716188196018,-2.5340742195955634,0.13631558505184818,-0.0711430728051938,2.319057050460939
4.1,-1.277651187531514,-0.4068510820944109,0.2784486812108262,-0.7159392323530596,-0.7829804871047359,-1.6843423708950158,-0.258586396989389,0.03508905021610709,-2.3114978975363507,0.1863398975325657,-0.14556989342972512,2.198325249184396
4.2,-1.3417634900822897,-0.49376344708114794,0.1050454140886812,-0.5659902156719815,-0.952414277332802,-1.7769813108321246,-0.22840183190633767,0.06683263556155969,-2.1069911500232537,0.19739061977359587,-0.22569626202492465,1.9030544268468084
4.3,-1.3908106399078495,-0.5966470075951413,-0.07556206441524954,-0.41488215955014757,-1.1012678114532755,-1.828106779232899,-0.19634285698484236,0.07804331013543375,-1.9310840682227235,0.18067403743281582,-0.29273245792774444,1.5791472841197844
4.3999999999999995,-1.4247498090942263,-0.7131178977902067,-0.25915276095984774,-0.26406900573798375,-1.223184127817285,-1.836590312078421,-0.1684641733934981,0.07288760397253209,-1.7834197155372735,0.1491303100216815,-0.3390345318073588,1.3110749512029136
4.5,-1.4436810980914085,-0.8402085459568329,-0.44147258807924905,-0.11495349110532543,-1.3128850042742144,-1.8029005142258505,-0.14715070973209898,0.05696586778411698,-1.6581315276378314,0.11197838057234027,-0.3643489973497294,1.1218700094407301
4.6,-1.4478418653629808,-0.9744864641484204,-0.618393619071667,0.0311236804376388,-1.3663813471431172,-1.7290834550827032,-0.1327132008504657,0.035120610178467265,-1.548022084901119,0.07451103168982398,-0.37144898637931884,1.0075997853057164
4.7,-1.4376000258152721,-1.1121915688526103,-0.7860682385846682,0.17289362635817468,-1.3811321869154183,-1.6186805247243052,-0.12467696723771958,0.011060996718086785,-1.4462616109228152,0.039441879171519444,-0.3637798300553627,0.9590954119273937
4.8,-1.4134464241176063,-1.2493865581873413,-0.9410720775131816,0.3091679936200725,-1.3561459420309552,-1.476587009671371,-0.12241733920094759,-0.012386183802609472,-1.3466516107918114,0.008094953442104862,-0.34451132616180696,0.9700188423743559
4.9,-1.3759863924142812,-1.3821143505787656,-1.0805300664234267,0.43884655928737215,-1.2920199136591686,-1.3088570113118694,-0.12537729663277844,-0.03292623287567034,-1.2433632619161807,-0.018796681812044923,-0.31625292155192286,1.0384987591450652
5.,-1.3259306040003593,-1.506556308359018,-1.202220613231744,0.5609237093027521,-1.1909164369521514,-1.1224624694946885,-0.13305141440100873,-0.04848967902882513,-1.1306152661290025,-0.04054034901653501,-0.2810883098695115,1.165866608803856
5.1,-1.2640853353453942,-1.6191849384295032,-1.3046537815262504,0.6744937933923019,-1.0564766395428304,-0.9250158838551525,-0.14478857912564927,-0.057020033424448516,-1.0025927363915927,-0.05604600011430895,-0.2408454096515299,1.352461558915635
5.2,-1.1913422484722085,-1.7169049823171845,-1.3871203810066137,0.7787553655497367,-0.8936752454638235,-0.7244677730052284,-0.15939240062496335,-0.0564725273754635,-0.8540046091446124,-0.06348271265944892,-0.19765223150920455,1.5882558216287286
5.3,-1.1086678042128748,-1.7971772708295508,-1.4497100397647156,0.8730143301958756,-0.7086222129955538,-0.5287909191308757,-0.17457237745531867,-0.045294334198252836,-0.6818320540273693,-0.06024573490916862,-0.15482169987766656,1.8372249981319408
5.4,-1.017092414361189,-1.8581204056349145,-1.493297563358024,0.9566860238119305,-0.5083191145156337,-0.3456639726291364,-0.18667828820935325,-0.023662561698060438,-0.4883988914503763,-0.04375118132829217,-0.11771821213226102,2.026056812579912
5.5,-0.9176994373175738,-1.8985862140650507,-1.519498148591658,1.0292962705442683,-0.30037997071520345,-0.18216701717966954,-0.19160990220517737,0.0050220973980310835,-0.28394502460008186,-0.013291972565860451,-0.09339884651466075,2.0672264293631955
5.6,-0.8116141175811591,-1.918205969016036,-1.5305932602725318,1.090481457927824,-0.09272766864002702,-0.0445012190562719,-0.18699657476118173,0.03427902708331428,-0.08482962858691914,0.02846467295657363,-0.08795651992519271,1.9240188350794423
5.7,-0.6999925644915064,-1.9174055313262481,-1.5294301474795842,1.1399876854465527,0.10672193358988602,0.06225627545275687,-0.1735394261977147,0.05731245920825713,0.09334468301760022,0.07654471101241819,-0.10335216854020518,1.645001205695195
5.8,-0.5840108600674043,-1.8973888109732115,-1.519299025531567,1.1776690441308149,0.29037562163515873,0.13435243565864669,-0.15385416850605008,0.06984358884029668,0.24174604288416213,0.12638281023717493,-0.13699163898572286,1.3164138283336706
5.9,-0.4648543797413743,-1.8600902064595566,-1.5037928389818058,1.2034850897880818,0.45126557679912405,0.16950547033540497,-0.13044346842241794,0.07052362000140855,0.35874056057442627,0.17513533335104378,-0.183638335453221,1.0015308216732741
6.,-0.34370740335357786,-1.8080979185000032,-1.4866552141798595,1.2174975757951585,0.5833271951366683,0.16699312665238875,-0.10476491106784963,0.05983060237332614,0.4468043525158661,0.22105157124961458,-0.2369455718418886,0.7259945405081286
6.1,-0.2217430870524479,-1.7445511952708477,-1.4716226795767497,1.2198665136820317,0.681640898039685,0.1276786559507316,-0.07735602377122239,0.03913498565677701,0.5095615220209447,0.2623142447867215,-0.2897714084937958,0.49102487426098246
6.2,-0.10011385985246568,-1.6730156057497196,-1.4622674592905243,1.2108456310572466,0.7426282940750887,0.053973422954418336,-0.04827296614283913,0.01038098179070876,0.5501515616485154,0.2962963023183354,-0.3341201040479811,0.28700204500826587
6.3,0.02005769838280336,-1.5973413136239618,-1.4618471214288828,1.1907772968222454,0.7641948717229067,-0.050262339377834114,-0.01745252061633754,-0.023876756572634734,0.5705617464274754,0.31948857597244845,-0.3616498681653908,0.10005523342175499
6.4,0.1376874477430921,-1.5215100019595598,-1.4731670882433618,1.160086983167307,0.7458135343062147,-0.17987666142846404,0.015089229822860513,-0.06038724125913083,0.571363908514884,0.32808579677451305,-0.3651577447809414,-0.08637831189515031
6.5,0.2517377049638172,-1.4494765512808656,-1.4984615013056495,1.1192773326133096,0.6885456468398053,-0.3286345794593939,0.04921249628435061,-0.09524172029519665,0.5514991793200061,0.31896777176272123,-0.34072747093888084,-0.29241386193518565
6.6,0.36122464984907765,-1.3850117828761588,-1.5392972020381286,1.0689218964473004,0.5949987557270963,-0.48947015629963964,0.08471028580461487,-0.12405541755784881,0.5079225676937932,0.29050711917454264,-0.28959810461615193,-0.5435760162757045
6.7,0.4652250917795469,-1.3315525366768513,-1.5965046653148844,1.0096586083867538,0.4692226668884708,-0.6547717222274899,0.12132832043154847,-0.14217049536329318,0.4350389273836582,0.24265539682954412,-0.21886848362643552,-0.8725358071789148
6.8,0.5628825728960821,-1.2920650606517246,-1.6701386482582896,0.942183054292063,0.31654802535906934,-0.8166889539335848,0.15845924672055572,-0.1447444032412737,0.32412433011037145,0.17639638963797782,-0.14109031371371142,-1.3164124841925764
6.9,0.6534127904637479,-1.268927157969383,-1.759470130670636,0.8672415953256776,0.14337383167898254,-0.9674495390650553,0.19401521594190535,-0.126979928192038,0.1638397504636924,0.09377183336643977,-0.07367963238031387,-1.8929950032913683
7.,0.7361083264764219,-1.2638337903690227,-1.8630098750300847,0.7856243982259428,-0.04308763387220238,-1.099672791937047,0.22223549904259043,-0.08603830105638767,-0.054790189159493005,0.0008178765915185089,-0.03779629199114974,-2.5217029510777706
7.1,0.8103426777331715,-1.2777299010544834,-1.9785626724200476,0.6981584224191698,-0.23509831012979465,-1.2066677077823769,0.23313428933022248,-0.027120292393970923,-0.32481398442308135,-0.08637704133100972,-0.05105104175673307,-2.928478147908305
7.2,0.8755735843872141,-1.3107731352699903,-2.103310116445703,0.6057004096269056,-0.4247028153143053,-1.2827035635372894,0.22038299603602537,0.0316246334897225,-0.6115150390736649,-0.14442341212621274,-0.11013643910073806,-2.8337240805195325
7.3,0.9313456593288821,-1.3623279447896555,-2.2339186089308116,0.5091299175242281,-0.6040455713791979,-1.3232422678890268,0.1910545540132022,0.07073103302125525,-0.8704580962737066,-0.16309935169129083,-0.18759796026237552,-2.353621314262428
7.4,0.977292324716176,-1.4309913113751358,-2.366668294361415,0.4093424349510034,-0.7656839496881841,-1.3251231884955246,0.1584757313762491,0.08498761581863182,-1.0798454420587227,-0.15236175492130602,-0.25693106873778543,-1.8195066112238876
7.5,1.013137065518769,-1.514649063707252,-2.4975977847898183,0.30724261224615745,-0.9028849538911583,-1.2866930791246753,0.13079400941587077,0.07997230611028974,-1.2427980011014739,-0.12674280304717248,-0.30707328928061217,-1.4046567350198278
7.6,1.0386940131093663,-1.6105605426320386,-2.622658906531725,0.20373763653178306,-1.0098936121878872,-1.2078759184087984,0.11031193402038315,0.06291745276318907,-1.371726634470245,-0.09574840306422407,-0.33706277098893456,-1.1294071350106862
7.7,1.0538678747418797,-1.7154682394037515,-2.7378752996131204,0.09973077827732074,-1.0821623790259216,-1.0901798677025982,0.09677786171881955,0.03935796948964739,-1.478897121611477,-0.06406693638222928,-0.3493953681419936,-0.9679304745163789
7.8,1.0586532272261953,-1.8257280360126913,-2.839498546513357,-0.003884867727767728,-1.116532400710085,-0.9366410626570635,0.08937642455678879,0.01312933747722191,-1.574275717136229,-0.03370444008040187,-0.3471582593618042,-0.8956667511697674
7.9,1.0531331952758034,-1.9374548553455195,-2.924155604463427,-0.106232426733168,-1.1113594184348061,-0.7517064716259554,0.08744446117153218,-0.013006821439627277,-1.6660946052500578,-0.005394459271568023,-0.33311673836610267,-0.9000311938748156
8.,1.0374775369020395,-2.0466779145842278,-2.9889816614977507,-0.20645705596694983,-1.0665792893818167,-0.5410604835008679,0.09065826297130304,-0.03681310474767393,-1.7620009888447283,0.020652210914023212,-0.30944119868339776,-0.9812899378994405
8.1,1.011940159894165,-2.1494993923990564,-3.0317331168332946,-0.30373150853294806,-0.9837105137629287,-0.31140213116915716,0.09903332354650692,-0.05610918289681961,-1.8702712915684774,0.04427976930172781,-0.27763697100027723,-1.1524392010547098
8.2,0.976856094896279,-2.2422501843933373,-3.0508761778234876,-0.39726143538919423,-0.8657936670617925,-0.07018182506094695,0.11276976429479298,-0.0682839063875157,-2.0009778727805974,0.06491103167841078,-0.23860780690696745,-1.4379264003704992
8.3,0.9326379519084237,-2.321636537340379,-3.0456475371449923,-0.4862904128937186,-0.7172701521191411,0.1746919142720771,0.13171255699967127,-0.06978111053427577,-2.166586188858811,0.0808059890445122,-0.19303504182658388,-1.8620075609796154
8.4,0.879771888237905,-2.3848717163861957,-3.0160847062961063,-0.5701046843991252,-0.5438051048324073,0.4151640392868947,0.15390827806528917,-0.05608941873894209,-2.379800256699171,0.08798663415004175,-0.1426986150513498,-2.400083509112756
8.5,0.8188131170434383,-2.4297874560802204,-2.963024790567507,-0.648037605026734,-0.35206151365970173,0.6433504585662263,0.17333656489082733,-0.02419686065216292,-2.643928577814366,0.0800799378991717,-0.09358940658337951,-2.8747989638212808
8.6,0.7503809866824868,-2.4549207520510268,-2.8880717481873077,-0.7194737790856213,-0.14943455806991474,0.8518487687122664,0.1807423080255056,0.021069652308063055,-2.9368045237742364,0.05275133455629185,-0.058347303913701194,-2.9631569960580944
8.7,0.6751536621205481,-2.4595725332346685,-2.793533432208648,-0.7838528796604836,0.05624324297432054,1.034029852682816,0.17198954459345225,0.06543193636020436,3.0699631160268,0.010728760853606363,-0.04959621073580849,-2.564774720684802
8.8,0.5938624407156585,-2.4438358755968,-2.6823309178318437,-0.8406731397200401,0.2570143177021145,1.1842987247557024,0.15237837154676923,0.09656961648959711,2.844892396482884,-0.035744688620490656,-0.06906492650827555,-1.9560697520022459
8.9,0.5072857357725409,-2.4085926325741704,-2.557883722229972,-0.8894945037457602,0.44511331350442623,1.2983142280735995,0.12903627843026763,0.1113710341066647,2.6776158676308333,-0.08031458472112024,-0.10981002616669669,-1.39962801948812
9.,0.41624276238383273,-2.355478616586729,-2.423975484548449,-0.9299414284044144,0.6132767055574576,1.3731588308659155,0.10553999088575494,0.11168598026327967,2.5585827511858112,-0.12152281735915692,-0.16399370835360508,-0.9720673608905962
9.1,0.32158696125033986,-2.286818719741077,-2.2846054522795702,-0.9617053202457848,0.7550323989813237,1.4074517565804694,0.08263137816365809,0.09998001864799669,2.4760049150615586,-0.15957109759831978,-0.22517351520441173,-0.6569236444358996
9.2,0.22419919740166164,-2.2055345602754843,-2.1438316856343063,-0.9845465978594272,0.8649577790107223,1.401400941985055,0.05990607040419504,0.07824604247173049,2.42076453066778,-0.19429785485742013,-0.28728916069479615,-0.4202744812674548
9.3,0.12498077202047729,-2.115028336608591,-2.0056122213043333,-0.9982963654326106,0.9388959215324537,1.3567917557653317,0.03670902177335692,0.04826305791754026,2.386848049010375,-0.224472798601133,-0.3435266852162736,-0.23331294700852392
9.4,0.024846286899569175,-2.0190475193816044,-1.873650517980135,-1.0028576842759185,0.9741213443587766,1.2769129310374432,0.012485658989860841,0.012054621553948552,2.3707289470333186,-0.24773193928239723,-0.38607714171731466,-0.07412976396511835
9.5,-0.07528359758427627,-1.921535775812408,-1.7512513349377175,-0.998206428681873,0.9694486912572531,1.1664226680113754,-0.013099667813105256,-0.027778800023900374,2.3708086823831023,-0.2609576035985136,-0.4070618424962894,0.0752696880317446
9.6,-0.17448946873112098,-1.8264760695542543,-1.6411927787463123,-0.9843917125104958,0.9252800158485872,1.0311602480053235,-0.040159722877311434,-0.06794689384480829,2.38713846214176,-0.2610373161513985,-0.40048925250952544,0.23232060069728214
9.700000000000001,-0.2718604884174824,-1.7377321911895098,-1.5456196082768283,-0.9615358732047717,0.8435887803135099,0.8779106720413183,-0.06866232197180026,-0.10458997058060307,2.4214418787851137,-0.24571930535430683,-0.36450564193196416,0.41694011325962765
9.8,-0.36650169573779895,-1.6588950370545148,-1.4659620404148672,-0.9298340005737996,0.7278412068306053,0.7141317097566151,-0.09854513021547025,-0.13354422921682088,2.477449766912031,-0.21407477584342813,-0.3028306428312701,0.6545334092532281
9.9,-0.4575412392714713,-1.593139764790514,-1.402883282000395,-0.8895529986807779,0.582858117215854,0.5476542426928603,-0.12974434620484418,-0.15056224248479655,2.5615524946741006,-0.16626816725336838,-0.22475618798891664,0.9788182816002715
10.,-0.5441374917592083,-1.5430995203948379,-1.356257868068477,-0.8410301705683294,0.41462276878233073,0.3863678504429666,-0.16186806120999014,-0.15133305685385412,2.683565592993872,-0.10299241584188189,-0.14425034375483461,1.4302513525801928
10.1,-0.6254859990328754,-1.5107607708929736,-1.3251816581164884,-0.7846713173681863,0.23004234739871288,0.23790417620883686,-0.19300773847893202,-0.13158973547182964,2.8564133309656747,-0.025867610973534093,-0.07931771911270463,2.0310857969179748
10.200000000000001,-0.700826214306472,-1.4973844154041691,-1.30801307984349,-0.7209483455904898,0.03667262626652196,0.1093306966071288,-0.21736940189159343,-0.08900104918260879,3.0907692545182344,0.0589315972548573,-0.05084413206016933,2.694399840031202
10.3,-0.7694479684460942,-1.5034558196699426,-1.3024439639191072,-0.6503963790750732,-0.15758323259741247,0.006867105536248808,-0.22465252798804528,-0.029661518198003597,-2.903885417802377,0.1342990383543287,-0.07420706718369557,3.1087783129301947
10.4,-0.8306976266375085,-1.5286657660275773,-1.3055971335119734,-0.5736103752087652,-0.3447897263380991,-0.064364379869156,-0.20883454868366977,0.026991223050994256,-2.6003742888817136,0.17716211319469902,-0.140835758098222,2.9667704567780118
10.5,-0.8839838820040077,-1.5719230783093896,-1.3141468455770153,-0.49124124855496526,-0.5172953487296232,-0.10054483576746143,-0.1782041279989809,0.06177779227385145,-2.330366665374175,0.18114217569228175,-0.21925971177396036,2.4291197857247018
10.6,-0.9287831372356604,-1.631398418369122,-1.3244572697930512,-0.4039915089806536,-0.6680376057551587,-0.09931236467895599,-0.14631912280875706,0.07140770283215542,-2.1146965163986198,0.15946241275468415,-0.2842076857747839,1.8668640566549297
10.700000000000001,-0.9646444262118026,-1.7045975082223448,-1.3327334718803987,-0.31261042566840674,-0.790824549290304,-0.05985761577520743,-0.12051147687564957,0.06276508906843407,-1.947241670353514,0.12665466980476728,-0.32767089578523795,1.4499287997370232
10.8,-0.9911938289660841,-1.7884608586812865,-1.335178869482129,-0.21788873302438985,-0.8805816050294171,0.01704271595367135,-0.10240086958247038,0.0433978925272278,-1.813361584532794,0.09083645427849137,-0.35063312566256055,1.1881056054313153
10.9,-1.0081383351871334,-1.87948602863416,-1.3281528707375203,-0.12065289938649496,-0.9335538544036728,0.12905574719824786,-0.09149600465925069,0.018785004734077466,-1.6993243095398836,0.05540299111287526,-0.35637272730263836,1.052238615168831
11.,-1.0152691137920071,-1.973867540893257,-1.308322398399554,-0.021758984540734744,-0.9474557061482826,0.2723844300029994,-0.08705407807872802,-0.007287595913772511,-1.5937579916096982,0.021439555645646258,-0.3480959842078959,1.0210230411420116
11.1,-1.0124641489719224,-2.0676488766243453,-1.272801246139116,0.07791388269792414,-0.9215619905850561,0.4419180725506633,-0.08868483622908953,-0.03192687864276829,-1.4864514487503246,-0.010958506524772637,-0.3282893531093706,1.0910919783775712
11.200000000000001,-0.9996902065010789,-2.1568804888348945,-1.2192716988178725,0.17747037026442414,-0.8567368449779272,0.6314353557039716,-0.09648628027587908,-0.052407485988200914,-1.3665383000430253,-0.04199810534761968,-0.29849972388902063,1.2794548472350613
11.3,-0.9770040980230172,-2.237777535437695,-1.1460835556572087,0.2760061100931247,-0.7553992383927085,0.8338517509205973,-0.11093029646414213,-0.0653910126200524,-1.2204881292784582,-0.07156931633087756,-0.25919984380034355,1.6243745492577433
11.4,-0.9445532154801863,-2.3068710435860225,-1.0523265961908512,0.372615119724298,-0.621426510475327,1.0415014748302351,-0.1321600810618625,-0.06597500587742464,-1.0306617825162985,-0.09808209108210725,-0.20990438348561807,2.170147732684296
11.5,-0.9025753128181208,-2.3611464788508583,-0.9378735877440433,0.4663974261027675,-0.45999976975230916,1.2464427387162305,-0.15763493262852676,-0.047407972614702185,-0.7784923192564129,-0.11612222224973216,-0.15077041358284704,2.8775310567430368
11.6,-0.8513975175541951,-2.398164194939835,-0.8033921077189936,0.5564668346128102,-0.2773973149346133,1.4407741222771118,-0.17816116504040203,-0.005544569892967679,-0.46244487097920595,-0.1149415964460964,-0.08849806437057216,3.416562536725334
11.700000000000001,-0.7914345607219743,-2.4161569620231123,-0.650324697359225,0.6419587819490988,-0.08074431486476835,1.6169494573867333,-0.18114603852134528,0.04990179113367533,-0.12512098738218222,-0.08703753848994529,-0.04213006062133469,3.286626246626905
11.8,-0.7231862200467637,-2.414100685534915,-0.48083812634320766,0.722038207411489,0.12227127342284216,1.7680786668124262,-0.1658719792906302,0.09820961362724155,0.16775040726725232,-0.04126927646605636,-0.029108044904401057,2.5830686517366166
11.9,-0.6472339779286167,-2.3917554961305227,-0.2977437791810231,0.7959073737148636,0.3237052230789046,1.8882025626275856,-0.14266301781050525,0.12848289420996234,0.3862793132217431,0.007824411012538076,-0.04848100602249785,1.821972928059349
12.,-0.5642369028503623,-2.3496755726869676,-0.10439232585545538,0.8628135655029736,0.5156737723335714,1.9725306470511874,-0.11889334597727118,0.14159369830136065,0.5387010782028138,0.05391232627454529,-0.09040957651530923,1.2401299608291738
12.1,-0.47492677012683715,-2.289187306750487,0.0954531354460722,0.9220565915211907,0.6906679486884143,2.017632433280946,-0.09656454992685047,0.14097889583004253,0.6428938449772387,0.09657809396605929,-0.14675172835140665,0.8345182151110603
12.200000000000001,-0.3801024453973683,-2.2123366789603263,0.29776041719888785,0.9729960149043094,0.8418529512930384,2.021574656761877,-0.07532184687136913,0.12908782890736983,0.7132624008776592,0.1366681859903308,-0.21185819423613414,0.5505070028538783
12.3,-0.280623561859994,-2.121807945399761,0.49838235940220144,1.01505803533142,0.9633406560764879,1.983998904379621,-0.05424799670828047,0.10742028293363694,0.7592630856242615,0.17437885806573533,-0.2806209618275274,0.3430291134611052
12.4,-0.1774035298708486,-2.0208168756077725,0.6932155909044999,1.047741946940823,1.0504243797145778,1.9061365642936778,-0.03247304914429767,0.07717926204641395,0.7866766279682611,0.2086653603759413,-0.34692520472391164,0.1821226406979731
12.5,-0.0714019250991088,-1.9129827985297587,0.8783576162522126,1.070626096924273,1.0997665431353045,1.7907604978365568,-0.00936168695531738,0.039834406819431574,0.7988237044005492,0.23710599831331844,-0.40301417972444553,0.04790279082219491
12.6,0.03638369115344306,-1.8021845575461592,1.0502559756141003,1.0833732716611602,1.109531753011351,1.6420753574853888,0.015414498759081864,-0.002483161424424409,0.7973262863364411,0.2561523167116683,-0.4400299030918212,-0.07438304845037488
12.700000000000001,0.14492645868109785,-1.6924061172120788,1.2058435410816997,1.085735440127345,1.0794599957012656,1.4655509207951587,0.041857576986363956,-0.04679901515020593,0.7824998444972445,0.26188492972775373,-0.44988548150186747,-0.19790813342751498
12.8,0.253179344520286,-1.5875779768945808,1.34265456506145,1.077557788125907,1.0108770256285917,1.2677050818580855,0.06969193963619186,-0.08938433501545741,0.7534804243227076,0.2511428719989485,-0.42799985309466554,-0.33663451104198183
12.9,0.3600846344664407,-1.49142071365995,1.4589168635341947,1.0587819816309876,0.9066415339477714,1.055845148756834,0.09848240170199203,-0.12610223395425027,0.7081437419139325,0.2224819491069297,-0.37562204705594837,-0.5068450190577429
13.,0.46458371001940146,-1.4072968918767506,1.553616468083171,1.029448603191122,0.771031203716136,0.8377777576017593,0.12775607672667616,-0.1528682117585301,0.6428447462369818,0.1763653449509555,-0.30044322951879554,-0.7281901123201142
13.1,0.5656270255293357,-1.3380772434458041,1.6265321778644857,0.9896987118718783,0.6095721941934085,0.6214989648202597,0.1569863322306358,-0.16601681903274051,0.5520409916662561,0.11458027533144297,-0.2153453021189926,-1.0237733428850597
13.200000000000001,0.6621841957246628,-1.2860264536433208,1.6782386423702156,0.9397744845831306,0.42881885219232674,0.41487686952305003,0.18523812676261892,-0.16250084947801796,0.4280804253384161,0.039697680436961084,-0.13642176984069976,-1.4153576891895239
13.3,0.7532540999887772,-1.2527131059494139,1.7100778600871211,0.8800189047751175,0.23609243269441266,0.22533941550701853,0.21027220243573075,-0.14027978931443083,0.26210902854749446,-0.04412423695501628,-0.08127869515273332,-1.9019353612190721
13.4,0.8378749067873434,-1.2389473760916185,1.724100236980885,0.810874473328461,0.03918924511608113,0.059579815896781074,0.2273541335026609,-0.09996341368418962,0.04829203161316994,-0.12804882965310882,-0.06635833497597311,-2.4069815827194865
13.5,0.9151339195986304,-1.244748959259382,1.722977561951903,0.7328809259239458,-0.1539301394867611,-0.076708659187255,0.2298429553043497,-0.04843967868367227,-0.20702505469704793,-0.19565163742940764,-0.09924775802532526,-2.736489839721617
13.6,0.9841771446233616,-1.269346509144246,1.709891375647804,0.6466719511644753,-0.3354582299469784,-0.1790579622074644,0.2146164988018438,-0.00021800351882731754,-0.4785313803039017,-0.22919011122703606,-0.16793998796078966,-2.7065240064596305
13.700000000000001,1.0442184804951635,-1.3112086111833618,1.6884011896594504,0.5529709141309673,-0.4980518538413119,-0.2444016373439497,0.18737375490734412,0.030774350438812506,-0.7331926731676444,-0.22473167258127388,-0.2449074676979571,-2.3749802785835095
13.8,1.0945484312147653,-1.368105055214707,1.6622978160774893,0.45258560077389903,-0.635124885560624,-0.27119525143850076,0.1581564444401785,0.040714233135080005,-0.9516685342235494,-0.1938119130648578,-0.30758563365591873,-1.9650818315144376
13.9,1.134542245615777,-1.4371959648104031,1.6354476606342936,0.3464020094531898,-0.7411107934502326,-0.25947608911170517,0.13386763320826955,0.03409497917913956,-1.1335595889232957,-0.15037018455921633,-0.34777079773081854,-1.6318056123911795
14.,1.1636673898499121,-1.5151452299965829,1.6116341925516142,0.2353772269156268,-0.8116845390936022,-0.21085973578960704,0.11707073256092942,0.017416137323902566,-1.2885517345188782,-0.10314973634925248,-0.36620226295941705,-1.4227914742898922
14.1,1.1814902636551596,-1.5982537211688732,1.5944029164097384,0.12053143691069548,-0.8439349823145526,-0.1284736884773352,0.10812273682251065,-0.0037908608378935194,-1.4289349260093689,-0.05605120444620278,-0.36629688957814477,-1.3407251475070514
14.200000000000001,1.1876820765283707,-1.6826069733986584,1.5869160313771613,0.002939120359503389,-0.8364809186538954,-0.016830644637685244,0.10684917267908353,-0.025154290056848518,-1.5672826683255998,-0.010281109838943519,-0.351274934784111,-1.3866240130518757
14.3,1.1820238063376007,-1.7642314534363663,1.5918225765719667,-0.11628048362713578,-0.7895261232717954,0.1183534756134127,0.1132312591322874,-0.042737007508542015,-1.7170239268686822,0.03404110161058163,-0.32315951939822546,-1.5763627187759852
14.4,1.1644101703393397,-1.839253179552962,1.6111492435785117,-0.23597357667060506,-0.7048512068484902,0.27038951546943746,0.12734841456967344,-0.05206384174386704,-1.8938527675569894,0.07656123591471543,-0.2824130834230541,-1.9402351488691223
14.5,1.1348525469581916,-1.9040523705604548,1.6462162128444124,-0.35496257145915355,-0.5857426081622222,0.4318839030949854,0.14828042335540298,-0.04724352447404507,-2.11561910126235,0.11470785879078971,-0.2282315856292352,-2.487853641378914
14.6,1.093480795975338,-1.955407958656341,1.6975813726954079,-0.47205733637856045,-0.4368615541855503,0.5950355882762043,0.1712606713235628,-0.021914074516905732,-2.3948978409201946,0.1406024353444646,-0.1614112567694495,-3.086760191913364
14.700000000000001,1.0405439348783996,-1.990626204834123,1.7650151478168399,-0.5860668095815614,-0.2640582118467971,0.7519492525037459,0.18562447611073085,0.024027056923314766,-2.718273199342511,0.14148561205920548,-0.0921301860185188,-3.345097131102248
14.8,0.9764096399583162,-2.007648289382536,1.8475069433854499,-0.6958108708628583,-0.07413844063877861,0.8949523021763772,0.18263035790463783,0.07694037657441628,-3.035443441391052,0.11263707118381214,-0.04204824823588064,-2.981141956960069
14.9,0.9015625521967724,-2.0051325881929203,1.943302950258511,-0.800132354001455,0.12540755508847345,1.0169030038119962,0.16584877375536095,0.11992044406976603,2.9861239562309843,0.06594545599651122,-0.025776945449001453,-2.278182335620849
15.,0.8166013799585594,-1.982508354791012,2.0499738060026016,-0.8979090776936351,0.326703856374793,1.1114774733169785,0.14405773391263949,0.1468848674541222,2.792633332399548,0.015175550680603734,-0.04067643911207212,-1.6187431256837403
15.1,0.7222348028660195,-1.9399986679729373,2.1645094159305955,-0.9880657699124091,0.5218028369919074,1.1734240744153184,0.12212395551987167,0.1592485701458008,2.65571437473547,-0.03391626488316148,-0.07801528724811765,-1.123850595196748
15.200000000000001,0.6192761938587157,-1.8786117302084808,2.2834371551789854,-1.0695857585633526,0.7030020293992418,1.1987750806658877,0.1011239751942198,0.159481147259171,2.5601266826239666,-0.0806084984988648,-0.13081670183855792,-0.7724864667043373
15.3,0.5086371891955531,-1.8001008637296763,2.402958740380277,-1.1415223007190956,0.863151216868407,1.1850071592988842,0.0805938142494939,0.1492133190230708,2.494173208704056,-0.1254257321154824,-0.1941989523299482,-0.5200737321603969
15.4,0.39132014889868116,-1.7068947991471743,2.5191003148421944,-1.2030094235465139,0.9959375089831639,1.1311442754562888,0.05969741055720767,0.12939380700930067,2.450086280464497,-0.16843250840400156,-0.26374649012898566,-0.3316403405152434
15.5,0.268409562725455,-1.602001035780013,2.627869764023637,-1.2532721523167658,1.0961370354548665,1.0377989109828065,0.037648895698100794,0.10078991335071458,2.4229778499200614,-0.20853112532736584,-0.3340529886977159,-0.18381131215557425
15.6,0.1410624690413101,-1.4888861264300888,2.7254149895120814,-1.2916360046172175,1.1598232240159418,0.9071499511667513,0.013879300584362929,0.06445425596987345,2.4099118721625534,-0.2431481523157564,-0.39788121076279764,-0.06099251967608755
15.700000000000001,0.010497965807860325,-1.3713376592821795,2.808176831163507,-1.3175356350566607,1.1845233590096642,0.7428581177316617,-0.011860709716227744,0.02210248994151009,2.409305622330367,-0.2683153371055588,-0.4463006290825456,0.04829840431746563
15.8,-0.12201409584643182,-1.253313439288146,2.873030540101039,-1.3305225213447995,1.1693171791799557,0.5499223162691996,-0.03943392575193251,-0.023661361832866466,2.4205915960016675,-0.2793674739167521,-0.4701876474563806,0.154140626254879
15.9,-0.25516513448072886,-1.1387838817100047,2.9174101613896974,-1.3302715905896814,1.1148735838791246,0.33448262191783423,-0.06832212799603075,-0.06937006132259314,2.4440597876323773,-0.272263608144441,-0.4629620994486827,0.2669079168795213
16.,-0.38762046696653424,-1.0315739011063787,2.9394108662279397,-1.316586693931271,1.0234239843334922,0.10357775451901488,-0.09773352239878665,-0.11102066708815958,2.480827764302026,-0.2449963857828474,-0.42345117985852393,0.3979474101333649
16.1,-0.5180324235551557,-0.9352105991617832,2.937865152272437,-1.2894048481377294,0.8986733623685119,-0.13513329109102457,-0.12677534454981434,-0.14462089226982933,2.5329047785500367,-0.1982413155041027,-0.35724006735575303,0.55946883323629
16.200000000000003,-0.6450538224963407,-0.8527828235766166,2.9123898722067203,-1.248799174438643,0.745652582401962,-0.37367436490572126,-0.1545823501411928,-0.16674838489537466,2.6033114250845726,-0.13488233577331463,-0.2756932583031427,0.7639827126316373
16.3,-0.7673516709697655,-0.7868181969738992,2.8634022133564083,-1.1949804775468509,0.5705178445606227,-0.6040679501604571,-0.1802782148297112,-0.17494035213393597,2.696164671502905,-0.059007255569397905,-0.19342365623009694,1.0228099759405966
16.400000000000002,-0.8836209540583557,-0.739182518304333,2.792103988690884,-1.1282974214034727,0.38030527409240955,-0.8186510336738302,-0.202703621260145,-0.16792484555283574,2.816490786677665,0.024553625002529226,-0.12567650443404507,1.341192218963505
16.500000000000004,-0.9925983698575952,-0.7110055473103031,2.7004348625973567,-1.0492352725321756,0.18265043082038146,-1.010378468116276,-0.21997161815739066,-0.14596713226361077,2.9692402006239815,0.10944076037352911,-0.08618469654102169,1.7056761036159438
16.6,-1.093075866647754,-0.7026361307999802,2.5909963730143994,-0.9584131968596523,-0.014516079087939504,-1.173101734783453,-0.2292215039355906,-0.11171502913581072,-3.1264478608292987,0.18611223098233592,-0.08445106373763014,2.06381879513913
16.700000000000003,-1.1839138374099538,-0.713628459717376,2.4669497755058174,-0.8565801112908777,-0.20328475403706292,-1.3018119960747205,-0.227458818008262,-0.07133219395600449,-2.9085819645761704,0.24169366699469427,-0.12117924444467346,2.318829331688188
16.8,-1.2640538278803932,-0.7427600049074465,2.331891778237192,-0.7446091070527068,-0.37608250666577603,-1.3928377504510259,-0.21401594020027598,-0.03405217773203591,-2.6738942956306757,0.2648020566116889,-0.18445030365763496,2.3826831957859893
16.900000000000002,-1.3325306168304722,-0.7880804165457286,2.1897131179905998,-0.623490477663583,-0.5259745618534813,-1.4439892124174634,-0.19252670719001366,-0.008307189461391867,-2.44082775224475,0.2532284470488862,-0.2537009525582789,2.2614839705441265
17.000000000000004,-1.388483531336684,-0.8469894377782866,2.0444456111885927,-0.49432340017283727,-0.646940907348996,-1.454643663894128,-0.1693092733655082,0.002653174572464048,-2.223256484346955,0.2150724383459341,-0.3109148948471316,2.0543441401893556
17.1,-1.4311668654486756,-0.9163407264127604,1.9001037731341217,-0.3583063338584933,-0.7341162758071855,-1.4257683765350373,-0.14984463496910835,0.0009920404051628304,-2.024861291561969,0.1618337311498364,-0.34744009510825613,1.868870255937351
17.200000000000003,-1.4599592778431798,-0.9925674456289345,1.7605273150006462,-0.21672621569723832,-0.783984090906248,-1.3598801933143183,-0.13721477839233934,-0.008498481903175033,-1.8405027602380313,0.10232720056931635,-0.362216662236893,1.7719962559270932
17.3,-1.4743720527148418,-1.0718246168150605,1.6292307929022551,-0.07094654644414487,-0.7945166455253724,-1.2609433828027632,-0.13265425102557274,-0.02056185161867536,-1.6598553496811077,0.041451517394721325,-0.35727014852673533,1.7982985106091276
17.400000000000002,-1.4740561182333158,-1.150142559383171,1.5092663980403218,0.07760552509283447,-0.7652559235206398,-1.1342098403383625,-0.1364193943097892,-0.030014003451950395,-1.4697306380545918,-0.018348525736303474,-0.3346323183452191,1.9690970674814687
17.500000000000004,-1.4588077283031196,-1.2235853004135249,1.4031053528373212,0.22745299919667583,-0.6973318429893567,-0.9860080086483727,-0.14789574974286726,-0.03141044827637293,-1.2555010298624216,-0.07479016179019458,-0.29511153104932386,2.2901471460086187
17.6,-1.4285727259960643,-1.2884076388469892,1.3125426360225767,0.3770835717226484,-0.5934171937208776,-0.8234889347794918,-0.16451370813362193,-0.01910047449518449,-1.004721734802959,-0.12288226671358243,-0.23906187380482194,2.7060304437116796
17.700000000000003,-1.3834493207669245,-1.3412046025830087,1.2386288294092807,0.5249647874011408,-0.4576210653349194,-0.6543395889375224,-0.18009772497733456,0.01029354674364284,-0.7169679368425259,-0.15281897914713988,-0.17056048578630406,3.024439989273368
17.8,-1.323689326278767,-1.379047340111506,1.181631797681277,0.6695596484089996,-0.29532501479065576,-0.4864748759063309,-0.18644099147945423,0.052650606684291015,-0.4154058951103964,-0.15434174723269142,-0.10312965212273524,2.982931415538438
17.900000000000002,-1.2496978212083614,-1.3996000291194948,1.141029723005274,0.8093425191435345,-0.1129685047503094,-0.3277206190786666,-0.1801995770748682,0.09627585354573723,-0.13868456830812753,-0.12782971531878307,-0.05537303818622944,2.554277760275691
18.000000000000004,-1.1620312116168117,-1.4012131413062625,1.1155357661212544,0.9428151622537487,0.0822078333078573,-0.18550015692817234,-0.16525414355418236,0.13114358291573172,0.08697403837524775,-0.08466717586916657,-0.03681028815208119,1.9798703619807154
18.1,-1.0613936901873273,-1.3829893452444129,1.1031533645803142,1.0685227368309675,0.2824508759383558,-0.0665370476376027,-0.1468577536377573,0.15399515325549845,0.25842681635097625,-0.035754805223455546,-0.0452537257288919,1.4617046266855664
18.200000000000003,-0.9486321046747532,-1.344819419958664,1.1012599572672648,1.1850695873094017,0.4798041159046424,0.023414264680401378,-0.12780222471019062,0.16539097224586136,0.3847012092642303,0.013667525134064265,-0.07455109263616101,1.0583128891538423
18.3,-0.8247292650968502,-1.287386747472377,1.106715790963142,1.2911346511319521,0.6664248785156031,0.07979908357177629,-0.10876808062438188,0.16654485991988421,0.47648747977257766,0.062148900975762714,-0.11933492425774095,0.7569157997329853
18.400000000000002,-0.6907957363377234,-1.212140205229035,1.1159934646546483,1.385486314632387,0.8348969997088103,0.0994451979926316,-0.08946212043245974,0.15830968456445466,0.5423306324216408,0.10954167476878873,-0.17551506786681476,0.5302124909890794
18.500000000000004,-0.5480601797397564,-1.121236539093204,1.125323040452931,1.4669965498848383,0.9785265003924517,0.08069043813101417,-0.06928290870938321,0.1411944124226175,0.5882521145153256,0.1555844839724513,-0.23931629024391451,0.3549371047737602
18.6,-0.3978583237409744,-1.0174545143483589,1.1308469293054821,1.5346541704682903,1.091608469443717,0.023449963232472254,-0.047622506979602595,0.11564760688073068,0.618273541757849,0.19914521566654528,-0.30618045366881513,0.21440512686573523
18.700000000000003,-0.24162065948236422,-0.9040842672311087,1.1287783699180758,1.5875770511568152,1.16965451558118,-0.07077940184549042,-0.024026244546658665,0.082384228013272,0.6349699461828291,0.23778951721810318,-0.36996675337266854,0.0969383052030477
18.8,-0.08085897237953818,-0.7847962682177546,1.1155571759861909,1.6250231654248561,1.2095717203233425,-0.19897795486019565,0.0016857330979023672,0.04269401471841058,0.6398696396279152,0.2676993425375999,-0.42281344501772716,-0.0062454909692722695
18.900000000000002,0.0828481652528811,-0.663495121093968,1.0879965356815837,1.6464003052780383,1.2097859577442402,-0.35672268602063184,0.029322126766238268,-0.0013352674810960048,0.6337062692717225,0.28416602227690624,-0.4560824079167582,-0.10285193447368579
19.000000000000004,0.24787080248672988,-0.5441640263880081,1.0434150040097085,1.6512743601900048,1.1703046646571018,-0.538362862997186,0.05828752610790135,-0.04677903844820764,0.6165598122781931,0.2827692531265154,-0.46251085177054163,-0.2007529164857427
19.1,0.4125437692945691,-0.4307061099300178,0.9797484189285566,1.6393760457314277,1.0927165587775338,-0.7372446314250474,0.08765584762100684,-0.09010257933205208,0.5879177988830893,0.2608830078932968,-0.43890400356464965,-0.30841712331339
19.200000000000003,0.5751834274194411,-0.3267889422775165,0.8956372724660779,1.610605987685852,0.980128316102691,-0.9459756770358042,0.11634291061586975,-0.12763304894217395,0.5466798587714544,0.21869166717425226,-0.38796831649449304,-0.4345453577135006
19.300000000000004,0.7341048441195787,-0.2356984475374148,0.7904860465852539,1.565038083908447,0.8370407319801035,-1.156719398328876,0.14329837443872892,-0.15612629368542566,0.49112749769455744,0.15908615193612352,-0.31813639096482865,-0.5873144409187865
19.400000000000002,0.8876392134023708,-0.16020802578907128,0.6644921412116047,1.5029210837316551,0.6691693029340618,-1.3615068621115518,0.16761058123333678,-0.17323134456747744,0.41889330519870405,0.0866608002217451,-0.24152333906711962,-0.7735850219268781
19.500000000000004,1.0341513442580497,-0.10246810679474516,0.5186432341006906,1.4246783431754597,0.4832163820864944,-1.5525541051995666,0.18846653482102996,-0.1777466449767946,0.32699950417784807,0.0066996030031056305,-0.17124228091767912,-0.9976946224568876
19.6,1.1720570321825563,-0.06392053815272197,0.354683170752944,1.3309057333863104,0.286603991617349,-1.7225721323470733,0.2049945282025325,-0.16972040267720825,0.21210596287994118,-0.07510162178022439,-0.11917471584913523,-1.2585850551821238
19.700000000000003,1.2998401290020043,-0.04524122097743344,0.17504773720654135,1.2223676994036259,0.08717794418889868,-1.8650572515662522,0.21610268303460933,-0.15055129623417332,0.07119836913324172,-0.15211266862154826,-0.09431321215739716,-1.5441115808152426
19.800000000000004,1.4160691267177883,-0.04631328005118446,-0.017227130761858347,1.0999914863246365,-0.10710493092017126,-1.9745501717969736,0.22052571219461692,-0.12319143227854894,-0.09706290296031399,-0.21614136390481867,-0.10104543554272884,-1.824296146761135
19.900000000000002,1.5194130738015104,-0.0662318380789016,-0.21862104959248396,0.9648595699884663,-0.2884939876635009,-2.0468535331496436,0.21735155322464464,-0.09224904431317253,-0.29054003972874254,-0.25803140901103877,-0.13710644764782495,-2.052288741061244
20.000000000000004,1.6086566470783015,-0.10334020372150976,-0.4252641953143971,0.8182003492077983,-0.4497537433010276,-2.0791991970236903,0.20702368091556117,-0.06335791767852561,-0.5026025416299333,-0.2705409354564064,-0.19261460880217687,-2.185025041054226
20.1,1.6827142090210323,-0.1552960307151834,-0.6330862408989021,0.6613771761182183,-0.5844523206370795,-2.070358626238571,0.19205449284227663,-0.041393916341952455,-0.7237305607172957,-0.25213593861417344,-0.2526854934230114,-2.2164641443468485
20.200000000000003,1.740642688888565,-0.2191648105311363,-0.8379732927577798,0.495875820169975,-0.6872178531404141,-2.020691954056675,0.17645935828330336,-0.028468941807719278,-0.9457400278205443,-0.20793377810169159,-0.3032354425385846,-2.189190591573416
20.300000000000004,1.7816531366086485,-0.2915369713284488,-1.035926576583607,0.32329047943789135,-0.7539526308824943,-1.9321337851804987,0.16421015754709378,-0.02331341795899484,-1.165716392305678,-0.14655432890955913,-0.33543561344631856,-2.1699618631796755
20.400000000000002,1.8051208105398588,-0.3686639148440934,-1.2232165529160026,0.14530847006063657,-0.7819964499708263,-1.8081162940275768,0.15802798877240257,-0.022175072831780173,-1.387074421287397,-0.07626469373249292,-0.34583757146744754,-2.217664060590107
20.500000000000004,1.8105936741349469,-0.44660756786836925,-1.3965263249397348,-0.036306259460263654,-0.7702326532503243,-1.6534326852727386,0.15897726207686355,-0.020029720089940126,-1.6178982067298013,-0.0036445969799074845,-0.33391195614899144,-2.364197696162497
20.6,1.7977991919390708,-0.5213974861700569,-1.5530786278177828,-0.21973062785965367,-0.7191326347640695,-1.4740464591440199,0.16621314337512952,-0.011515790307686027,-1.8673366112232772,0.06502440039940754,-0.30013894353682646,-2.5952740891504424
20.700000000000003,1.7666493321408665,-0.5891892476432949,-1.6907413433207144,-0.40310076043710186,-0.6307370337205263,-1.2768540844822778,0.1764361769844486,0.007679319958524082,-2.1394670882340914,0.1213309485899051,-0.2467772438098973,-2.819624199420183
20.800000000000004,1.7172437008855008,-0.6464178200507629,-1.8081073395403893,-0.5845309827631758,-0.5085743677038964,-1.0694105399928575,0.18414125542966026,0.038133143009294726,-2.4255699783224847,0.15481715231379553,-0.18153946859626394,-2.875820861447404
20.900000000000002,1.6498707525748364,-0.6899397890848826,-1.904545458946211,-0.7621332741201524,-0.35752034896419854,-0.859628664380067,0.1845456882883753,0.0747751831752394,-2.702965278819756,0.1589768263970394,-0.11913186230565069,-2.658234295786566
21.000000000000004,1.5650070402254594,-0.717158776572502,-1.9802206281520855,-0.9340369787539622,-0.18360349240211282,-0.6554643001494572,0.17701927141622437,0.1098088957226862,-2.947497496910339,0.13727476543636313,-0.07429630027528054,-2.23710122422188
21.1,1.4633144904238071,-0.7261290488045009,-2.036082293661203,-1.0984085678507765,0.006235234955643265,-0.4645997821637118,0.16425027105154485,0.13779895661018282,3.135916106478865,0.09956119618519794,-0.053554961455934504,-1.7680751655430507
21.200000000000003,1.345635708293139,-0.7156331844625663,-2.0738216504729525,-1.2534712421850365,0.20441914097411307,-0.2941383879684244,0.14903778786180547,0.15688420803774655,2.9799333517707884,0.05451350046190728,-0.0557305356374109,-1.3522435502210062
21.300000000000004,1.212987338947177,-0.6852307057773647,-2.0957993744333114,-1.397524164671975,0.4030378796884739,-0.15032192983694317,0.13285265210128044,0.16706220976685854,2.860817085010678,0.006921824912316928,-0.07682159076557458,-1.0174612426648901
21.400000000000002,1.0665515329222708,-0.6352757341565622,-2.104946744995273,-1.5289611136305203,0.5941628242150143,-0.03828274584168863,0.11606070519498908,0.16873803076758503,2.7709474775025704,-0.04125928390307473,-0.11292245079365008,-0.7558723621400564
21.500000000000004,0.9076655838252407,-0.5669029664177965,-2.104644105752731,-1.6462883514278956,0.7701631683724188,0.03816002417272282,0.09844893388556664,0.16220233845194232,2.7040205506013906,-0.08933111717242016,-0.16077339606922025,-0.5507889132547905
21.6,0.7378098266787442,-0.4819825307191331,-2.0985815134344974,-1.7481415093181452,0.9240101550396688,0.07665175738791162,0.07957601121623495,0.14760613089098967,2.655353373834925,-0.1367451540698522,-0.21726732187619005,-0.38689307146871965
21.700000000000003,0.5585939049642933,-0.3830455219477316,-2.0906071359818625,-1.8333012976595136,1.0495573026266412,0.07639523053320307,0.05896806820820349,0.1251169785785319,2.62164237912053,-0.18238493359194402,-0.27868413077443754,-0.25244193769506834
21.800000000000004,0.3717415329357736,-0.27318318524491836,-2.0845694485808592,-1.9007078612310646,1.1417854579126416,0.03818136479596464,0.03625016537480958,0.09514137140915467,2.6006469130732963,-0.22408045751216152,-0.3400007321509401,-0.13881093452998106
21.900000000000002,0.17907389719047104,-0.15592376691138565,-2.0841595236143036,-1.949473611974591,1.1970029057701561,-0.035643390940636455,0.011264263000083593,0.058567435553108955,2.59093285792163,-0.25838893181225914,-0.39458669053967566,-0.03935971468556647
22.000000000000004,-0.01750814245997432,-0.035091942267325676,-2.092759706588265,-1.9788943860459172,1.212992558031032,-0.1412717365244084,-0.015822525887771787,0.016973978476248996,2.591694728071094,-0.2808425261026633,-0.4346725068303528,0.05176456682519139
22.1,-0.21604287826873997,0.08534357535589172,-2.1133047153291087,-1.9884587884308085,1.1891003535399716,-0.273588480457038,-0.04445386329281502,-0.02727911833679321,2.6026442990678778,-0.28684566360789027,-0.4528573929689279,0.14058665442118332
22.200000000000003,-0.4145274186470456,0.20142816913510309,-2.1481607042970197,-1.9778556064034762,1.1262613451646908,-0.42637568353103905,-0.07371293995115803,-0.07116817979488546,2.62395024161017,-0.2730730168340164,-0.4443922785509716,0.23372315248059164
22.300000000000004,-0.6109379928259878,0.3093788924525298,-2.1990271194724746,-1.9469791925990405,1.0269624337564347,-0.5925618059661539,-0.10246268943421602,-0.11135864555869322,2.6562156069099347,-0.23873051284984792,-0.4092447297199499,0.3381056224703402
22.400000000000002,-0.8032506889476035,0.40573519979603656,-2.2668652605040744,-1.8959327392366312,0.8951432347407358,-0.7645049235202368,-0.1295507053834975,-0.14470894516073848,2.7004814617471125,-0.18592559853018564,-0.35274577432780885,0.4602422974794713
22.500000000000004,-0.9894624116824366,0.48749682568829805,-2.3518564018887655,-1.825029386852041,0.7360390294750693,-0.9342987197996875,-0.15398487204816508,-0.1687563827279467,2.7582424855367402,-0.11897236145907868,-0.28439604266559665,0.6055168137546849
22.6,-1.1676118409334046,0.5522433148383494,-2.45339114634482,-1.7347911335498754,0.5559720624077361,-1.0940890539542425,-0.17500479953064102,-0.18203575132700567,2.831451115093283,-0.04323400469041453,-0.21555152728093432,0.7777620388345967
22.700000000000003,-1.3358001709451104,0.5982304382170007,-2.570090438221111,-1.6259455340251123,0.36209950436199395,-1.2363884813114665,-0.19204318049509003,-0.18418921787677617,2.92246761945383,0.035696760628399916,-0.15713511667673416,0.9787588822083575
22.800000000000004,-1.492211409239632,0.6244596512427468,-2.6998574024102893,-1.4994202011851254,0.16212812985459923,-1.3543761860957348,-0.20463414857356582,-0.17593215423065836,3.03388389703803,0.11212571214628513,-0.11801155602546869,1.2069748665308855
22.900000000000002,-1.6351320172670152,0.6307178249909844,-2.8399579451262684,-1.3563351468708407,-0.03599291663599924,-1.4421713669333038,-0.21235622416636743,-0.15897158585752771,-3.1150619900798358,0.17991245937532183,-0.10392022550731703,1.4552145049176435
23.000000000000004,-1.7629696794857008,0.617585666460064,-2.987126906067959,-1.1979930216731087,-0.22438901701192332,-1.4950691741832571,-0.21490603441079664,-0.13591458736867934,-2.956433947195734,0.23223446438691014,-0.11654951118484368,1.7082258006546662
23.1,-1.8742709947458394,0.5864144921962645,-3.1376955326430553,-1.0258673369095823,-0.3955740048509001,-1.5097297910619236,-0.21237313429688442,-0.11007167416402748,-2.7735617445020377,0.26215218839548443,-0.15265906044499392,1.9435956168945865
23.200000000000003,-1.9677378932811844,0.5392722812315643,-3.2877351966866293,-0.8415887742131144,-0.5427486044429092,-1.4843131185269525,-0.205655737762465,-0.08494109438685996,-2.568804312417723,0.26433310925968073,-0.20390476738652233,2.1400298387187404
23.300000000000004,-2.042242594241546,0.4788611580249643,-3.433211626374813,-0.64692970963591,-0.6600714857451597,-1.418553692485565,-0.19671521181189852,-0.06326453905587713,-2.346139921535791,0.237252421534793,-0.2583777499331204,2.291487200782805
23.400000000000002,-2.096840932413125,0.4084095950937445,-3.570143506628903,-0.4437870994516093,-0.7428921291494125,-1.3137728446343737,-0.1882812891920171,-0.04597545769971355,-2.109285343152767,0.1842225963651793,-0.30378478739045645,2.415492667585582
23.500000000000004,-2.1307838984483958,0.3315436328673011,-3.6947591269487985,-0.2341638937106129,-0.7879362164776641,-1.1728276201330174,-0.1829706594236614,-0.03168442527100509,-1.8596698026322784,0.11241778649704068,-0.3304386428463332,2.543447411787628
23.6,-2.1435272544097015,0.25214225081339886,-3.8036448332592223,-0.020149160854332174,-0.7934361572517763,-0.9999984866182268,-0.18221073457612594,-0.01707991138064224,-1.5961856803952437,0.03122009874646737,-0.33242982169925533,2.693573507479101
23.700000000000003,-2.1347391055486264,0.17418265572536742,-3.8938793669019383,0.19610287787956804,-0.7592015465661637,-0.8008203092619378,-0.18537504994485587,0.0017824586103256238,-1.3180199021210273,-0.04830833844676063,-0.3077721707124491,2.8384432800086903
23.800000000000004,-2.1043053298048076,0.10158165502994387,-3.963148736343776,0.4123946921083751,-0.6866267456300014,-0.5818633283843702,-0.18959271351924575,0.02740835119697101,-1.0299286292924874,-0.1134921044485596,-0.2596957393890722,2.8933919415204277
23.900000000000002,-2.0523327883044153,0.038039439053268564,-4.009837043071885,0.6265079406085756,-0.5786352827662284,-0.35047286937852673,-0.19104018215192425,0.05883472279338086,-0.7456954125161663,-0.15293960719038696,-0.19857919654632872,2.7679693368241622
24.000000000000004,-1.9791502629456803,-0.013107999854973518,-4.033089641581012,0.8362263919268846,-0.439563291423574,-0.11447815992293267,-0.18741628344655958,0.09181111106151538,-0.4839572518804794,-0.16239373703248408,-0.13965317385907597,2.457252008649791
24.1,-1.8853070907401257,-0.04902192776337627,-4.032846116113906,1.0393590284336,-0.2749866321598586,0.11811813893593082,-0.17904897173515932,0.12162694824586523,-0.2586469728960524,-0.14661026294035692,-0.09562100535765714,2.0497209354016843
24.200000000000003,-1.7715694886858802,-0.06747410447475882,-4.00984175993157,1.2337630909503,-0.09149859069698185,0.3394573123613449,-0.16759950282937258,0.1454068745805808,-0.07402668661790868,-0.11440021311056517,-0.07195864795643503,1.6427609937279282
24.300000000000004,-1.638914587329427,-0.06693567938935269,-3.965577498400886,1.4173668196574918,0.10355298547567071,0.5421362309735582,-0.15448839712691198,0.16210073615059237,0.0729305386422116,-0.07327452069783649,-0.06842446318093325,1.2880552103577811
24.400000000000002,-1.4885222155638744,-0.046638203925613075,-3.9022594550402054,1.5881916481756257,0.30235863241586813,0.7195008276093553,-0.1403919320668699,0.1715217717809938,0.18812789490636164,-0.02778415821187272,-0.08248003255945459,0.9971613534991228
24.500000000000004,-1.3217645033539724,-0.006604328133786086,-3.8227105697121884,1.7443736115208148,0.4969586181563664,0.8659097134997682,-0.12539731395019713,0.17366916128705784,0.27753954924725516,0.01982304925867473,-0.11133400521027474,0.7630706195820965
24.6,-1.1401933927091468,0.052353042267089145,-3.7302577921570914,1.8841837350445598,0.6795602817669917,0.9769574261993319,-0.1092577224235955,0.16848055532194883,0.3461447021622654,0.06851037522431166,-0.1524850143347391,0.5740158614008505
24.700000000000003,-0.9455261700877085,0.12866309481474653,-3.6285993476068996,2.0060471804250177,0.8428487117446049,1.0496484109335191,-0.09157284125643164,0.15582538417332303,0.39775887722236897,0.11756582718146914,-0.2034760479011798,0.41905755636101377
24.800000000000004,-0.7396291552576856,0.22005967553451716,-3.5216573654995544,2.1085609362074824,0.9802783779641752,1.0825148011105528,-0.07190737676757052,0.13561013708664899,0.4351787233451051,0.1659320097852822,-0.26132879850055335,0.2895357463979531
24.900000000000002,-0.5244997022189287,0.32367157618946363,-3.413421745657265,2.190509854189751,1.0863340907459755,1.0756733042688942,-0.04989082426079491,0.10794635595785924,0.46038431015083814,0.21167543389017787,-0.3219108553455396,0.17893661570259214
25.000000000000004,-0.3022466868781551,0.43613694407449155,-3.307791485448116,2.250880848981146,1.1567508834247429,1.030818927378765,-0.025325927794196665,0.0733584983909262,0.47471383192317906,0.2516313724645142,-0.3794868302484886,0.08221277235335177
25.1,-0.07506967354674178,0.5537372531893341,-3.2084197924960454,2.2888750961760054,1.188684052397064,0.9511557934033619,0.0016938660091766612,0.032994572156891014,0.47899263140904547,0.28141580358788654,-0.4268134896948148,-0.005085115658293982
25.200000000000003,0.15476303219878504,0.6725454957751155,-3.118569156412404,2.303918084592728,1.1808225756873978,0.8412678089681841,0.030689465877065024,-0.011231745022800792,0.4736197209866106,0.29605840865137784,-0.4561530514591435,-0.08764807881875021
25.300000000000004,0.3849372233703556,0.7885826862779638,-3.040982155817055,2.295667399735353,1.1334413883927634,0.7069343409018082,0.06077831448501298,-0.05666175760765879,0.4586195730679729,0.2913015048667386,-0.4612486964277592,-0.17091565343037202
25.400000000000002,0.6131162920766633,0.8979764384131814,-2.977773149432905,2.2640181388144307,1.0483904309495689,0.5548982517009444,0.09077655079272667,-0.1001409756998611,0.43366655216880856,0.2651093605159632,-0.4396102600210758,-0.26095668909360864
25.500000000000004,0.836965149871618,0.9971152933554138,-2.9303451672916956,2.209105882077674,0.9290209068339869,0.3925955432374028,0.11940566580069865,-0.13846840803627175,0.39808828419072223,0.2185492622698489,-0.39391212035217005,-0.36375936420433835
25.6,1.0541743208660386,1.0827926464694726,-2.899335313279389,2.131307170594286,0.7800516895691505,0.2278573885468657,0.14552019779749675,-0.16890822843523773,0.3508542215790829,0.15549523757103864,-0.33162084297471095,-0.4844056469340638
25.700000000000003,1.2624839568408572,1.1523345346700564,-2.884590853435327,2.0312374667429105,0.6073812049705305,0.06859643230186818,0.1682591768377497,-0.1895903306784287,0.2905577306307275,0.08144845776376727,-0.26306807733450943,-0.6266535588462514
25.800000000000004,1.459707522549324,1.2037061899241805,-2.885176940922253,1.9097466001959182,0.4178522882912809,-0.07751013230905845,0.18707998820569274,-0.19969595706820722,0.2154052820445198,0.002323245226130238,-0.19904565445598602,-0.792996300632951
25.900000000000002,1.6437549010101442,1.2355931109373033,-2.899415667180698,1.767911728889181,0.21897939067142624,-0.20332807409977183,0.20170608749385732,-0.19943686379889278,0.12323563157719572,-0.07616522579877524,-0.1489040950667334,-0.9847887330796143
26.000000000000004,1.8126546728726292,1.2474534209436157,-2.9249548797601417,1.60702787103084,0.018649010309365832,-0.3025519608977189,0.21205539931100886,-0.18990622401408025,0.011604138030738956,-0.14846243568823292,-0.11943861965841307,-1.2019552005350023
26.1,1.9645753308522746,1.2395394242534843,-2.9588640204747785,1.4285960903482702,-0.17519470877996568,-0.3699579262397355,0.218210267077771,-0.1728772133054769,-0.12202489661649431,-0.20884405423421812,-0.11429065467411381,-1.4421235215016328
26.200000000000003,2.097845199734496,1.2128875021594319,-2.9977531601800815,1.2343094422155287,-0.35486667623468066,-0.4016132873967265,0.2204653342599568,-0.1505738043168795,-0.27995185165610703,-0.25126063239096774,-0.13349533891587845,-1.6996354020003506
26.300000000000004,2.2109708444406224,1.169276751011923,-3.037910481557818,1.02603681276711,-0.5132472272342053,-0.3950346566168007,0.21945243407413284,-0.12537419963161545,-0.46382600450090583,-0.2697616542842405,-0.1730691942832697,-1.9655726791924901
26.400000000000002,2.302653763033353,1.1111580114273276,-3.0754527257055573,0.8058048063178249,-0.6440659527256227,-0.3492882409346503,0.21627298808953263,-0.0993759384476574,-0.6743034955099834,-0.2596920829861051,-0.22493284550611287,-2.2298901844298484
26.500000000000004,2.3718051781696707,1.041556118002597,-3.10648260137731,0.5757778581173585,-0.7421516725721578,-0.2650283307002238,0.21247130838059133,-0.07382147319964981,-0.9109726920349825,-0.21943413375131668,-0.2776852859981257,-2.484361952331216
26.6,2.4175587592256735,0.9639492665251261,-3.1272468780244393,0.3382367694286813,-0.803638585982781,-0.14447244124744074,0.2096449627823448,-0.04859484461843109,-1.1724190863989319,-0.15206227425763028,-0.3184809811791159,-2.720506160826337
26.700000000000003,2.439281127933496,0.8821303079195284,-3.1342888564110334,0.09555587990722915,-0.8261203806555428,0.008685902389473754,0.20866025239792033,-0.022246349698686486,-1.4556398448675236,-0.06635210390939009,-0.3357880291321175,-2.9163521429784236
26.800000000000004,2.4365800226775542,0.8000554986971566,-3.124589134617147,-0.14982089193099965,-0.8087461567889128,0.18942326178105495,0.20888189292419432,0.007014193884857528,-1.753970605747932,0.023298252500458604,-0.32289456141193784,-3.0205808797871305
26.900000000000002,2.4093100203691686,0.721686737743748,-3.0956890537650157,-0.39540489591345573,-0.752254341773176,0.39158543904881515,0.20827970907152235,0.039598778283455975,-2.0547344159450507,0.0995009372184472,-0.2817759468346593,-2.966688380163004
27.000000000000004,2.357575739810736,0.6508335789598956,-3.045791898208749,-0.6386882299140367,-0.6589432434897143,0.6081317497820231,0.20483345893465324,0.07357160640787799,-2.340586538934996,0.1483900397963301,-0.22419589183549543,-2.730867236349319
27.1,2.2817324764147493,0.5910013182050553,-2.973837811692991,-0.8771695885970987,-0.5325794161648658,0.8314146774533338,0.19796457401819295,0.10571626370088734,-2.595927465178115,0.16588333119765317,-0.1663178087525957,-2.3670272898309057
27.200000000000003,2.1823842447886195,0.54525121083251,-2.879549438757983,-1.1083802122127981,-0.3782474919421359,1.0534837612626533,0.18843341501101704,0.1334142523120278,-2.812723801721538,0.15705730983930732,-0.12066347987293975,-1.9641541138501823
27.300000000000004,2.06037923275433,0.516078392494446,-2.7634464676764,-1.3299096637491048,-0.2021474649138003,1.2664016031769019,0.17728232246860104,0.15534580973063505,-2.9907464129506094,0.1303134291497503,-0.09288614195401669,-1.5878058030527178
27.400000000000002,1.9168026975569519,0.5053123701227226,-2.6268284909257327,-1.5394311629140178,-0.011347509257373045,1.4625593967284565,0.16516011040755663,0.17106172840052122,-3.1342215518382375,0.09280572124896476,-0.0836291660524539,-1.265227420789208
27.500000000000004,1.7529673620401063,0.5140440501893563,-2.471726862206012,-1.7347262084751196,0.18649781416255462,1.6349793991491024,0.1522426319316319,0.18040938781510876,3.0344955009930166,0.04913625927233221,-0.09136971495335022,-0.9988333294245935
27.6,1.5704013951414126,0.5425822133931516,-2.300827464953658,-1.913708226406815,0.38345272851386564,1.777592288892591,0.13837764229813163,0.18322404182166305,2.94383983708752,0.0018147891441904309,-0.11412390812315047,-0.7808870880169189
27.700000000000003,1.3708340869016817,0.5904411709828328,-2.117367466905442,-2.0744449900403894,0.5716166228448522,1.8854783517873708,0.12322397795588984,0.17924023536242414,2.872713702856496,-0.04789157323725996,-0.15001183931581868,-0.6015418771363622
27.800000000000004,1.1561793530105506,0.6563600948136743,-1.9250101723021116,-2.2151795698991275,0.7434390319148307,1.9550628810470303,0.10634263155741427,0.16811819265170755,2.8177934389863855,-0.09919564490267845,-0.19715581807694485,-0.4519926229657606
27.900000000000002,0.9285172274579719,0.7383532505028252,-1.7277029564461455,-2.334349585023244,0.8920206567561245,1.9842580016630387,0.08726327262285763,0.14953435832829604,2.776587350025121,-0.15114589523806743,-0.25322987900915334,-0.3252952986996877
28.000000000000004,0.6900735238699094,0.8337891310395558,-1.5295239417330198,-2.430604544208821,1.0113884252278247,1.9725452655427989,0.0655564147671401,0.12332486584694217,2.7472796055078366,-0.20204440367824247,-0.31483926304345056,-0.21625912749801757
28.1,0.4431978663352698,0.9394953360367215,-1.3345235230747796,-2.502821084537677,1.0967336267653973,1.9209957249873943,0.040931895939489316,0.08967982260408877,2.72859568432585,-0.24894866923645356,-0.3769229936462631,-0.1209570346162694
28.200000000000003,0.19034030875531865,1.0518850154123853,-1.146567055935208,-2.5501159356704957,1.1446036276456355,1.8322266845925985,0.013366230288873808,0.04936900288411225,2.7197006726661104,-0.28743836710150644,-0.4325125970008077,-0.036011380880633534
28.300000000000004,-0.0659732222359868,1.167099836584679,-0.9691849738143213,-2.571856461398996,1.1530395236845787,1.7102968560362073,-0.0167680816723388,0.003941136028967872,2.7201286544885694,-0.3119732066582867,-0.4733118931155272,0.0422372597483138
28.400000000000002,-0.32316641210511043,1.281163775522799,-0.8054363058036548,-2.5676686546691796,1.1216542425902003,1.5605440958454988,-0.04863169985048741,-0.044201895272252045,2.729738319070142,-0.31709079591232375,-0.49141869349098893,0.11840549692642875
28.500000000000004,-0.5786387112475567,1.390141600484056,-0.6577910305932813,-2.5374424884410076,1.051647982275819,1.3893721952225293,-0.08097509368682788,-0.0919571038842858,2.7486901141804263,-0.2992045446967233,-0.48186803029967096,0.19817178951106326
28.6,-0.8297918876479975,1.4902957301842505,-0.5280359523451564,-2.4813345520689407,0.9457603696578178,1.2039952220874564,-0.11234321796325727,-0.13592530108796608,2.777441237928089,-0.25810241490310964,-0.44482623615006023,0.2876092157991554
28.700000000000003,-1.074056705580518,1.5782352129550956,-0.41720784609217837,-2.3997679310870637,0.8081612472157522,1.0121496077081589,-0.14135834166560185,-0.17296465721479962,2.816755512870775,-0.19717293936854852,-0.3860915488840437,0.3921230030906114
28.800000000000004,-1.3089194537810327,1.6510508875536003,-0.32555653316672495,-2.293429317066086,0.6442844413104767,0.821785456155724,-0.16695617323542178,-0.20069735028127142,2.8677252686606085,-0.12225291286886517,-0.3155484782716813,0.5157376433462921
28.900000000000002,-1.5319480466432989,1.70643133718249,-0.25253935394395266,-2.163263363273609,0.4606111393931766,0.6407493830953913,-0.18848870348823196,-0.2178034105570192,2.931801415206068,-0.03998503627091649,-0.2445342785015447,0.6611588931108259
29.000000000000004,-1.7408174250161195,1.74275501399471,-0.1968472534773366,-2.0104643309059744,0.2644115121727534,0.47647152807181603,-0.20569975857044512,-0.22405693753325095,3.0108255278439913,0.04331653543105804,-0.1834552486309865,0.830384611880447
29.1,-1.9333339890953332,1.759154861362742,-0.15646143530545767,-1.836465099360841,0.06345488145083822,0.33566921801440364,-0.21864184479972812,-0.2201681191596339,3.1070536651780545,0.12195077787130454,-0.14034640300506107,1.025326246869915
29.200000000000003,-2.1074588046608493,1.75555285762086,-0.12873832006573852,-1.6429236420774433,-0.1343000116815758,0.22407909580817398,-0.2276031894099318,-0.20752585616697017,-3.060029479556671,0.1905361568164478,-0.12027130430403177,1.2480469926085944
29.300000000000004,-2.2613293354261215,1.732663104124371,-0.11051941714559549,-1.4317070965860799,-0.32102229025574264,0.14622839291569367,-0.23307852273898294,-0.18790476207942355,-2.9210174750481777,0.24359377610651756,-0.125114444503919,1.5004822610026123
29.400000000000002,-2.393279468437387,1.6919633345088088,-0.09826172441972783,-1.2048735832865156,-0.48932112735645666,0.10525446443831743,-0.23577638788577004,-0.1631531112614166,-2.755823092651081,0.27537963078217864,-0.15338967023115624,1.7835792102860233
29.500000000000004,-2.501857616143607,1.6356359809791365,-0.08818345275973305,-0.9646519518377177,-0.6325403887046788,0.1027797808874713,-0.23661416795127238,-0.13485305562139727,-2.5612077094953394,0.28024217997529327,-0.19992121090385603,2.0954390050898617
29.6,-2.58584269779133,1.5664811471242552,-0.07641926108396352,-0.7134196566229637,-0.7450239854211257,0.1388473600068063,-0.2366042203199281,-0.10397532027402824,-2.3345279805570534,0.2537676131177046,-0.2555227413529317,2.426963442992044
29.700000000000003,-2.6442578239907526,1.487804956750228,-0.059178808596830335,-0.45367898330768064,-0.8223413581932907,0.2119192123869108,-0.23651372458225303,-0.07067683573617348,-2.0749374957500972,0.19498152225939058,-0.3071679857361283,2.7523432501944796
29.800000000000004,-2.6763815314354664,1.403287729906244,-0.032902298661747986,-0.18803186680712747,-0.8614641035032181,0.3189378624089967,-0.2363202752794998,-0.0345795464877338,-1.7856960078760757,0.10953906618468749,-0.33978692296487145,3.015698119167229
29.900000000000002,-2.681756439603581,1.31683724150339,0.005593191268410624,0.0808464431776396,-0.8608867003854789,0.455448491396269,-0.2349223221414708,0.0042160352781701795,-1.4771602820535505,0.012178590783066228,-0.341266840181556,3.1329491109352894
30.000000000000004,-2.6601952275666294,1.232432912636384,0.058982431859249784,0.35023459969017745,-0.820686524720063,0.6157768329930656,-0.2308290620887142,0.04403150723899891,-1.167437518752481,-0.07598438544068681,-0.3097818320276629,3.03888925839242
30.1,-2.61178385651405,1.153967146202982,0.12932105430162044,0.6173929793289943,-0.7425207584794116,0.7932557280847776,-0.22349730219995448,0.08191284066155273,-0.877151370054942,-0.13718061665076775,-0.2565475733330029,2.7504647634222947
30.200000000000003,-2.53688199198003,1.0850901322635274,0.21795928201382953,0.8795918190372692,-0.6295603171477875,0.9804913066287508,-0.2136950102161089,0.1152720968377667,-0.6212127504332744,-0.16540481703767174,-0.1987820977204681,2.3577998506559825
30.300000000000004,-2.436120608740736,1.029064310255746,0.32548382519330554,1.1341393770537425,-0.48636342941797306,1.1696581839264943,-0.20259652622092103,0.14287036327423666,-0.4051179897129691,-0.16512949617786232,-0.15012155504919567,1.9531112337784164
30.400000000000002,-2.310396790630359,0.9886342901913829,0.45169025894197623,1.3784098247462842,-0.3186939091434627,1.352811902114923,-0.1909638203521231,0.16447366409545128,-0.22721162554645627,-0.14460486455644336,-0.11727647957289182,1.588307200128674
30.500000000000004,-2.1608657667969142,0.9659174186606223,0.5955869903360298,1.609870577671572,-0.1332913644696006,1.5222061601040053,-0.17900889575893955,0.18016434420631572,-0.082607901504565,-0.1111204037764889,-0.10190162457071317,1.2793128946178114
30.6,-1.988930254875009,0.9623193524268996,0.7554306603855606,1.826108778903654,0.062397494819788624,1.670602184251328,-0.16657614555967978,0.1899486569847622,0.03415635922901507,-0.06960867422279476,-0.10329575428345006,1.0236663752268118
30.700000000000003,-1.7962272098865093,0.9784780054209616,0.9287915735429176,2.0248566554121052,0.26051573981259124,1.7915579053527886,-0.15331677758938922,0.19364470709429452,0.1279559228067664,-0.022938346877981592,-0.12007069070991849,0.8127158667508051
30.800000000000004,-1.5846121050913746,1.0142381037853043,1.1126465502340808,2.204015478974884,0.453109459066738,1.8796854125522973,-0.13878284516910333,0.19089692651489637,0.2027586056373874,0.027370169103030573,-0.15080593232211734,0.6372166540297948
30.900000000000002,-1.3561408972069933,1.0686573633736272,1.3034955045343903,2.361677876680438,0.6324448615424847,1.9308664194394969,-0.12247023018232064,0.18123644425778818,0.2616552558449135,0.08045013100288571,-0.1940731412754615,0.4892817222842065
31.000000000000004,-1.1130498531162567,1.1400440434226287,1.4974971031757538,2.4961482523729437,0.7913166039756533,1.9424171514937185,-0.1038491644180785,0.16417085371041507,0.30699293471447503,0.13546045522640793,-0.248084619384519,0.3628021266363959
31.1,-0.8577334381265393,1.2260243792443697,1.6906181012697503,2.6059610992615365,0.9233350506527223,1.913196080412729,-0.08241146941841396,0.13931415747059017,0.3405150780592406,0.19096885229475982,-0.3100979588513586,0.2533030787745374
31.200000000000003,-0.5927204867761309,1.3236372056053758,1.8787904047902169,2.6898970051580937,1.0231810134475046,1.8436502093494096,-0.057755107571750536,0.10657099100816823,0.3634783671850904,0.24433878657237412,-0.37571450218638697,0.15755033870272545
31.300000000000004,-0.3206488958855511,1.429451998451618,2.058069601720703,2.7469961752111423,1.0868178164381863,1.7357980628322092,-0.029714171711471594,0.06637271670885847,0.37674093433590233,0.2912662991596768,-0.4383545951650429,0.0729371285197433
31.400000000000002,-0.04423909581272832,1.539705629023168,2.2247886451223553,2.776569322326619,1.1116522307581145,1.5931500585023197,0.0014838669432908282,0.019924150838655733,0.3808244238599304,0.3258229975124843,-0.4894088957473719,-0.0033494171503290274
31.500000000000004,0.23373343048411765,1.6504523783983243,2.3757005645532985,2.7782058024471312,1.0966378637159286,1.4205694341637605,0.03509299057003865,-0.03063383631515594,0.3759540025039064,0.3414357150721294,-0.519608709106145,-0.07518741837171236
31.6,0.5104663000968959,1.7577212318555573,2.508104519571317,2.7517789002211206,1.0423168803874288,1.2240792734896588,0.0698456265178307,-0.08227275465079412,0.36207990367309195,0.3328475783021863,-0.5216630111172316,-0.14792645251599884
31.700000000000003,0.7831587660702637,1.8576741822183973,2.6199501730434234,2.697448200036508,0.9507983943712869,1.0106233225807513,0.10413371627312977,-0.13141744160422497,0.33888307377581117,0.29824438911022244,-0.493169244844588,-0.2278858936046831
31.800000000000004,1.0490403430980608,1.94675923112329,2.7099162261974943,2.615659007612666,0.8256743892013088,0.787790131762846,0.13633280817812732,-0.17452289367027582,0.30576651139198424,0.2401879467450283,-0.43809320623102443,-0.3211014905145103
31.900000000000002,1.305399227606549,2.021851988527717,2.7774599873297934,2.507138818023543,0.6718765223635057,0.5635115190954638,0.16512568480944328,-0.20868547685154729,0.26183314109451306,0.16469177801925416,-0.3657924480533013,-0.43218765889493793
32.,1.5496102179454079,2.0803802253279864,2.822836000765551,2.3728908568412783,0.49547952069024986,0.3457473757566659,0.18968567407076856,-0.23206293770686284,0.20585064204588294,0.07920511034190665,-0.2882357366701017,-0.5641228244361942
32.1,1.7791618446108493,2.1204264135618778,2.8470829960243895,2.214184751719268,0.303459005137063,0.14216937795663365,0.20968690045358984,-0.24399573654859022,0.1362036954910116,-0.009112111776499007,-0.21706069432454095,-0.7189707487963845
32.2,1.9916824276687264,2.140804166236905,2.85197967999907,2.032544421852994,0.10341339970426988,-0.04014378639137761,0.22521023009954821,-0.24487063822946073,0.05083495504139847,-0.09407690129335203,-0.16164725568713117,-0.8989415485536965
32.300000000000004,2.1849647887620818,2.141105529364543,2.8399711369677334,1.829733302047345,-0.09673898888250021,-0.19498752708731582,0.23663480889651026,-0.23583727383779599,-0.05282136018215706,-0.17029049455846088,-0.12834087675667216,-1.1072251774994535
32.400000000000006,2.356989358178649,2.1217172408113467,2.814068772912597,1.6077370462700031,-0.2890756442553756,-0.3172775914123971,0.24456466075890598,-0.21847084822511603,-0.17790193348784186,-0.23259129256294084,-0.12034256541277384,-1.3483098055607308
32.5,2.505945433290668,2.083805307773023,2.77772779520145,1.368743882282102,-0.46598568136092205,-0.40325161866996617,0.2497859689784295,-0.19442448742235932,-0.328139744190531,-0.27558601922014,-0.137734537826654,-1.6274978247582867
32.6,2.6302503631034053,2.0292685177140446,2.7347071141593484,1.1151228139249245,-0.6204732637079551,-0.45061797539115594,0.25320344128960204,-0.1650856570237891,-0.5077565187134513,-0.29352953268959714,-0.17729308119200857,-1.948712251495615
32.7,2.728566454473935,1.9606627361401807,2.688917253717804,0.8493998906380682,-0.7464365006178145,-0.45864593886165195,0.25566240811913754,-0.13128098931423268,-0.7209674527905076,-0.28085428696363424,-0.2319341341599332,-2.3082319351613836
32.800000000000004,2.799815418577121,1.8810990092080415,2.6442623362436617,0.5742327845419193,-0.8389107057237913,-0.42819363489285756,0.2575598783637651,-0.09320045602232227,-0.9705502636548516,-0.23393669351701446,-0.28998591097500714,-2.680781852125841
32.900000000000006,2.843190201164882,1.7941195334943143,2.604482442767771,0.2923839337138269,-0.8942663187704915,-0.36167261731064415,0.25833072699590975,-0.050891197723263455,-1.2547981343504344,-0.1548039287247386,-0.33551573867679896,-3.000313707716157
33.,2.8581640668326744,1.703556437613906,2.5730026347407318,0.006692525922622844,-0.9103536001953532,-0.26295050253670926,0.2564067946875768,-0.005471496747386093,-1.5634448917502861,-0.055681635524973856,-0.35253859501608936,-3.162253701092169
33.1,2.8444968355979574,1.6133790056134856,2.5527946577414906,-0.2799543901092603,-0.8865883299756525,-0.1371955421910655,0.2503843777683189,0.03998264883005726,-1.876653790922019,0.041435501150239806,-0.3340916935326436,-3.086831809457841
33.2,2.802238199319265,1.527535432857077,2.5462568418474043,-0.564651369013786,-0.8239750941981001,0.00933066860335141,0.24051821790413344,0.08157712528209445,-2.1715727442183037,0.11508612039726729,-0.2882625944834643,-2.797771283033807
33.300000000000004,2.7317280755383235,1.4497954230924197,2.5551169878023767,-0.8445043050032282,-0.7250672309887112,0.169524081864329,0.22849379321922028,0.11681814137541531,-2.432143458084371,0.15563785829564347,-0.23218832164147882,-2.401055519205635
33.400000000000006,2.633593986898978,1.3835999018518417,2.5803621116202473,-1.1166601327701149,-0.5938650326320114,0.3357226828379405,0.21592670822166413,0.14519750277263477,-2.6528122851611546,0.16559922251529632,-0.18102388862689314,-1.9960594687700397
33.5,2.508745485067244,1.331923837635517,2.622197849370656,-1.3783361854308818,-0.43565626223957604,0.5000132286810242,0.2035594459524173,0.1671951828559021,-2.83545505759325,0.15268674262651713,-0.14317612522704154,-1.6336592495186133
33.6,2.358365668725096,1.2971576397590643,2.6800391413082707,-1.6268489047109258,-0.25680534306468306,0.6545480097494109,0.19140575243870778,0.1833347140030264,-2.985030081357572,0.1244127558905805,-0.1216041958829439,-1.3272248051430093
33.7,2.1838998754164733,1.2810118611546009,2.7525325673689407,-1.8596416045881827,-0.06449962481974136,0.7918590039347179,0.17911720139729945,0.19382879453335972,-3.106922650754691,0.08620157621584285,-0.11644815875078249,-1.0729465670098048
33.800000000000004,1.9870416564699875,1.284449005319289,2.8376094440880353,-2.074310998767712,0.13353715744280065,0.9051568984269505,0.16621267138410425,0.19856489809292102,3.077304733436118,0.04141399270397676,-0.12681306131088807,-0.8619437071416467
33.900000000000006,1.7697161726008361,1.3076451560487383,2.9325675665074473,-2.268632214558795,0.32935280839600223,0.9886030565719633,0.15216701886649192,0.19718709778047638,2.9974230582948764,-0.008063371968806054,-0.1515824084993839,-0.6852444603318948
34.,1.5340611748047466,1.349982959652286,3.0341783365250583,-2.4405820308488457,0.5150837054501178,1.037543586092176,0.13643223598032722,0.18918641854106605,2.9335954653523384,-0.06117695587694173,-0.18959123788210205,-0.5353374676575315
34.1,1.2824057605150379,1.4100762394226969,3.1388150069363325,-2.588360095760323,0.6832683006050573,1.0486961758446136,0.11844485471437034,0.17399466322356852,2.883502761522939,-0.11710212743613392,-0.2393970456387178,-0.40643564650297814
34.2,1.017247118432418,1.4858252610546523,3.242596928475473,-2.710407900055414,0.8271445928141578,1.0202822512673035,0.0976515380687307,0.15110306893462883,2.8453963374723705,-0.17463230183492015,-0.2987672014454101,-0.2943228612704088
34.300000000000004,0.741225496706132,1.5745004457499197,3.3415440490494612,-2.805425305209223,0.9409197115754003,0.9520991786454831,0.07357419456426324,0.12022933463469285,2.817989641429097,-0.23153091409158338,-0.3639834451620051,-0.19603222575420692
34.400000000000006,0.45709764802056596,1.6728511936275121,3.431735505511166,-2.8723844500684943,1.020000864303084,0.8455296384032401,0.04592711207455979,0.08154304015997224,2.800376348108555,-0.28393809130141145,-0.4291796920473526,-0.10934101346912092
34.5,0.16770902141996086,1.7772354789886309,3.509465985037974,-2.9105408868926825,1.0611784403374072,0.7034877925100906,0.014778230442795574,0.03592576432248873,2.7919722643149876,-0.3261415091869987,-0.4861580080983929,-0.0320128053451948
34.6,-0.12403501578785447,1.8837650508779202,3.571393621979066,-2.919441826057821,1.062753971813186,0.5303043909231917,-0.01929298416097733,-0.014812067935970681,2.792477186154908,-0.35120097735461864,-0.5252956713668518,0.039123890553191126
34.7,-0.41519863211539165,1.988460450248533,3.6146735333676734,-2.8989313984956424,1.0246078499919151,0.3315553963072792,-0.055132405514582816,-0.06788545093943239,2.8018536150153257,-0.352720943511341,-0.5378837779334192,0.1088422403329285
34.800000000000004,-0.7028453604742705,2.087409663681771,3.6370716687165183,-2.8491528757308453,0.9482040974210357,0.1138409580363452,-0.09113341352009817,-0.1197766012927187,2.820320273624294,-0.32725176410098983,-0.5192784431523555,0.1833414947197314
34.900000000000006,-0.9840679953106657,2.1769240886338865,3.637054434403788,-2.7705478188470134,0.8365320056697061,-0.11547645408601853,-0.12554710245925427,-0.16676500765142074,2.848359376839363,-0.27591214016530435,-0.4711874922640093,0.2690876090846433
35.,-1.2560182510820446,2.253685592363718,3.6138505186314336,-2.663852159528372,0.6939869653606751,-0.3485643177613689,-0.15685400104237546,-0.20557813910678943,2.8867375123647205,-0.20405543623279854,-0.4015498156534012,0.37140074793132927
35.1,-1.5159358767674163,2.314878801761706,3.5674824510981256,-2.5300892481574597,0.5261952394290346,-0.5774310771250016,-0.1840248986698012,-0.2339134301725546,2.9365407438414355,-0.11929285132630599,-0.3220775143561828,0.49383248691960174
35.2,-1.7611769261807804,2.3583033500980997,3.498766637997741,-2.3705599354652014,0.3397896653454816,-0.7942435144456759,-0.2065879739935536,-0.250664565194595,2.9992250747038747,-0.02934781399211921,-0.24504392963617158,0.6386844999375755
35.300000000000004,-1.9892408920579847,2.3824616057627686,3.4092818696323417,-2.186829785098956,0.14214522834870902,-0.9916378230904079,-0.2245480697632305,-0.25584930443501236,3.07668337542799,0.05909709240395458,-0.1808819229237334,0.808164328020859
35.400000000000006,-2.197796423127463,2.3866183855244865,3.3013075547168005,-1.9807135443730766,-0.05891495245188966,-1.1630119813385649,-0.23825813536471108,-0.25034494722251205,-3.111857113410805,0.14044849371921203,-0.13708037652575358,1.0054787540227903
35.5,-2.384705357544835,2.370830271726507,3.1777341422463903,-1.7542570290806514,-0.25543150369670753,-1.302787772085134,-0.24831298261207232,-0.2355448070300639,-2.997002117235264,0.2096605969566641,-0.11798980830524067,1.2354367093808432
35.6,-2.54804482302506,2.335943364630366,3.0419493004875586,-1.5097166052740794,-0.4396261094631364,-1.4066320035741535,-0.25547577110564196,-0.21300218663059423,-2.8582307335831185,0.2616213416575981,-0.12493003807093539,1.504229366794328
35.7,-2.6861271735710526,2.28355955951093,2.8977043890365444,-1.249536476081984,-0.6042116048034011,-1.471628112806834,-0.260594432744215,-0.1840908016894936,-2.6911925765526137,0.29078123669928413,-0.1561379569017317,1.817529057504027
35.800000000000004,-2.7975175546749202,2.2159726929245456,2.7489665454427215,-0.9763240046544016,-0.7426824886822363,-1.4963913113323595,-0.2644243809752396,-0.1497271325042994,-2.491283301351862,0.2913025253088712,-0.20627633790249772,2.174682941516666
35.900000000000006,-2.881048913029913,2.136077103793187,2.5997622812975703,-0.6928233249763416,-0.8495742744798777,-1.4811226838921647,-0.2672707593397199,-0.1103060259516068,-2.2549141109874546,0.25829343958050904,-0.2654933169515342,2.5554213330382356
36.,-2.9358342928904793,2.04725225468175,2.4540188210850573,-0.4018875103416903,-0.9206813385740616,-1.42760008412117,-0.26852404075205494,-0.06616193489657524,-1.9823763359628674,0.19104835440421222,-0.3189202013350685,2.9000320196703933
36.1,-2.96127628898422,1.9532280130501818,2.3154095069847753,-0.10644958454501988,-0.9532245820652854,-1.3391061911860191,-0.26663122157186875,-0.018707437857445976,-1.682008690970566,0.09806487053722034,-0.34936545406817454,3.1061041678585717
36.2,-2.957073555026229,1.8579359632880597,2.1872094306320413,0.1905073268335298,-0.945962221501106,-1.2202965964096308,-0.2602312597910687,0.028704869143661906,-1.3720645914836709,-0.0010467836950115563,-0.34564186647469947,3.0836354903085397
36.300000000000004,-2.9232242971119478,1.76535267724767,2.072167045034111,0.48598039843834734,-0.8992392917227598,-1.0770131797198985,-0.24969117889692005,0.07191259307605773,-1.0753263228333083,-0.08348790276956969,-0.3108497463582278,2.8386838909834675
36.400000000000006,-2.860026712255504,1.679341191581158,1.972396872678217,0.7769777477718817,-0.8149738873114936,-0.9160502168553971,-0.2369293640901401,0.10828909209523252,-0.8092612796814714,-0.13568053334956073,-0.25977776405291464,2.4684209388653477
36.5,-2.768076363775685,1.603497011676294,1.8892975847455689,1.0605490029659832,-0.6965806911445183,-0.7448825427087491,-0.2237953846463235,0.13743389638192516,-0.5811486680776857,-0.1567064006549733,-0.2082728088548689,2.0749817065259517
36.6,-2.648260516784423,1.5410047815242187,1.823498714799864,1.3338154806670897,-0.5488348387354184,-0.5713666088619417,-0.2111392030558282,0.16006731637319263,-0.3903613078291299,-0.15271394357826346,-0.16660732991418992,1.715142008902521
36.7,-2.5017494883756717,1.4945113336356262,1.7748381286754809,1.5939996627461794,-0.37768154565805845,-0.40342635396253834,-0.19896864897152444,0.17693418475485453,-0.23264919859473568,-0.1310285708428748,-0.13938291671737826,1.4065659723458361
36.800000000000004,-2.329985097919293,1.4660201801008244,1.7423711460638704,1.838453667517247,-0.18999908760741346,-0.24873641102400307,-0.186887647669604,0.18839311477833554,-0.10298162807248737,-0.09749406597108061,-0.12778177129797313,1.1478803934281196
36.900000000000006,-2.1346663328155744,1.4568116510985882,1.7244109473720814,2.0646864212855593,0.006675417665782057,-0.11441528187264946,-0.17437424784306343,0.1944137821403208,0.0032331274799478134,-0.05602317270100917,-0.13145137750412564,0.931531855019619
37.,-1.9177323738486916,1.467391864675787,1.7185986521142418,2.270389249247797,0.20444649433793,-0.006740711574568348,-0.16088531283920918,0.19468480016273002,0.0898068732550096,-0.008977354036610161,-0.149518660388743,0.7492752063701704
37.1,-1.6813431515925723,1.497472562208047,1.7220002721209378,2.4534596208927475,0.3953750790651568,0.06910138939760843,-0.14587540631465679,0.1887204601690271,0.15977637973266118,0.04227255585262511,-0.18094569019733686,0.5939720753585785
37.2,-1.4278576308860034,1.545982613434405,1.731226671375606,2.612022803937152,0.5717950291970211,0.10922446497160357,-0.12879383249447526,0.17595628704116273,0.21550933477966833,0.09678188218164253,-0.22445448589729458,0.45997925371063464
37.300000000000004,-1.1598100439377512,1.6111107323930036,1.742571747025908,2.744451202281898,0.7266187504681757,0.11119700152191683,-0.10909499655649314,0.15585550206123444,0.2588207332259868,0.15345985478146493,-0.27814922018142907,0.34307951882115356
37.400000000000006,-0.8798843139034749,1.690377701304722,1.7521633196419624,2.8493811772648954,0.8536197597564131,0.07414017682168,-0.08628336708429431,0.12805231478370993,0.2910721201845425,0.2104584371408029,-0.3389257041144679,0.24024889088973306
37.5,-0.5908869295702937,1.7807352230629196,1.7561207140626103,2.9257271773733646,0.9476809180219318,-0.0012364235667847862,-0.06000681794740377,0.09254803774219572,0.31324838468590294,0.2645674682115326,-0.401827678293072,0.14927302413375157
37.6,-0.29571854789704305,1.8786874613890299,1.75071274538905,2.972693029289833,1.004998437164134,-0.11266244684173127,-0.030198080047987602,0.0499501873461986,0.32601354900095536,0.31083520821960803,-0.4596916279191138,0.06813698001165612
37.7,0.0026553855796550294,1.9804304232279921,1.7325098084866735,2.9897802723951328,1.0232335276865057,-0.2563966689575758,0.0027667418132831267,0.0016994782222683107,0.3297483539495969,0.34283245334248663,-0.5036164603488865,-0.005800987997702804
37.800000000000004,0.3012346981915801,2.082003626643958,1.6985240043875134,2.976793449334216,1.0016056414560917,-0.42737556261146725,0.03796614879647622,-0.04982162628162824,0.324572084823536,0.3539519289631857,-0.5247128916610186,-0.0765730379433777
37.900000000000006,0.5970149259789226,2.1794480076923834,1.6463317138769153,2.9338422966489195,0.9409235922631308,-0.6194146146662175,0.07398052577659057,-0.10141898356157038,0.31035026982119773,0.3395748528865732,-0.5169127393617009,-0.1497697013712082
38.,0.8870178124623795,2.2689637710164714,1.5741737282866293,2.8613408114699506,0.8435533135026229,-0.8254543674689244,0.10912919021483769,-0.14950190015373632,0.28668901096359783,0.2990344887750255,-0.47957607806803026,-0.23176364010577383
38.1,1.1683215580963109,2.347061891159476,1.4810289422067098,2.7600032025049086,0.713323538377501,-1.0378413754914222,0.1418207393310313,-0.19068063586856876,0.252915898064329,0.23604744699509395,-0.41827074615731,-0.3283735469871049
38.2,1.4380905105855566,2.4107032247102063,1.3666586668014338,2.630836765725085,0.5553731628564043,-1.248632876721973,0.17085696537529493,-0.222326817244815,0.20804678120927694,0.15732605763800295,-0.3431710769709707,-0.44392683851802145
38.300000000000004,1.6936039918819408,2.4574196873162997,1.23161979365131,2.475131756905906,0.37594637654334395,-1.4499130327731007,0.19556971307997814,-0.24289936576737747,0.15073729656489884,0.07045851564469938,-0.2661333337869665,-0.5813570555256186
38.400000000000006,1.9322839664492522,2.4854126646167463,1.0772462808510863,2.2944483641845372,0.1821437289453146,-1.6341081304290341,0.21578935228110724,-0.251976117546259,0.07921841019644209,-0.017613094043261827,-0.19805064012276288,-0.7431243435629763
38.50000000000001,2.1517212672095734,2.493624733757117,0.905599695965014,2.0906009137403196,-0.018360944659605916,-1.7942881787279454,0.23172709799172903,-0.2500614259553222,-0.008782390017304093,-0.10102205735068631,-0.14734649342808315,-0.9322880148893439
38.6,2.3497001103352324,2.4817818361737514,0.7193907840292929,1.8656394702684513,-0.21762645248106882,-1.9244428780085454,0.24385224260302257,-0.2382823659236301,-0.11612497683749996,-0.17462293357093625,-0.11949532671138742,-1.153164039611213
38.7,2.5242206475774513,2.4504042203478678,0.5218751839174509,1.6218290208075274,-0.4077608341679107,-2.019720959027051,0.2527953520623483,-0.2180582959143638,-0.24631502390852633,-0.23337831425216463,-0.11702160125227114,-1.4111419510670182
38.800000000000004,2.673519324942787,2.4007857182733225,0.316727446997636,1.3616264554185722,-0.5812359860892393,-2.076623350537642,0.25925564527421635,-0.19079001949026217,-0.403452556274635,-0.27187600554994446,-0.13946067026157838,-1.7109229187444406
38.900000000000006,2.796086839034349,2.334942181816666,0.10789837702223887,1.08765558093688,-0.7311877808281084,-2.093142474411046,0.2638539640268864,-0.15761351886540775,-0.591865199876551,-0.28428480376736504,-0.18294137324218535,-2.051518740944697
39.00000000000001,2.890683507031572,2.255531134645948,-0.10053862488374044,0.8026804242946642,-0.8516897160702215,-2.0688421150585303,0.2668721157216334,-0.11932625568496033,-0.8150136414831588,-0.2652437542699273,-0.23931187230012693,-2.4155717692726912
39.1,2.9563518928362558,2.1657458429491983,-0.3045460879377117,0.5095770995302814,-0.9379891833698698,-2.004874679011829,0.2679316028478561,-0.07669107764260687,-1.0731383081916328,-0.2124796689000381,-0.2954524563288126,-2.7539401679763857
39.2,2.992426560087323,2.0691880280055934,-0.500279555659086,0.2113045273774868,-0.9866969375028021,-1.9039351565346778,0.2659709477348059,-0.031211028710112623,-1.3598294796508326,-0.13123317700350332,-0.33494111247303787,-2.981581843752305
39.300000000000004,2.9985408522507857,1.9697242951544396,-0.6842369671660886,-0.08912569188644852,-0.9959222128605235,-1.7701536206006157,0.26002095631452277,0.014241933046345504,-1.660049186477486,-0.03712315193098837,-0.34455449071281563,-3.0153730507008007
39.400000000000006,2.974630630519312,1.871332002882709,-0.8533943839757505,-0.3886799429847761,-0.9653481002216702,-1.6089305488616805,0.2503536688392145,0.05614079833248334,-1.9535695249568836,0.04859072042297099,-0.3225383401751077,-2.8415966192968813
39.50000000000001,2.9209349314909696,1.7779407167412726,-1.0053226548221186,-0.6843334827596371,-0.8962441788661392,-1.4267215336688968,0.23852027826998293,0.092057599187296,-2.222917582356404,0.10981803072757293,-0.27943121454125763,-2.529144197980373
39.6,2.837993538216333,1.693275568818813,-1.1382803709345737,-0.9731012328372799,-0.7914159004292773,-1.2307799629135716,0.22616334348950318,0.12141284060978506,-2.458798940139918,0.14159284441233236,-0.2300756328910102,-2.1687923176129544
39.7,2.726641489879735,1.6207087675338538,-1.2512794094245843,-1.2520681618819665,-0.655092742401863,-1.028867929998969,0.2141372514272179,0.144722620181094,-2.6595510734268664,0.14729712098972955,-0.1861045305516861,-1.8215041646595795
39.800000000000004,2.588000586786639,1.5631251775780133,-1.344120455234088,-1.5184189458158246,-0.492759590242791,-0.8289468978267925,0.20252381891560614,0.16263228517976472,-2.8277936044399063,0.1332718349684119,-0.1539483517476012,-1.5129936599591032
39.900000000000006,2.423467978139951,1.5228073289108819,-1.4173970889350196,-1.7694666019380936,-0.3109380703671576,-0.6388604487966204,0.19099443987151854,0.17547491226679207,-2.96764441115644,0.10545122836338476,-0.1361402783042363,-1.2481147869074996
40.00000000000001,2.23470194998597,1.5013444391321706,-1.4724682808229943,-2.0026798035712403,-0.11692655157336312,-0.46602176829370034,0.17908073445366782,0.18322741416876812,-3.0832738139171676,0.06823589144999521,-0.13308228204845463,-1.02306170943802
40.1,2.0236050593864263,1.499569076219107,-1.5114003912601963,-2.215708595582883,0.08149081976837153,-0.3171183204025048,0.1662886690681122,0.18560015598351556,3.1048305512502443,0.024507547586456613,-0.14423678520408317,-0.8315879356206808
40.2,1.7923047880312606,1.5175239866829702,-1.536880992879432,-2.4064082477353486,0.2763544509175291,-0.19784548915570077,0.15212280996463154,0.18213599982593462,3.0272525045571674,-0.023963898704184115,-0.16869405372287774,-0.6675041627633835
40.300000000000004,1.5431319138682147,1.554460411598615,-1.5521079535999402,-2.572861002124956,0.4598466284291538,-0.11267980383635409,0.13608189613934166,0.17229681803706284,2.9647304388120004,-0.07602114319483035,-0.20527994648018852,-0.5255129084648129
40.400000000000006,1.2785968226276694,1.6088679576387097,-1.5606582056409983,-2.713395492789459,0.6246031875116137,-0.06470078873254617,0.11766107242306323,0.1555536261094799,2.915341481468298,-0.13059540229919803,-0.252336910245455,-0.40140176703753466
40.50000000000001,1.0013640021272268,1.6785348322459888,-1.5663414355336585,-2.826603639654584,0.7640070998024999,-0.05546853921398498,0.09638127338133012,0.13150392534561675,2.877609092067571,-0.18614909563741291,-0.3072712075566392,-0.2919819552231605
40.6,0.7142249807329519,1.7606360415544664,-1.573044531240584,-2.9113548451093303,0.8724522751447896,-0.08496190434140408,0.07185937746457348,0.10003392391959548,2.8504365685782753,-0.240104266497247,-0.36598992809988,-0.19485740492941078
40.7,0.42006998714505506,1.851846034884053,-1.584572990932572,-2.9668073493710616,0.9455670604191626,-0.15157974000307728,0.04392362441231321,0.061525092525936145,2.833055458940084,-0.28839395924157185,-0.4224764703596266,-0.10798665376071759
40.800000000000004,0.12185862160434197,1.9484713050251896,-1.6044956190515185,-2.9924166301353234,0.9803885252394137,-0.2522051821250235,0.012757521770716075,0.01707017126105844,2.824988962307354,-0.32544751905359987,-0.4689269687134323,-0.029016602495805933
40.900000000000006,-0.17741016145067867,2.046597657955954,-1.6359987041853148,-2.987940762496698,0.9754805862906287,-0.3823303770658601,-0.020979420738105155,-0.03138139694232589,2.8260294766784604,-0.3449933046862536,-0.4969053326462655,0.04545715514171452
41.00000000000001,-0.4747284524049594,2.14224628080994,-1.6817554952168945,-2.9534426864581778,0.9309912610656039,-0.5362366960464637,-0.05613415355074106,-0.08105633978912544,2.8362295269983204,-0.34176258018609995,-0.49958434191712087,0.12029965722245471
41.1,-0.7671098566168333,2.231532386154846,-1.743816182260271,-2.889289361192814,0.8486467684739734,-0.7072232484682973,-0.09120678125404097,-0.12864196734519062,2.8559057418715037,-0.3134569621089953,-0.4743007303130281,0.20149477207575456
41.2,-1.0516197246649144,2.3108201079323516,-1.8235227713780158,-2.796147817251811,0.7316827115142867,-0.8878745834276959,-0.12463749395140346,-0.1707837840140297,2.885656051569514,-0.26180159626670146,-0.42401696426449137,0.29510362850983046
41.300000000000004,-1.3254048343759721,2.3768674738441993,-1.9214522495776678,-2.674978149796325,0.584715085539032,-1.0703569064018308,-0.15511425286284064,-0.20463318683596757,2.9263906451857027,-0.19196170500141332,-0.35672548719695846,0.4062066539456083
41.400000000000006,-1.5857222222018348,2.426955674590406,-2.0373903086789067,-2.527023527335532,0.413556254606097,-1.2467310012515638,-0.18176827772557608,-0.22824852027598627,2.9793771269325995,-0.1108136485148847,-0.2831780637949353,0.5385723555043995
41.50000000000001,-1.829966870499097,2.458997476400283,-2.170336678293195,-2.3537973210570633,0.22498323235909706,-1.4092693816774309,-0.20420746805750112,-0.2407404620601205,3.0462990600008655,-0.0252681657574689,-0.2142709292823379,0.6951701300451506
41.6,-2.0556979692593083,2.471620454788187,-2.3185418579360335,-2.157067489321291,0.026467505346810916,-1.5507650276306708,-0.22243292124772532,-0.24218097062643723,3.129323136147363,0.05854538900702228,-0.1591835880573361,0.8790239624029579
41.7,-2.2606634857106944,2.4642217312642316,-2.479573786439799,-1.9388383799546043,-0.17412283012648977,-1.6648193976435652,-0.23671559586781218,-0.2333693375658766,-3.0520251277836783,0.13522134260288335,-0.1245115813381369,1.0937597094838676
41.800000000000004,-2.442822792808757,2.436992030817434,-2.6504117932592948,-1.7013301393304838,-0.3688367427556086,-1.7460982342287055,-0.24748225526406276,-0.21555018655635005,-2.9281031899931813,0.1995706999111305,-0.11401600329598753,1.3432876291079665
41.900000000000006,-2.600367127768716,2.390908101072843,-2.827564088547855,-1.446955941599312,-0.5499572473713614,-1.7905449634683765,-0.25521510945220327,-0.19014805614143118,-2.778376806859436,0.24611033922269285,-0.12847403746939573,1.629949832607431
42.00000000000001,-2.731737674255009,2.327693795344358,-3.0072041103918314,-1.1782972735705688,-0.7103090554218539,-1.7955431804839876,-0.2603396542431651,-0.15856685944973004,-2.5990972901882867,0.26893261376137906,-0.1652509214504466,1.9500820873026543
42.1,-2.8356410863993724,2.249751371076623,-3.1853202957408033,-0.8980775304368471,-0.8435446297441346,-1.7600217422450668,-0.26307970119203355,-0.12211856406218187,-2.3874958199621696,0.26243708165591956,-0.21751002597606722,2.286063049292596
42.2,-2.911062299212296,2.160065742587779,-3.3578733063343345,-0.6091341945586004,-0.9443972395250347,-1.6844982772261887,-0.26332673073695717,-0.08216301601047847,-2.1436470602584565,0.22353838565654657,-0.2736311046326999,2.5969898801092186
42.300000000000004,-2.9572744979086685,2.0620855052516744,-3.520954443640336,-0.31438988372982213,-1.0088909269481339,-1.5710593765318255,-0.2607011409509646,-0.04043931081030026,-1.872878647575247,0.15532458759147857,-0.318514876396939,2.8186602009193886
42.400000000000006,-2.973846147897423,1.9595854743073673,-3.67093893933907,-0.016822566573651745,-1.0344990148192348,-1.4232782554053653,-0.2549770771492502,0.0007537566400272816,-1.5870564524444228,0.06975157978877888,-0.3385981553426488,2.8885336757258426
42.50000000000001,-2.9606450173830736,1.856516218437445,-3.8046280121014795,0.2805647491358428,-1.0202448359711807,-1.246073166884135,-0.24660043977670557,0.03901659357224833,-1.3024324675892796,-0.014959843855487752,-0.32880053560040473,2.7874117537282967
42.6,-2.9178391553825933,1.756846586734114,-3.9193740291812014,0.5747745444456811,-0.9667406686844021,-1.045512211375063,-0.2366433812681775,0.07272359166972739,-1.0343946724605637,-0.08230172761884504,-0.29506286891493894,2.553575083000004
42.7,-2.845894819154634,1.6644055070035484,-4.013183784814004,0.862845220934464,-0.8761633258906142,-0.8285723229397003,-0.22616868063016932,0.10137472959468406,-0.79305646077191,-0.12392915146509291,-0.24967574622385583,2.251759709695534
42.800000000000004,-2.745571376248189,1.5827293624085828,-4.084795779747939,1.141881125052336,-0.7521673713409688,-0.6028620398969758,-0.2157321021197708,0.12516163074509934,-0.5824731959905106,-0.1397613457845915,-0.20458618157093847,1.9362604564983183
42.900000000000006,-2.6179132372826475,1.5149210310588677,-4.133728422635356,1.409081858630578,-0.5997394225359101,-0.37631911114673877,-0.20537308274227437,0.14437267530006131,-0.4023992819395731,-0.1342475882173606,-0.16791813223906063,1.6383327991619805
43.00000000000001,-2.4642389058533896,1.4635262081929552,-4.160297233184815,1.6617705768970057,-0.424999348899022,-0.15689499282911232,-0.19483852190670875,0.15908799292368392,-0.2503839240197834,-0.11287693481846058,-0.14386073949388586,1.3709616031404601
43.1,-2.286127261305544,1.4304319415942557,-4.16560036268629,1.8974209861927942,-0.234956290796132,0.04776118743298294,-0.1837672214815975,0.16913718247666032,-0.12320212843710686,-0.08035623135149272,-0.13390783389570085,1.1367962827869
43.2,-2.0854012182326307,1.4167914253113163,-4.1514730105212125,2.1136827673900855,-0.03722922615119695,0.230606600242298,-0.17177040210299618,0.17415882665850962,-0.01761161964643664,-0.04008743616957921,-0.1380844626625822,0.9336878378203718
43.300000000000004,-1.8641089331497849,1.4229780499172082,-4.120412555199438,2.3084051676100423,0.16025677521378184,0.3854845006626136,-0.15844579379802431,0.17367047931732418,0.06931194874276805,0.005701418747498436,-0.15572420841847165,0.7576981993553994
43.400000000000006,-1.6245027535907692,1.448570541176848,-4.075477385895249,2.479658522062554,0.3495865001343188,0.507368677681862,-0.14336952802612793,0.16712982060057818,0.14005865036643636,0.055572851894146874,-0.18578955354755008,0.6045783613271696
43.50000000000001,-1.3690161276336834,1.492369779594465,-4.020163468843029,2.625753489466098,0.5231701476825786,0.5925628223741349,-0.12609350003603437,0.15399954330536852,0.1966701866750143,0.108408984406931,-0.2268288345544566,0.4704527773056535
43.6,-1.1002387123400368,1.5524466302966746,-3.9582635705037923,2.7452578083334833,0.6740459115651828,0.6388468674853822,-0.1061647744110821,0.13383637175354646,0.24076814856229745,0.16289283613457373,-0.2766609190270832,0.3520908449786315
43.7,-0.8208899375900311,1.6262188764224517,-3.893714750742956,2.8370104071747595,0.7961575263345639,0.6455644652529675,-0.08317919920022673,0.10642168391599179,0.27359519018678946,0.21695724071650643,-0.331891364936149,0.24691502871958154
43.800000000000004,-0.533791297133169,1.7105541889262526,-3.83044020680664,2.900132729102978,0.8845957125222873,0.613648116904816,-0.05687666583849964,0.07193913431486693,0.29605503759428997,0.2672833271299437,-0.3874458464098142,0.1527653252209234
43.900000000000006,-0.2418376511934786,1.8018950277110661,-3.772191774008224,2.934037160145891,0.9357938950391796,0.5455809529165895,-0.027271830705162616,0.031179288671013813,0.3087448484594087,0.3090726374381301,-0.4364550218821768,0.06740464715253688
44.00000000000001,0.05203216544818971,1.896400494675134,-3.7223993627648513,2.938432480465717,0.9476703921672932,0.4452966886407296,0.00521336328962802,-0.01428751657536785,0.31197706468308356,0.336442858050931,-0.4709288331296702,-0.012155435390836578
44.1,0.34486512942139513,1.990099483436867,-3.6840333350017445,2.913326288360157,0.9197114065175316,0.31802174467446664,0.03968098573212026,-0.06206441776530485,0.30578948623804975,0.34368855601219467,-0.483478376897298,-0.09021614344304102
44.2,0.633723904850553,2.0790490201396126,-3.6594853069990503,2.859024378042107,0.8529915093654947,0.1700658270426743,0.07482296879727593,-0.10909676155434284,0.28994285586228485,0.3271262323235906,-0.46971423293445697,-0.17240973608807447
44.300000000000004,0.9157165052866578,2.1594914827858407,-3.650472131060634,2.7761270834512946,0.7501308017199219,0.008569317015055422,0.10913864802465115,-0.15206972930266427,0.26390537407954223,0.28658530402085064,-0.43019690921315124,-0.26498279317662754
44.400000000000006,1.1880254399985457,2.228004431260047,-3.6579668842265383,2.665522631415425,0.6151904599768708,-0.15878245776156108,0.1412279135445792,-0.18792797304810877,0.22682372890318062,0.22557760793054307,-0.370750567219971,-0.3737334243194984
44.50000000000001,1.4479360490002295,2.2816370747880033,-3.6821596154744007,2.528377578031648,0.45351083042497553,-0.3240666787999773,0.17003039295391156,-0.21433503770450021,0.1774810119510299,0.15008182138808257,-0.30092295059271723,-0.5033297424315971
44.6,1.6928637400729007,2.3180279363033387,-3.7224494163874797,2.3661244318670565,0.2714985272630959,-0.4794399607924381,0.19492190004274787,-0.22992673103046413,0.11424433808753225,0.06686111004467449,-0.2315354937662719,-0.6573898903237255
44.7,1.9203798528405929,2.3354990228124515,-3.7774681314089817,2.1804465961749178,0.0763710218606432,-0.6174521084531418,0.21567178360138692,-0.23432670221869498,0.03501109123366903,-0.017681986395976367,-0.17253164755451847,-0.8390302895834688
44.800000000000004,2.1282358895496634,2.3331227474803655,-3.845134762342123,1.9732607894994365,-0.1241310943188692,-0.7313441967931497,0.2323250681684248,-0.2279916248289869,-0.0628238010324989,-0.09776565450096221,-0.13169852794371079,-1.0512033522170143
44.900000000000006,2.3143858694292265,2.310758935463208,-3.922738397983521,1.7466971295183265,-0.32205270196191343,-0.8153190904186257,0.24507222318373562,-0.21198611970279296,-0.18233038176250527,-0.16786541513487963,-0.11410124269096698,-1.296122219641544
45.00000000000001,2.4770065831873085,2.2690604381794763,-4.007046362481742,1.5030770884921005,-0.5095412987173615,-0.8647736162184562,0.2541383847524703,-0.18777064836113513,-0.32684076055599476,-0.2222021347781447,-0.12174419024463391,-1.5731225445987926
45.1,2.614515546120163,2.209447132194861,-4.094433270533909,1.2448895500126926,-0.6791600530142722,-0.8764831325728343,0.2597033278946233,-0.15705628551618164,-0.49942682205009425,-0.25456886079400265,-0.15304180991205074,-1.8744829912963517
45.2,2.7255864722479854,2.134049339301023,-4.1810258439564425,0.9747652156580867,-0.8241842864171278,-0.8487311360225382,0.26187289397908853,-0.12174926262153411,-0.7018879160662574,-0.25903350137106745,-0.2020326473243217,-2.1798078353937123
45.300000000000004,2.8091621175889294,2.0456229234493377,-4.262857715723189,0.6954496264753961,-0.9388695647022816,-0.7813787375299615,0.2607494658721764,-0.08394960828614764,-0.9332539318401527,-0.2320056813181048,-0.2579588466993632,-2.4526563040853246
45.400000000000006,2.864464367877206,1.947439449354919,-4.336028049310043,0.4097750777691725,-1.0186807097104944,-0.6758712376816121,0.2566272431624254,-0.0458678300667533,-1.1883427071624029,-0.17537097902548512,-0.3066523652919182,-2.646609089699477
45.50000000000001,2.8910014744361288,1.8431557817988748,-4.396857648996095,0.12063171633430067,-1.0604726019953428,-0.5351815378581195,0.2501883178049686,-0.009498528245051964,-1.4575304054172002,-0.09859696566586162,-0.334833512992403,-2.7240186225425824
45.6,2.8885723712396767,1.7366683242911793,-4.442036336715512,-0.16906188306111775,-1.062615566236385,-0.3636926425588308,0.2424306167049463,0.023854700361620598,-1.7285736981795223,-0.016929790015217317,-0.3356777404979062,-2.675440957350997
45.7,2.857268036132414,1.6319577081367849,-4.468755719146773,-0.45638836053779386,-1.0250603406961587,-0.16702393632225232,0.2342672824593344,0.05377509581427225,-1.9896770510593225,0.054214511815735965,-0.31146072614150916,-2.5214187041626652
45.800000000000004,2.797469889418756,1.5329301236599933,-4.474822051089589,-0.7384611304130535,-0.9493400405936363,0.04819183977505981,0.22615187404274562,0.08041273919092896,-2.2318956375092704,0.10459818268328423,-0.2712418832545429,-2.2972966445966727
45.900000000000006,2.709845253267383,1.4432616192084713,-4.458744694597851,-1.0124535556755445,-0.8385090371204842,0.27457202159471567,0.2180502999033888,0.10396289131249552,-2.449894471797441,0.13083956889997472,-0.22606307961249025,-2.037727206227712
46.00000000000001,2.595339925294676,1.3662515752425424,-4.419796646177959,-1.2756274410550084,-0.6970211888006975,0.5042773639100602,0.20966682241410747,0.12435857688405098,-2.6415064783799505,0.13477291859369045,-0.1851640100805278,-1.7696019455076801
46.1,2.4551679489861984,1.3046911950335258,-4.358044717842448,-1.5253605558547454,-0.5305522797249138,0.7293235970288183,0.2006613145250583,0.14125021618599745,-2.8068604443878677,0.12072851897274084,-0.15452227049111536,-1.5109473891706389
46.2,2.2907986919884076,1.2607522548301724,-4.2743481675373545,-1.7591729083967835,-0.3457737434864418,0.9418987780422262,0.1907383427897746,0.15411360784579609,-2.9475120444101264,0.09337081096945493,-0.13712240005283155,-1.27205392862091
46.300000000000004,2.1039413704655656,1.2359005486712333,-4.170325832210771,-1.9747515074369737,-0.15008669373165118,1.1346737856499198,0.17963837076270245,0.16235006292804283,-3.065735664876524,0.056565149877257755,-0.13389962351605267,-1.0573058156192188
46.400000000000006,1.8965271833930863,1.230837478524474,-4.048293072416859,-2.169973362093702,0.048673135313021865,1.301093580839433,0.16709554087847178,0.16534003806164885,3.1191661225319436,0.013070027002158625,-0.1446352885664957,-0.86714386555824
46.50000000000001,1.670689244590127,1.2454721183672646,-3.911171040796332,-2.342926490523111,0.2425477752473577,1.4356376224880159,0.152801544744153,0.1624677748005453,3.0384366920184087,-0.03529779569009773,-0.16850829843899154,-0.6997826963638409
46.6,1.428740522239335,1.2789248659239,-3.762371890063909,-2.4919287285685296,0.4237742829769005,1.5340390566347033,0.13639029851907136,0.15314678662031184,2.9731453978413724,-0.08727774468699513,-0.20426224924721312,-0.5524838094399741
46.7,1.1731500153813956,1.3295625364746964,-3.605664495280103,-2.615544152687968,0.5850942251317046,1.5934539417179308,0.1174488648720798,0.13687168480620998,2.9215170069002916,-0.14167657526447613,-0.2500430838105027,-0.4223677070313295
46.800000000000004,0.9065174142105135,1.3950634996556548,-3.44502604195182,-2.7125969563778787,0.7200430492570953,1.6125737639654052,0.09556054092010455,0.11331500842548338,2.8821319433263457,-0.19681691544532756,-0.3029950958571602,-0.30682733023549086
46.900000000000006,0.6315465057619903,1.4725102624483974,-3.284485394925436,-2.7821826458029144,0.8232078054606354,1.5916767579485154,0.070387360482366,0.08247829670664461,2.8539147913976786,-0.2499765280504165,-0.35876194117926424,-0.203589694024464
47.00000000000001,0.35101759863280546,1.558505807366975,-3.1279644906461543,-2.823676448131459,0.8904429439664736,1.5326159869408031,0.04179309325360471,0.04488790708120027,2.8361145576747187,-0.29697839815022997,-0.41116617000352346,-0.11043633269218274
47.1,0.06775924959295848,1.6493090478035015,-2.9791240740979736,-2.8367388548770656,0.91903558540979,1.4387446588889194,0.009987318136295963,0.0017928095185775865,2.828287117344692,-0.33224586796394134,-0.4524879915855738,-0.02462858400969063
47.2,-0.2153804187555674,1.740984000353795,-2.841219928469368,-2.821318252056278,0.9078136750663824,1.3147816560041774,-0.024361803394402408,-0.044718897231354596,2.830285557031054,-0.3496693266488663,-0.4747415005867171,0.057749080811379194
47.300000000000004,-0.49556251678967195,1.8295567270913913,-2.7169753272201747,-2.777650618888428,0.8571927092496766,1.1666226394582877,-0.06012134063130333,-0.09178605134729256,2.84226154671335,-0.34429318641011686,-0.47190624030984096,0.1421061945244755
47.400000000000006,-0.7699860103375946,1.9111737909952269,-2.608474791432539,-2.7062563067740664,0.7691591710413496,1.0011042603963012,-0.09584392179935793,-0.13607991481971893,2.864679492099319,-0.31414259822727847,-0.44227627762217064,0.23494649917305516
47.50000000000001,-1.0359158766706296,1.9822559074113715,-2.517083385900211,-2.6079339400866184,0.6471913357208203,0.8257308779636603,-0.1300402724148007,-0.17429505955226418,2.8983441740727525,-0.2610902234198414,-0.38961338077881646,0.3428557937522152
47.6,-1.2907105094951965,2.0396406659483546,-2.4433947692089992,-2.4837515095913743,0.49612060313138806,0.6483746797513034,-0.16145530188813437,-0.2036632067360474,2.944440881860499,-0.19019920609898452,-0.3223532618826109,0.47152228484515074
47.7,-1.5318480969388624,2.0807086329329065,-2.3872100666800913,-2.3350347577673403,0.32193888522406144,0.47696116040419845,-0.1892262575356469,-0.22231374200659154,3.004583162558431,-0.10810672629809624,-0.2513711245820903,0.6253812389229698
47.800000000000004,-1.7569517078292196,2.10348780711751,-2.347548406189083,-2.1633529826614866,0.13155972763018564,0.31915249784238997,-0.2128826859643307,-0.22939846767713434,3.0808545728188452,-0.02157011687417417,-0.1875511595351475,0.8078168855588834
47.900000000000006,-1.9638128355391777,2.1067322643188215,-2.3226886945284235,-1.9705024128731423,-0.06745731140813421,0.18204145033800323,-0.23223321661940546,-0.22501876865265028,-3.1073724579764255,0.0631300474133938,-0.1400644848303166,1.0212338870578679
48.00000000000001,-2.1504131651622247,2.089971855671809,-2.3102409664749337,-1.7584873305877151,-0.26720803660724596,0.07186797823784086,-0.24721364333901905,-0.21006031602820116,-2.990792891161458,0.13998080453527947,-0.11544183421705828,1.2661279878862608
48.1,-2.314944348611672,2.0535309781855164,-2.30724445971127,-1.5294991420078865,-0.4597587308178125,-0.006230111860102472,-0.25775845184587837,-0.1860404081496746,-2.849590714853405,0.20270966521566414,-0.11699184161968612,1.5384816209874217
48.2,-2.4558255932068414,1.9985156692760757,-2.310288503234992,-1.2858936148436588,-0.6374624471595991,-0.048422559057129555,-0.26374995119136346,-0.15502942775482764,-2.6813628770788998,0.24456302366821492,-0.14408924697170075,1.8255722085490853
48.300000000000004,-2.571718892194955,1.9267695397757478,-2.315651397349145,-1.0301665205187716,-0.7932638685455493,-0.05233988753456986,-0.26511195402761023,-0.11962295878186201,-2.4853922121449608,0.25905693928303175,-0.1912868679220337,2.1023583665066288
48.400000000000006,-2.6615417502201573,1.840800302228292,-2.3194517460249813,-0.7649279342518955,-0.9209805808081064,-0.01716838384830499,-0.26209162873770414,-0.08280657779273826,-2.263894557346692,0.24213576835060643,-0.2480252889295111,2.33365962743346
48.50000000000001,-2.7244772827319736,1.743679823554233,-2.317806205957262,-0.492875459028146,-1.0155495459554966,0.05631697463212959,-0.25560523559448495,-0.04747693641988069,-2.022638252775209,0.19509924877757526,-0.30036464744231856,2.4864639420103027
48.6,-2.7599815954552307,1.638921686669362,-2.306987360787907,-0.2167666495649062,-1.07322894944699,0.16578295319488046,-0.2472771607198393,-0.01562815704396959,-1.7700913052224965,0.12609344068988435,-0.33523620493534834,2.5461229370597986
48.7,-2.767788378039325,1.530341142286873,-2.2835754239544896,0.06060908039687804,-1.0917473744731099,0.3074306421611097,-0.23890237654627086,0.012259584869511649,-1.5153375904650859,0.04821703417353561,-0.3451052074958421,2.5205851991017036
48.800000000000004,-2.747910674577459,1.4219030341814942,-2.244597719626775,0.33645877984290695,-1.0703943561327995,0.47614649745474447,-0.23165216044548925,0.03702371744799062,-1.2662436755047206,-0.024783070678653735,-0.3299412083733851,2.4283487362149834
48.900000000000006,-2.700639822541636,1.3175637606538413,-2.187650378418472,0.6080142223028073,-1.0100487053982157,0.6657058180913324,-0.2256706020476283,0.05992395704804009,-1.0289330419417135,-0.08232783464118863,-0.2958266806672122,2.2851148906859633
49.00000000000001,-2.62654158052021,1.2211135726913909,-2.1109973935800364,0.8725598203797995,-0.9131434736798496,0.8690205487935212,-0.22029798966033454,0.08174809376235044,-0.8081212374000233,-0.11872233607631866,-0.2519381464310142,2.101480065137149
49.1,-2.5264494936767745,1.1360254958992748,-2.0136430859243655,1.1274599101940126,-0.7835689547441247,1.0784215288154633,-0.2146115541837918,0.10244265927874355,-0.6073529918256634,-0.13298221302349053,-0.20760796552957514,1.8879400020303254
49.2,-2.401455573780971,1.0653168992053408,-1.89537508582886,1.3701851303738772,-0.6265175909907152,1.285963934774432,-0.20786249424178277,0.1212698245042219,-0.4288669120792785,-0.1274988512794119,-0.17029778604779738,1.6579357186151014
49.300000000000004,-2.252898397710189,1.0114292291570803,-1.7567761160333606,1.5983376304535741,-0.448276967186907,1.48374374059325,-0.19962126397873783,0.13717860956075598,-0.27343938347220426,-0.10627274155847108,-0.14477484830982054,1.425971229194449
49.400000000000006,-2.0823487542117642,0.9761307044229617,-1.5992041027530441,1.809674856434474,-0.2559791443452506,1.6642125784178097,-0.18969747887242916,0.1491051149992156,-0.14051812826003193,-0.0734007263257359,-0.13332928886184547,1.2039978405204066
49.50000000000001,-1.8915929931886648,0.9604458497601019,-1.4247414052652894,2.0021316767002597,-0.057316327011786794,1.8204784480990386,-0.17798844756321627,0.1561062218588443,-0.028619834376157,-0.03221216492047797,-0.1365113805825531,0.9994052158378597
49.6,-1.682614254581543,0.9646146787052132,-1.2361151852683978,2.173840629273317,0.139765800587361,1.94658028697973,-0.16435910191994527,0.1573737602724099,0.06420603624566121,0.0149527942916593,-0.15385711990295312,0.8152025322675067
49.7,-1.4575717748399644,0.9880831522448005,-1.0365920878706492,2.3231500913710295,0.32738484382112715,2.0377254538113982,-0.14858167965768124,0.15221050674931952,0.14000089924943052,0.06653865432403842,-0.18430744773116703,0.6513393612762223
49.800000000000004,-1.2187784877988728,1.0295252938460107,-0.8298514301772908,2.448640194151862,0.49803594375891813,2.0904806591005554,-0.13032740020989353,0.1400269561188775,0.2006557909989674,0.12134301595985476,-0.22625092431034774,0.5061334604873603
49.900000000000006,-0.9686771533172556,1.0868960791903233,-0.6198419502749306,2.549136329200862,0.6448909721061371,2.102908730105916,-0.10920007587278639,0.12039071679921165,0.2477852542943656,0.17796353019923578,-0.2772376155769882,0.37731850731581373
50.00000000000001,-0.709815261135889,1.1575129920620109,-0.41062782480837723,2.6237201184415904,0.7620707470118239,2.074645758087216,-0.08481060080213296,0.09314275897663395,0.28267641306951513,0.23418186410007458,-0.3334828877487952,0.26259577051260835
50.1,-0.44481896893340417,1.2381629950141575,-0.20623009117390628,2.671737745514462,0.8448794173633787,2.0069155521561535,-0.056895188447518855,0.05857812116322829,0.3062779675939951,0.2863988053535529,-0.38938946153585297,0.15969588139633625
50.2,-0.17636634239792157,1.325230650228136,-0.010469793560895557,2.6928055739540375,0.8899916714063281,1.9024808234460124,-0.02546897328620152,0.017660746541323075,0.3192048952989515,0.32938812636526055,-0.4374833617871404,0.06599345243436436
50.300000000000004,0.09283982879454968,1.4148422827908118,0.17318089664387964,2.686813005446639,0.8955853062722682,1.76553304565761,0.00902344920427189,-0.02779977850714602,0.321744180292712,0.3567718051951539,-0.46925757997493667,-0.0221646515791924
50.400000000000006,0.3600993619465075,1.5030204390534165,0.3417336534798482,2.6539225597659124,0.861413873286493,1.6015253827969684,0.04563416916345527,-0.07511758466532972,0.31385323403974585,0.36246795621327005,-0.47716739390389246,-0.1100233648969137
50.50000000000001,0.6227418816809689,1.5858424823034398,0.49279968386990075,2.594567186375327,0.788816502916161,1.416955344630469,0.08299019529404168,-0.12094009436196748,0.2951464860630254,0.34273210999521997,-0.4572657452616678,-0.204359811542549
50.6,0.8781536145009885,1.6595970030393616,0.6246815205439397,2.5094448458622725,0.6806645176694923,1.2191058345594108,0.11953255680088475,-0.16169809190480042,0.26486822085689116,0.2976874564416948,-0.4111595156926368,-0.312611500105581
50.7,1.123803507614003,1.7209318082629739,0.736437263645416,2.399510427040202,0.5412469613212905,1.015754913357985,0.15381949658088787,-0.19416385433110936,0.22185270433729085,0.23132555290561493,-0.3460519539653386,-0.44166664284028917
50.800000000000004,1.3572684100036336,1.76698758992194,0.8279147126048608,2.2659650924418857,0.3760996080535737,0.814865849398209,0.1847469678548362,-0.21591874229616653,0.16447822820497832,0.15007452367914934,-0.2728428804389652,-0.5970608162091127
50.900000000000006,1.5762570643058762,1.7955119435625104,0.8997540302253642,2.1102431707556333,0.19178426837724616,0.6242698118801437,0.2115972789395009,-0.22559480686176034,0.09063355808961629,0.06106327944736819,-0.2034575720635562,-0.7827724118322165
51.00000000000001,1.778632671138754,1.8049491916272664,0.953358835425108,1.9339967392677493,-0.004372809788496357,0.45135385686633345,0.23393211046493823,-0.22289236066941306,-0.002261018464066024,-0.02885723602834716,-0.1486392965776758,-1.0009596742898659
51.1,1.962433803002604,1.7945024304253203,0.9908368797090407,1.7390780623222324,-0.20457301575550596,0.302766644891979,0.25141188063515835,-0.20848210515661833,-0.11709490376838298,-0.1130933682058355,-0.11659963160677148,-1.2505659275629843
51.2,2.125893462542871,1.764165327156931,1.0149126750173176,1.5275200729647354,-0.40085628233054815,0.18415362200094276,0.2636384537446652,-0.1839244658442025,-0.25663622068353614,-0.1847494181419554,-0.1121358717105509,-1.5240278074742457
51.300000000000004,2.2674560996589688,1.7147223993443326,1.0288155587813366,1.3015151040932311,-0.585418428851752,0.09993222142494607,0.27012995839634474,-0.15167909859004153,-0.42268563486739397,-0.2363208314493004,-0.13565112728192988,-1.8027779258360308
51.400000000000006,2.3857924234427763,1.647717765527657,1.036147661230173,1.0633920924040525,-0.7509222895323829,0.053116047607372874,0.2705529179470697,-0.11512232989821718,-0.614846563800125,-0.26052635590704953,-0.1820376578540594,-2.0554852302261715
51.50000000000001,2.479811868009651,1.565393613035931,1.0407370411937693,0.8155924930362981,-0.8907902234063733,0.045195051483431836,0.2652423270733076,-0.07826655420855128,-0.8294381712264532,-0.2527458544358588,-0.2404443827219596,-2.2458128552962546
51.6,2.5486725957027927,1.4706008359278715,1.046481847901328,0.5606451549390081,-0.9994663444271099,0.07607647371540593,0.2557013621224582,-0.044857695687001424,-1.0595892733128196,-0.21402154930665002,-0.2965228773970354,-2.3507791572868157
51.7,2.591788946652066,1.3666854056846167,1.0571917240047706,0.3011404165016681,-1.0726380174328796,0.14408890993735035,0.24447938606688824,-0.01709286328173065,-1.2970946236566605,-0.15202345209516163,-0.3371146748265139,-2.375191081673568
51.800000000000004,2.6088362699863614,1.2573550046953388,1.0764327750041895,0.039703687813785006,-1.1074077896335734,0.2460493355708604,0.2342393989979556,0.0051041315208316985,-1.534958860900321,-0.07860824465638792,-0.35450612009398763,-2.345130988430255
51.900000000000006,2.599753098862111,1.1465312394365679,1.1073822880337378,-0.2210312100059233,-1.1024089032528854,0.3773904177570505,0.22666898805739974,0.02362088222964285,-1.7686710616457086,-0.005933261947809086,-0.34755929348103043,-2.2863916934936785
52.00000000000001,2.564740658602527,1.038193325138448,1.1526989942499495,-0.47844867667290275,-1.0578597842012467,0.5323430384761971,0.22199158464270433,0.04091791299415789,-1.995544569194898,0.05617619736894036,-0.3202265014169826,-2.2088409646756832
52.1,2.5042597243649722,0.9362194737359146,1.2144140493495716,-0.7299776655382451,-0.9755553344880095,0.7041667518143353,0.21920489280168698,0.05883430189291489,-2.213188576854251,0.10113737773655009,-0.2794841004871077,-2.1066620503754314
52.2,2.4190248715902083,0.844232308465565,1.2938470807343903,-0.9731174513087095,-0.8587953755167648,0.8854189873372275,0.2167328885188603,0.07793339251954194,-2.418519515278737,0.1257420489002472,-0.23360513503491542,-1.9695559194346592
52.300000000000004,2.30999618876499,0.7654544679395001,1.3915506504680728,-1.205462573596327,-0.7122530950037911,1.068252266831384,0.2131145494927591,0.0974986850889827,-2.6079248584906463,0.1299791587986816,-0.19061095200205272,-1.794613197034605
52.400000000000006,2.1783685474823242,0.7025801563048837,1.5072853502764385,-1.4247267067530567,-0.5417887421256291,1.2447275848527068,0.20742530714003457,0.11601025039901855,-2.7782048782786846,0.11633722912418468,-0.1569002860351204,-1.5905182952381554
52.50000000000001,2.025558549156358,0.6576677603781036,1.6400265235922262,-1.6287652184923047,-0.3542159982823072,1.4071314591083128,0.19931474331195898,0.13174270896399215,-2.9274518870945103,0.0885700165216276,-0.13650172126138946,-1.3730878933374222
52.6,1.8531892907969016,0.6320578147684865,1.7880023487260206,-1.8155961942148005,-0.15703033753650308,1.5482840103786237,0.1887844689912834,0.14316832501783813,-3.0553176697687183,0.05043362561360277,-0.1311842726155825,-1.1579342016199916
52.7,1.6630731137432542,0.6263195854622223,1.94876176692601,-1.9834197205814856,0.04188979385945685,1.6618257892969814,0.17592303730293388,0.14908504788788626,3.1204758084133988,0.004916851344927309,-0.1411012638315328,-0.9558693107856723
52.800000000000004,1.457192518986351,0.6402284014094813,2.1192695492157787,-2.1306352405304687,0.2345970658193804,1.742471914586448,0.1607302993003562,0.1485757915626873,3.0319277729625083,-0.04591761577327406,-0.16543910099147308,-0.7721807522299159
52.900000000000006,1.237679450478274,0.672774637831811,2.2960247139097096,-2.255856812419342,0.4133920989505755,1.7862233905300384,0.1430502458203889,0.14093419226007994,2.960350785543796,-0.10065445765392471,-0.20273825087662464,-0.6080563941420545
53.00000000000001,1.0067931634682217,0.7222039931127577,2.4751975757329765,-2.3579261280684527,0.5711304140599182,1.790527178566964,0.12258327727577638,0.1256399974859811,2.9039522255494665,-0.1580056982812848,-0.25080849137458916,-0.46239092627115325
53.1,0.7668969082630913,0.7860874535582328,2.652779964635123,-2.4359231679530886,0.7015072595306235,1.754378640907091,0.09895333060002737,0.10241753738776105,2.8611957027080566,-0.2161663584004298,-0.3063160676573269,-0.33312059156887464
53.2,0.5204336707642099,0.8614181567514969,2.8247426272954894,-2.4891743963953705,0.7993089614011792,1.6783622714902993,0.07182191434501024,0.07138130716916598,2.830879435521915,-0.27214623863721565,-0.3642364317861955,-0.2178715302929797
53.300000000000004,0.2699012195793903,0.9447312918654693,2.987193537909733,-2.5172584250831536,0.8606207756119351,1.5646290898954978,0.041044583295868096,0.033246633721962675,2.8121626424281154,-0.32128733886883115,-0.41752781806100653,-0.11394811532029867
53.400000000000006,0.01782671537581897,1.032242256884461,3.136530808538584,-2.5200090993291306,0.8829829560064855,1.4168115988419787,0.006845424083505807,-0.010455108139684224,2.804571509423808,-0.35735524757076814,-0.4575479348845911,-0.01780554460860061
53.50000000000001,-0.2332588586209888,1.1199975648419005,3.2695841045381124,-2.497515987908276,0.8654888161490814,1.2398796950586712,-0.030052879370538518,-0.05726203603934663,2.8080036925749163,-0.37361066355424694,-0.47566673264775616,0.07564209567690772
53.6,-0.4808461854863002,1.2040324829176863,3.383738928796852,-2.4501222838046863,0.8088208755430333,1.039943277290423,-0.0684298288648664,-0.10388657577400662,2.8227418475079236,-0.36480783333012345,-0.4659254309785117,0.17330351694521512
53.7,-0.7224727653678671,1.2805291198209647,3.4770388214102117,-2.3784201494881687,0.7152236492144954,0.824009420218501,-0.10674667381206376,-0.14659230094822004,2.849481168608043,-0.3292135651862299,-0.42761779556957535,0.2833316889367401
53.800000000000004,-0.9557474753823731,1.345968659012278,3.5482614018019065,-2.2832435661592756,0.5884141654552307,0.5997037943782592,-0.143446115734112,-0.18175760849294909,2.8893710061038487,-0.2693510335050111,-0.36625096642804916,0.4138717689906913
53.900000000000006,-1.1783742930547116,1.3972716687061832,3.5969652230586155,-2.1656587714869735,0.43343377909958797,0.3749674375478572,-0.1772212798329758,-0.20642786314771674,2.9440630002819055,-0.1910045054602917,-0.2922455619501999,0.571878483535868
54.00000000000001,-1.3881749473842409,1.4319208949363338,3.6235055718048157,-2.0269523944636307,0.25644718807285766,0.1577409657343264,-0.20711894189194252,-0.21867443715161708,3.0157426983465205,-0.10137822287581151,-0.21824150839869438,0.7624413418975202
54.1,-1.5831102736398759,1.4480616423102386,3.6290185849236583,-1.868617418875777,0.06449666578708035,-0.04435118738004984,-0.23244946007716963,-0.2177164640067592,3.107090635649185,-0.00774480851658845,-0.1564643976810714,0.9880692640437203
54.2,-1.7613000622196922,1.4445757405889048,3.6153743174720825,-1.6923371283087507,-0.13477869263686998,-0.2243039148089246,-0.25257805401289146,-0.2039077218406406,-3.0621198228682713,0.08278756275068909,-0.11691241860722398,1.2466558846151516
54.300000000000004,-1.9210412082047017,1.4211261482764164,3.5851006338903164,-1.499967205357902,-0.3334475175534634,-0.37600987970117544,-0.2667273766812011,-0.17875148061742377,-2.9228465369570102,0.16270756472613726,-0.10610628072761215,1.5271695124453322
54.400000000000006,-2.0608239864152162,1.378170415014301,3.5412809577230027,-1.2935161756141214,-0.5236023640479563,-0.4945021578526978,-0.27396933390600225,-0.1450355033089292,-2.756963831055724,0.22366757764612882,-0.1257423310672022,1.804400587998797
54.50000000000001,-2.1793462966452815,1.3169424660766422,3.4874299571809146,-1.0751244028553804,-0.697674957396308,-0.5761514065691269,-0.27361384818949813,-0.10693264099334034,-2.565973611406569,0.2573796297821084,-0.17118330383366298,2.0389581264304097
54.6,-2.275525745096912,1.239403435159894,3.4273521234336015,-0.8470418555557538,-0.8487379168878812,-0.6188097000532282,-0.26601006966027435,-0.06956654023670591,-2.3551943244903195,0.25846149095552673,-0.2311375326221039,2.191242794118924
54.7,-2.3485094506350386,1.1481635056080333,3.364988880468282,-0.6116048761914007,-0.9707809292342078,-0.6218952977313115,-0.2532087574096167,-0.037625897697970395,-2.1329925765203694,0.2277534451921027,-0.29048338496216414,2.2462053255823533
54.800000000000004,-2.397681488100077,1.0463778760161049,3.3042603224931133,-0.3712121937754379,-1.058950361401285,-0.5864149667535654,-0.23863140718930345,-0.013605805727272182,-1.9079586384914362,0.1728854759125438,-0.33570810708524873,2.225400233258903
54.900000000000006,-2.422667905302312,0.9376209977343267,3.248907888977145,-0.12830042651044954,-1.1097427602580425,-0.5149229694235262,-0.22574335556562203,0.002946436722598631,-1.6858980762168663,0.10511203874573372,-0.35912090972025723,2.1708358615723236
55.00000000000001,-2.4233392752278347,0.8257440980259486,3.2023442499705794,0.11468067464219955,-1.1211445248203589,-0.41141835128324344,-0.21677943525844828,0.014678778449659344,-1.468861923608129,0.035346687783876014,-0.35925578917709733,2.1177358595359843
55.1,-2.3998107701541236,0.7147216689801433,3.1675163868292513,0.3552929893415245,-1.092712182799004,-0.2811846253404417,-0.21228008870822335,0.024998935531283722,-1.2564307310681422,-0.02780338701126593,-0.33888042672577257,2.079023066454869
55.2,-2.352439769546197,0.6084930421817631,3.1467873273392666,0.5911345472979268,-1.0255900710787489,-0.13057824440858679,-0.21130787595601136,0.036825439577272814,-1.0479219416834644,-0.07810540683622605,-0.30310533152796737,2.044924956068996
55.300000000000004,-2.2818210385258237,0.5108053650553217,3.141841250477146,0.8198635566447593,-0.9224647152636823,0.03322570481212844,-0.2119789037595066,0.051777713517629366,-0.8442176229156315,-0.11134618161931023,-0.25844066237315017,1.9918693981145792
55.400000000000006,-2.188779538123711,0.4250642389199652,3.153615744298307,1.0392217004207611,-0.787457727032166,0.20252044685124743,-0.21214057399223268,0.06982287614066475,-0.6484350347204818,-0.1254300563338468,-0.2122126588881152,1.896484632643655
55.50000000000001,-2.0743609521925093,0.35419797334422987,3.1822639178685206,1.2470564690318657,-0.6259614891458454,0.3693756614988919,-0.2100511272200469,0.08945859864866537,-0.4652073491374475,-0.12068723547081407,-0.17159803244168467,1.7490669333345745
55.6,-1.93982003853964,0.30054086855034995,3.2271478778979077,1.4413423075759941,-0.44442417883279517,0.5259545413353874,-0.20478672586733376,0.10837653635942772,-0.2990909377401174,-0.09962949478071648,-0.1423340195977697,1.5581665031079077
55.7,-1.786606933307929,0.2657401790296036,3.2868638302568343,1.6202003701201784,-0.25009269998395145,0.6648271219927109,-0.1961963175280474,0.1242372195047586,-0.1531503933567483,-0.06591676049893559,-0.12786401217545346,1.3437925388964778
55.800000000000004,-1.6163515576771765,0.25069046743513707,3.3592978057004808,1.7819166882692095,-0.05072377264504346,0.7792673929772864,-0.18454510756476217,0.13515141048242102,-0.028458164776863096,-0.023130765382117027,-0.12939273183674244,1.1265307736178354
55.900000000000006,-1.4308462943840285,0.25549796585463347,3.4417097881704244,1.9249585784931678,0.1457253022460726,0.8635223435044289,-0.1701428580478738,0.13977643500015638,0.0755589628740679,0.02595807377542544,-0.14653461120682032,0.9207484721816107
56.00000000000001,-1.2320271181834166,0.27947636526579156,3.530842891652546,2.047989131500941,0.33141387464249883,0.9130422166600747,-0.1531292356418389,0.13720235465805738,0.1604332642668365,0.07945905992992935,-0.17793643943446194,0.7335341013957866
56.1,-1.0219533790419002,0.32117420103506894,3.623053232896381,2.1498796472586377,0.49893052666183707,0.9246627917110488,-0.13341985440117413,0.1268249239663045,0.22803700750854058,0.13596676976117783,-0.22150503553359177,0.5666756958289362
56.2,-0.8027864494236487,0.37843274268561305,3.7144553221553607,2.2297199008390938,0.6415885417213648,0.8967324268753335,-0.11075547183819752,0.10830799182910932,0.28017518723796764,0.19393422824086246,-0.2741968419507005,0.41904950957273057
56.300000000000004,-0.5767674573874575,0.44847208005132855,3.8010771753861405,2.286826146924536,0.7536924821127333,0.8291787970946849,-0.08481225697681322,0.08166017615648379,0.31836888583473116,0.25096586856627773,-0.3315272289849889,0.28825813349330254
56.400000000000006,-0.3461943352638189,0.5280019738332073,3.8790189637154913,2.320746794232682,0.8307652474098508,0.7235126655270134,-0.055355644129795316,0.04740846430399,0.3437601941198072,0.3032003472674922,-0.38711340945844946,0.17131051257394184
56.50000000000001,-0.11339841935745741,0.6133530512953396,3.9446088748977437,2.3312657051526213,0.8697265616076424,0.5827685377483182,-0.022420685480532065,0.00681654874496042,0.35707801909130227,0.34509665449596777,-0.4327376592044218,0.0644934547215738
56.6,0.11927916062339791,0.7006231167416473,3.994549972570086,2.318403100213726,0.8690157732728789,0.411384563947265,0.01352564429905968,-0.037946731979196006,0.35862492597747603,0.370049283700751,-0.4594677145029858,-0.03722658142869335
56.7,0.34951106289288486,0.7858327438357166,4.02605219793802,2.282414071417955,0.8286540730526424,0.21502647639262806,0.05151763268490668,-0.08381230161849593,0.34826217582290064,0.3720228290411488,-0.459989040789554,-0.14071371372526625
56.800000000000004,0.5750070477670546,0.8650839467882648,4.036944250783975,2.223784732694573,0.7502436481247885,0.0003625805980880803,0.09018822550220743,-0.1270793976287403,0.32538132149453625,0.34766158250049223,-0.4314026908296805,-0.25449036484199006
56.900000000000006,0.7935367908168607,0.9347156046922223,4.025760888777173,2.1432260595403636,0.6369038072998829,-0.2252012300495304,0.1280171971142751,-0.16392062631378862,0.2888590117633166,0.2976448935976136,-0.3769781431715986,-0.3877393958471798
57.00000000000001,1.002951967483585,0.9914494427269808,3.9918021639951515,2.0416654930479736,0.4931466232652987,-0.45381587268607676,0.1636073634970523,-0.19095967306088243,0.2370018661723024,0.2263842039521957,-0.3057298527651617,-0.5489945233034946
57.1,1.2012073902868474,1.0325207504212979,3.9351622342809445,1.9202364057680852,0.32469704972286917,-0.6775011502649045,0.19583235966263915,-0.20572133304893445,0.1675077495310841,0.14045042601477406,-0.23012829379953031,-0.745044095703632
57.2,1.3863809905663769,1.0557886256496882,3.856726599954578,1.78026554797625,0.1382646847821687,-0.8884630628949304,0.22377752068279308,-0.20686243565370757,0.07750960967849607,0.04703631081125181,-0.1633175544201248,-0.9796514485086243
57.300000000000004,1.5566924495573322,1.059821349281401,3.7581378751192944,1.6232586127140594,-0.058723720317054084,-1.0794037056124313,0.24651518752049784,-0.19426308495494632,-0.03616067213622293,-0.046556148224948975,-0.11690744302325187,-1.2506525141127738
57.400000000000006,1.7105202983637813,1.0439534868636868,3.641731457170624,1.450884076252339,-0.25842034312032464,-1.2438113985235137,0.26285870346347384,-0.16916593541250402,-0.17626390922745286,-0.13241040552451877,-0.09932068293971671,-1.544145112331577
57.50000000000001,1.8464173229030918,1.0083124408748154,3.5104436581222838,1.2649554872050037,-0.4528691586598982,-1.3762194833170325,0.271349809051762,-0.13448885504639696,-0.34379449193304623,-0.20141269973186554,-0.11398726292037163,-1.8276824403310243
57.6,1.9631241279694214,0.9538133949917732,3.367695959166377,1.0674123922463183,-0.6343231218543847,-1.4724234693108116,0.27080853661414234,-0.09508286129128155,-0.5361900455216312,-0.24413059942920926,-0.15723774354547335,-2.0516466649536405
57.7,2.0595807340133483,0.8821228519282003,3.217260001721132,0.8603000991132027,-0.7955530185451846,-1.5296478726559746,0.2614707260380492,-0.057176518766737384,-0.746316126770442,-0.25411723295501343,-0.21761544127460028,-2.1706354161925914
57.800000000000004,2.134936100851503,0.7955922184734042,3.0631086961400364,0.645748488190368,-0.930135672253283,-1.5466560978884167,0.2458516144027059,-0.026446311841012773,-0.963938552205564,-0.23178149427469555,-0.27917604536580365,-2.1761256417441555
57.900000000000006,2.1885554940892433,0.697164085486768,2.909259382647537,0.4259500923829677,-1.0327100167626808,-1.5237989817271929,0.22815830414367094,-0.00573382832955705,-1.1795961573173943,-0.1847562096889822,-0.32786478152191145,-2.1053076346498547
58.00000000000001,2.22002563233518,0.590254939167978,2.7596152958668836,0.20313767110849257,-1.0991908257243688,-1.463000064350528,0.2125261200271493,0.005673465936177605,-1.3880516093085407,-0.12400100342323547,-0.3559740815094701,-2.0140745788567074
58.1,2.2291575760791007,0.47861897953406823,2.6178116518846646,-0.020438491963538002,-1.1269315785560083,-1.367678175844212,0.20161873180833204,0.010922156748349765,-1.5889307476015861,-0.05954510227723793,-0.36202364209667154,-1.9455480567936398
58.2,2.2159873421594485,0.3661984752303067,2.4870724924606464,-0.24253333635244073,-1.1148299696877646,-1.2426104245510534,0.19631137419516945,0.013983742968689927,-1.7850103180612766,0.001180075933556917,-0.34825245169850083,-1.9177846530778142
58.300000000000004,2.180774250827691,0.25696662055602704,2.3700839920891257,-0.4609295872271352,-1.0633718548335196,-1.0937410500259943,0.19599269311516251,0.018508592221804884,-1.9798111274361023,0.05289436029140286,-0.31855006195432417,-1.9252428104819992
58.400000000000006,2.123997035290111,0.1547691594992196,2.268889277248571,-0.6734599059688214,-0.9746118822882802,-0.927943761495601,0.1989540403712372,0.027133344573261914,-2.1754585988512254,0.09154420240622053,-0.2777058727371784,-1.9437307442571816
58.50000000000001,2.0463477660418703,0.06317109072950622,2.1848089495070044,-0.8780284074426915,-0.8520915814207211,-0.7527470370940947,0.20279829242570166,0.04097110314229302,-2.3711847125081666,0.113983220840663,-0.23148464950530695,-1.938028981745245
58.6,1.948723664078611,-0.014685435062850694,2.1183904793737414,-1.0726313303251342,-0.7006981739141338,-0.5760333357715726,0.20503079792393417,0.05931187543509537,-2.5629349665004764,0.11850113594390467,-0.18657638497829926,-1.8756749842820928
58.7,1.8322168979603997,-0.07620636029772387,2.0693884867593275,-1.2553766566928894,-0.5264697365059181,-0.4057242137757342,0.20378298914219767,0.07984649741432681,-2.7444986698313065,0.10558238505734464,-0.14970086906752883,-1.743206501017494
58.800000000000004,1.698102479505157,-0.11944911497793731,2.0367766925113573,-1.424502488947951,-0.33635448277243873,-0.24946389953513706,0.19826600352637014,0.0995030017934966,-2.909718938182486,0.07788004842323623,-0.1261214081335236,-1.5522504640454375
58.900000000000006,1.54782439140899,-0.14320003849331409,2.018791062827132,-1.578394005894595,-0.1379337606345727,-0.11431394221608301,0.1886420207000444,0.1154231475035658,-3.0544254209578834,0.03913719390007378,-0.1186484850571185,-1.329720019164009
59.00000000000001,1.3829800971498836,-0.14702274219331346,2.013002424743407,-1.7155988352495846,0.06088019120064897,-0.006471107738907134,0.17550629672698234,0.12550673502542664,3.1061212751551484,-0.0071244357260747074,-0.1277470825404523,-1.102395658516975
59.1,1.2053035989641665,-0.13127548466559041,2.016415655946293,-1.8348406968871005,0.25215967836553127,0.06898023077813319,0.15940708258387387,0.12843316037618963,3.0050195186837265,-0.05828924757775745,-0.1522884973203378,-0.8880227194985818
59.2,1.0166472233460009,-0.09709686702333303,2.0255914926738803,-1.9350311895124797,0.4282776021214396,0.10827133637789269,0.1406165694623566,0.12344686951183659,2.9237755080628207,-0.1125695200675943,-0.19017573007487604,-0.6946601816860305
59.300000000000004,0.8189623252814748,-0.046360418485605515,2.036786097736792,-2.0152796130278756,0.582211526845061,0.10909988241185811,0.11911730629922539,0.11017612190235311,2.8603514574556197,-0.1684671271362399,-0.2384763615411736,-0.5237941894862636
59.400000000000006,0.6142791121823586,0.018400117219333934,2.046102822608859,-2.074900739392945,0.7078236415004033,0.0707222462589627,0.09470401624147384,0.08859211040618312,2.8128360827120815,-0.22406752255436022,-0.29311938415904465,-0.37351190684295577
59.50000000000001,0.4046857961453324,0.09409181603199004,2.0496501113686083,-2.113420466078498,0.8001054539159818,-0.006016357156335542,0.06713818514167148,0.05910672020593283,2.7796842664111017,-0.2763651577335873,-0.3484406979493939,-0.24041967111672324
59.6,0.19230728866449648,0.17718590040659998,2.0436992493858943,-2.130579308040739,0.855377462678678,-0.11871510367208477,0.03632712802416642,0.022757757176533666,2.7598141046703772,-0.32085650304877694,-0.3970145330397216,-0.12029110030641654
59.7,-0.020716344773105428,0.2638584421706451,2.024835665808251,-2.1263337062823546,0.8714358463560454,-0.26351282559688055,0.0024971688130948815,-0.01860435263677344,2.752640763958678,-0.3517477838164714,-0.4302961429611518,-0.007844744773547815
59.800000000000004,-0.23225145169684816,0.35014283201942875,1.990097755864157,-2.100855153287591,0.8476403220106785,-0.4352415171405151,-0.03369508181907561,-0.06224400632350738,2.7580950861899716,-0.36306112926941975,-0.44040872303259615,0.10378308968655539
59.900000000000006,-0.4401921638899013,0.4320879371678391,1.9370976865199137,-2.054527157695543,0.7849396703650834,-0.62763196004037,-0.07117953287042872,-0.10468898861677346,2.776652317254859,-0.35044131746644974,-0.4227319636075844,0.22323323239348797
60.00000000000001,-0.6424813588031059,0.5059156419123916,1.8641193672695207,-1.9879400922855541,0.6858339100092696,-0.8335632719727588,-0.10863691934293365,-0.14212447425325178,2.809381540110259,-0.31276867813049763,-0.3781033077809494,0.360395155144627
60.1,-0.8371310025635221,0.5681714904580949,1.7701896781682833,-1.901883990473145,0.5542746286461511,-1.045346429259715,-0.1447343465237247,-0.17092620194249816,2.8580125134087884,-0.25255330491679245,-0.3133169136688781,0.5253153347102749
60.2,-1.0222416735395652,0.6158624263557326,1.6551201133495816,-1.7973393768433028,0.3955074448534721,-1.2550304609176834,-0.1782880107373742,-0.18814925800412494,2.9249931104690345,-0.1749598340398124,-0.2396319338486081,0.7269234624775657
60.300000000000004,-1.1960210749527405,0.646576137312398,1.5195171776856458,-1.6754662365793909,0.21586288091488504,-1.4547191072432988,-0.20823640482255654,-0.19184874441759261,3.013460999414199,-0.08640093718808167,-0.17025446688012272,0.9712445278528691
60.400000000000006,-1.356801356430157,0.6585772474740599,1.3647611199491594,-1.5375912467901396,0.022503983960340646,-1.6368853189276016,-0.23341133143570397,-0.18127725491802593,3.1269578295659226,0.006162040910126482,-0.1179579571687225,1.257493900554526
60.50000000000001,-1.5030550775428893,0.650876522296982,1.1929538481404052,-1.3851934095185594,-0.17685924303530598,-1.7946710587645498,-0.25223234208174916,-0.15716348992899418,-3.01460136535858,0.09482032306699618,-0.09309795782322637,1.5702021765578134
60.6,-1.633409661130076,0.6232703270278706,1.006838101239564,-1.2198882414730954,-0.37427721566052824,-1.9221604539428896,-0.2626462545435154,-0.12225558652442708,-2.843897446121013,0.16995556553610897,-0.10132986196746109,1.8695239833566932
60.7,-1.746660200406478,0.5763487657073039,0.8096910975467092,-1.04341068910858,-0.5618776938345288,-2.0146154093221673,-0.26281361306879786,-0.08185606224302294,-2.6476206976369627,0.22093966672452894,-0.14070056854187388,2.092806042946191
60.800000000000004,-1.8417805013188115,0.5114721762197798,0.6051968972988342,-0.8575969494759696,-0.7321796241033128,-2.0686642886392757,-0.2526542650796852,-0.0432533389597408,-2.4349213450062996,0.23986055572627724,-0.20015905828687125,2.1849825946938997
60.900000000000006,-1.9179322601689963,0.4307169184582001,0.39730256583786583,-0.6643653871468392,-0.8783913865626888,-2.082436141609357,-0.23501868600013723,-0.013198687782106573,-2.218344763785672,0.22624093816697094,-0.263030730472655,2.1426216262765254
61.00000000000001,-1.9744722959644718,0.33679261685731127,0.19006386941693026,-0.46569674541507733,-0.9946815562442803,-2.055635125781614,-0.21482726993808612,0.005028685499131176,-2.0086710196280335,0.18752983620221564,-0.3144793500779468,2.0192465793235654
61.1,-2.0109577770854252,0.23293415657483987,-0.012513346973739181,-0.26361385581593355,-1.0764113845625456,-1.9895521562408152,-0.19678631666522134,0.012311526808710364,-1.8109698802915015,0.1345238886976101,-0.34653612125259226,1.8843543205740079
61.2,-2.027149402467122,0.12277273909140592,-0.20662977824025386,-0.060161053736998496,-1.1203197325210998,-1.8870133187566243,-0.18385417268043658,0.01213097984662941,-1.6244446947160283,0.07668976100312472,-0.35768150754536554,1.787021178781477
61.300000000000004,-2.02301251837109,0.010191137835352332,-0.3888410326347577,0.1426164904967429,-1.1246530829748602,-1.7522671030085308,-0.17713186418573676,0.008732906841680032,-1.4446602483637772,0.0205831551308692,-0.3499209818818858,1.748597691507506
61.400000000000006,-1.998716172748799,-0.1008310756664588,-0.5561918470894088,0.3426933162039876,-1.0892354487694507,-1.5908149515483256,-0.176355413748806,0.006090182042267689,-1.2659828591400963,-0.02947781666517718,-0.3264847951283224,1.7691266800836751
61.50000000000001,-1.9546301299732505,-0.20637616476711204,-0.706330795941539,0.5380838863652365,-1.0154753897408058,-1.409191879968772,-0.1802738127129683,0.007461747736729336,-1.083528524441865,-0.07018371514877828,-0.2909565736629708,1.831910793656352
61.6,-1.8913198891188934,-0.3027443956114348,-0.8376009222224698,0.7268622695487511,-0.9063098588293338,-1.2147059142344874,-0.18680153429387947,0.01504071572937965,-0.8948358779287682,-0.09841887688113314,-0.24746658844510686,1.9041731766858736
61.7,-1.8095397688042543,-0.38660151405956233,-0.9491026805702139,0.9071810949213448,-0.7660871159867437,-1.0151467329447754,-0.19322311186997992,0.02944181932022224,-0.7012747740912251,-0.11132489219654337,-0.20128312717141192,1.9410331165645534
61.800000000000004,-1.710224140678146,-0.45511165218293576,-1.0407266846696515,1.0772895941519065,-0.6003933777286503,-0.8184751299848224,-0.19678237993475736,0.049268334666368645,-0.5084446213358362,-0.10728110942981847,-0.15890007644134524,1.9011195711856654
61.900000000000006,-1.5944769117413649,-0.5060503657704709,-1.113154955915573,1.2355505544714955,-0.415830113268046,-0.6325056776360101,-0.1955738708001407,0.0713556181824234,-0.3246468078174305,-0.0870098633965221,-0.12690724085197436,1.7689621206869002
62.00000000000001,-1.4635593726751184,-0.5378932963964717,-1.1678306257423658,1.3804560193146411,-0.21975086573006153,-0.46459524127723617,-0.18908587323349432,0.09187723206504798,-0.15786260584444933,-0.05354656425627312,-0.11013675749347315,1.563236054220666
62.1,-1.31887654503083,-0.5498769233736294,-1.2068973017077587,1.5106415866989282,-0.01996809055559773,-0.32134976350888417,-0.17792435924872496,0.10758463299991075,-0.013217514923070954,-0.010888467611711512,-0.11058282943662022,1.32126279879383
62.2,-1.161962174373673,-0.5420289836027603,-1.2331105168166085,1.6248991706529743,0.17555830147859108,-0.2083610071715787,-0.16306913057727937,0.11636495603589576,0.10762510100314476,0.03746446456500791,-0.1277395992449423,1.0770545492440025
62.300000000000004,-0.9944625291306789,-0.5151673465760527,-1.2497247945118537,1.7221881074134184,0.359038279816269,-0.12998375235025028,-0.14529188833002174,0.11710730418197893,0.20553400492064497,0.08907055421417649,-0.15955984089832212,0.8508560987531165
62.400000000000006,-0.8181191758553931,-0.4708673893841576,-1.2603608338712766,1.8016445056052632,0.5231622570876696,-0.08916232966595544,-0.12495702819764196,0.10935278424571737,0.28260827890833906,0.14224738109388527,-0.20308366684128687,0.650271087972214
62.50000000000001,-0.6347509107871327,-0.41139917238283996,-1.2688581120780638,1.862588758011019,0.6613924983194482,-0.08731340526129369,-0.10208243565512716,0.09306587022618251,0.3412049164427969,0.19538498377092847,-0.2544645969701815,0.4752707212014162
62.6,-0.4462350348723445,-0.3396369201273326,-1.2791187825830996,1.9045311516313708,0.7682237588231665,-0.124269690292867,-0.07650414812348676,0.06860510798727304,0.38340502090586137,0.24622172068205034,-0.3086205658793043,0.3222815264664479
62.7,-0.25448816476843256,-0.25894441628408177,-1.2949490943716175,1.9271755323444824,0.8394027599522654,-0.1982868188620246,-0.04806632312579275,0.036843094320377814,0.4107819073596113,0.2913071965125719,-0.3589344850851289,0.1862748316940135
62.800000000000004,-0.06144677572620403,-0.17304088146336044,-1.319904656552418,1.9304210003809004,0.8720977529216396,-0.306113119974482,-0.01680335718980684,-0.0006552380268125287,0.424321209130512,0.3259057511454888,-0.3975069300796913,0.06129473600578916
62.900000000000006,0.13095232637569018,-0.08585268100045142,-1.3571457191656442,1.914361632842856,0.8650114107156194,-0.4431195017189899,0.016921356092668458,-0.04150730500836268,0.4243944050785073,0.3446117959293421,-0.4163802568023707,-0.0598468813930526
63.00000000000001,0.32079140719054566,-0.0013567746284271764,-1.4093082417669842,1.8792842494071171,0.8184325474401755,-0.6034842693568228,0.05237031266168768,-0.08255298547384007,0.41073242488683853,0.3426985952167051,-0.40970628053377206,-0.1859862376919261
63.1,0.5061908862018094,0.07657785078974796,-1.4783958919132876,1.8256642569590464,0.7342246032320942,-0.7804255089585863,0.08851324671545055,-0.12012113067867701,0.3823743499287589,0.31767490338687787,-0.37607151714086257,-0.32757783764025733
63.2,0.6853279096391122,0.14434444389306061,-1.5656972812396508,1.7541596280158493,0.6157513537954573,-0.9664717719232915,0.12419983673258489,-0.15047471549101785,0.33758638382180634,0.2701529303661462,-0.3197405691287574,-0.4960613263158512
63.300000000000004,0.8564542309047136,0.19874229685366454,-1.6717317406479575,1.665603086219637,0.46774280629192133,-1.1537602687659314,0.15831037346908314,-0.1702884768801759,0.2737734609657605,0.2035257001682053,-0.250090587736525,-0.7027476292164265
63.400000000000006,1.0179132236171005,0.2371043656349831,-1.7962257983346046,1.5609925897342265,0.2961066278923874,-1.3343506838395398,0.18975052983130308,-0.17702186110901427,0.18746393241942413,0.12291154677203031,-0.17966596664529272,-0.9568247259910087
63.50000000000001,1.1681558622964325,0.2574036146595045,-1.9381213003299351,1.4414802198928967,0.1076926247387785,-1.5005420998875312,0.21721913179463104,-0.16919627863441794,0.07457121353257257,0.03441439163979939,-0.12189894812128718,-1.2606166298200088
63.6,1.3057555172278128,0.25833384625981504,-2.0956148517039788,1.3083595977576463,-0.0899803392034878,-1.645180397330451,0.23882155740908273,-0.14679359183651755,-0.06866527991690152,-0.05456415479336305,-0.08897542002927249,-1.5992469177419038
63.7,1.4294214230145514,0.23936179249757022,-2.2662270079057345,1.1630519652181033,-0.2890240965187564,-1.7619438729219916,0.25188578731050637,-0.11205946013405058,-0.24357100313257923,-0.13430951874820182,-0.08919721346835575,-1.9261735530281752
63.800000000000004,1.538010694633569,0.20074839261380056,-2.4468984596249395,1.007091079748836,-0.48149565367893654,-1.8455956907216653,0.2537111814197508,-0.07047547943469207,-0.4459789888614986,-0.19304489124098378,-0.12315408120186401,-2.1622085085955853
63.900000000000006,1.6305387802758746,0.14353840784561644,-2.634109378385297,0.8421070828412948,-0.6597138541270037,-1.8921931006114558,0.24361162451039792,-0.030394305422103477,-0.6645419858165673,-0.22092465608487571,-0.18087019965430662,-2.236362001844021
64.,1.7061882567311437,0.06951878763363872,-2.8240171666970895,0.6698095113335613,-0.8165656027480879,-1.8992450831138472,0.22461825269736807,0.00011433582597790831,-0.8838134145349559,-0.21599734052776576,-0.24494658476622394,-2.1479124561414435
64.1,1.7643158903847607,-0.01885255297204841,-3.0126071228284537,0.49196962829569807,-0.9457894435249186,-1.8658121353382893,0.20238018388959458,0.017123673590818674,-1.0911446148170758,-0.1853149528540227,-0.2993156983009544,-1.9693684218426566
64.2,1.8044579048568563,-0.11854470528749977,-3.1958500153524394,0.31040225572961083,-1.0422251850312172,-1.7925442195233139,0.18219921600450686,0.021612858859049597,-1.2813347805052753,-0.13968281920453277,-0.335329784982136,-1.7859975979024363
64.3,1.8263334147408274,-0.22607458251862392,-3.369860287116568,0.12694729506621827,-1.1020196219823593,-1.6816553608933915,0.1672747970818752,0.01736321339742223,-1.4561067199082227,-0.0883497337710381,-0.35125467378687036,-1.6520039226777663
64.39999999999999,1.829846003604149,-0.3376457622996755,-3.531048583149857,-0.056548876734563484,-1.1227801513743494,-1.5368359071312294,0.15881675477084103,0.00879772487593797,-1.621118853986345,-0.037367470601610164,-0.34895505956781586,-1.5892791280487277
64.5,1.8150834432064757,-0.44929982103248145,-3.6762625232666712,-0.23825194775683636,-1.1036701590201032,-1.363105946991734,0.1567847004883805,-0.000021582668893390005,-1.7834062110104845,0.009637514977925832,-0.33136346434584063,-1.600691601207331
64.6,1.78231556957959,-0.5570741268041417,-3.8029101087335526,-0.4163579626237446,-1.0454423737230405,-1.1666157313734935,0.1603760614725973,-0.005611456470445203,-1.9498018729059734,0.05014427435454397,-0.301422871491796,-1.6777085035043842
64.7,1.731990350012563,-0.6571598001777645,-3.9090608446469135,-0.5891111829924726,-0.9504088593621303,-0.9544010529991838,0.16810314712325758,-0.005126595517935598,-2.125683887851742,0.08166883470141857,-0.26209834381743785,-1.7990343806929106
64.8,1.6647281929110116,-0.7460535454576902,-3.9935205480298137,-0.7548213407593128,-0.822348841209384,-0.734103336506783,0.17765686125957783,0.003308215303833196,-2.3134050161857505,0.10126575638364159,-0.21706100615026655,-1.9248847993652938
64.89999999999999,1.5813145697737514,-0.8206972993964026,-4.055876860680417,-0.9118801150531493,-0.6663580411533516,-0.5136655976280994,0.18598255538743397,0.019866756922241196,-2.5105246249194515,0.10596108457115613,-0.17153393067684605,-1.9983348384936264
65.,1.482691034985375,-0.8786001299895194,-4.096513653667225,-1.0587766731078758,-0.48864552835801933,-0.30101639214817105,0.19002176356279338,0.04235812484388357,-2.7092009399787735,0.0941960696955375,-0.1323067428831639,-1.9669633586084276
65.1,1.369944744598495,-0.9179375256389071,-4.1165937505131565,-1.1941121256621896,-0.2962861842801795,-0.10375435413989025,0.187926004555746,0.06659063059693712,-2.898381750804036,0.06721262667236717,-0.10609250798048311,-1.816259320393645
65.2,1.2442965896266411,-0.9376241163384251,-4.118010659097329,-1.3166127595176786,-0.09693865048350309,0.07115410053156658,0.1796714124610859,0.08796206821516556,-3.0680979606105896,0.028743363404839784,-0.09716785841514378,-1.57869665516335
65.3,1.1070880724526928,-0.9373569277180178,-4.103311237780811,-1.425141923162108,0.10145999621947771,0.21765185430364836,0.16646805880036758,0.10301731149658325,3.070519661013789,-0.01686025042186984,-0.10640176361716862,-1.3064530046181921
65.39999999999999,0.9597670666536924,-0.9176274435441684,-4.0755923799751255,-1.518710455793129,0.29101066895974265,0.3308319057861301,0.14970113056665055,0.10987969230568395,2.9522705568265653,-0.06620532468441769,-0.13208821321245845,-1.0406995082517296
65.5,0.8038726107467912,-0.8797019957828336,-4.03837583712666,-1.5964855655003984,0.4641671814639816,0.40713232524640114,0.1302955461399648,0.10783579651408433,2.858649903572881,-0.11713528002792048,-0.17117552281014004,-0.8019036832815543
65.6,0.6410188949780274,-0.8255712640113535,-3.9954661715928736,-1.6577980786223019,0.6140370896730214,0.4444775759463928,0.10862251335332314,0.09682837739332911,2.7868669501737293,-0.16812956454837982,-0.21983083860465655,-0.5950304166823918
65.7,0.4728786072326851,-0.7578708974783499,-3.9507975033944867,-1.7021479992144941,0.734656470720771,0.44236056779665495,0.08467129054309282,0.07721087123838145,2.7341404023598903,-0.21748838503290768,-0.2733156608310197,-0.41713537193617717
65.8,0.30116580938595283,-0.6797764243598118,-3.9082751615302684,-1.7292083349766152,0.8212276847023885,0.40186217261340934,0.05827812378346616,0.04975736157852809,2.6982133376008415,-0.26265679983005313,-0.32562548510202405,-0.26219968752706674
65.89999999999999,0.12761851889254874,-0.5948766378475717,-3.871618553629087,-1.7388271637027526,0.870310640420943,0.3256074234781071,0.029336808000847835,0.01581184489121058,2.677532410851001,-0.29989319825612604,-0.3694311216623579,-0.12309588123287986
66.,-0.04601882788330146,-0.5070305067675228,-3.8442115190914388,-1.7310279321681192,0.8799599399503708,0.21766014490808383,-0.00203505073231706,-0.022550179574863768,2.671291102586661,-0.32450011182097005,-0.3968069440128562,0.008183152174224375
66.1,-0.21801285417919572,-0.42021331524959515,-3.8289661324776687,-1.706007997160146,0.8498024344941217,0.08336021512038891,-0.0354045610787128,-0.062469337745236275,2.6794474838554354,-0.3317433641897794,-0.40094491558309026,0.14099148988575982
66.2,-0.3866584886205778,-0.33835816537534313,-3.8282053876291404,-1.6641354359266456,0.7810520996320806,-0.07089005124849201,-0.07003873976189183,-0.10044726845463636,2.7027691526129463,-0.31821461128425815,-0.3784291456383862,0.28643110095571367
66.3,-0.5502958073032967,-0.26519916159263845,-3.8435694402410068,-1.6059441704732116,0.6764616369267105,-0.23788188319350578,-0.10501826595788095,-0.13269070289335802,2.7429249666934408,-0.2829486820798873,-0.33102060856985027,0.4572781023271583
66.39999999999999,-0.7073263064737925,-0.20412252863975905,-3.8759491473511742,-1.5321274667259652,0.5402127313795693,-0.4098881905171145,-0.13936820831897673,-0.15554980713982486,2.802612403943588,-0.22763246799765005,-0.2659621290292165,0.6673220350137685
66.5,-0.8562284470074314,-0.15803159843770065,-3.925449553915239,-1.4435298854229694,0.37774933982728415,-0.5789723704786036,-0.1720693501018449,-0.16590971600120458,2.885647441841529,-0.1559417443007712,-0.19472578455906825,0.9296235322469537
66.6,-0.9955723203285285,-0.12923104849718148,-3.9913847826879976,-1.3411377765534465,0.19556065654260923,-0.7373054722364791,-0.20182504160017423,-0.1615056323520539,2.99679617094513,-0.07283446326068466,-0.1310171040433701,1.2515171559741247
66.7,-1.1240332953027323,-0.11933500688967003,-4.072304531628067,-1.2260684230853862,0.0009224085168585416,-0.8774790742034089,-0.226571793711046,-0.14138222085862406,3.1408403233564535,0.015221684537399433,-0.0886928643439274,1.6220092306901115
66.8,-1.2404045168537856,-0.12920268734748386,-4.16605112289616,-1.0995579524778896,-0.1983932058349157,-0.9928014003434137,-0.24306449655431114,-0.10693040481372149,-2.963083272670386,0.09891713813977696,-0.07902430504991875,1.9904933616131053
66.89999999999999,-1.3436081394920847,-0.15890412051822778,-4.269844829468398,-0.962948145943761,-0.3944273707182384,-1.0775648696520639,-0.24752387508733265,-0.06346902746842635,-2.7528345187609573,0.1655196693701073,-0.10602483144503122,2.257910128041166
67.,-1.432705192453895,-0.20771734756045923,-4.380394077992817,-0.8176722855078684,-0.5793519468493731,-1.1272744119270273,-0.2382415088512762,-0.020462565526109217,-2.5251593929606897,0.20274339658342252,-0.16160144547853014,2.3273544643847193
67.1,-1.5069039875979264,-0.2741571879629416,-4.4940261347259405,-0.6652401875045326,-0.7457815556854497,-1.1388274470616255,-0.21821335207762474,0.012227400944976088,-2.2991761860351407,0.20641230445413877,-0.22753216254623998,2.1954346217867102
67.2,-1.5655669964354764,-0.3560344347055208,-4.60683306473723,-0.5072225781994074,-0.8870680121813461,-1.110638352116056,-0.19394965068165881,0.029620191289532936,-2.0902199230689646,0.18297548865449015,-0.28577371482799097,1.9580277290578005
67.3,-1.6082161385236557,-0.4505431168370746,-4.7148271456174164,-0.3452349726500959,-0.9975653679677947,-1.0427024535190506,-0.17154304606736168,0.03270980779315467,-1.9039724886882585,0.143555151745825,-0.326397262768897,1.721368467830325
67.39999999999999,-1.63453643976565,-0.5543723505872714,-4.814099539952853,-0.18092122169024086,-1.0728549985162472,-0.9365969926955333,-0.1544957450124387,0.025662117995326687,-1.737859815039788,0.09760449506278007,-0.3472263101693593,1.5456442080392205
67.5,-1.6443780357685898,-0.663838319860951,-4.900975900856657,-0.015936894013634954,-1.10992176077494,-0.7954190260878392,-0.14405981364435816,0.013152749448429106,-1.5851539144041693,0.05104482126838713,-0.3500203184619065,1.4510907197016174
67.6,-1.6377565121416873,-0.7750311244694298,-4.972162707063847,0.1480673392642369,-1.107274198427388,-0.6236627347663245,-0.14026951597202092,-0.0006927784257746316,-1.4378625645583847,0.007125234208742797,-0.3376403927571427,1.4396994772427936
67.7,-1.6148515903049327,-0.8839706417232915,-5.024878493627283,0.30946215146783984,-1.0650040025688716,-0.4270410343752331,-0.14260131539396792,-0.012371025308886957,-1.2880097931355061,-0.0322208119063445,-0.3128129160830935,1.5073666520399382
67.8,-1.576004183855658,-0.9867651876764224,-5.056964746362413,0.466655675477895,-0.9847823572913111,-0.2122585967327365,-0.1501220008323134,-0.018808542798414582,-1.1282729766151334,-0.06525376098907332,-0.27791398587382937,1.6445435909009176
67.89999999999999,-1.5217118666431417,-1.0797666526985898,-5.06697203887871,0.6181091284780216,-0.8697933158664822,0.013254668530704505,-0.16124921570495399,-0.017349919214863552,-0.9529656661281748,-0.08962499152228362,-0.23542293326734626,1.827815842243297
68.,-1.4526228092718247,-1.1597159266104535,-5.054217977982437,0.7623517938020116,-0.7246068636089189,0.24163904757344662,-0.17337261429920603,-0.006267378664676503,-0.7600196323938806,-0.10210437412359236,-0.18891820129089965,2.0075330917396803
68.1,-1.3695282556398338,-1.223872815739926,-5.0188146470948105,0.8979952149284015,-0.5549967280016179,0.46491759369944097,-0.18290078376621266,0.01411302295777349,-0.5535785196001415,-0.0994024740950552,-0.14412560110709735,2.1082098078446916
68.2,-1.273353625177498,-1.2701252725168986,-4.961664453295216,1.023746465636497,-0.3677101994195408,0.6753133757550066,-0.18638951388871075,0.04046986126480316,-0.3448302869164358,-0.08021575774260083,-0.10864472002026711,2.0638243407989196
68.3,-1.165148339546974,-1.2970735829667535,-4.884424543195584,1.1384203705960956,-0.17019913897283256,0.8655587563859799,-0.18226764682528818,0.06725827248448997,-0.14840546248944503,-0.0467890431961643,-0.08938828790302214,1.868873184840597
68.39999999999999,-1.0460744845736187,-1.3040861558132533,-4.789441205862178,1.2409505621011505,0.029677102662545307,1.0291843707172477,-0.17134831058687025,0.08913697642753891,0.023910257090593405,-0.0038645668196722344,-0.08966887852561665,1.5809333786488673
68.5,-0.9173944289931694,-1.291324689055029,-4.679656877472244,1.3303992711479071,0.22396501173744898,1.1607762852906098,-0.15560728554345227,0.10277253196024773,0.16678043453346925,0.04393365896236499,-0.10879104243287609,1.2706869149004065
68.6,-0.7804575311147275,-1.259737710703786,-4.55849345462513,1.4059657644709804,0.40493399190724044,1.2561910856455303,-0.13676812829013582,0.10683813081745124,0.28042199934174844,0.09356161361484852,-0.1436829025280349,0.9831918851471726
68.7,-0.6366860726344207,-1.2110227511944878,-4.429716567676565,1.4669933533423474,0.5653845576967934,1.3127203181742284,-0.11576151202951002,0.1011809900639361,0.36786031629635046,0.14330369736876492,-0.1903112821168601,0.7348108618844781
68.8,-0.48756056551830174,-1.1475586555341748,-4.297286224480255,1.5129749147607627,0.6989353542513115,1.329197730961583,-0.09284296565959481,0.08619734660316235,0.432756028724509,0.19182893054495243,-0.24401156756887446,0.5251693913453449
68.89999999999999,-0.33460458304750756,-1.07231073369025,-4.165199778240126,1.5435568809605134,0.800277560802015,1.3060450387392402,-0.06789795229169199,0.06264025150487933,0.47830889516075004,0.2373091000205882,-0.2991519222913633,0.34720120045923314
69.,-0.17936926974782008,-0.9887125305730337,-4.037333479143124,1.5585416687897824,0.8653865355827564,1.2452543879259523,-0.04072088291383936,0.03170832297377247,0.5068680604594454,0.27686288448506047,-0.3488104076448738,0.19198307492230443
69.1,-0.023417686981526593,-0.9005289290701666,-3.9172889258546557,1.5578885362936623,0.8916822645829872,1.1503082212879756,-0.011226201765058447,-0.0047672755158297345,0.5198524258386233,0.3064806014111233,-0.38505623159596325,0.0500608695062854
69.2,0.13169084854409094,-0.8117060437826866,-3.8082505375700224,1.5417128696243716,0.8781322175516297,1.0260397374257602,0.02041743019274237,-0.04418697696930175,0.5177531318745142,0.3215824432176133,-0.4002166029185881,-0.08886802964913074
69.3,0.2844162771923735,-0.7262138897260366,-3.7128597279151068,1.5102839190346071,0.825292510707457,0.8784395085833314,0.05374991982672139,-0.0832127336930342,0.5001125085402879,0.31815498516993473,-0.3890138251927731,-0.23670993240235164
69.39999999999999,0.43325300622397467,-0.6478880982980051,-3.6331107960932703,1.4640210180339914,0.7352857351287548,0.7144159667665801,0.08808575007232194,-0.11800893608834725,0.4654357223368988,0.29398485286380055,-0.3507530535703303,-0.4074953412294932
69.5,0.576744667676027,-0.5802769907986611,-3.5702726848337925,1.4034883346528633,0.6117163347343861,0.5415193072746773,0.12262974128294021,-0.14463008884429512,0.4110282439221393,0.24927781464059684,-0.29042389127794555,-0.6173765124350705
69.6,0.713498280548996,-0.526500106198289,-3.524839723425072,1.3293882180173624,0.45952690746925745,0.36763981717279126,0.15651349210627535,-0.159413164318919,0.33281033630178025,0.1863588392826197,-0.21817483033799523,-0.8836097048857913
69.7,0.8421976805594318,-0.48912382320454384,-3.49651331852927,1.2425532169574889,0.2848011585121847,0.2006926558227743,0.18858271793645867,-0.15929486528027736,0.2253145364133945,0.10899512829924336,-0.14767935167651017,-1.2202495893299403
69.8,0.9616160890284107,-0.4700590351847141,-3.4842153216425844,1.1439368600171358,0.0945213611404796,0.04830165469478309,0.2168139753174225,-0.14224540050787862,0.08244084914629066,0.022450090951833094,-0.0942270173435883,-1.624582098282406
69.89999999999999,1.0706277020050188,-0.4704849573206682,-3.486132539176148,1.034603297891714,-0.10371000547938758,-0.08250525722914692,0.23756465667203536,-0.1084161087210907,-0.09990758246851925,-0.06494750973379572,-0.07221004831871478,-2.048166482614816
70.,1.168218191363253,-0.49080210356489506,-3.499790609534198,0.9157159198785052,-0.30197334415159516,-0.18557685963167336,0.24582370639315437,-0.06242186836041632,-0.31853787330327155,-0.14000669446915073,-0.09001325142568856,-2.3719569729238557
70.1,1.2534940212484704,-0.530616308057763,-3.5221543007571543,0.7885250652890113,-0.49234767000490653,-0.2558844833709496,0.23826934061878677,-0.014733976090898415,-0.5581610037184078,-0.18759091591474558,-0.14267125005860806,-2.458922569749149
70.2,1.325690495759591,-0.5887544280216981,-3.5497502289541836,0.6543549588587236,-0.6672263961681377,-0.289723087979858,0.21743003832972757,0.022318565230446116,-0.7951372765474232,-0.20023970635108654,-0.21125240263641992,-2.2902088434277923
70.3,1.3841784670048085,-0.6633111021072166,-3.5788071038660405,0.5145900059283721,-0.8196205853880876,-0.28485955745682945,0.19085894706620624,0.041980592340079136,-1.0101578801704185,-0.18339938752236953,-0.27472967342009547,-1.9895871093429403
70.39999999999999,1.4284696465251838,-0.7517247000831463,-3.6054079091111624,0.37066058850316963,-0.9434375779056444,-0.24062230190193723,0.16582046638635706,0.04508810353245633,-1.1964403086127957,-0.14889977843928767,-0.321028001608437,-1.6935273492526037
70.5,1.4582204773970595,-0.8508794359963519,-3.625647948833853,0.2240285071847844,-1.0337238875752262,-0.15792859251209757,0.14630868408645542,0.036349033896638384,-1.3573768668752204,-0.10691411024808631,-0.3472245383948104,-1.4714613624659123
70.6,1.4732345389572254,-0.9572295738713719,-3.6357924585641324,0.07617221638425131,-1.0868626827260908,-0.03924853983431997,0.1336143591213322,0.020881712508856006,-1.5008262480355214,-0.06360737445723375,-0.3549917419015328,-1.3408273168434623
70.7,1.4734634708941972,-1.066940774260809,-3.63242749543863,-0.0714279988471338,-1.1007179788267512,0.11149284898079115,0.12772969576387935,0.0029879470528612327,-1.635597658079851,-0.022128605254796214,-0.34727855897459964,-1.2996528209508948
70.8,1.4590064182673235,-1.1760429466050522,-3.6125980908297803,-0.21730475658456172,-1.0747197944457416,0.28907162957709376,0.12821901245784262,-0.013828125326198955,-1.7703031680244645,0.01593781638081607,-0.3268752567356638,-1.343747599281294
70.89999999999999,1.430108013705119,-1.2805885136604103,-3.5739281562071543,-0.36001807662905944,-1.009886875609491,0.4871726791435729,0.13449373226976,-0.026499656559516183,-1.9132442217659544,0.04945556712456111,-0.2960212725322488,-1.4704317783152159
71.,1.3871549274499029,-1.3768097784918703,-3.514717360464721,-0.49816950162416956,-0.9087860826086928,0.6986409721302709,0.14564940041395233,-0.032097409823325894,-2.072233660309172,0.07687417624198227,-0.2565843513795663,-1.6727446152218926
71.1,1.330671029916855,-1.4612691203050876,-3.4340111149942665,-0.6304157032131126,-0.7754300583731774,0.9157663556474579,0.15994855203149116,-0.027892714853328268,-2.253407047698384,0.09554680552327889,-0.2107927451601424,-1.9237994748448797
71.2,1.261311224885635,-1.5309960312837854,-3.331640874865397,-0.7554814419245821,-0.6151172580539392,1.1305904717285646,0.17420651820065547,-0.012217332254806323,-2.458249553049907,0.10162306570826271,-0.16259062511889036,-2.155983648615366
71.3,1.1798540242133604,-1.5836055312058446,-3.2082331478495707,-0.8721717568950011,-0.4342207173284836,1.33522359069927,0.18396806512603467,0.013771663164879084,-2.6796573276326034,0.09146432893792933,-0.1188901854754226,-2.264308555954578
71.39999999999999,1.0871929469262738,-1.617393239021205,-3.06518685051819,-0.9793832701277829,-0.2399339805699997,1.522158724760907,0.1854457107044874,0.04494399543808304,-2.9013397528799527,0.0645516785095828,-0.08855060277970747,-2.171136793187691
71.5,0.9843268366029858,-1.6314033111874535,-2.9046199125230627,-1.07611449965725,-0.03998431792295554,1.6845704993123454,0.17789142941627983,0.07405157677785738,-3.1044535456132483,0.024826843093532336,-0.07830906188919717,-1.8995967019326876
71.6,0.8723492010008155,-1.6254665382759694,-2.729287256121519,-1.1614750866254724,0.15767533558487823,1.8165868671848162,0.16344007057898147,0.09537332039417573,3.0066631178665557,-0.021855147448309777,-0.08968069797305907,-1.5468254342066892
71.7,0.7524366868074874,-1.6002070810570674,-2.5424734191640876,-1.23469385277824,0.34518343747886665,1.9135228336195587,0.14485282361525523,0.10627976809636862,2.8689826759912727,-0.07100953230196232,-0.1199492932666606,-1.1992664299431959
71.8,0.6258368101443259,-1.5570175775174786,-2.347864100628016,-1.2951256171213144,0.5150832517422753,1.9720668743173373,0.12395043227887727,0.10632871238249932,2.763062743597323,-0.12030170254724142,-0.1646973519450429,-0.8970455671219262
71.89999999999999,0.4938550699343222,-1.498003613214697,-2.149401748049202,-1.3422567133238612,0.6606201243668581,1.9904126148559986,0.10144638103612998,0.09601122907456722,2.684227660141843,-0.168549260476286,-0.2190406083755746,-0.6466421592168397
72.,0.35784157642798436,-1.4258997687597852,-1.95113094238773,-1.3757091627780127,0.7760107691105086,1.9683305220155818,0.07735655312223844,0.0761640242159035,2.628003355654924,-0.21452061722474836,-0.27749813531851775,-0.4401960974116136
72.1,0.21917733100743764,-1.3439605913505077,-1.7570397425868172,-1.3952434718881925,0.8566738278889702,1.9071767490751412,0.051413244206761154,0.04792976614575773,2.590945531646824,-0.2561095973450582,-0.3334474833997944,-0.26613143501499276
72.2,0.07926029583958502,-1.255830836975318,-1.5709033131436405,-1.4007600360315133,0.8994125140864555,1.809838782605487,0.02335725999131778,0.012955082951289214,2.5707989360217867,-0.28998968201252684,-0.37897035357030456,-0.11269817049586661
72.3,-0.06050860699096912,-1.1654001563222647,-1.3961360669787541,-1.3922991465626942,0.902542057372451,1.6806200577952004,-0.006877454119016835,-0.026392986506299298,2.5664566683502223,-0.31185903477646393,-0.4056449876796232,0.03188795933735386
72.39999999999999,-0.19873942757105179,-1.0766480176064903,-1.2356582163984147,-1.3700396110955617,0.8659568692023875,1.5250681424663663,-0.03908024961609956,-0.06694158751591836,2.5779275617427166,-0.3173355669955638,-0.40644773389561395,0.1804858471712594
72.5,-0.33406691387876686,-0.9934850487540153,-1.0917820505265035,-1.3342960109409334,0.7911347513254071,1.34975333966304,-0.07278899268890235,-0.10484359846691954,2.6063931037081813,-0.3032188265816458,-0.37821718778659347,0.34815654793895995
72.6,-0.4651638966000111,-0.9195971241279296,-0.966122471138976,-1.2855146328851013,0.6810779795195165,1.1620065353377165,-0.10739526181177526,-0.13590542244701911,2.6543827397358313,-0.2684403924791009,-0.3235015335820785,0.5529269381771879
72.7,-0.5907542028720631,-0.8582984115669825,-0.8595353517170313,-1.2242681253247323,0.5401936113594725,0.969626742417784,-0.14221902249883847,-0.15597503055799292,2.7260490593924547,-0.214124932802461,-0.250810988629398,0.8158246684398637
72.8,-0.7096249744028689,-0.8123992382874532,-0.7720861753034517,-1.1512489410107205,0.3741177897693534,0.7805700006321322,-0.17635807538612894,-0.16124916965694816,2.8273907002506298,-0.14295244039677726,-0.17339530247903845,1.1582723176006084
72.89999999999999,-0.8206382722235386,-0.7840940434174082,-0.7030501996166829,-1.0672616401780894,0.18949104682229934,0.6026320347513245,-0.20808036419340106,-0.14860172978917124,2.9658749783692118,-0.058899711545481744,-0.10751712643462424,1.5900642270508596
73.,-0.9227418582508276,-0.7748738841422589,-0.6509441409800569,-0.9732141385450004,-0.006306434283692874,0.443137322716022,-0.2337251887851113,-0.1166101622532684,-3.1351127374376717,0.0312750347894632,-0.07041129043040231,2.075368684650113
73.1,-1.014979052782722,-0.78546698356517,-0.6135881120614051,-0.8701079944507581,-0.20544904480443782,0.3086469695730135,-0.24717811603868653,-0.06835358194742976,-2.9097205038200697,0.11494336539779054,-0.07555328334011051,2.4842106834882642
73.2,-1.0964975769248584,-0.8158096904514165,-0.5881953422905595,-0.7590278381821179,-0.3999777337376579,0.20469703339768253,-0.24282889352277368,-0.014639505023616658,-2.65660995261793,0.17426353721719842,-0.12302820497583516,2.6253718077103168
73.3,-1.1665572996440439,-0.8650490085998146,-0.571486102212159,-0.6411300542313523,-0.5821173110306145,0.13557773534544326,-0.2218253371376446,0.029139916218740625,-2.4043998061865643,0.19710310383602864,-0.1942212964802708,2.437499392026134
73.39999999999999,-1.22453682055705,-0.9315765950030752,-0.5598212880941629,-0.5176308337693938,-0.7445864208304933,0.10416235604009239,-0.1927541666325495,0.05328250774630976,-2.178288432867228,0.18690494872190028,-0.2641312163802984,2.0712107785182674
73.5,-1.2699388315674551,-1.0130928713974168,-0.5493503393206831,-0.38979371995087314,-0.8808878271215108,0.11179263965821995,-0.1645966073661311,0.05800923795058221,-1.987396586922864,0.1564716344418326,-0.3172993220193088,1.707829576901072
73.6,-1.3023942129400468,-1.1066986932761218,-0.5361675896949687,-0.25891677274925856,-0.9855674389767527,0.15822527427235988,-0.14218700215873822,0.048711174729676274,-1.8276995443342072,0.11728691513340546,-0.34956226262019974,1.4334723576643666
73.7,-1.321664832222854,-1.2090109218127025,-0.5164708175475057,-0.12631948282148103,-1.054431748905451,0.24164158208605557,-0.12692742998461437,0.0311975769546595,-1.690026740273716,0.07615755517506899,-0.362465374867076,1.2631837708464462
73.8,-1.327645027462685,-1.3162972912053181,-0.48671567188763987,0.006670434594606832,-1.084715015714538,0.3587200332027096,-0.11869912208730808,0.010128580366646387,-1.5646469231113822,0.036375497852346526,-0.3591516645971698,1.1889039136269977
73.89999999999999,-1.3203617692815242,-1.4246251947071797,-0.4437598162516376,0.13873023454639316,-1.0751895268317693,0.504768691982267,-0.11700372562334424,-0.010904176070241769,-1.44247666509846,-0.0006206489035518079,-0.34264895156055214,1.2027850303351968
74.,-1.2999735094573506,-1.5300184577129754,-0.384991041827303,0.26855519588403526,-1.0262145442792017,0.6739123157042799,-0.12137356593808551,-0.028897165767864445,-1.314841268985702,-0.03409216787035677,-0.3153464004709953,1.3034916028250467
74.1,-1.2667677365566274,-1.6286158478529453,-0.3084342405382974,0.3948714056823025,-0.9397219829757311,0.859326646429202,-0.13133883488743472,-0.04096083622144618,-1.172998130604025,-0.06318027019727486,-0.27897938966850033,1.49402210145418
74.2,-1.221157271770203,-1.7168250027973704,-0.21283297156440717,0.5164481504228959,-0.8191393923293493,1.0535105554943809,-0.14601644046268644,-0.04401633682578471,-1.0082685320855669,-0.08614290232662616,-0.23502191361844885,1.7705654090409049
74.3,-1.163675350288894,-1.7914656391550794,-0.09770236766426232,0.6321097945892012,-0.669253311600232,1.248585191003484,-0.16327453093342478,-0.035034840317884924,-0.8139324252694056,-0.09965590706807802,-0.18574983572415923,2.096574100373561
74.39999999999999,-1.0949695452020727,-1.8498963331793403,0.03664872973225264,0.7407470332592482,-0.49601844662474903,1.4366082021336992,-0.17886678585961488,-0.012550732973785167,-0.5900438906598504,-0.09896724371717125,-0.13613879385817487,2.3700021277559435
74.5,-1.0157946019028574,-1.8901198189339072,0.18912729093019254,0.8413274122834643,-0.30632027542255447,1.6098905130070427,-0.18715179141324575,0.02059448493411451,-0.34917304819005807,-0.08041782087917614,-0.09514389904397053,2.443410737848137
74.6,-0.9270042612328869,-1.91086260601362,0.35789689612550657,0.9329050176277871,-0.10770054685196229,1.76130301721859,-0.18455120655024654,0.05647377252200313,-0.11493760007517662,-0.045368755720541706,-0.07288381612401136,2.247760066934349
74.7,-0.8295421590037229,-1.9116257427120849,0.5404481866032481,1.0146292443610816,0.09194338418438719,1.8845609659347482,-0.17216759475353902,0.08628083624072691,0.0903708925117094,-0.00010739963624272905,-0.07463883769864282,1.8707854312227035
74.8,-0.7244318980054105,-1.8927047008688151,0.7336961620815207,1.085752565474363,0.2846733984263484,1.9744747117497694,-0.1537797434559693,0.10495461012455307,0.25641823478774833,0.048926900840260246,-0.09900355507259255,1.4545089605536092
74.89999999999999,-0.612766396077826,-1.855177589649596,0.9341004470182308,1.1456372311378453,0.4628270790919045,2.0271568117687098,-0.13254760773989246,0.11130931240275832,0.38394211379269394,0.0981524597967406,-0.1411396672735997,1.0840936981985712
75.,-0.4956966202141693,-1.8008621681392452,1.1378037329802067,1.1937608400199133,0.6193231873268661,2.0401772331929737,-0.10995546596682915,0.10595547045385056,0.4785742856270131,0.14622221991853177,-0.1956125789234794,0.7818126530902945
75.1,-0.3744198219313575,-1.7322433705188018,1.3407828795332097,1.2297207357996576,0.7479439679267769,2.0126604736642526,-0.0862793513276413,0.08995683979902153,0.5464436180795345,0.19237664155133874,-0.2568616545615983,0.5401420715548879
75.2,-0.2501673932374663,-1.6523742331693838,1.5390066514384357,1.2532371938830509,0.8435830306929482,1.9453207242869488,-0.061236086796540336,0.06451953794443631,0.592459201472948,0.23524553348434882,-0.31852447130600225,0.3437339595879078
75.3,-0.12419246542108385,-1.56475417342633,1.7285938053496093,1.264155375463774,0.9024489251747202,1.8404336732820117,-0.034418444009243036,0.03117165471808029,0.6199774771039859,0.272239570079473,-0.3728545524037075,0.1773599535015892
75.39999999999999,0.0022426254401997497,-1.4731894726251864,1.905965225252931,1.2624460383325635,0.9222162929159455,1.7017460741527548,-0.0055478180448140235,-0.007943405916014267,0.6309035807736514,0.2995179273710235,-0.41099052427562127,0.027031559282345758
75.5,0.12787888190841745,-1.3816415255401904,2.0679840431247203,1.2482050061120866,0.9021185712422135,1.53432668336614,0.025398075200079757,-0.04986428608413504,0.6258204438015798,0.3126171409679155,-0.4244740301361265,-0.12125170486481984
75.6,0.2514730739851553,-1.2940689060309671,2.2120781602519872,1.2216514097584348,0.8429785527816526,1.344364509955374,0.058172279834198336,-0.0908224116044911,0.6040046495805936,0.30763657116402787,-0.4077834852780626,-0.28323508631087235
75.7,0.3718099317002832,-1.2142695452413599,2.336340286265671,1.1831247271067002,0.7471755824074996,1.1389224199472352,0.09234934112247177,-0.12649194245800818,0.5632793512697247,0.28242573700651635,-0.360811883799369,-0.4779464245815005
75.8,0.48771398306714936,-1.1457293142076566,2.439601509208979,1.1330806578325905,0.6185506993570068,0.9256559183712827,0.12743960068609209,-0.15236659148250392,0.4996913077540725,0.2370269942843927,-0.2899601581946004,-0.7288378959093325
75.89999999999999,0.5980609232813665,-1.0914830474091712,2.5214754651716067,1.072085882343503,0.4622535062108283,0.7125083198574643,0.16283949808772005,-0.16407032578338857,0.4070868229700522,0.17317259165924972,-0.20743519086688955,-1.0634029099567086
76.,0.701788406424948,-1.05399354781381,2.5823713480956516,1.0008117636964349,0.28453686958372376,0.5073944601335041,0.19731908569663942,-0.15756103267781577,0.27699724944658694,0.09366841741354641,-0.12966700399828918,-1.5053369825058593
76.1,0.7979061573501642,-1.0350533971051292,2.6234752425750054,0.9200270615671876,0.09250763716214944,0.3178855575619327,0.22774513772967572,-0.1297916837207604,0.10021201093790534,0.0033303642013652883,-0.07573833223442014,-2.0425092983275643
76.2,0.8855053087853645,-1.035713485607157,2.6467005253040785,0.8305897364738676,-0.10615669078652401,0.15090778799947946,0.24758689897529165,-0.08141789547081732,-0.12711963519285965,-0.08725408069083643,-0.06395750605353039,-2.5569190680529035
76.3,0.9637668769494877,-1.0562411111931118,2.6546093139362092,0.7334379308050588,-0.30351404001966203,0.012466589547410534,0.24866727306899933,-0.021949622106356415,-0.39236631611466644,-0.15900188519030078,-0.10160590450280549,-2.804553938472639
76.39999999999999,1.031969297997585,-1.0961093176420154,2.650308096331115,0.6295802206425022,-0.4916743886525433,-0.09259231201790274,0.22921803004928984,0.030442546731922367,-0.6630203365262474,-0.19399645568654267,-0.17323572192576012,-2.6376495171015057
76.5,1.0894949573496933,-1.154017897489109,2.637321702485073,0.5200852388368224,-0.6631143183256273,-0.16077563028894593,0.19812688970902925,0.061553352714134875,-0.9056977696388107,-0.1915952619580394,-0.24977209492500202,-2.2120990928394972
76.6,1.1358356542825434,-1.2279452220523512,2.6194506448146386,0.4060707752350153,-0.8109769500437898,-0.19008131465191602,0.1666448030437758,0.0698983066004062,-1.1065744642791326,-0.16524181408447056,-0.31075500221020214,-1.7727320408817255
76.7,1.1705969549808193,-1.3152288323353447,2.6006175154828375,0.2886924643264468,-0.9293453071923067,-0.1800778830494575,0.14101648888192828,0.06148380390173771,-1.2696062479680834,-0.12830991483890164,-0.34989563125741413,-1.4375605499978577
76.8,1.1935013984435814,-1.4126715779012309,2.584708565684717,0.16913217383621704,-1.0134782076082178,-0.1319211286739871,0.12295415377642838,0.043048876973651284,-1.4054372757656994,-0.08870393635918268,-0.36840562939243643,-1.2226312265315737
76.9,1.204390531110774,-1.5166690722956295,2.5754167838544193,0.04858620992559542,-1.0599992804351928,-0.048307534895192794,0.11222466835391641,0.01981792045792356,-1.5249923078863297,-0.05010357489621009,-0.3696385643975951,-1.1127288000159676
77.,1.203225757699404,-1.6233533837725345,2.5760927299639933,-0.071746544349788,-1.0670315722558381,0.06663374402503996,0.10817506074332933,-0.0043986118626721474,-1.6379346508300558,-0.013972400340478803,-0.3569363319882606,-1.0939193170571404
77.1,1.1900880074061382,-1.7287472328275153,2.5896090738376083,-0.19067644082703167,-1.0342723761800845,0.20750602968255083,0.11029096969853153,-0.02661230133017643,-1.7531073177299263,0.0191598330222138,-0.33297860973013343,-1.1621164100204846
77.2,1.1651762262277514,-1.8289225491685759,2.6182442390324803,-0.30703471305552116,-0.9630053006897724,0.3678608094996867,0.11827724652717475,-0.04408191651462361,-1.8794373387712398,0.04890924458658314,-0.2996569442170285,-1.3232307349359058
77.3,1.1288047175615383,-1.9201570669584969,2.6635897921223375,-0.4196848453331644,-0.8560490970928712,0.5404553706625501,0.13182062030823982,-0.05381449785458436,-2.0266199378686234,0.0743535413080458,-0.2582268046770935,-1.5877197499130908
77.4,1.0813993643643056,-1.999082715370403,2.726485270527741,-0.5275335546195459,-0.7176452856750013,0.7175421065972016,0.1499006855077058,-0.05229007084897507,-2.2046862581272246,0.0931979069623726,-0.20992415876599546,-1.9519498693678758
77.5,1.0234927768655049,-2.062819888592773,2.8069830481106717,-0.6295412804995073,-0.5532890605393053,0.8911779618649245,0.16949719516543388,-0.036093384679932054,-2.420571306504005,0.10100816216411192,-0.15758388269827694,-2.3538976660524824
77.6,0.9557184200453592,-2.109092242362681,2.9043446402022006,-0.7247320838715556,-0.369510214424632,1.0535416784973666,0.18461230595183603,-0.004682896357202719,-2.6700900405560772,0.09207458129790153,-0.10828412360035088,-2.628384655099155
77.7,0.8788037847079472,-2.1363174404511183,3.017068596301139,-0.8122028614602209,-0.17361281733860712,1.1972461957675495,0.18860234320354596,0.03578290998826017,-2.931006325422493,0.06391160674375762,-0.07374277869203089,-2.587761972177759
77.8,0.7935626749117519,-2.143670233324375,3.142948869341676,-0.8911317905339978,0.026615972803143817,1.3156337486061078,0.17971445079590295,0.07399256825976545,3.1117339246699403,0.021340099922592795,-0.06395522747128493,-2.232973895124095
77.9,0.7008866926850571,-2.1311153542339825,3.279161335383681,-0.9607859262719962,0.22321635873105022,1.4030418996180085,0.16196868659377867,0.10114523536532957,2.9133154568703024,-0.02730300223561596,-0.08049373352356284,-1.7498636753161845
78.,0.6017360082772414,-2.099408921271626,3.42237501526939,-1.0205278829793907,0.4083732349640717,1.4550298984360515,0.14025764011844574,0.11441108153902486,2.760949368887303,-0.07641201765009095,-0.11848227015172257,-1.2974838840588765
78.1,0.4971295106128294,-2.0500682894933107,3.568883564961284,-1.0698215397157698,0.5747277505501772,1.4685563437682994,0.11728084653302492,0.11441256499078471,2.648615549527869,-0.12399710620716688,-0.1716202068071609,-0.9309400957529418
78.2,0.3881344380695844,-1.9853115550131708,3.7147517931851897,-1.10823672077439,0.7156706823808694,1.4421010649001291,0.09377285661904641,0.10259880094924088,2.5681938565617553,-0.16958944208238477,-0.23397993457694571,-0.6463861802972013
78.3,0.2758555941463627,-1.9079691228475788,3.8559713658704533,-1.1354528117372398,0.8256059232118437,1.3757263632033656,0.06950279884116473,0.08039230012061274,2.5128988733885307,-0.2125014469581503,-0.2994112450725621,-0.42358355919855833
78.4,0.16142425598624077,-1.8213708640201505,3.9886194905888446,-1.1512612824268962,0.9001735799540244,1.2710751717264932,0.043948653556980216,0.04929121707366898,2.4779848648980924,-0.2509374645081211,-0.36057765666533687,-0.2423250388036106
78.5,0.04598688605011103,-1.7292133606177453,4.109014255347573,-1.1555670988774998,0.9364237880097279,1.131306205814812,0.016647113063403454,0.011229022055966742,2.460567302899434,-0.28173275451916474,-0.40869087876932064,-0.08545180589559653
78.6,-0.06930624152184875,-1.6354125313175816,4.213860429431083,-1.1483890173483997,0.9329343122253423,0.9609686896751004,-0.012636687868602859,-0.03111217271924618,2.459345215636029,-0.30071176297245905,-0.4345001807236104,0.06251993762013133
78.7,-0.18331238817011933,-1.5439475127406337,4.300379914190325,-1.1298587642987088,0.8898672460813102,0.7658216527143517,-0.043862437075139225,-0.0741860698702816,2.474463751587648,-0.3036771584859637,-0.43059628333346484,0.2177252089975153
78.8,-0.2949075610394276,-1.4587020205887333,4.366421643594608,-1.100219117024864,0.8089625487018952,0.5526049993078403,-0.07678170113856655,-0.11372982978159228,2.5075829696720757,-0.287670154348089,-0.39423216167798525,0.3991937778419169
78.9,-0.4029974772091009,-1.383309514995791,4.41054655359067,-1.05982091023281,0.6934686773435611,0.3287714782913169,-0.11107303128717354,-0.14510594356680068,2.5621821186711085,-0.2517554340582297,-0.3292093801357616,0.6308994206523174
79.,-0.506528176315705,-1.3210083428620503,4.432084233198421,-1.0091190040718006,0.5480130808260111,0.10219023727624837,-0.1463966985746575,-0.16363241050431182,2.6440925672666693,-0.19680428638459088,-0.24586808064281668,0.9433197921129315
79.1,-0.6044961799030866,-1.2745126321887361,4.431158999189721,-0.948667259001094,0.378417716923784,-0.11916622029212165,-0.18207665188084396,-0.1647235948929992,2.7620400524777353,-0.12468548742165908,-0.15971379184296572,1.37074613421381
79.2,-0.695958100842867,-1.245904085448579,4.408684355137894,-0.8791125722029619,0.19146694845817092,-0.3275391957329161,-0.21595292771660995,-0.14412325263048043,2.9271458443944014,-0.03838926417599096,-0.09007001935769092,1.9287651234733059
79.3,-0.7800396120832306,-1.2365489858486467,4.366326055998167,-0.8011880390083578,-0.00536292866024185,-0.5156924296268647,-0.24224804827388244,-0.09978209339147465,-3.1348990332355764,0.05472594822613034,-0.05825265057802676,2.5403800065086393
79.4,-0.8559436907405265,-1.2470437251836168,4.30643525093366,-0.7157053108857216,-0.20420174257531248,-0.6771999063642069,-0.2511223057220122,-0.037715344564293846,-2.8636618203523,0.13730980320654626,-0.07946029644306508,2.9463190082371242
79.5,-0.9229580610764379,-1.2771910249118603,4.231954369944407,-0.6235462288861823,-0.3970992052169287,-0.8067013553183265,-0.23637258213507945,0.023420839585506194,-2.5745244220855406,0.18642089788307895,-0.14605612950020622,2.873887875382293
79.6,-0.9804617681271626,-1.326007798444685,4.146299506431611,-0.5256538179729588,-0.5763418660108637,-0.9001152630549648,-0.20505614609873052,0.06384751729706344,-2.3102302932292953,0.1942839130802684,-0.22735932697904976,2.419012651830714
79.7,-1.0279308225841832,-1.3917643412038023,4.053223984819129,-0.42302273333410384,-0.7347606236219972,-0.9548009048856249,-0.1707250027404357,0.07828684360605369,-2.0931780252311887,0.17322607331352402,-0.29638638869163547,1.8992302376996297
79.8,-1.0649428668821714,-1.4720532860627964,3.956668552403065,-0.3166892545351001,-0.866016536208411,-0.9696629365120579,-0.14185752382640268,0.07270519699517942,-1.9213755157057588,0.1388174346349314,-0.34318370541716503,1.4920767898600373
79.9,-1.0911808222335106,-1.5638855751365721,3.860604167806713,-0.20772092717311694,-0.9648535358336222,-0.9451943764547917,-0.12090529478962989,0.05488563944285168,-1.7828472894324365,0.10061476577830364,-0.3680725924522251,1.2245983956849917
80.,-1.1064354864643233,-1.663809621825902,3.7688736535255227,-0.09720595451807429,-1.0273079721103155,-0.8834562661225632,-0.10762815746195206,0.030818789839251563,-1.6651374592966268,0.06299657329716156,-0.37447744921873016,1.075153124193873
80.1,-1.1106070628551101,-1.7680489125024006,3.6850385252881273,0.013757556555354343,-1.0508666312322912,-0.7879948188404464,-0.10119623821928828,0.004682886909951535,-1.557705445179085,0.027627362518321836,-0.3660248040318131,1.0221761857423248
80.2,-1.1037056106680394,-1.872652562088427,3.6122371045341266,0.12407239023391578,-1.0345669306740415,-0.663699361270516,-0.10095388156081682,-0.020449963364597288,-1.4514394776186625,-0.005010428086957619,-0.345706943150053,1.0562416383179396
80.3,-1.0858504185521576,-1.973652821355855,3.5530595704439336,0.23265295212879275,-0.9790352951117315,-0.5166067310773252,-0.10659245554649077,-0.04195976335271608,-1.3374888351797498,-0.034794311128583194,-0.31568665095874043,1.1812612555486242
80.4,-1.0572683124553728,-2.0672232566246453,3.5094449325872614,0.33843583164952523,-0.8864621836385512,-0.3536599293081354,-0.11805134760153804,-0.05710231649806909,-1.206092572963354,-0.06136934655522307,-0.27732093309902606,1.4125822331014548
80.5,-1.0182909199387327,-2.1498312957351438,3.482604031309089,0.4403900949060472,-0.7605147638606964,-0.1824306496761667,-0.13508237156200795,-0.0624779441208551,-1.0459098847677646,-0.08342122477027263,-0.23144619889480683,1.7676657794559136
80.6,-0.9693509227862503,-2.218379058767718,3.4729716352859024,0.5375272098215287,-0.6061907142819631,-0.010816747044969155,-0.1561197068287538,-0.05388113084816544,-0.8453615404084736,-0.09762689553025145,-0.1793927760541251,2.231792587728622
80.7,-0.9109773394385423,-2.270326859032726,3.480189545631514,0.6289105092271573,-0.42961898341475535,0.15327329349502766,-0.1763775935828187,-0.027899921895153237,-0.5993044808659659,-0.09801583125760434,-0.12556946621157997,2.681992754357118
80.8,-0.8437898879599822,-2.3037944507359502,3.5031213797570904,0.7136641026796674,-0.23781544872297733,0.3022363073256621,-0.18762822276589497,0.013179134202110728,-0.3216590142082818,-0.07871877394832698,-0.08060216534361543,2.8594360681654805
80.9,-0.7684924888917217,-2.317635986894336,3.5398984451773727,0.7909811535384449,-0.03840321650334111,0.4290782244121323,-0.18402324645652146,0.058028894304438756,-0.048513272154643246,-0.04089921294352087,-0.05826331374529286,2.603809998837731
81.,-0.6858659753676106,-2.3114856991660435,3.587994873956533,0.8601314444013114,0.1606912865331716,0.5276935559076776,-0.16800221937691032,0.09362163043967349,0.18469268241814793,0.006485776298786918,-0.06492391176169487,2.078276681935683
81.1,-0.5967600852020155,-2.2857724784839797,3.6443290219179323,0.9204681612608411,0.3515543141108803,0.5931094506051217,-0.1460859473082521,0.11413208598213276,0.36483231549923345,0.055214791736587256,-0.09681347213202808,1.53657867149267
81.2,-0.5020848162333998,-2.2417027752085925,3.70538708960867,0.971433834630451,0.5266002957126653,0.6216845910799144,-0.1226809678528466,0.11977051726364342,0.4967465987847362,0.1019906833499755,-0.1466682163761231,1.0941953604012253
81.3,-0.40280123196472456,-2.181212500516655,3.7673640360599245,1.0125653843251443,0.6788742485742834,0.6112549997741206,-0.09925595192921623,0.11245687450733981,0.5906171173913617,0.1463459042279571,-0.2078675308790969,0.7589484429606792
81.4,-0.29991180943172346,-2.106889846565475,3.8263161669359356,1.04349822348045,0.8023290501380638,0.5612209418080345,-0.07572986290944407,0.09398213367309784,0.6554777081526251,0.1881573725643122,-0.27433733504750163,0.505453184613128
81.5,-0.19445042521128852,-2.021872102348934,3.8783193132049627,1.0639693866679314,0.8920665169876885,0.47257145959897995,-0.05151125887013858,0.06592071716228995,0.6977400858451497,0.22640406070197877,-0.33930788578596444,0.30701574281844046
81.6,-0.08747207851953313,-1.9297205788709961,3.919626293552105,1.073819656526851,0.9445326792083227,0.34784556079519224,-0.02599104853682908,0.030036572236516682,0.7214298552558853,0.2587276386881694,-0.3945682371789043,0.14220920287943078
81.7,0.019957547578560234,-1.8342786299752825,3.9468173822708335,1.072994673085461,0.9576594651990913,0.19103160647056613,0.0012445571988914505,-0.01130965668391097,0.7286620481825766,0.28156294664077225,-0.43087423881829173,-0.006462789845027116
81.8,0.12677258473610098,-1.7395184290918035,3.9569377831835655,1.0615450197994278,0.9309471484118427,0.007408910292424298,0.030341701665667596,-0.054929396699301525,0.7199467997200752,0.2908601030368525,-0.4397546062331202,-0.15547871891918374
81.9,0.2319174354521289,-1.6493826104279943,3.9476166281339853,1.0396252901940295,0.8654842691247964,-0.19666213675392358,0.06121715478302329,-0.09683624333651097,0.6942441209421205,0.2832313849247639,-0.41626526223831384,-0.32314846512596107
82.,0.33435708542240106,-1.567627087870077,3.9171627551153665,1.0074921487679267,0.7639042370328852,-0.41399304936939746,0.09368625804457724,-0.13251680529957008,0.6487434164382606,0.256934153088429,-0.3614095543574339,-0.5322730605657919
82.1,0.4330871726232339,-1.4976713179084322,3.864633446787244,0.9655014094070116,0.6302803447724539,-0.6368532533855831,0.12758516949491913,-0.15727033767813126,0.5783418126197329,0.21202121222964165,-0.28291372974799456,-0.8128597075875295
82.2,0.527143716431165,-1.4424619761316806,3.7898733880821807,0.9141041638773157,0.46996337785993414,-0.8572777118525903,0.16265817013565773,-0.16637229044462856,0.4748832817543752,0.14963056840938896,-0.1942851931037642,-1.203360029605376
82.3,0.6156124137901279,-1.4043554820769841,3.693522288842397,0.8538420019291487,0.2893682950238148,-1.0673839080207368,0.19776763917482015,-0.15505321612107043,0.32675346318296455,0.07146739964239421,-0.11349700298165177,-1.7399890466971308
82.4,0.6976374140211564,-1.3850240557997329,3.5769908666187646,0.7853413730674652,0.09571848331157334,-1.2596855484300438,0.2288322971709108,-0.11930144458551988,0.12128317512654051,-0.018329052807397897,-0.06214021862500223,-2.4005152068594704
82.5,0.7724294892795527,-1.3853890513906038,3.442406146114101,0.7093071480480787,-0.10324221628597008,-1.4273904800721757,0.24647069564799953,-0.06048552659609956,-0.14453858946302195,-0.10703281914482633,-0.06108482543980393,-2.976462422433541
82.6,0.8392735238469454,-1.4055842252218083,3.292528254968501,0.6265154455714568,-0.29955823206401566,-1.5646709449191625,0.24025143352522402,0.006375611733459311,-0.4460021564417768,-0.1706105603526462,-0.11422778945219753,-3.094085547919766
82.7,0.897535252335615,-1.4449504033014626,3.1306420319061363,0.5378057964000127,-0.4853794258652886,-1.6668953979259709,0.21212645454173562,0.057334532495813446,-0.734204535956248,-0.19212939267566373,-0.1955132761008996,-2.684169294860673
82.8,0.9466671844134253,-1.502061760331444,2.960427767383469,0.44407272315882057,-0.65327405403571,-1.7308126469507457,0.17640889433530224,0.08059259424012134,-0.9737805005563038,-0.1789197461794432,-0.2716167324389517,-2.097048391917941
82.9,0.9862136617533375,-1.5747826628054227,2.7858162287714445,0.34625681934101926,-0.7965250483087877,-1.7546809738030091,0.1446491437749814,0.08028431519044922,-1.1607306701437519,-0.14813994783051734,-0.3266531788237699,-1.607183011194511
83.,1.015815001492492,-1.6603528099916762,2.610833748602311,0.24533541548224108,-0.9093978048342055,-1.7383370890508973,0.12082891262951229,0.06500463052676764,-1.307291527876678,-0.11164297754817142,-0.3588917391880109,-1.2758934340448111
83.1,1.0352106894692201,-1.7554972784982885,2.4394435505373124,0.14231292405345017,-0.9873688054477984,-1.6832021718491268,0.10499943747149165,0.041684638817476985,-1.4276486639984085,-0.07497811607847875,-0.37145701775914086,-1.0801515239127097
83.2,1.044241595803386,-1.856557083290682,2.275389637675917,0.03821095732147717,-1.027305956773753,-1.5922247542625634,0.09621898968604005,0.015042017939722064,-1.533618161729121,-0.04025291056393054,-0.36813287583308324,-0.9902835449659759
83.3,1.0428511949078216,-1.9596350501054667,2.122049465648532,-0.06594168578267988,-1.0275934576084518,-1.4697627273628877,0.09366314537435089,-0.011636491712407469,-1.634879446612867,-0.008060996089250901,-0.35216957708338076,-0.9898996407082026
83.4,1.031085781673739,-2.060751183787682,1.9823012726870617,-0.16911906687711098,-0.9881962165173189,-1.3214091733899975,0.09690738708059543,-0.03575220527375185,-1.740293434658115,0.021562045775624,-0.32600601499845133,-1.0780920404202856
83.5,1.0090936852691148,-2.1560013385054417,1.8584113545175613,-0.27030809256660504,-0.9106612515183272,-1.1537689677392646,0.1059181266587974,-0.05478210584217356,-1.8593388142561331,0.0485800715276593,-0.29122825993178,-1.2688600051761352
83.6,0.977123491633652,-2.2417128641613457,1.7519457767570155,-0.36851834022221536,-0.7980560160511906,-0.9741950571780278,0.12081725404447757,-0.0656734444368418,-2.003394977737004,0.07237341828949911,-0.24867196431163371,-1.5878389253862784
83.7,0.935521295255654,-2.3145910238687772,1.663710043228626,-0.4627916311002833,-0.6548461099812671,-0.790494928268407,0.14111289066508675,-0.0642912871718474,-2.186016900253679,0.09078636017687687,-0.19894564467377687,-2.0529508533668577
83.8,0.8847270100853655,-2.371850345290175,1.5937191240736397,-0.5522112595647609,-0.4867172509146087,-0.6106189683863812,0.16382486148194997,-0.04579092719627389,-2.419151138078973,0.09882372559445686,-0.14426346277489818,-2.6059497394786297
83.9,0.8252697783887533,-2.4113256692737166,1.541199037167641,-0.6359107907976929,-0.3003486032656978,-0.44234314360306703,0.18129862758109036,-0.008425396878232093,-2.700339374287223,0.0890806732151835,-0.09239802647808869,-3.0040164604895243
84.,0.7577625248922144,-2.4315584686291665,1.5046199183987727,-0.7130823438208889,-0.10314650173320372,-0.29295864425483464,0.1842938299607652,0.039579093199762244,-2.997940222042365,0.05821041373802605,-0.05814814956752286,-2.930661504548992
84.1,0.6828957116316438,-2.431854995785622,1.481759260984831,-0.7829842818635593,0.09705081521220887,-0.16898087123849115,0.17157245443546282,0.08244872275725881,3.01827174728472,0.013403943415541287,-0.05332468602678701,-2.4188562614989024
84.2,0.6014303564254773,-2.4123139411670476,1.4697928012435102,-0.8449482380412758,0.2922856904833261,-0.07588936500635922,0.15018781416439936,0.11012108267748454,2.808555927702459,-0.03469498852857297,-0.0771598510933626,-1.7962312765769366
84.3,0.514190384770103,-2.373822499633261,1.4654094260364887,-0.8983854109049331,0.4747982943783017,-0.01790904563792134,0.12654905469062572,0.12150644044048042,2.6554044561913406,-0.08072560899780558,-0.1218727128206773,-1.2711179366017187
84.4,0.4220543911453069,-2.318021001804559,1.4649455194230292,-0.9427920716081652,0.6373359838323481,0.002158514586556276,0.10319722957205323,0.11887209037184117,2.547150095692961,-0.12378728048888146,-0.17990253644004273,-0.878506652090808
84.5,0.32594689116126385,-2.2472375203072565,1.4645333910639153,-0.9777542321583788,0.7734424417414301,-0.016952940667815747,0.08034112002914684,0.10446499968115981,2.4723392222513096,-0.16412546579412296,-0.24502396396766546,-0.5901412160824377
84.6,0.22682915062634526,-2.1643950579823,1.4602578675071463,-1.0029514323865374,0.8777150692863058,-0.07492360687949469,0.05737922294193755,0.08002958097190903,2.4226877982188295,-0.20138291067310013,-0.3110052134331628,-0.37201106977795756
84.7,0.12568968142780573,-2.0728950181700436,1.4483148020451548,-1.0181596118141272,0.9460203698365939,-0.16986012016311586,0.03360075425407892,0.04722235580642788,2.392905398870689,-0.2339857823891941,-0.37046888478549567,-0.19749651146008454
84.8,0.023534497059397898,-1.976481602742859,1.4251651823332254,-1.0232530414322176,0.9756587377586289,-0.2983708068898995,0.008454832662852567,0.008093176306162422,2.3800000994012067,-0.2591076638774461,-0.41476648454853754,-0.04650005754277044
84.9,-0.07862277732240551,-1.879092543907621,1.3876786904513536,-1.018205299452144,0.9654720825173403,-0.4557006815808732,-0.018357131048034617,-0.03458911869191218,2.3827717959263643,-0.27313730585810336,-0.43517620464733875,0.09802930373133782
85.,-0.17977084429505394,-1.784702120630087,1.333260990578359,-1.0030892842548007,0.9158899974386998,-0.635920811232576,-0.046892894250173546,-0.07725311177562358,2.4016037056652904,-0.272605863353109,-0.42526536425617334,0.2534658503253558
85.1,-0.27891062678464174,-1.6971627181202398,1.2599596681666816,-0.9780762669694139,0.8289126325299955,-0.8321644968079935,-0.07707116793760371,-0.11569832189889961,2.438555927318383,-0.2551990193419864,-0.3834803304826582,0.4405270692835608
85.2,-0.3750650183646755,-1.620051246901936,1.1665445955950855,-0.9434339952662164,0.7080309541644783,-1.036900856162113,-0.108813721758273,-0.14541244637207795,2.497782646242542,-0.22022597856043,-0.31460947061714906,0.6863929357449206
85.3,-0.4672883973161676,-1.5565265442534595,1.052559518804464,-0.899523868965024,0.5580875706252517,-1.242234901585229,-0.1420753861947601,-0.16179724588107638,2.5862896118177083,-0.16821766025623527,-0.22948631527727625,1.027801632537805
85.4,-0.5546758130285679,-1.5092034429731283,0.918342806743708,-0.8467972168589527,0.38508367195446885,-1.4402221488807607,-0.17642853264146088,-0.16012523432611872,2.7147930719507727,-0.10017553079482407,-0.1437747674630165,1.50894045639813
85.5,-0.6363717566881175,-1.4800485279508215,0.765016534828867,-0.7857907126478996,0.19593978080732316,-1.623185215557082,-0.2095727673640766,-0.13563642521859137,2.8972224141600083,-0.01810197535641076,-0.07726853991803752,2.150391345395172
85.6,-0.7115784323995895,-1.4703017364013775,0.594444336036677,-0.7171209759902939,-0.001780147581330327,-1.7840197864050111,-0.23446688212646524,-0.08602233713078065,-3.139110305444257,0.07052482884468263,-0.05244481520493564,2.8380244946340447
85.7,-0.7795634498745468,-1.4804269273110435,0.4091596983861345,-0.6414784123401074,-0.2001702770534921,-1.9164777486100497,-0.23923390535488215,-0.019563704369114813,-2.8391221512406988,0.1458025967417475,-0.08378960377278158,3.205799796735365
85.8,-0.8396668655476388,-1.510093390736722,0.21226756576818853,-0.5596203523674048,-0.39129807189492993,-2.0154162087184133,-0.2187568711590801,0.04062016085380023,-2.5313899759980822,0.18388756264033407,-0.157374334035966,2.9640370876593414
85.9,-0.89130750539438,-1.5581890341236693,0.007323163392621346,-0.4723635582999686,-0.5675205426262999,-2.077002463948754,-0.18429129674783107,0.07501469984736622,-2.2649413312896276,0.18223273315788405,-0.2378817894849157,2.364473255986029
86.,-0.9339885097573642,-1.6228647199443746,-0.2018071228954815,-0.3805761704113129,-0.7217889484960753,-2.0988667562925283,-0.15038270369808712,0.08273032540270402,-2.0560195717839327,0.15698270106927217,-0.3013489092295334,1.7919644686770684
86.1,-0.9673020480760147,-1.7016079870566858,-0.41109726872353974,-0.2851691720615303,-0.8479298091492175,-2.0801967195725366,-0.1237013400285369,0.07216011323923577,-1.8952254954750405,0.12273533478612156,-0.3419544428644879,1.3843839258050585
86.2,-0.9909331594831062,-1.7913432167428356,-0.6165194956085431,-0.18708745612730823,-0.9408910224224876,-2.0217697541365833,-0.10519917630885466,0.05124143078039904,-1.7670769541975868,0.08693292998148,-0.36179641604481105,1.132402064452935
86.3,-1.004662683703801,-1.8885542501251895,-0.814202224922388,-0.08730057929394464,-0.9969432763269039,-1.9259220384834577,-0.09401378323175086,0.025443770856263374,-1.6581417720051592,0.052517747291357844,-0.36460656159101934,1.0004008980308663
86.4,-1.008369255487731,-1.9894245685891465,-1.0005818058685212,0.013206706505659655,-1.013828725557231,-1.7964554131939872,-0.08918327240347483,-0.001558532997907706,-1.557770497848412,0.020393295414990215,-0.3538190804019149,0.9642031850366587
86.5,-1.0020303448384018,-2.089989448661455,-1.1725419701385502,0.11344405425671822,-0.990851005264993,-1.6384858493661263,-0.09012797390873349,-0.02704630857526312,-1.4568011555669835,-0.009345407929551814,-0.3321202017720699,1.016513964863096
86.6,-0.9857223344912244,-2.186294025409184,-1.3275354552124066,0.21242516128869152,-0.9289029935301756,-1.4582395425843617,-0.09671903967340875,-0.0485967178401738,-1.3459782718174313,-0.03679634391551465,-0.3013537550095068,1.1666997480678876
86.7,-0.9596196353442555,-2.2745509628697644,-1.4636829491383536,0.3091773553947023,-0.830431215729318,-1.262804761449829,-0.10916414126981329,-0.06347032159142006,-1.2143866146284699,-0.06175413938901748,-0.26253294643317143,1.440082215885137
86.8,-0.9239928497770995,-2.3512914456894656,-1.5798454137439912,0.40275103573076176,-0.6993383098856731,-1.0598493436137812,-0.12753798599745234,-0.06793678937406465,-1.048283677900232,-0.0829425334135041,-0.21607278062233848,1.8691714423584473
86.9,-0.8792060019158159,-2.413503472409939,-1.6756669045397663,0.4922288781020645,-0.5408274413998609,-0.857315101773223,-0.15034963517292402,-0.056922577147456965,-0.832406984630252,-0.0966603368100358,-0.16289048006716725,2.446997859151513
87.,-0.8257128628295332,-2.458751937085323,-1.7515861817705036,0.5767347166158348,-0.36119486985515636,-0.663101322606389,-0.17177225610693805,-0.026068442745909203,-0.559516061405307,-0.0957152500039881,-0.10778323692434208,3.002070508944033
87.1,-0.7640524072929438,-2.485275711954763,-1.8088166512607289,0.6554420168820302,-0.1675789376037416,-0.48474997644518847,-0.18139612833673752,0.021013536665213127,-0.25031094790022596,-0.07329560048886866,-0.06380796044620096,3.1527010761551972
87.2,-0.694843447037637,-2.4920578607899992,-1.8492954362791005,0.7275818599408175,0.03232451283262461,-0.32914518727265624,-0.17351820270405333,0.06890310487655371,0.04439812552941435,-0.03263977684472623,-0.04679627247490723,2.733683127835063
87.3,-0.6187784932654183,-2.4788661837332566,-1.8756036122850681,0.7924503608532357,0.23056894713750786,-0.2022389441093709,-0.15375701811535122,0.10321916939867319,0.2831399178991189,0.014581312252794567,-0.060847345416589864,2.0634742546226765
87.4,-0.5366169085352712,-2.446262477230326,-1.8908607860537558,0.8494154513616126,0.41927394186887823,-0.10881398868281583,-0.13026265412642427,0.1203638449618231,0.45851685624798927,0.060383839757598194,-0.09887646237976788,1.4591534178090715
87.5,-0.44917741489406876,-2.395580139894237,-1.89859822347016,0.8979229621573077,0.5909393514989774,-0.05229333216455739,-0.10697815951890823,0.12250413842941259,0.5820609903583029,0.10283603391523222,-0.15239173243847154,1.0057822565677024
87.6,-0.35733003123482715,-2.3288710170827027,-1.902615585466769,0.9375019470281656,0.7387443149773271,-0.03460399479676149,-0.08459954137398001,0.11230750441962394,0.6673761674315514,0.14226875791240273,-0.21476130238521193,0.6791465262871196
87.7,-0.2619875182802182,-2.248823603328046,-1.9068269850554718,0.9677691984311376,0.8568191813680912,-0.05610040052655668,-0.06259799511745748,0.0917422582008289,0.724664701695406,0.1788221652163592,-0.2801026717381325,0.4387763751864928
87.8,-0.16409641425052715,-2.1586558636302917,-1.9151025041229943,0.9884329117801239,0.9404795137450838,-0.11555048050085596,-0.04020633887315549,0.06242051474456257,0.7605429537532229,0.21158093106524614,-0.3418422495841413,0.25252556508399854
87.9,-0.06462774814209467,-2.061986946489774,-1.9311114896478532,0.9992954638809494,0.9864128423476505,-0.21018503926206936,-0.016774802780829375,0.026131545560306488,0.7789105837490026,0.2384005262247703,-0.3921375366156887,0.09726970763114706
88.,0.03543247942121515,-1.9626929030758047,-1.9581738780389122,1.0002552794084518,0.9928107217380951,-0.3358084153925175,0.008111833088482994,-0.014757922806061563,0.7816629518969914,0.2561724027584276,-0.422493508829089,-0.044959360785344175
88.1,0.1350929556248153,-1.8647521645521574,-1.999125476222278,0.9913077680256489,0.9594408272588669,-0.4869660247315413,0.034621643166840244,-0.05712129175020182,0.7690638665732229,0.26152422038228995,-0.4256012918570195,-0.19079080413035468
88.2,0.2333667617512298,-1.7720869378907882,-2.0562025716722743,0.9725453236095841,0.8876562165310122,-0.657162106552352,0.06274515593373087,-0.09714168110629884,0.739795441474205,0.25176241918778475,-0.3978214945163104,-0.3587490634704828
88.3,0.3292810324754768,-1.6884068432217425,-2.130950472978792,0.9441563859901999,0.7803413867673831,-0.8391189916446933,0.09242564722485237,-0.13057753287208795,0.6906894799170223,0.22555773663647552,-0.34112716860865355,-0.5723418489359777
88.4,0.421886474812278,-1.617061026404243,-2.22415962848787,0.9064235745430805,0.6417972784250583,-1.0250675558947915,0.1236591464673013,-0.15304075291864408,0.6161112298482964,0.18290550258063673,-0.2635190644022661,-0.8634624966701796
88.5,0.510266654736281,-1.5609046426240518,-2.33583187108012,0.8597209118209435,0.4775698097388007,-1.207057279678369,0.1563420414707115,-0.16005972973332622,0.5070514668030537,0.12446593939665147,-0.17811347499859473,-1.2742461735996975
88.6,0.5935469617510072,-1.5221850338940877,-2.4651781360960006,0.8045101640787723,0.29422877792216595,-1.377273551754771,0.18939620245011807,-0.14696359234018894,0.3506137034610021,0.051304013083620786,-0.10222165365605958,-1.8446428904277865
88.7,0.6709031647902233,-1.502452138202126,-2.6106477446589422,0.7413363339630423,0.09910594154807384,-1.5283495675263445,0.21849394283362492,-0.10976187305649138,0.13289756218236157,-0.032785899805093464,-0.05692026946575376,-2.544169196935607
88.8,0.7415694767701249,-1.5024967020096758,-2.769988086210967,0.670822348716841,-0.09999727406232739,-1.6536603870269162,0.23360828521983104,-0.05043527210169911,-0.1479770604081333,-0.1145460976576437,-0.06224146895568067,-3.121075461492741
88.9,0.8048460498331679,-1.5223187593744314,-2.9403323221316726,0.5936629949244332,-0.2951207955790798,-1.7475874292315283,0.22450642482552033,0.01434209532249517,-0.46133966936674764,-0.16961707313771707,-0.1192415165044552,-3.1643549535954802
89.,0.8601058287901999,-1.5611276343339395,-3.1183116151729076,0.510618158009317,-0.47846324519475986,-1.8057428578830752,0.19511064185064617,0.06058985580861323,-0.7528997342501753,-0.18372500005460454,-0.19917353310761285,-2.6691705325440926
89.1,0.90680069642638,-1.6173734664551251,-3.3001874116512133,0.42250543134014207,-0.6426929574634079,-1.8251449130245871,0.16047949045745766,0.0790867725158068,-0.9892375729883255,-0.16689708390371275,-0.27049649242631757,-2.0468268939878724
89.2,0.9444668511280901,-1.6888090027251759,-3.4819985038719383,0.3301921658284631,-0.7812402701864499,-1.804337198058786,0.13096383064870895,0.07562172809493095,-1.1709167844379689,-0.1357901171741992,-0.32044999594959006,-1.557099624052242
89.3,0.9727293646505948,-1.7725791923357397,-3.659717010992821,0.23458703626235533,-0.8885594366307054,-1.7434471664672475,0.10945364517187049,0.058797778344990434,-1.3126774828305416,-0.10065626529140188,-0.34872571409259007,-1.2374279251688765
89.4,0.9913058757087548,-1.8653350124989687,-3.8294070609565547,0.13663120526089406,-0.9603497174649828,-1.644181476233104,0.09557848827971809,0.035059757077575644,-1.4294724220375048,-0.06592160488152994,-0.35863923410879706,-1.0552903751534397
89.5,1.0000093833618968,-1.9633669874187263,-3.9873798484110634,0.03728916961265166,-0.9937268381770326,-1.5097583968910604,0.08834850865782884,0.008703094444994511,-1.5332893573294206,-0.03311062433193099,-0.35374239217011944,-0.9796750279919448
89.6,0.9987501128011199,-2.0627530774369554,-4.130338887986366,-0.062460623162069816,-0.9873379765051598,-1.344779963635879,0.08703212789801469,-0.017250016511873696,-1.6339737806580088,-0.002537483980556611,-0.3369639564234056,-0.9961435755442115
89.7,0.9875364350505145,-2.1595150424810132,-4.255509673147597,-0.16163529793738893,-0.9414156956981173,-1.1550489750100645,0.09135020886700479,-0.04031673963590102,-1.7408323076637595,0.025895235735093426,-0.31042006836400465,-1.107871952232492
89.8,0.966474831179622,-2.2497770460945676,-4.360748572514811,-0.2592571233133388,-0.8577686734546489,-0.9473381295987626,0.10144100953432685,-0.05792697464229997,-1.8643123668300567,0.05219784679777685,-0.2753726383479237,-1.3355760004423973
89.9,0.9357689008064186,-2.32992017700968,-4.4446266232477125,-0.35436303913974065,-0.7397095961504023,-0.7291205052210706,0.11757614593317359,-0.06674166977925299,-2.017549579683332,0.07566270493588496,-0.23231132813727512,-1.7139840928683816
90.,0.8957174238617136,-2.39672672797197,-4.5064848818365455,-0.4460140485607082,-0.591923092982098,-0.5082721252561818,0.139158875594183,-0.062011102263995393,-2.2165336728155207,0.09367962952949072,-0.181567579155449,-2.2635420744390156
90.1,0.8467114936994954,-2.4475084798774693,-4.546459126527438,-0.5333043841199284,-0.42027897507752354,-0.292758469534301,0.16223069636614015,-0.03832716710813462,-2.4741711096501255,0.10010153675572078,-0.12576062078790576,-2.8865547756099117
90.2,0.7892307485875454,-2.480213876936828,-4.565472927431366,-0.6153703595363471,-0.23159822513901573,-0.09031742729924074,0.17720736060350326,0.004694673985359757,-2.7816338367499247,0.08651313686852494,-0.07490668106377554,-3.2335455426336535
90.3,0.723838737312902,-2.4935098201311465,-4.565199361415914,-0.6913988216714111,-0.0333810668748063,0.09184866841243292,0.17503950280374408,0.054741069364425354,-3.09334963537347,0.05154275596965801,-0.046144944112971396,-2.975067871374924
90.4,0.6511774630049346,-2.4868348181121336,-4.54799289887973,-0.7606351209345689,0.16649204476846358,0.24735964768202562,0.15811488386049102,0.09471893066796158,2.9261055876245217,0.005684557160079444,-0.04906843678123422,-2.315266319748359
90.5,0.5719611572354908,-2.4604213765875604,-4.5167941786302555,-0.8223905228796802,0.3600745919955206,0.3709113261227503,0.1352991189764907,0.11757074963817955,2.7288977629249596,-0.04054306227112522,-0.07906799531474505,-1.6513399262002835
90.6,0.4869693439234719,-2.4152867335975947,-4.475011467917935,-0.8760489889914382,0.539670796273058,0.45848642403010087,0.11209110641200187,0.1245937072888311,2.5894710699164194,-0.08349277561366572,-0.12717164072479037,-1.1400760450860785
90.7,0.39703925948050606,-2.35319231003699,-4.426383534136335,-0.9210732605975254,0.6981424242600323,0.5075141739213385,0.08991794034150723,0.11867549924826648,2.4930126239832893,-0.1231854148386324,-0.18615735621873944,-0.773752471848851
90.8,0.3030577019168434,-2.276573492002588,-4.374829395722091,-0.9570101864164292,0.8291933661737183,0.5169722537528574,0.06844260444544077,0.10200774841864507,2.4276305395674775,-0.16005839286477652,-0.2502343919003868,-0.50904439199882
90.9,0.20595238722259723,-2.188442544321893,-4.324290942839524,-0.9834952414003955,0.9276206413502728,0.487426982400023,0.0468940685888512,0.07620684530853658,2.385422800486812,-0.19370364934107398,-0.31344078931870406,-0.30900092721759814
91.,0.10668289619498951,-2.092268525793907,-4.278574702660061,-1.000256192191974,0.989521824199708,0.42101017527551843,0.02455488077161858,0.042862425519197986,2.3615891944106684,-0.2225287176807608,-0.3686843694540803,-0.14743341019275316
91.1,0.006231298948138734,-1.9918389935419947,-4.241199058114184,-1.0071158726103546,1.0124506211375548,0.3213335831253491,0.0009199409690259203,0.003996190257203054,2.3535529648275224,-0.24385495375539668,-0.4078470031964568,-0.00519861721897882
91.2,-0.09440745241924917,-1.8911090098897914,-4.215253011546328,-1.003994041043663,0.9955143961314769,0.1933443254055104,-0.02426436824461565,-0.037671214711320615,2.3604353295505573,-0.2544222126502336,-0.4230944496003316,0.13392529306685438
91.3,-0.19423527014620143,-1.7940434713791,-4.203272124409462,-0.9909083003675818,0.9394097568273205,0.0431270820045464,-0.051036793587446526,-0.07868995336065067,2.3828669498953783,-0.2512334066709749,-0.409115248005683,0.28661701401202966
91.4,-0.2922607217777222,-1.7044590457738242,-4.207136579346384,-0.9679740699563399,0.8463947825478905,-0.12233907034462843,-0.07932562330337933,-0.11507768589745508,2.423103599209049,-0.23238141368221837,-0.36535996280693583,0.4729243834981638
91.5,-0.38750877084353086,-1.6258720185228226,-4.227995429019801,-0.9354036084158044,0.7201990013466495,-0.2954594824447005,-0.10907115272988185,-0.14262152933806665,2.485455397962843,-0.19734886345907804,-0.2971339090842911,0.7192707050673748
91.6,-0.4790303726305025,-1.5613581145623563,-4.2662200520347655,-0.8935040947643471,0.5658747050468957,-0.46832730160313757,-0.14022254205795096,-0.15707167724111876,2.5770322236681644,-0.14659684714320514,-0.2151636719708366,1.0612385880938406
91.7,-0.5659118316567511,-1.513429883920534,-4.321388671866953,-0.8426747848298622,0.38959552986683754,-0.6330392904703067,-0.1722988340515189,-0.1540971805829539,2.7085308792101292,-0.08099741183570354,-0.13450680527704817,1.540466586828804
91.8,-0.6472838295793165,-1.48393653937229,-4.392302556290388,-0.7834032685347505,0.19841033258539875,-0.7820115046889773,-0.20294535023204832,-0.1294572507617775,2.8935413741160327,-0.002623340624761441,-0.07396051100484871,2.171849239923799
91.9,-0.7223300352707616,-1.4739902393011959,-4.477033251761179,-0.7162608624203963,-0.00003782557101272843,-0.9082822439256315,-0.22533644302983014,-0.08152779447090519,-3.141539843820389,0.08079980962317768,-0.054368250958884645,2.834836940096765
92.,-0.790295212656307,-1.4839217546375814,-4.5729989699118425,-0.6418971801364062,-0.19781638409447566,-1.0057901982226691,-0.22852606683790008,-0.018831720133375484,-2.8426532334144454,0.14992257222601935,-0.08791530529021754,3.1743142221134324
92.1,-0.8504927465791703,-1.5132672872918207,-4.677067081072789,-0.5610339316063037,-0.3870195297816494,-1.0696167004955757,-0.20839932717502702,0.03692834903979647,-2.5377230500352073,0.18299646579683398,-0.1598100508680065,2.929219004021792
92.2,-0.9023115124126874,-1.5607869655900337,-4.785678628896147,-0.4744580091055001,-0.5600833769858955,-1.0961824269727904,-0.17571930086807344,0.06820060030196397,-2.2736162104721087,0.17875026331745497,-0.2367287167894734,2.3480411518679625
92.3,-0.945222021315933,-1.6245142793571357,-4.8949899022098915,-0.38301392547484386,-0.7100875162936869,-1.0833907033931873,-0.14385226850419075,0.07451655462753129,-2.0654569910862253,0.1526197734128218,-0.2967645975071952,1.794337711581016
92.4,-0.9787817798762837,-1.7018344838263322,-5.0010254201762,-0.28759567607701525,-0.8310309098313855,-1.0307117034363569,-0.11891536405346709,0.06374876052799805,-1.9039666209512118,0.11820362285553837,-0.33478143684872036,1.4000268477419329
92.5,-1.0026398103346184,-1.7895888466580745,-5.099836231779296,-0.18913810182150093,-0.9180711341265864,-0.9392041823011411,-0.10181897117664526,0.04334236452316895,-1.7739705462402782,0.08238693388499725,-0.35286819549389775,1.158438364269138
92.6,-1.0165402855777392,-1.8842005820687553,-5.187657218767382,-0.08860783557874072,-0.9677174326667466,-0.8114738786252258,-0.09181640937036023,0.01849032682176729,-1.6621054670802111,0.04785544268402356,-0.3545624514530783,1.0374300150228493
92.7,-1.0203252415321669,-1.9818174514723206,-5.261057130865827,0.013006081471773234,-0.977969881758311,-0.6515702427729064,-0.08808395012833128,-0.0072470679602012885,-1.5574980493918416,0.015390318266629755,-0.34306398029981433,1.0160304689595347
92.8,-1.0139363384255267,-2.0784653455969613,-5.317075371785128,0.1147018236063673,-0.9483991215829846,-0.4648256082521869,-0.09017674574186386,-0.03113830562791789,-1.4504383186533383,-0.014970492502803592,-0.32080708920031603,1.0906435375800114
92.9,-0.9974156515120958,-2.170206725242438,-5.353340082715423,0.21547455192304543,-0.8801634738254426,-0.257643217634178,-0.09808801869920951,-0.05060663543624271,-1.3307064465020666,-0.04331555635459073,-0.28935530507141843,1.2755565198784158
93.,-0.9709054812018388,-2.25329760414436,-5.368162815573898,0.3143262391139006,-0.7759627634467331,-0.037242553359575825,-0.11207480436847568,-0.06255441937625239,-1.1859191632775181,-0.06927626430415604,-0.2494055663060076,1.6013083943698603
93.1,-0.9346471819984462,-2.324336815534116,-5.360606021529249,0.41027545266453697,-0.6399306855834308,0.18862787406311993,-0.13195150414214432,-0.06264907232093511,-1.000685564308948,-0.09101388760353822,-0.20112751649852814,2.0973524619707824
93.2,-0.8889790191514815,-2.3804016116071143,-5.330520664061032,0.5023670016209135,-0.4774700085647633,0.41199883058865017,-0.15509541957125034,-0.04537714086849762,-0.7599943087150962,-0.10352514973935815,-0.14584763785294347,2.715974849706337
93.3,-0.8343330713697423,-2.4191641899762986,-5.278552456817614,0.589681353094045,-0.295037182983398,0.624997465114701,-0.173576925020637,-0.00789218894177847,-0.4639141668500905,-0.0982584841451422,-0.09065870365080513,3.1840967157610254
93.4,-0.7712312072366635,-2.4389845015686955,-5.2061164773318485,0.6713437266047414,-0.09988494377619339,0.8201605762214418,-0.1769786406375288,0.041580116580002977,-0.14770011322742618,-0.07012799667976788,-0.05161696279989371,3.1064244851639633
93.5,-0.7002801720250414,-2.4389756400065776,-5.115341168374146,0.7465327771891325,0.10022683304167584,0.9907315505569463,-0.1639096686265599,0.08573886632130825,0.13345840495512487,-0.026551399790161734,-0.04271219557327083,2.5218039193460875
93.6,-0.6221658303387685,-2.419039205604809,-5.008983959106382,0.8144887818691251,0.2973404917604125,1.130929135213475,-0.14245809319680908,0.11405397381162802,0.35003128583782345,0.020421125902705117,-0.0634087933682261,1.8347822353360668
93.7,-0.537646618330377,-2.379869234132996,-4.890321869595586,0.8745212486058802,0.4836178432143191,1.2361773293250122,-0.11944548465025438,0.12607573388623686,0.50515020460817,0.06491573761384377,-0.10522438187905477,1.2774977244732737
93.8,-0.4475462670721616,-2.3229245337148767,-4.763021459546928,0.926015872161568,0.6516526482694189,1.3032872301686158,-0.09724761810827684,0.12452950570317771,0.6132159069118805,0.10614038255662586,-0.1603694956335807,0.873672031194321
93.9,-0.3527458659194817,-2.2503705327050603,-4.63099330556295,0.9684407673458658,0.7947658808296569,1.330583584470739,-0.07587387680584427,0.11175716034235056,0.6872154228373799,0.14458068922687684,-0.22291507902053107,0.5838255316837875
94.,-0.254175341326104,-2.1649929568846367,-4.498236808002343,1.0013519168645277,0.9072719991567688,1.3179710000451967,-0.05461949449608178,0.08940293824104362,0.7361460124651376,0.18019016479003014,-0.2872863928136357,0.36836423618925734
94.1,-0.15280443248550052,-2.070086777392929,-4.368681514006548,1.024397778357085,0.9847056101072484,1.2669371784383283,-0.03273053030546032,0.058908040851962815,0.7656445729859038,0.2118090373426559,-0.34700163399887474,0.1985876091612732
94.2,-0.04963325032192125,-1.9693248566908204,-4.246031282120277,1.0373230031400789,1.0239994898979978,1.1804930400267395,-0.009629985969499377,0.0220068389678692,0.7789346780625018,0.23709323600371168,-0.39432402858064297,0.054161995237946334
94.3,0.054317489314141036,-1.8666115292262278,-4.133617500614482,1.0399712275891326,1.0236068642748264,1.0630521289078745,0.015007596058909837,-0.018933908509843545,0.7774682380119938,0.2528424566724279,-0.421066280007813,-0.08099827592569431
94.4,0.1580164639230173,-1.7659269540780582,-4.034267210645956,1.0322869069182088,0.9835630731592829,0.9202541056425229,0.04125741840239411,-0.060790179258511476,0.7612325016158401,0.2557397591442714,-0.42051564714199274,-0.22218097188595476
94.5,0.2604318772128834,-1.6711684447476327,-3.9501913911487785,1.014316170265292,0.9054841613988983,0.7587393649454002,0.06901658101753026,-0.09979736088158636,0.7287695400986892,0.24327929629099102,-0.38983654820944763,-0.3866232329489674
94.6,0.36054162800378836,-1.5859951017773535,-3.882897858536435,0.9862066853842687,0.7925024518031742,0.5858837639089189,0.09812457318088305,-0.1318467595722162,0.6769240548019415,0.2143827415845068,-0.331786254057586,-0.595985046002537
94.7,0.45734341595108996,-1.5136819422038745,-3.8331322529493774,0.9482065307839451,0.6491416689651031,0.40950403660870416,0.12843828912181607,-0.15278736768540777,0.6003150734288547,0.1693074970065066,-0.25489195389657876,-0.8787775021412536
94.8,0.5498646851252438,-1.456989341243711,-3.800849463030632,0.9006620827562088,0.4811365922874449,0.2375456395755171,0.15965549978415058,-0.15854491973989598,0.49063433554182384,0.10904954748119504,-0.17239682628435007,-1.270611280932401
94.9,0.6371723077081863,-1.4180529911588902,-3.7852166276947976,0.8440149343044477,0.2952044280781687,0.07776547303919767,0.19050377379239744,-0.14514771852319625,0.3364628578200143,0.03526816301202688,-0.10117177300869738,-1.800868813339234
95.,0.7183819122408731,-1.3982987642953675,-3.784647594452278,0.7787978724288863,0.09877701538868894,-0.06257787286717253,0.21687095587022137,-0.10970276502888643,0.12615906306492938,-0.04742154302864078,-0.060785664707933805,-2.4341547234582857
95.1,0.7926667639666116,-1.3983858744356452,-3.7968674597483596,0.7056299494554297,-0.10029545829764075,-0.1770139977575701,0.23014666946924137,-0.0548337861342564,-0.1411903186533296,-0.12589703595337193,-0.06846317291519892,-2.956619129655312
95.2,0.8592661088319535,-1.4181806024430141,-3.8190046174743517,0.6252106930205087,-0.2940574196056516,-0.2601191396360003,0.2219022967850688,0.004812469382021386,-0.4396338622054397,-0.1781693310066902,-0.12392932623392305,-3.031943747128763
95.3,0.917492897598942,-1.4567616336726186,-3.8477066451166397,0.5383135078578427,-0.47476507320848327,-0.30773288873179727,0.19513787031011556,0.04851889032002483,-0.7227522030673204,-0.1912900347549763,-0.20117963434575592,-2.6301762491974463
95.4,0.9667408122441999,-1.5124567943634464,-3.879275406651705,0.4457783305907467,-0.6351951228425696,-0.31712452656734924,0.16265316143260594,0.06715104898044225,-0.9588650246843491,-0.17371710743477103,-0.2708885393604101,-2.077635150898883
95.5,1.00649052332051,-1.5829097224467943,-3.9098159851578185,0.34850360623630205,-0.7689327416641918,-0.28710235858682964,0.13427214590955328,0.06490980363084203,-1.145259342167019,-0.1410712581100253,-0.32002850773099345,-1.619415261778625
95.6,1.036315114176746,-1.6651738148163373,-3.9353935067418986,0.24743766199878747,-0.8706273114789793,-0.21806168134769943,0.11336185892001138,0.04952219372682952,-1.293891509385548,-0.10372192520619528,-0.3476896183785573,-1.3125200021620556
95.7,1.055884615804041,-1.755829705678169,-3.9521916027527646,0.14356956010247524,-0.9362057353277023,-0.11196947172866967,0.10000086243140775,0.027243895020460953,-1.4186292008961685,-0.06640521752791995,-0.35693903163517393,-1.139127445276457
95.8,1.0649696045284254,-1.8511215924894744,-3.956666191915282,0.03791951682287345,-0.9630348193290452,0.027713591692091644,0.09346132392759884,0.0024459429575151544,-1.5314416351863822,-0.030821136614465578,-0.3512367867773397,-1.0757598354418336
95.9,1.0634438237225807,-1.9471069746007077,-3.9456884505751812,-0.06847102053370782,-0.9500262501276924,0.19617066656054816,0.09316629896834772,-0.021667579500779882,-1.6427446876577938,0.0026463729722289134,-0.3334113653301894,-1.112655236589089
96.,1.0512858000778804,-2.0398138349935526,-3.916671270258344,-0.17454954322796734,-0.8976799828280229,0.38742036099541355,0.0989326889667032,-0.04232386845327685,-1.7628450499865003,0.03403315943662832,-0.3054032431874526,-1.2571666239734964
96.1,1.0285794346739323,-2.1253989987748714,-3.8676741600338493,-0.2792627989726836,-0.8080643096735215,0.5945547853273756,0.1108906080784178,-0.056486954575004925,-1.903541287082734,0.06314679186542527,-0.26821075890708734,-1.532936702869949
96.2,0.9955135590136436,-2.200301355172595,-3.7974824104862677,-0.3815671579365666,-0.6847334040707288,0.8100145511705252,0.1289611424037223,-0.0601420061794709,-2.079188118774785,0.088650137174987,-0.22208505474246612,-1.9680557751215055
96.3,0.9523804562625386,-2.261383834555976,-3.7056573621904234,-0.4804389257834635,-0.5325856272173974,1.025889754688016,0.15129646376388955,-0.04804726716384391,-2.3047636390260013,0.10647892893190788,-0.16771543045638715,-2.5404750584945024
96.4,0.8995733580444741,-2.3060584803042086,-3.592555773532903,-0.5748845027239052,-0.35766824620216336,1.2342349449996588,0.17156113663642014,-0.01622952682324706,-2.585040570361504,0.10867801410935717,-0.11001565288668526,-3.0507625680613435
96.5,0.8375829372045236,-2.3323896293022215,-3.459317514617747,-0.6639502885963445,-0.16693634884935965,1.4273855211275368,0.17955191507420432,0.030634625228338406,-2.8952695138652844,0.08795941270048437,-0.06277122517380156,-3.122707756657889
96.6,0.7669928268550067,-2.339171087582796,-3.30782207671218,-0.746732236012631,0.03202443338730532,1.5982629439192784,0.1708588500799395,0.07708827604293346,3.098732816849038,0.047936312323349085,-0.04225843933646829,-2.657620505239875
96.7,0.6884742056765857,-2.325974224365271,-3.1406156298977073,-0.8223849565791191,0.23130034031840102,1.7406565952912831,0.1515383917435747,0.11020159908904453,2.8674200513726937,0.0005912847918411327,-0.052591424558465605,-1.9925494694664403
96.8,0.6027794987569264,-2.2931650671330726,-2.960811535723182,-0.8901302891205074,0.42296497937248406,1.8494710481259886,0.1290499625229388,0.12719298198791468,2.6980039994657905,-0.04598310697515418,-0.08703671665538244,-1.410345567310512
96.9,0.5107352521229931,-2.2418897162229445,-2.771968279904949,-0.9492652436532836,0.5993953255661428,1.920928889117804,0.10677936499237467,0.13011548185144553,2.578382292490084,-0.0896783009940741,-0.13758502281977186,-0.9760898042907753
97.,0.4132342474716739,-2.174028660399973,-2.5779496902958923,-0.9991692405380962,0.7535756271680762,1.9527210088181375,0.08523972038427992,0.12129603320407645,2.4954075648027056,-0.13071344211506555,-0.19805747672771842,-0.662555596672562
97.1,0.3112269313415898,-2.0921218147118226,-2.3827730115577817,-1.0393105707362047,0.8793771012981971,1.9440983674405907,0.06388360816861197,0.10239199693775898,2.4393578906931297,-0.1692478511739017,-0.26308644542519005,-0.4310903759760772
97.2,0.20571224002067534,-1.999267269126285,-2.190450892074299,-1.0692520103439227,0.9718022688801882,1.895901578155772,0.04196213977248445,0.07472795315928157,2.4039030670023758,-0.20446521935446826,-0.3266867038436758,-0.2517342342295502
97.3,0.09772790777486864,-1.8989977845240809,-2.0048335813258515,-1.0886555305164771,1.0271841880843318,1.8105271286188787,0.018844109849710595,0.03979215071137409,2.385239249688088,-0.2342999436166196,-0.38151674053407947,-0.10328262413125325
97.4,-0.011659648550727767,-1.7951399597615223,-1.8294576275444374,-1.0972860524443364,1.043332643451987,1.6918315874988366,-0.005861370774625891,-0.00036851913606920396,2.3813937414337434,-0.25558004296156994,-0.41919311179602614,0.030303840889037092
97.5,-0.12136577092283704,-1.6916616843678727,-1.6674071063093976,-1.0950142061317347,1.0196214626024043,1.5449776151129933,-0.03226555246225592,-0.04293526906674172,2.391832224139169,-0.26463932925236316,-0.4318322520114454,0.16327753942765405
97.6,-0.23029822621703575,-1.5925139584562806,-1.5211929111626883,-1.081818061263772,0.9570134794805448,1.37622791734977,-0.06023403746006948,-0.08434418986127877,2.4173319812703444,-0.2583060779383355,-0.41448187236433087,0.31073019146935443
97.7,-0.3373679930546865,-1.5014733859893452,-1.3926549172372908,-1.0577838083444053,0.8580221489398301,1.1926953573915156,-0.08949102040732437,-0.12054787656792744,2.4600893491718834,-0.23482205195975564,-0.3673870162634687,0.4906411565700544
97.8,-0.44150006373868567,-1.4219916206953334,-1.2828909170062641,-1.0231053784491804,0.7266113429654293,1.0020591875918399,-0.11973463784575207,-0.1473880422340702,2.5240525679840946,-0.1941281223692431,-0.296887393350219,0.7256557502803628
97.9,-0.5416441549967914,-1.3570577667508887,-1.1922151599309223,-0.9780830002659144,0.5680373233461744,0.8122587145362423,-0.15061694917780696,-0.1608800047949327,2.6154358906094015,-0.137401709843402,-0.21464909311262823,1.0440137482554328
98.,-0.6367852216278507,-1.3090792198807968,-1.1201481475646702,-0.923120703494626,0.3886391908464085,0.6311766099757913,-0.1813339804459903,-0.15732551404975245,2.7431099689508973,-0.0665320906177665,-0.13616515643174118,1.474739183122479
98.1,-0.7259536685731366,-1.2797856993635426,-1.065438089603724,-0.8587227880432464,0.19558616500745812,0.4663244931008014,-0.20948121255089253,-0.13367606712220267,2.917648927754947,0.01505808297077113,-0.07951514653908216,2.020626585126104
98.2,-0.8082351593910106,-1.2701602968837178,-1.0261131641478394,-0.7854892886878302,-0.00340823026396464,0.32454331906387857,-0.22933814328291047,-0.08964153517957871,-3.1372536906980524,0.09878726757410766,-0.06292217194381271,2.5849127702970525
98.3,-0.8827799225827534,-1.2804002910955208,-0.9995624973607414,-0.7041104748635776,-0.20039368080196246,0.21173051837447432,-0.2324978735122025,-0.032844031837660596,-2.8643184416187144,0.16702156297451978,-0.09571899761318702,2.913431580309441
98.4,-0.9488114616703914,-1.3099092900968472,-0.9826426327631418,-0.615360434917666,-0.3875000363655816,0.13260476530655874,-0.21540835373973033,0.01929356351003455,-2.579611890638519,0.200650138484337,-0.16490780162572358,2.7943138309668134
98.5,-1.0056345803258644,-1.3573210150683945,-0.9718052441946787,-0.5200898033908826,-0.557251068937064,0.09051775330379508,-0.18576711577242597,0.05117430762159998,-2.3217146530032147,0.196958879138194,-0.24096981345689172,2.355973759751661
98.6,-1.0526426401485058,-1.4205537768989616,-0.9632409995600417,-0.4192176986080366,-0.7028625265818143,0.08732048133712589,-0.15513941924502753,0.06014286573250534,-2.1085965588577515,0.16911528399384274,-0.3018486967651001,1.8802261731003276
98.7,-1.0893239758259248,-1.4968934739854358,-0.9530338385900442,-0.31372294596133715,-0.8185126004025712,0.12328938198305484,-0.13024366041688984,0.052111039504259216,-1.936810002122199,0.13088234290823672,-0.34074872517611876,1.5155310810820037
98.8,-1.1152674003287517,-1.583101802346824,-0.9373195126722111,-0.204634669681154,-0.8995740219241732,0.19711523628188676,-0.11294320078282644,0.0340247527326969,-1.79446955819775,0.09016293349595267,-0.3589997054769621,1.285641815851279
98.9,-1.1301667414078531,-1.6755453640564428,-0.9124420648891155,-0.0930223425296908,-0.9427985379186973,0.30595531731699277,-0.10304725638196158,0.011252214943696968,-1.6691442046708984,0.05035461393354489,-0.3600509633653065,1.175432929463644
99.,-1.133824359903413,-1.7703405268459342,-0.8751020105190598,0.02001461134418526,-0.9464464082415158,0.44554668371838113,-0.09998875990995551,-0.01228871756815522,-1.5496523629575731,0.012579402990745048,-0.34716175371077834,1.17214818942847
99.1,-1.1261536101521021,-1.8635082597859183,-0.822490309129828,0.13335756025024167,-0.9103557640085447,0.6103761064320835,-0.10342587715322363,-0.03342591700878783,-1.4253413869773846,-0.02294839598787354,-0.3227410361257374,1.276879853275897
99.2,-1.1071802129977948,-1.9511327722327083,-0.752402785842338,0.24587965141564966,-0.8359490610227913,0.7938998542988723,-0.11330700532536472,-0.049006125111975246,-1.2847313642385236,-0.05606322815910793,-0.2881862099147756,1.505652647435205
99.3,-1.0770425224759486,-2.0295176316067733,-0.6633304387711443,0.3564569330227045,-0.7261763711726545,0.9888045762650789,-0.12948396371234716,-0.05518528609763462,-1.114480759217835,-0.08572420405678963,-0.2439954037047711,1.880447929732064
99.4,-1.035990678049577,-2.0953331360796277,-0.554522030994729,0.4639795028761911,-0.5853977725947392,1.187298879647813,-0.15047731761987926,-0.04707255714281909,-0.9005910002143854,-0.1085543138516311,-0.19065689273392114,2.3888232147378914
99.5,-0.9843846452215783,-2.145749066884608,-0.4260164703385552,0.5673625738944412,-0.41920952733460914,1.381423980113363,-0.17116234652284265,-0.020387277261218528,-0.6363424424006003,-0.11741559391868575,-0.13169931728405534,2.8849021253040212
99.6,-0.9226911583265958,-2.178547527835906,-0.278643684723217,0.6655573468364735,-0.23422097625316518,1.5633710386924187,-0.18234076538239727,0.022650869539348008,-0.3383816346569592,-0.10414659556995132,-0.07849801127387161,3.0504453017792095
99.7,-0.8514795902088595,-2.192211373499776,-0.11399395681682267,0.7575615819722549,-0.037791045675116486,1.7257925345555782,-0.1779001170609543,0.06936528656937198,-0.04984379529646508,-0.06898405418624474,-0.04760111214657626,2.713950637580468
99.8,-0.7714167842120719,-2.185984700665669,0.065643060835753,0.8424297637711482,0.16226512957215372,1.8620952600415324,-0.1613785558850108,0.1060378350988155,0.19028521499035506,-0.02238700867351408,-0.04709679564537438,2.1096000113316897
99.9,-0.6832608943373499,-2.159902991512943,0.25736722028460335,0.9192827561063539,0.3579877707160224,1.9667032570854712,-0.1399606121506835,0.12759012665534777,0.3713531886535367,0.025986666666850632,-0.07302541719293444,1.5287878014830405
100.,-0.5878542894617742,-2.114791706759902,0.45778110044734077,0.9873168499238217,0.5415897860959428,2.035280212528661,-0.11784197492045236,0.13493116907951372,0.5017270495890396,0.07241429740197261,-0.11780569612949045,1.0759127232382162
100.1,-0.48611558705054336,-2.052233384881635,0.6631230647055113,1.0458121107667535,0.7057672177336072,2.0649024460303487,-0.09613315890842682,0.1301262955881857,0.5936472120248554,0.11650198707580461,-0.17508427760151316,0.7429399760216446
100.2,-0.37903089074568447,-1.9745045590467634,0.8694148505668796,1.0941399399318001,0.8439904268901608,2.0541755940118493,-0.07454179734951372,0.11478244813583151,0.6570403360770917,0.15842442476010074,-0.23959945107025754,0.49643107279921317
100.3,-0.2676443144797208,-1.884485006695513,1.072617808779706,1.131769770305837,0.950764409961528,2.003290337717708,-0.05238120320789606,0.09011680626486146,0.6987001285061651,0.1976290370870224,-0.3058020068969497,0.30700862353928343
100.4,-0.15304788325964994,-1.7855429496916653,1.2687915644483925,1.1582748260251536,1.0218478667386834,1.9140149535899462,-0.028993535966714667,0.057397305546823776,0.7229020038771148,0.23232182201164414,-0.36682768595517556,0.1532530862481774
100.5,-0.03637090741689085,-1.6814007817560461,1.4542487761318352,1.1733368839381138,1.0544222874722327,1.789624982839594,-0.00393039877641634,0.01836442110116126,0.7320702046658694,0.25940243904058297,-0.41435174171361727,0.019287990251659774
100.6,0.08123106715012515,-1.5759866762044654,1.6256998244560465,1.1767499843559148,1.0472043177740447,1.6347728239515802,0.022962231487866393,-0.02448161379159566,0.7272137643575635,0.2749036313795158,-0.43966860466317814,-0.10828697534992521
100.7,0.19858762546111064,-1.4732779899213537,1.7803816632388072,1.1684230486536826,1.0004969217215647,1.4553024469355862,0.051533613820524314,-0.06781234654157882,0.7081284673238968,0.2749672601919422,-0.4359673907125657,-0.24290307692072155
100.8,0.3145250556682737,-1.3771427065581332,1.9161656975019061,1.1483813718410902,0.9161773034535129,1.2580166159513002,0.08140349441686238,-0.10766728509239765,0.6733973174393734,0.25702023531015494,-0.4009924026939645,-0.3998092971868669
100.9,0.42787801335724945,-1.2911852401152346,2.0316403888660632,1.1167669691562456,0.7976220687846286,1.0504059002705843,0.11209338102175419,-0.1398503714403688,0.6202087960384868,0.22048522078210933,-0.3387094513340721,-0.5973053392684128
101.,0.537501162755337,-1.2186027462324196,2.126165296347704,1.073837766943905,0.6495726104099604,0.8403502769119634,0.1431050791716056,-0.1603452242816154,0.5440202072138632,0.16659520535842995,-0.259089499826442,-0.8574477045677786
101.1,0.6422806792624024,-1.162057669602211,2.199894399343858,1.0199656394497867,0.4779460833654466,0.6358052209583093,0.1737610204685733,-0.16558027239209194,0.43820568385263853,0.09767759280072894,-0.17647141441214614,-1.2044111283796575
101.2,0.7411454984533087,-1.123571608638895,2.253767774197254,0.955633304586461,0.28959950655700645,0.44448479799082075,0.20256776412789868,-0.15264560254410897,0.2942476538630016,0.017039742957080713,-0.10775524795510967,-1.6529346625544008
101.3,0.8330781985760037,-1.10444472868339,2.2894719573616675,0.8814301030898215,0.09205639488566553,0.2735543925811844,0.2260007989912187,-0.12019746495084156,0.10406254688056295,-0.06918085766660846,-0.07058332945413033,-2.1706354451688292
101.4,0.9171254065727082,-1.1052039364849602,2.3093705765366583,0.7980466966762865,-0.10679317971712615,0.12934532261845544,0.2377357402514462,-0.0713656589087581,-0.1330279083091536,-0.14830866001791412,-0.07860154004854078,-2.6162176895583755
101.5,0.9924076217604175,-1.1255818820794472,2.316408016446387,0.7062687317185153,-0.2990071407232864,0.017102716722749656,0.2316859702375188,-0.017495561026539014,-0.40048218640596595,-0.20161207642912843,-0.13080921536693835,-2.7667654215963706
101.6,1.0581283564887942,-1.1645276251925896,2.313989960942611,0.6069695254704562,-0.4769080326989287,-0.059223294103744606,0.20909005269118794,0.025136100939200955,-0.6659727064660151,-0.2168631740387366,-0.20574200694569134,-2.548916488743073
101.7,1.11358249930126,-1.220248540932301,2.305845574962583,0.5011018418867825,-0.6333890973844032,-0.09713474624461438,0.17923243259138458,0.0468643773824192,-0.9014788986680368,-0.19918938525451088,-0.27635671839642545,-2.1425146948380083
101.8,1.1581638133059768,-1.2902817941219746,2.2958768218129424,0.38968883349270916,-0.762197597876455,-0.09568510898580307,0.15135193441093406,0.04884090558687404,-1.0981733501938322,-0.16283614030149182,-0.3276062599494646,-1.7542017637808371
101.9,1.191371490550807,-1.371592532818496,2.2880009241071586,0.27381423447232417,-0.8581840956716045,-0.05551668857610137,0.1300037383534135,0.03722560959408009,-1.2619441667646973,-0.11934137762608289,-0.3566641892432437,-1.4740657339246186
102.,1.212815692115941,-1.4606948863488585,2.285992250003065,0.15461189806637624,-0.9175077426811957,0.02116532014696515,0.11628948924606075,0.01815236575965644,-1.4038518457901141,-0.0748386892559504,-0.3660175730288729,-1.3145950370832487
102.1,1.2222220133074093,-1.5537909440554836,2.293329929279386,0.033254778418541985,-0.9377894038738472,0.13068109987705456,0.10999877838265712,-0.0035956555618348266,-1.5353503622409188,-0.03186599933628155,-0.3591599005898586,-1.2680432019043417
102.2,1.219434823661471,-1.6469221741057474,2.3130572753371825,-0.08905653688982718,-0.9182065060283441,0.26802327559897265,0.11074545692562816,-0.02425207454682689,-1.6674835649079631,0.008755994384234956,-0.33900719480354086,-1.3319478274967764
102.3,1.2044194423570387,-1.7361272457754713,2.347658618526414,-0.21110563229223614,-0.8595258312767879,0.42705691476138885,0.11829920761971156,-0.040374447206958666,-1.8116362255902647,0.04668427361927447,-0.30744848049457757,-1.5153918520571392
102.4,1.1772631209753752,-1.8175999633298374,2.3989584620404902,-0.3316722923401008,-0.764072948062763,0.6007644892626423,0.13235284151729282,-0.04814406892376573,-1.9803364715446612,0.08099128811982237,-0.265363855097894,-1.8327024946037103
102.5,1.1381748172342439,-1.8878410151757354,2.468046981668729,-0.44954463422538243,-0.6356394982059252,0.7815260331586644,0.15154468348912206,-0.04298242941224225,-2.1863595523551194,0.10876608791252387,-0.21333737533113167,-2.2724982762535206
102.6,1.087483755243318,-1.9437974885258322,2.5552348404277785,-0.5635312247541105,-0.47933203624493703,0.9614233268560206,0.17158217356729372,-0.02071186531747566,-2.4367582107377666,0.12366966908784519,-0.15414875883320628,-2.723261713447453
102.7,1.0256367798625743,-1.9829845875644123,2.6600391203760227,-0.6724730612420584,-0.3013684473573923,1.1325559806874628,0.18448671388206794,0.01791791665412154,-2.720278693264428,0.11754313193244725,-0.09715614714739398,-2.929301645893681
102.8,0.9531945247764331,-2.003584702595726,2.781200933349216,-0.7752552964381523,-0.10883006003178897,1.2873568163724887,0.1836169774532992,0.06302551601461343,-3.0021243886671223,0.08825360076997443,-0.05788592626425403,-2.7018036259525733
102.9,0.8708264258042588,-2.0045198806003337,2.916734009390635,-0.8708185894090732,0.09062066402326047,1.4188939728527037,0.1702530174694995,0.1015373790666961,3.037902107926909,0.04397626239374263,-0.04697763288443705,-2.1792072390621526
103.,0.7793046226341067,-1.9854948080266548,3.064002326642191,-0.9581699673297953,0.289045607919479,1.5211476922437543,0.1505397781184959,0.12671602828538645,2.8486097404067343,-0.0050951112073257115,-0.06358960350032494,-1.6243220819208362
103.1,0.6794968034723865,-1.9470085922293652,3.21982368864607,-1.0363930872989906,0.4785474671343404,1.589250751066954,0.129049116118225,0.13809716944526135,2.709016101571011,-0.053698443134288704,-0.10128905836627253,-1.1672710641220914
103.2,0.5723580579350416,-1.8903348718655468,3.380595120539122,-1.1046577925985637,0.6515845899983868,1.6196829512665107,0.10745424643324143,0.13722374608071336,2.608668346941682,-0.10054692280419053,-0.15380929460791726,-0.8215798773520095
103.3,0.45892181375313146,-1.8174710491841668,3.5424350857457707,-1.1622288642006053,0.8012716394280592,1.6104119170069828,0.08578860803354627,0.12554616341832658,2.537998150872467,-0.14560943379461266,-0.2159824482772043,-0.5626677691943995
103.4,0.34028994242312494,-1.731058668156904,3.701336854169291,-1.2084738757344093,0.921654089469741,1.5609745838605735,0.06349286430381422,0.1041613109324296,2.4900385702999284,-0.18849599405301917,-0.2826651607187248,-0.3637787142317693
103.5,0.21762212770078204,-1.6342781127229986,3.8533269082778627,-1.2428700684943832,1.0079456133434646,1.4724961313981182,0.039924475736835954,0.07413539750750735,2.460190975572904,-0.2276965138806621,-0.3475839429440162,-0.20415571215538833
103.6,0.09212459872301268,-1.5307218231962398,3.994622072611933,-1.2650101723206089,1.0567188990747132,1.3476456041281355,0.01459593794940936,0.03691084482273705,2.4456688147019254,-0.26029969880988363,-0.402816194588738,-0.0683587051514459
103.7,-0.0349616635362332,-1.4242510852959211,4.121779103102911,-1.27460710822957,1.066042285496728,1.1905299897615111,-0.012695327498394342,-0.005361055713458061,2.4450653183604265,-0.2822154506856688,-0.43936756890826245,0.05619730983561764
103.8,-0.1623731318902501,-1.3188421011708147,4.231830773170649,-1.2714975194200349,1.0355567713773746,1.00653097728841,-0.041809965713648124,-0.04966457943955621,2.458109431842653,-0.28902975934257674,-0.449078664353445,0.18155680306681826
103.9,-0.28883623128351255,-1.2184274790782683,4.322403031869378,-1.2556440886246645,0.9664903275595764,0.8020909025260807,-0.07230131417854259,-0.09222596165404102,2.485591760017294,-0.27731604793430464,-0.4273962471121505,0.32087342600686974
104.,-0.4130800068793,-1.1267394610249057,4.391808563920853,-1.227136611613126,0.8616089415354884,0.5844564145296927,-0.10353936079432978,-0.12887942250396134,2.52943885515979,-0.24575079700587324,-0.37569981613839976,0.48932043294196576
104.1,-0.5338488365045018,-1.047161138387414,4.43911302222807,-1.18619180886259,0.7251063461526251,0.3613900817903968,-0.1348481021800186,-0.15555450854354172,2.592913532705572,-0.19533557476843433,-0.30184710473376336,0.7044235744470325
104.2,-0.6499150608873328,-0.982591587077319,4.464171292895252,-1.1331518698771506,0.5624368286205836,0.14086143528349626,-0.16550828264937562,-0.16868337511901907,2.680871502072066,-0.1287220800795186,-0.21878125058375958,0.9853831768702375
104.3,-0.7600914052018501,-0.9353302988846659,4.467632347460888,-1.0684817372365647,0.3800977851956766,-0.06927023478550698,-0.1944491826408256,-0.1654585931003135,2.799816675173783,-0.04953029620161136,-0.14232684559228476,1.3482393339789642
104.4,-0.8632430667719648,-0.9069855163579741,4.450912489349778,-0.9927651500617397,0.18537069040166654,-0.2615686829370885,-0.21950843808290685,-0.14424533014317947,2.956996779922397,0.03709845054708395,-0.08917332333621975,1.7884246457155903
104.5,-0.9582993463818454,-0.8984101256194902,4.416138061543686,-0.9066994790747303,-0.01396919247303563,-0.42931664286312177,-0.23655062725041814,-0.105954932487041,-3.126187232401123,0.12209237728349287,-0.074107824006008,2.242312899917861
104.6,-1.0442647044731432,-0.9096676628664728,4.366059899925234,-0.8110893976779672,-0.20996278667605267,-0.5667830946857352,-0.24003117417089134,-0.056796958962076656,-2.8882878709221966,0.19042695505868243,-0.10360881837631425,2.55893757999588
104.7,-1.120229128548747,-0.940029789771931,4.303942943131106,-0.7068394453591563,-0.3947845053519009,-0.6694512102239405,-0.22713574298146555,-0.009297819632836475,-2.6322311367796285,0.22619125120014238,-0.16749075459141438,2.5862586337501554
104.8,-1.1853777043081977,-0.9880053384322878,4.233435400152505,-0.594945551121961,-0.5610542330796229,-0.7341978891086414,-0.20219393620308987,0.02375329581018371,-2.385503849329067,0.22474762956380073,-0.24155713039698495,2.342743798912358
104.9,-1.2389992903548221,-1.0513997679314548,4.1584226918584895,-0.47648559543240315,-0.7021315478680554,-0.7594177285070716,-0.1740139182088565,0.03745917223980123,-2.167033683049584,0.1955771863304288,-0.30398899960033626,1.9967661780799386
105.,-1.2804942046734604,-1.1274026621753386,4.0828719896041825,-0.3526090992457366,-0.8123804539056507,-0.7450864844753485,-0.14959591555189022,0.034809721801446154,-1.9803025627882918,0.15208491243222133,-0.34522141042557236,1.692709981967587
105.1,-1.3093808404045504,-1.2126997807342068,4.010673548919649,-0.2245261379309711,-0.8873940710062238,-0.6927614952367535,-0.13210241787609978,0.021627228737917725,-1.8186128705004159,0.103769556328462,-0.36480453664144447,1.489748193690041
105.2,-1.3253011386463476,-1.3036051955790402,3.94548516401557,-0.0934955862457169,-0.9241703230909211,-0.6055190498125337,-0.12226688687320694,0.0033727017713154877,-1.6716203413494097,0.055489812994045803,-0.36569430162171995,1.3989329927291723
105.3,-1.3280248570077604,-1.3962082458369438,3.8905859443943216,0.0391871921598237,-0.9212316215613778,-0.48783119922278007,-0.1199386803620555,-0.015494691197415693,-1.5282841280201536,0.009265945043385584,-0.35113416389814267,1.420444457606485
105.4,-1.317452584303286,-1.486529451943261,3.8487452431817615,0.17220309099191344,-0.8786837721655932,-0.3453869217080979,-0.12480521836119461,-0.031098597588997513,-1.377270607504334,-0.034045044922482545,-0.3235285084253649,1.5588673518026142
105.5,-1.2936174640174025,-1.570679173384553,3.8221119627139464,0.3042223185149358,-0.7982117569256444,-0.18486477185344447,-0.1363902317199602,-0.039511974967799214,-1.206662410999458,-0.07340807849818565,-0.2842386278248288,1.8213041549711881
105.6,-1.256685601849423,-1.6450126848491027,3.8121286505053065,0.43391763703965885,-0.683012559288469,-0.013666077677881694,-0.15332245261728739,-0.03638473067585917,-1.0048247851513799,-0.10617463490863083,-0.2341499564504652,2.1937252319890677
105.7,-1.206955145657405,-1.7062754883876257,3.8194738103808303,0.5599776534264266,-0.5376677105490335,0.16038067741688034,-0.17186865846604893,-0.017799249454854317,-0.7650756875168405,-0.12669000482087037,-0.17574969618311514,2.5857009916538574
105.8,-1.1448540393231803,-1.751733068446843,3.844034728674682,0.6811200280237623,-0.3679606387178616,0.3293325021788187,-0.1852051593014488,0.016293884538723897,-0.4953103721960135,-0.1272590786655094,-0.11691487707156721,2.794323831630616
105.9,-1.0709364653289755,-1.7792799168520281,3.884911898828344,0.7961044694719795,-0.1806461015568782,0.48544910994731166,-0.18691580490162427,0.05837993776986358,-0.2231340952095702,-0.1044039571176553,-0.07161692367951526,2.6442254256712507
106.,-0.9858780040377699,-1.7875234812561,3.940454867962682,0.9037453841360017,0.01681910423859334,0.6215020494442628,-0.1766566621723271,0.09689852967092692,0.01860829740213599,-0.06398618586349741,-0.051605425514359544,2.205215598163669
106.1,-0.8904695506707209,-1.775839690295508,4.008328076273545,1.0029240515890294,0.21657342193725387,0.7310634295465945,-0.15916006250660844,0.12435773583342911,0.21267636201085424,-0.015787869186311334,-0.05880491470480396,1.6929498899837205
106.2,-0.7856100436461528,-1.744397841839776,4.085604064351193,1.092600201527498,0.4106639501765208,0.8087627271955335,-0.138875007276751,0.13902308579858746,0.35952381886806056,0.03380335342687167,-0.08843705071177775,1.245485781655427
106.3,-0.6722980701550448,-1.6941538621186638,4.1688803324213906,1.171822872730098,0.5913634999915873,0.8505014400248487,-0.11786764448023225,0.14173843972850056,0.46736278540160486,0.0824974718512215,-0.13467739755201832,0.8950115795369236
106.4,-0.5516224264736436,-1.6268122044638802,4.254415192549067,1.2397404411331343,0.7514786534058968,0.8536170258892576,-0.09650641171446848,0.13367937384445427,0.5449351823073688,0.12985260630185905,-0.19252175024086327,0.6276281004751493
106.5,-0.42475172143510675,-1.544757906642307,4.338277197625918,1.2956097117246412,0.884636542258505,0.816989593246851,-0.07441123164921211,0.11579140974851483,0.5990857901622421,0.17550951376409532,-0.2572081817657864,0.4208944086003678
106.6,-0.2929231215832166,-1.450961515439931,4.4165021896711725,1.3388039776931098,0.9855389143022029,0.7410870886942283,-0.05100302132553912,0.08895368469832195,0.6345675434143457,0.21822755301926003,-0.32312259838264223,0.255614251456573
106.7,-0.1574303457089228,-1.3488606688533609,4.485251706186935,1.3688199600204463,1.0501733577582026,0.6279471798791108,-0.025785434747150192,0.05432815815400487,0.6544252901270227,0.25541199861853436,-0.38305121146911664,0.11712554735213074
106.8,-0.019611024624054455,-1.2422230568329444,4.540966429139579,1.3852835513942332,1.0759732634712653,0.48109655577282,0.001489217428514465,0.013699548411758666,0.6603818735186556,0.2831096977074561,-0.4283026399757841,-0.006305524458308058
106.9,0.11916645093027912,-1.1349962238998446,4.580508558744712,1.3879542998285488,1.0619201474789106,0.3054108612592681,0.030722137460192665,-0.030307039136155033,0.6530935980390133,0.2966448510211698,-0.4500972889705001,-0.1254768531521015
107.,0.25751646548747087,-1.0311502015328697,4.601287435737639,1.3767285796162119,1.008584254716625,0.10692084972261873,0.061456762757893885,-0.07423651221508201,0.6322684323222507,0.2918858791306442,-0.4421107169397098,-0.25180216667485794
107.1,0.3940499638188615,-0.9345192440746198,4.601363403613181,1.3516414100702248,0.918101825117573,-0.10742751856430066,0.09297342912973791,-0.11409195147406301,0.5966633185310386,0.26663074711144985,-0.40316008390991015,-0.3981051618023919
107.2,0.5273883490111533,-0.848648977646999,4.5795257697942215,1.312866895823305,0.7940899284356223,-0.3300494684092664,0.12444818511423825,-0.14582259304613385,0.5439793783236437,0.22128779541545854,-0.3385384302759239,-0.5787137631436731
107.3,0.6561773550701944,-0.7766550557661964,4.5353417572547,1.2607172761113334,0.6415022630586342,-0.5530232734286757,0.1550578660706858,-0.1658224301856508,0.4706938708940209,0.15847281438522628,-0.25923725557625793,-0.8089603559870887
107.4,0.7791007548983115,-0.7210989566113739,4.469174494614171,1.1956405843344036,0.4664316676579762,-0.7684055574540382,0.1838844580007259,-0.17128230247123405,0.37195177989853223,0.0820878198383173,-0.17974029486450724,-1.1030396727292924
107.5,0.8948937653181244,-0.683885873518087,4.38216932703247,1.1182169331304481,0.27586721891207544,-0.9685474638146107,0.20951294102829396,-0.160461028732346,0.2418729917813405,-0.0029908626184975036,-0.11568109189798825,-1.46629448358594
107.6,1.0023560130351359,-0.6661887694797294,4.276208993155341,1.0291534540708096,0.0774155990506128,-1.146399088093067,0.2293864349037968,-0.1332867670283732,0.07508119933284775,-0.08977409594437548,-0.08164643714498913,-1.875425451952988
107.7,1.1003639290270821,-0.6684016233644228,4.153839454548577,0.929277934756206,-0.12100215858334584,-1.2957900378440141,0.23953563290888608,-0.09283535823125028,-0.1294824382894954,-0.16711858988223788,-0.08756748271250948,-2.249862775291177
107.8,1.1878824437961677,-0.6901237317727461,4.018169334023461,0.8195312094154146,-0.31146645615604035,-1.411674934506081,0.23615159934863436,-0.047057937183352876,-0.36319455992671257,-0.22031789828267992,-0.13243245373606152,-2.458781988649316
107.9,1.2639758621771655,-0.7301756923716239,3.8727469713615963,0.7009583719522589,-0.4863748607347154,-1.4903340703780044,0.2193009838844347,-0.007411761288793284,-0.6066008543765281,-0.23847837188202653,-0.20052240105610633,-2.419943667534141
108.,1.3278178039057145,-0.7866464314989754,3.721419997244877,0.5746988926178604,-0.6387451893131442,-1.5295212213515144,0.1945625694884906,0.017242030695400395,-0.8381298250063781,-0.22285174224206683,-0.26917191264362156,-2.1930846810669813
108.1,1.3787001048507208,-0.8569694011968452,3.5681830231151492,0.44197573097551857,-0.7624938664282499,-1.5285527228236542,0.16941354772956665,0.025171401138838367,-1.0454782389499617,-0.18446843570755997,-0.3220449449121267,-1.9156838630686626
108.2,1.4160405836201078,-0.9380249079374623,3.4170195184441217,0.30408354845814667,-0.852678457127408,-1.4883342578584036,0.14908004380804576,0.02006876284700387,-1.228234761582498,-0.1351399640802564,-0.3533907355940866,-1.690310524416489
108.3,1.4393895890711095,-1.0262644935186258,3.2717441785989188,0.16237613347742155,-0.9056947062627301,-1.4113242898799154,0.13584374812371375,0.007267197111616136,-1.3933974713437498,-0.08266661458760473,-0.36402437759174594,-1.5608219822963236
108.4,1.448435255990681,-1.1178524094545879,3.135852066906325,0.0182531606283539,-0.9194202287774939,-1.3014355979576202,0.1302438737104035,-0.008248150997847484,-1.5509460314267325,-0.03103755168299934,-0.3568692231467003,-1.540184363575712
108.5,1.4430074087467841,-1.2088185447244104,3.01238054442954,-0.1268535870498948,-0.8932991225062128,-1.1638788403940739,0.1321157849558176,-0.02210933214946535,-1.711858889897783,0.017855000568843458,-0.33467519297025866,-1.633544425164179
108.6,1.4230800659265879,-1.2952167101312522,2.9037894911422564,-0.2714943976309877,-0.8283641302432517,-1.0049543834697683,0.14089912614703995,-0.0301699566445016,-1.8875113713046916,0.0625477092858735,-0.2993017502202245,-1.8429972372855683
108.7,1.3887725127437032,-1.373281968974101,2.8118645929417037,-0.4142160717029211,-0.727195467548112,-0.8318006947005991,0.15518647101717986,-0.028200079884394956,-2.0885686389146074,0.10042227157059105,-0.2520590993557932,-2.1511032880849785
108.8,1.34034892217905,-1.439580741754578,2.737647549358753,-0.5535764821724015,-0.5938179576930237,-0.6521093315939506,0.17163729948993733,-0.012545885221598546,-2.321136809388618,0.12633409651195762,-0.1954448049551293,-2.4805960701935654
108.9,1.278216520278466,-1.4911477007176617,2.681395983556829,-0.6881591069819261,-0.4335405746576138,-0.47381788861692953,0.18441730250154384,0.017268101121391138,-2.5794055588496256,0.13320355642905227,-0.1363487714852673,-2.6690927074071076
109.,1.2029223056214833,-1.5256039966725732,2.6425746520551345,-0.8165873886503274,-0.25274479108553694,-0.30479314382252753,0.18769125594507802,0.055575067744176476,-2.8414309240755404,0.11695390950639292,-0.08718227977806775,-2.5658339238352856
109.1,1.1151483475531245,-1.541252104763668,2.619878303768852,-0.9375387754154648,-0.058630169101595686,-0.15251703728199117,0.18013727171790864,0.09262980582508218,-3.0791377242526314,0.08152660929116841,-0.059804761618899194,-2.1991951933415703
109.2,1.0157057021887361,-1.537143507989263,2.611285276180135,-1.0497583010891736,0.14107266351885867,-0.023788000573014476,0.16508395665282766,0.12098182321920127,3.008007130328259,0.03572238411739518,-0.05820670480247781,-1.7362257404278234
109.3,0.9055269993133286,-1.5131165201401215,2.6141396910424883,-1.1520715645190402,0.33841020909403985,0.07555045543120492,0.14647839755211442,0.1379701596681579,2.8558882614948327,-0.01348670061136515,-0.0794253497693267,-1.3085012917665875
109.4,0.7856577669587701,-1.4698027402760596,2.6252589718279875,-1.2433969747575553,0.5255231809019144,0.14084307393421377,0.12654202665457384,0.1437071652174769,2.741713170837881,-0.06288769402004707,-0.1183995954136787,-0.9606948010369498
109.5,0.657246573514697,-1.4086018814209873,2.64106239561019,-1.322757134623357,0.6949598281542293,0.16880880430004708,0.10591842699516653,0.13900480518546246,2.657842067578225,-0.11149879261528972,-0.17041465341293452,-0.6892440208057604
109.6,0.5215340795751198,-1.3316259769765324,2.6577155534814567,-1.3892892432457316,0.8399730138012302,0.1576719593474134,0.08442380354314626,0.12461766333672585,2.5977930579456383,-0.15885589614119935,-0.23107441941704873,-0.47694554052623683
109.7,0.37984110321681097,-1.2416151891684488,2.6712849593621346,-1.4422544073378056,0.9547892016117775,0.10723334885325966,0.061578758158933114,0.10124463535582648,2.556819690274022,-0.20392714639532572,-0.29541476937861894,-0.30687349679198717
109.8,0.23355581292376915,-1.1418285759771005,2.677896642457626,-1.4810457612645278,1.0348386288631584,0.01887855322987364,0.036909754588441535,0.06979268423840593,2.531725207109437,-0.24449679513269768,-0.3570817388080089,-0.16546889667332593
109.9,0.084120171804416,-1.0359141713295068,2.6738923997881097,-1.5051953073596156,1.0769374883818603,-0.104476992632064,0.010136861783572433,0.03169015225378999,2.5205526496686423,-0.27696370053026315,-0.40811637685891866,-0.04190020798543633
110.,-0.06698423500637161,-0.927763558045799,2.6559774784843175,-1.514379400293881,1.0794148569119226,-0.2585039161767678,-0.01869950493860689,-0.01086592310167879,2.5223428717944727,-0.29671774749164864,-0.43980817852612264,0.07348660073984874
110.1,-0.2182508509026936,-0.8213567312572342,2.621353799196424,-1.5084228124875023,1.0421793095776852,-0.4376312035663196,-0.04918529256145003,-0.05483816671927271,2.536995734821464,-0.2992075247843724,-0.444768919473072,0.1905866648549187
110.2,-0.36816313185070626,-0.720603437101853,2.5678334083778585,-1.4873013314622203,0.9667225647322755,-0.635268006864659,-0.08058466380268609,-0.09653552223290295,2.5652284463925557,-0.281393358633275,-0.41961326914657154,0.3203300336494342
110.3,-0.515209715259723,-0.6291873120230371,2.4939276354049023,-1.4511428545112595,0.8560600138834095,-0.8440661194089627,-0.11198724723659247,-0.13204119268393277,2.608616957281697,-0.24281336866783218,-0.36689325849365995,0.4747257231411459
110.4,-0.6578996223023361,-0.5504190363448648,2.3989083990494473,-1.4002269609819065,0.7146105075804515,-1.056212655436942,-0.1424661721059252,-0.15773713886072419,2.6696967187840115,-0.18560743282754646,-0.29513018444297656,0.6663598966717873
110.5,-0.7947773410917821,-0.4871043564280776,2.2828392181289403,-1.3349829576708268,0.548020189820396,-1.2637412658828802,-0.17111884464772176,-0.17073962278014507,2.7520612431270903,-0.11366406475056785,-0.21702611525299093,0.9072376330701805
110.6,-0.9244376384425104,-0.4414322369461732,2.14657468894106,-1.2559864081733465,0.36293740413861836,-1.4588494832724908,-0.19688971558987559,-0.16917887305862297,2.8602892555144996,-0.03181826041657047,-0.1470097033902676,1.205372853769957
110.7,-1.0455399497898785,-0.414887602297575,1.9917284492117124,-1.1639541723518645,0.16674764516864793,-1.6342095442908127,-0.21817115775237317,-0.1524916110219606,2.9993011829041434,0.053969305784127085,-0.09903713548133895,1.5554422696144146
110.8,-1.1568222002217854,-0.40819214587808555,1.8206109046150343,-1.0597379972398409,-0.032720877684268346,-1.7832602986170603,-0.2324100777450863,-0.12209593454851787,-3.110726075669965,0.13531011701365958,-0.08424160444883437,1.9209428125988126
110.9,-1.257113914451259,-0.421275566960944,1.6361391993846817,-0.9443167155229529,-0.22750932620897002,-1.9004685666447898,-0.23642873224905256,-0.08257110655668741,-2.905173413493204,0.20045669814211622,-0.10708658212156034,2.2201037118063485
111.,-1.3453484798946056,-0.45327838187921554,1.441723019067313,-0.8187871220871111,-0.409845527110249,-1.9815495266752328,-0.22833722274972662,-0.04213205640493076,-2.6775035464226935,0.23705952509565814,-0.16077004638641315,2.354794747506447
111.1,-1.4205744347614728,-0.5025861974373091,1.2411307769548907,-0.6843536128445413,-0.5724538239881972,-2.023637345532169,-0.2100791888304509,-0.010060902662941417,-2.4449952875172634,0.23930541668140526,-0.22771752792629305,2.2923481975479647
111.2,-1.4819656621381867,-0.5668940801787219,1.0383415177651019,-0.542316683004641,-0.7088451347537243,-2.0253992501771014,-0.18728130204486287,0.008066290682606109,-2.2238731541128827,0.21204378274107277,-0.2886642736941833,2.102989917726545
111.3,-1.5288303813736135,-0.6432984553101548,0.8373884415397502,-0.3940603940076397,-0.8135756508067595,-1.9870884927266852,-0.16599252522178135,0.012407526258943124,-2.021850738746983,0.1662453575813522,-0.33179072787220804,1.8946808574789484
111.4,-1.5606188395585943,-0.7284128715619393,0.642200284798251,-0.24103892936077265,-0.8824638644574058,-1.9105340973948284,-0.15014420791995184,0.0068333719551776995,-1.8374353888436108,0.11206403578513312,-0.35376731658915617,1.743954668699938
111.5,-1.5769296184175798,-0.8185030168046035,0.45644688140192713,-0.08476236949187012,-0.912757272391235,-1.7990677981809027,-0.14143053654504473,-0.0037367547877443573,-1.663394840007147,0.05603173089530344,-0.3559208381288661,1.686800129127164
111.6,-1.5775144853847225,-0.9096356017752297,0.283395058946176,0.07321817564545423,-0.9032421092380666,-1.6573910801255067,-0.140188303904689,-0.014573365668690542,-1.4899116639167924,0.0017299595522895313,-0.34082054057700895,1.7366903362964112
111.7,-1.562281731885083,-0.9978351763887479,0.12578061444794209,0.23132593020768646,-0.8542917365128072,-1.491387624830962,-0.14596352436327534,-0.021257111359213526,-1.3063567460306293,-0.048490181464660116,-0.3106809397749013,1.8950200397298187
111.8,-1.5312979567468201,-1.0792426268626478,-0.014298527940775019,0.38797416048977795,-0.7678517578142213,-1.3078886374967669,-0.15737319787516282,-0.019562358602633303,-1.1029398446254555,-0.0917293961776612,-0.26726559395768323,2.142292771059294
111.9,-1.4847882680848759,-1.1502690348748992,-0.1354637189259843,0.5415820711528532,-0.6473624536914879,-1.1144004111787051,-0.17138512550497095,-0.006013701141244747,-0.8741345100687692,-0.12311057176292146,-0.2132649700086065,2.4102648220590166
112.,-1.4231348927690293,-1.2077387648754747,-0.2371083017328225,0.6905907306630058,-0.49762162845591584,-0.91880498945764,-0.18297004025151853,0.020128463065333876,-0.6244008874295265,-0.13610370454752643,-0.15498054531703961,2.5667430376213267
112.1,-1.3468741985613695,-1.249016075112106,-0.31941954495233205,0.8334788657474522,-0.32459333680226776,-0.7290458611776087,-0.18695827231788467,0.05459823389752982,-0.37137337917598523,-0.12644269915768877,-0.10353525324973864,2.486328108763463
112.2,-1.2566921500213208,-1.2721102047877273,-0.3833689173870673,0.9687783650756464,-0.13517011570606402,-0.5528112176320265,-0.18152729814846014,0.08939076908112281,-0.1386313729307255,-0.09664007718977413,-0.07042323069053127,2.1753902254915674
112.3,-1.1534182351679019,-1.2757547478563176,-0.43067109381537266,1.0950893343909227,0.0631017993392875,-0.39722739974689725,-0.1688302122917213,0.11759323503478963,0.05755886397856121,-0.05433893991636995,-0.06102468602710682,1.7599724766388203
112.4,-1.038017915498517,-1.259458149074092,-0.46371332719452474,1.211094548939208,0.2623233189843622,-0.268574756560545,-0.1521331674707839,0.13602239362456672,0.21330515294353117,-0.006642978342142897,-0.07408183613724546,1.357208167683169
112.5,-0.911583667132478,-1.2235233091877276,-0.485458004218993,1.3155731542383073,0.454557411856601,-0.17203724282607702,-0.13359742812686554,0.14415372684022382,0.33267855733824825,0.042507618064243406,-0.10549775054520598,1.0176311482946043
112.6,-0.7753246954183592,-1.1690355176623994,-0.4993222702467318,1.4074134729633525,0.6321455290239973,-0.11149573848283445,-0.11403987743415614,0.14240316345610673,0.42215025072799955,0.09155928580290104,-0.1509852728022298,0.746072870401314
112.7,-0.6305554191692664,-1.0978191940335784,-0.5090395237749377,1.4856247839283578,0.7880129262440485,-0.089373329684902,-0.09345059754230838,0.13130121570508152,0.4876905293578801,0.13984088434189776,-0.20651920098298546,0.5306071866413667
112.8,-0.47868283362263614,-1.012365162468243,-0.518508303450803,1.5493479487499087,0.9159507117637211,-0.1065387195242676,-0.07146065169649285,0.1113642223361611,0.5339124036288667,0.18644337361563687,-0.2677274424421148,0.3569592877404089
112.9,-0.32119287312717676,-0.9157313588689202,-0.5316345932196428,1.5978647726953936,1.0108633753148557,-0.16227161913280758,-0.04763853495463903,0.0832670680369618,0.5640700155509796,0.22950978237846725,-0.3291073834771678,0.2129148937839442
113.,-0.15963590531344765,-0.8114209290151001,-0.5521738336079065,1.6306059983428212,1.068971930104594,-0.2542914988787287,-0.021685541447715333,0.04811087034439162,0.5802789952914934,0.2658803937629568,-0.38360065979005076,0.08858866370005565
113.1,0.004388502011616264,-0.7032425775839439,-0.5835789388510622,1.6471578438975547,1.0879645691712418,-0.3788485533998992,0.006420804521383759,0.007674012971558364,0.5837283202975171,0.29122439474082884,-0.42299006995887567,-0.024631952592501682
113.2,0.1692473918909274,-0.5951587354942639,-0.6288603801373874,1.6472670121941995,1.067088829911665,-0.5308732539407413,0.03634051480768205,-0.035456852609389654,0.5748224997158002,0.3008363061818538,-0.43942830050953346,-0.13531909502416967
113.3,0.3332906511567718,-0.4911275986623751,-0.6904639141968367,1.6308441114232939,1.0071815924716057,-0.7041785257623032,0.06737764651908879,-0.07797312514785129,0.5532479517136073,0.2909900350574638,-0.42785012217574636,-0.2528236821625535
113.4,0.4948675041597245,-0.3949453355858214,-0.7701708329936808,1.5979654443141318,0.9106357160575935,-0.8917064903937646,0.09859491912183785,-0.11617959075938178,0.5179718895743283,0.260245307859541,-0.3882309838721279,-0.38739424170444026
113.5,0.6523431026425305,-0.31009475444085965,-0.8690247124312603,1.5488731387229993,0.7813046432755679,-1.0858099358269566,0.12898664258461282,-0.14649132163434236,0.46718870466947876,0.20992966445906466,-0.3264026042100298,-0.5496983276929107
113.6,0.804115045237507,-0.2396064628584137,-0.9872875815376063,1.4839736091587976,0.6243487756199376,-1.278557293257292,0.1576024928387907,-0.16591870564875794,0.3982463969607325,0.1435759083745974,-0.2529513301443833,-0.7499817074481283
113.7,0.9486296598561109,-0.1859380555002681,-1.12442726069259,1.4038343555604584,0.4460297446377806,-1.4620489618352621,0.18351946359701535,-0.17240523820629283,0.307635623146414,0.06594175388161806,-0.18094549574824856,-0.9964333694375427
113.8,1.084397883712668,-0.1508761458452697,-1.279136374837565,1.3091791224534735,0.25346078052761295,-1.6287323704782453,0.2056281483230382,-0.1650411303169926,0.19123693424310215,-0.017455267512435958,-0.12362407141268875,-1.2909468820927403
113.9,1.2100105788725073,-0.13546514786885722,-1.4493822848191205,1.2008814582866527,0.05432313018858226,-1.7717032161358728,0.22231978396079455,-0.1443556309956863,0.045205229404795426,-0.09981123984341941,-0.09240701737510602,-1.6197337563699543
114.,1.3241531260157051,-0.13996564686567114,-1.6324859473998055,1.0799567311160556,-0.1434401697617722,-1.8849808689967067,0.23138297093365556,-0.11291603592987076,-0.13204741980746285,-0.17202019186827114,-0.09450880841003506,-1.9402208925380489
114.1,1.425619145524565,-0.16384401903876694,-1.825226561167147,0.9475526726919209,-0.33194095669856943,-1.9637469650019233,0.23069479502328694,-0.07600211348699111,-0.33695451506809326,-0.22301373204364974,-0.12954079494813706,-2.179805275289882
114.2,1.5133232029759593,-0.205793713689717,-2.023967827555841,0.8049385382553118,-0.5036604180459001,-2.004537673630852,0.21995085800307482,-0.0411206230204721,-0.5591117902102631,-0.2435867643804146,-0.18714453276343454,-2.2718469115631734
114.3,1.5863123655810016,-0.26378734955551975,-2.224800794464973,0.6534929838038241,-0.6517488425107381,-2.0053819757388993,0.20205543047102129,-0.015247056407180652,-0.7840619050736511,-0.2319610458312262,-0.2501520073939346,-2.2130082811622867
114.4,1.6437764869740268,-0.33515754837577594,-2.423697588842428,0.4946907760905992,-0.7702986963588855,-1.965880438631542,0.1821525891735535,-0.0015552638508701845,-0.9999194152089235,-0.19484942537283198,-0.30283740896578965,-2.0707186638339126
114.5,1.6850571099093912,-0.41670328311052246,-2.616669910489014,0.3300884630368282,-0.8545801380430272,-1.887221347739818,0.1650782193343078,0.001222920830189567,-1.2021922939526144,-0.14255162773303112,-0.336653873194956,-1.930251902481992
114.6,1.7096548897634956,-0.5048175010410121,-2.799925969507962,0.16130914343019356,-0.901229581958509,-1.7721335516521146,0.1538251916866422,-0.0030109032405528655,-1.3936839487337973,-0.0838875455825616,-0.3496886450765285,-1.8515175459135675
114.7,1.7172354561304473,-0.5956309338227528,-2.9700196118586257,-0.009973515365422694,-0.908383793884459,-1.6247779002904799,0.1495950043452034,-0.009575756584831379,-1.581775292625391,-0.024669576287553553,-0.3433361092042189,-1.8639931277666246
114.8,1.707633645105264,-0.6851663612377161,-3.1239856888964272,-0.18205185456174605,-0.8757541721484788,-1.450581604111981,0.15231581650584636,-0.013846557367253012,-1.7757572853697003,0.03128967237894575,-0.31975941506073674,-1.9745626881186158
114.9,1.680856050917264,-0.7694971786367754,-3.259456275175392,-0.3532012319717022,-0.8046382531591678,-1.25602211776873,0.1607659278695159,-0.011513566261940453,-1.9844286615046904,0.0803815776417109,-0.28107756671790535,-2.164891434524181
115.,1.6370818622509962,-0.8449039464883259,-3.374753102294479,-0.5216972916797669,-0.6978679826172786,-1.048369163956501,0.17220190562995757,0.0008411136673203562,-2.2127331808501225,0.11766379862747858,-0.23026351348634325,-2.3743045551418556
115.1,1.5766619657069922,-0.9080226808968186,-3.4689525247456814,-0.6858333225711194,-0.5596968146689508,-0.8353951819942007,0.18223654026451488,0.024182441395519737,-2.4571217375731447,0.13693983156571074,-0.17334147625195712,-2.4933423668578842
115.2,1.500116316239417,-0.9559789732157948,-3.541920428768212,-0.8439375311014873,-0.39563014000167457,-0.6250657444792299,0.18631015188613836,0.055312396070824874,-2.7032226541939006,0.13389236344076594,-0.12052260486678196,-2.4187717431117823
115.3,1.4081295918879546,-0.9865025918296266,-3.5943156934751137,-0.9943900536151931,-0.21220580317969573,-0.4252222839676716,0.1823871350788657,0.0877225203952156,-2.9313434505658136,0.11001303535039,-0.08285350571183225,-2.1466485487547833
115.4,1.3015451675204535,-0.9980179972925083,-3.6275620672239772,-1.1356395352095352,-0.01673345929976333,-0.2432697781984851,0.17172930133174136,0.11524677881360364,-3.12685888648444,0.07186454049966634,-0.06663719318202085,-1.7718733337895534
115.5,1.1813574594457152,-0.9897071622714351,-3.6437895813703114,-1.2662191055921204,0.18299683900452496,-0.08588184469587483,0.15690915147163023,0.13451159387793052,2.9980641719741024,0.026413494034556156,-0.07209227149925027,-1.3947367187062127
115.6,1.0487027094655126,-0.9615421918603013,-3.6457478379742176,-1.3847615875613826,0.37902520649399774,0.04126499847911795,0.1398861414184743,0.1445127180850213,2.8744247213924394,-0.021880504900164157,-0.09615662968200304,-1.0664481311958698
115.7,0.9048482930429693,-0.9142864437958791,-3.6366946293093134,-1.4900137806120544,0.56353926094637,0.13371731182195046,0.12154515234139768,0.14529233215406248,2.780010036391623,-0.07092926249324175,-0.1350796629445537,-0.7976487409347813
115.8,0.7511806516018846,-0.8494641039161394,-3.6202643304479167,-1.5808496706706159,0.7291855783003047,0.18842194443421173,0.10200235954178448,0.1371423437574495,2.709412971965785,-0.11979927156238024,-0.18522825037161422,-0.5810414567429469
115.9,0.5891919633807843,-0.7692994297911584,-3.6003213125616473,-1.656282427020685,0.8693628505875708,0.20384741041273222,0.08098561397944005,0.12039117391458122,2.6582334182838014,-0.16762437953702392,-0.2427588569500925,-0.4050256508253173
116.,0.420465680596326,-0.6766280846913062,-3.580804221734261,-1.715475058992155,0.9784850593710351,0.18004459287699132,0.05810704170995288,0.09549688197117721,2.623231906079068,-0.21284072540165405,-0.3029309813235565,-0.25884360655095456
116.1,0.24666107277956614,-0.5747840967272749,-3.56556733222726,-1.7577496178532428,1.0522041727946942,0.11864435575372412,0.0330548747181175,0.06326511726862223,2.6021968131078697,-0.2527152702745832,-0.3595666034742307,-0.13357740488345468
116.2,0.06949692691104091,-0.4674669497443809,-3.5582252997509745,-1.7825948434360608,1.0875834880165467,0.02279215872962928,0.005744503402834309,0.02508980365222621,2.5937706154191242,-0.2832676518893847,-0.4050947701549985,-0.021560908544224475
116.3,-0.10926543572394118,-0.3585941046375444,-3.5620075047270725,-1.7896721702101674,1.0832147084088406,-0.10297771772771021,-0.02357107117531942,-0.01687597074261241,2.597315407887263,-0.299789061244833,-0.4315708401666272,0.08463966236783052
116.4,-0.28783965830899916,-0.2521448305964299,-3.5796277931836573,-1.7788200236450764,1.0392740880270892,-0.25292332282171237,-0.054266011770306495,-0.059718975904509974,2.612835173387867,-0.2980084215818154,-0.43270421509828827,0.19305596822407795
116.5,-0.46443218917149914,-0.15200157223643346,-3.6131748090497253,-1.7500563546144177,0.9575154050450158,-0.4203243392425615,-0.08541452108400838,-0.10000048871533021,2.6409524576789805,-0.2755073936887597,-0.4062154539507782,0.3125614274859764
116.6,-0.6372602862793432,-0.0617951768067842,-3.664027290678716,-1.7035793771241954,0.8412000442823764,-0.5977503985132077,-0.11595437853270958,-0.13419475205832654,2.682930290447335,-0.23261348405155982,-0.3552974278822026,0.45247119417532794
116.7,-0.8045700049031221,0.015239848221132168,-3.732797709165899,-1.6397664926207163,0.6949669762146897,-0.777357710760604,-0.14485771636671704,-0.15919170107103955,2.740721311129435,-0.17224482768531157,-0.2882956453475339,0.621785262150047
116.8,-0.9646539870239136,0.07639427676239824,-3.8193064961026932,-1.5591714023709686,0.5246478159915062,-0.9512021829983826,-0.17120465153513653,-0.17270030636694458,2.8170025094544506,-0.09897738013218595,-0.21684240063495416,0.8282046299250894
116.9,-1.115868872132207,0.11959216442929549,-3.9225878888863064,-1.462519427725584,0.3370343354762096,-1.111556542658818,-0.19410251538146372,-0.17348474242589632,2.91509903755158,-0.018181420072676244,-0.15350135323208475,1.076206940452014
117.,-1.2566521519559526,0.14347360191243014,-4.040927161186308,-1.3507010762878227,0.1396076968692374,-1.251218823431938,-0.2124795025444065,-0.16151778711392625,3.0385989484261793,0.06408766858240944,-0.10974136201798165,1.3625363096140612
117.1,-1.3855382963586613,0.1474489223165199,-4.171927754921676,-1.2247639099345975,-0.05975979748500859,-1.3637999148253428,-0.22489510017783249,-0.13823139884920932,-3.0928384077432476,0.14044920170841904,-0.09414390728750348,1.6680337909602638
117.2,-1.501173984119067,0.1317222013753478,-4.312605637998489,-1.0859027880864052,-0.25311854881292667,-1.4439787115178953,-0.22967270018655941,-0.10693477137184652,-2.9125867260666163,0.20171438980977524,-0.1101710825178393,1.9499223758697746
117.3,-1.6023322804904094,0.0972831136666944,-4.459507126630216,-0.9354485764206856,-0.4327585871899034,-1.487714690272831,-0.22572144680612038,-0.07298779894934519,-2.7082924317479007,0.23823290887849646,-0.15364428798478572,2.14887866190918
117.4,-1.6879256132629403,0.04586746949435927,-4.608845475580661,-0.7748554271952321,-0.5915169435714741,-1.4924094394018224,-0.21386007275318022,-0.04277905868818874,-2.4895768292536835,0.2438581225960061,-0.21235148257159442,2.2230110682148365
117.5,-1.7570174104273595,-0.020111994292576707,-4.756650791426799,-0.6056867523292414,-0.7230632146239031,-1.4570107008698345,-0.19736829105003606,-0.021284000948399676,-2.2680871857554914,0.21970913890124782,-0.27041737886856815,2.1845131153079738
117.6,-1.8088322753541886,-0.09766181039160407,-4.898927292768887,-0.42960002421974663,-0.8221519357862892,-1.3820547769685243,-0.18077375118465855,-0.009977502888724725,-2.052305984535462,0.17341814464656352,-0.3150418367318793,2.0938841425585073
117.7,-1.8427645895393432,-0.1833271290148541,-5.03181164839067,-0.24833055180858712,-0.8848317012460207,-1.2696456106935092,-0.1679463121312865,-0.006868529206111451,-1.8444103285248334,0.1146238611178363,-0.3398834913555976,2.0194669174424953
117.8,-1.8583854482859214,-0.2733294597064534,-5.151726081373792,-0.0636743905217089,-0.908602693874408,-1.1233713735790303,-0.16111619462856072,-0.007993337785597732,-1.6407614053337534,0.051369831884269475,-0.3438075387318531,2.007994386229199
117.9,-1.855447851045545,-0.3637173156776079,-5.255520135810652,0.12252944573880967,-0.8925163449010595,-0.9481618861217921,-0.16088229426995884,-0.00878033544406133,-1.4343638078436742,-0.010525946545495811,-0.3281512913522066,2.0778116683670267
118.,-1.8338900853700333,-0.4505237549447156,-5.340595454721494,0.30841729446360855,-0.8372131502101567,-0.7500925547425814,-0.1663821404291288,-0.004831801939676938,-1.217837127807213,-0.06619557478994365,-0.2950943187051468,2.216374967454688
118.1,-1.7938372613559017,-0.5299245376026973,-5.405008595046311,0.49211949401792476,-0.744897135642338,-0.5361426414489218,-0.17520284320390886,0.007317418155683033,-0.9869676908564777,-0.1101823957500257,-0.24788679328524948,2.3712162603248585
118.2,-1.735600971921701,-0.5983905940018001,-5.447547781149186,0.6717791861378488,-0.6192479892899929,-0.3139175029726419,-0.1834844744445011,0.028874738356563515,-0.7447311380750112,-0.1362906601187918,-0.1925175504630472,2.450917976583489
118.3,-1.659677073058071,-0.6528287254027403,-5.467780537236925,0.8455710823607782,-0.46527436379418946,-0.09134587257777677,-0.1871797264723354,0.0574829776914548,-0.5030341086506881,-0.14010313787923342,-0.13867785498756074,2.370650014163264
118.4,-1.5667415971431167,-0.6907049278190698,-5.4660703000343815,1.0117200047288972,-0.2891141970174281,0.12363574729731125,-0.18419105404584482,0.08786147612325414,-0.27834657246086775,-0.12236389321609428,-0.0971108235534203,2.122622813416218
118.5,-1.4576448313314785,-0.7101454225140111,-5.443561349691996,1.1685190124397364,-0.09779001167739432,0.3233989995487635,-0.1751383008829918,0.11462154882031701,-0.08349258607427112,-0.08873971293775804,-0.07480160017553932,1.7793922069158532
118.6,-1.3334036117108417,-0.7100113653847624,-5.402132659928359,1.3143469293684857,0.10107105062751132,0.5009272998100397,-0.16197625379798897,0.13442153176047097,0.07674726469740045,-0.04596184750656071,-0.07321849911697133,1.425303677326344
118.7,-1.1951919021864734,-0.6899442568066025,-5.344322507476387,1.447685092524541,0.29954129964037435,0.6500950723385504,-0.1463952729875205,0.1459395397078425,0.20403139057644215,0.0011439286659967673,-0.09031470377389107,1.1090091867825196
118.8,-1.0443297447135702,-0.6503802415895878,-5.2732268466105205,1.5671331484920548,0.48970854859569213,0.7659114623905261,-0.12926396594227946,0.1489014061137043,0.3028729158684775,0.05001442946296182,-0.1229372077905091,0.8445097887808863
118.9,-0.8822706843680105,-0.5925327289535368,-5.192375500409782,1.6714237336762197,0.6639915482954619,0.844718809299094,-0.11077019422369086,0.1433675412689106,0.3781429860182054,0.09943302921074626,-0.16786697915596457,0.6281296144954824
119.,-0.7105877886547114,-0.5183440254079815,-5.105591104762848,1.7594358846542393,0.8154422277495366,0.8843379680182398,-0.09071106992238194,0.12947781533903696,0.43399729861082037,0.14851773778575839,-0.22174087813179866,0.4506786503284408
119.1,-0.5309583952303134,-0.4304079087813104,-5.0168364286885305,1.8302070370165533,0.9380226920004721,0.8841546858802156,-0.06873078351054002,0.1074836978293942,0.4736155244361058,0.19592911082035874,-0.2804842706309,0.3028254107074928
119.2,-0.34514773571257884,-0.33186623012824973,-4.930056157919604,1.882943484662083,1.0268459341030443,0.8451435912560468,-0.044501031121519465,0.0779209662471768,0.49925906518317975,0.2393077858757381,-0.33871449077563626,0.1765989777761933
119.3,-0.1549915953153997,-0.22628366567120942,-4.849019449403644,1.9170291864540785,1.0783706648317593,0.7698288380254835,-0.017873501959421965,0.041834901876412596,0.5124060030439302,0.2750180200562434,-0.3895191330965316,0.06519531529283484
119.4,0.03762182144093832,-0.11750561202001254,-4.7771695336149165,1.93203282330347,1.0905424928707472,0.6621829750954045,0.010991852248036513,0.0009784170923548459,0.5138721088636294,0.2984052740636489,-0.4250317985036727,-0.03783400723492091
119.5,0.2307706398532165,-0.009504889939485589,-4.717486360571781,1.9277130259674136,1.0628758270771612,0.5274680729778701,0.04155433078089994,-0.04211311740863802,0.5038915201879076,0.3047358510533759,-0.4380443482339428,-0.1394079600844991
119.6,0.422518492830613,0.09377663189866813,-4.672367765416422,1.9040217119630873,0.9964732356334995,0.3720254414667757,0.07292041910624472,-0.08425833955718397,0.48215407145075506,0.2906282694383843,-0.4243164058302765,-0.24729997062117634
119.7,0.6109339359745893,0.18858517921821777,-4.64353389107206,1.8611054888203122,0.8939814903003962,0.20302232196302678,0.10398354084869116,-0.1219949192796425,0.4478041647172058,0.255296062739301,-0.38453755370428605,-0.3698610199407406
119.8,0.7941099052431669,0.2715047157274807,-4.631958678280486,1.79930510024485,0.7594860481469544,0.02816565328151377,0.13361903398740121,-0.1520774417012168,0.39941145997696004,0.20085699778391045,-0.3247966494926203,-0.5152791589454336
119.9,0.9701830211386121,0.33959312217777404,-4.637831154206286,1.71915291144295,0.5983481774387697,-0.14460567755115122,0.16083172376024762,-0.1719410587556168,0.334935017421646,0.13160423629961612,-0.255271171448695,-0.6907538129401185
120.,1.137352543971989,0.3904994818616587,-4.660548062793922,1.6213684496695544,0.4169912209609364,-0.30743783026393456,0.18477597389220637,-0.18000327245156883,0.25172925530399876,0.052916701221949976,-0.18793462563116584,-0.9015192529515094
