0.1,0.29455003795488394,2.0001652259078964,0.08005231259623519,2.886586580133822,-0.00334989068804936,0.8384538772709439,0.02312122417914938,-0.12540554063999762,-0.0011605018908027408,0.4139156379963058,-0.3862603040083388,-0.07144842462495157
0.2,0.5764699752862046,1.9980203614544159,0.1634886745130973,2.747759205010068,-0.04593742309669225,0.8168535377705908,0.06849885708510522,-0.16106928650387867,-0.01671658271657419,0.44020105488320455,-0.342969747720438,-0.2070968281748781
0.30000000000000004,0.8433297669225028,1.989746637146985,0.2413413323897074,2.585773742046959,-0.1254090502081335,0.7320169646047343,0.11765982204573001,-0.19011675734483555,-0.04846164886660753,0.4244647036431723,-0.29217507608517007,-0.3665669293796164
0.4,1.0929331119366945,1.9718348652199125,0.308583959530332,2.403044186794678,-0.23794732919766287,0.6077275015291009,0.16783827439922963,-0.20928760365111082,-0.09869739365668596,0.3726261570891587,-0.22725167437289867,-0.5604611120121059
0.5,1.3233317526323254,1.9412246865552083,0.3621108466674706,2.202112322307118,-0.37842306399742864,0.4600642377873117,0.21638069589483766,-0.21514614047938277,-0.17018325877000537,0.2907886392232835,-0.1569653937226652,-0.7966752181180587
0.6,1.5328367254030737,1.8954259288920634,0.40025240231831527,1.985617151516711,-0.5405997435827457,0.3020082413896175,0.26049188205466706,-0.20508340539035752,-0.26581501988958994,0.18759490863304634,-0.0946948433034225,-1.0747177678359006
0.7000000000000001,1.7200265573599127,1.832617238130177,0.42253715961217503,1.756264434481201,-0.7173821256704275,0.14464136171112524,0.29693770812249926,-0.17814425326814062,-0.38778709518801463,0.07391519045683582,-0.054611581201127475,-1.3769673796436201
0.8,1.8837524352499133,1.751718050582282,0.42952287729634886,1.5167966487005067,-0.9010990555803601,-0.00250913107592049,0.3219725449867839,-0.1361493463852859,-0.5360554330534508,-0.037003128213568874,-0.04795392814229863,-1.6597858746374559
0.9,2.023140404200598,1.6524310368435473,0.42264512080857397,1.2699636740281108,-1.083809245163619,-0.13141773211748037,0.332187520672811,-0.0847838867872953,-0.7064747659256649,-0.13009005711226146,-0.07845515783064194,-1.858126495623187
1.,2.137590683028634,1.5352533251491205,0.40406491331537225,1.018494484325923,-1.2576178213550389,-0.2356133693398802,0.32649369006748824,-0.03317405173867791,-0.8900719841511967,-0.19214594925758083,-0.13881333102758647,-1.9188826363567082
1.1,2.226774209997194,1.4014560567544663,0.3765093608681068,0.7650701062555303,-1.4149910245572066,-0.31025836579523614,0.3077301289853443,0.009277214064878851,-1.0751297568885043,-0.21765108980004214,-0.21267810531189146,-1.8424975305377491
1.2000000000000002,2.2906265577712426,1.2530330883755991,0.3431048136040101,0.5122980817995629,-1.549056510823233,-0.35221399133352677,0.2817962150528839,0.036900375311634905,-1.2514030394278048,-0.21091007084302543,-0.282519749424891,-1.6823135709850479
1.3000000000000003,2.3293393787173176,1.0926208867357718,0.3072051014835048,0.262688645612978,-1.653877285736784,-0.36007073268995765,0.2548708123796013,0.04911582578315159,-1.413280112171381,-0.18209684731142933,-0.3366405034565921,-1.5027239853949217
1.4000000000000001,2.3433495614723836,0.9233928087451169,0.2722190438145031,0.0186328014708646,-1.7246883491088671,-0.33413110564095877,0.2313095482063463,0.04881985146254073,-1.5599931711939874,-0.14177447985672031,-0.37057407391977215,-1.346928161442214
1.5000000000000002,2.3333262967489268,0.7489319820038276,0.2414423192147288,-0.21761754573552639,-1.758086616212943,-0.2763390575109532,0.2132824125743539,0.04013909076471046,-1.6939507983505886,-0.09802172798517488,-0.3848083961331708,-1.2334613766931488
1.6,2.300156264570349,0.5730878534571577,0.21789914024422774,-0.44396727444364326,-1.7521665439969047,-0.1901545620727046,0.20137328522773182,0.02704661612797571,-1.8189554058133777,-0.056122845007634044,-0.3821750066716786,-1.1655828781301523
1.7000000000000002,2.2449271664968053,0.3998221251298637,0.2041991297140615,-0.6584934480117863,-1.7065960552817123,-0.08037562652294122,0.1952576691124842,0.012857717882370279,-1.9390469446856735,-0.019307887842913013,-0.36620445957860515,-1.139591526579859
1.8000000000000003,2.16890983489638,0.23305021897150874,0.2024144199758905,-0.8594583628191448,-1.622629734087338,0.04708708823319965,0.19413000758880017,0.00017067855546173177,-2.0578972742116073,0.010403290215862442,-0.34038192008186535,-1.1488220771381528
1.9000000000000001,2.0735391569626,0.07648459108437111,0.21398134936738133,-1.045320200499903,-1.503058766028889,0.18547537625587918,0.19688623681033535,-0.009072462637278561,-2.1784701313880523,0.03156443707742823,-0.30796212348921415,-1.1844744804351302
2.,1.960394054031208,-0.06651385812321542,0.23963026211710503,-1.2147412695059834,-1.3520996195002204,0.3274787073813764,0.20215941328575984,-0.013567550112409966,-2.302732874278302,0.04292777322836026,-0.2720841969769775,-1.2349158779356018
2.1,1.8311767568911423,-0.19307035407415882,0.2793458793022141,-1.366593847776079,-1.1752259055738339,0.46554848799699156,0.2083164599466635,-0.012731145743185809,-2.431340492583299,0.04333430738118491,-0.2360006198220703,-1.284959616208759
2.2,1.6876916153288413,-0.3009114335880635,0.33235955003703344,-1.4999636636211384,-0.9789501198311483,0.5922193533635285,0.21352011089973696,-0.006860600574843413,-2.5633573156053107,0.03185851172338691,-0.20323983601241205,-1.316686433931442
2.3000000000000003,1.5318236752284884,-0.38845615381396936,0.3971734664902493,-1.6141510757785573,-0.7705639673864945,0.7004250770596,0.21592585900857858,0.0027425365320037543,-2.6962039769027,0.008126085813195787,-0.17751594653996333,-1.3129311536386994
2.4000000000000004,1.3655172493336658,-0.4548796883420629,0.4716156867026744,-1.7086700357263753,-0.557847623525578,0.7837968069638187,0.21398589107675123,0.013851934590361712,-2.8260221831438246,-0.02739247985188446,-0.16228670880171114,-1.2626740177963163
2.5000000000000004,1.1907546984377049,-0.5001467751419876,0.5529236078442379,-1.7832449356010622,-0.34875952081816314,0.836931975196674,0.20671089647731425,0.023688234834938884,-2.948454747320473,-0.07333586224747381,-0.16007700550427637,-1.165114204426466
2.6,1.00953562850753,-0.525013682887791,0.637852419438607,-1.8378054632741887,-0.15111902991276588,0.8556233490437868,0.1937246226450623,0.029476963727941417,-3.0595492524157057,-0.12768692421696162,-0.17186010679640598,-1.029223783237807
2.7,0.8238566962693827,-0.5309986173020301,0.7228040870202903,-1.8724796021914147,0.027705315472384612,0.8370392416099297,0.1750896060304187,0.028957368380659092,3.126797675889802,-0.18804513265271347,-0.19670482629072802,-0.8690652086813163
2.8000000000000003,0.6356922013157615,-0.5203217473482806,0.8039716117488404,-1.8875849273696905,0.18108961987745054,0.7798478196140592,0.15104670905988846,0.020687170947238657,3.045948168624129,-0.25162250183989837,-0.2316390970011098,-0.698265725616933
2.9000000000000004,0.44697562706003724,-0.4958172422619634,0.8774927135426923,-1.8836183604243861,0.3034187408174473,0.6842806525025568,0.12183846154543954,0.004169523691529156,2.98188168342152,-0.31486261377400093,-0.27158106311058655,-0.5264933585865874
3.0000000000000004,0.25958227610200885,-0.46082082624884396,0.9396067187165729,-1.8612445556266235,0.3903101874678524,0.5521330522913841,0.08769377158185516,-0.02008282941027443,2.934884097929608,-0.3728997348333083,-0.3093904165960409,-0.35824905545276553
3.1,0.07531312800911591,-0.41903733371378893,0.9868083129505605,-1.8212830957715405,0.4387888771863979,0.3867012601592261,0.04894672897725062,-0.05047906086383567,2.9051751822727074,-0.4193303415001527,-0.3364095858702994,-0.19279391557160713
3.2,-0.10411997060220801,-0.3743935451979918,1.0159919517979563,-1.7646946810982345,0.4474057828810765,0.19265904299568143,0.006197746334211588,-0.08431158587779955,2.893292947827505,-0.44682725305030824,-0.3439572004482539,-0.024202557310666187
3.3000000000000003,-0.27710769225290616,-0.33088217101449297,1.0245810988618618,-1.6925664966963794,0.4162957411292766,-0.024121329740219938,-0.03959304005928375,-0.11784326284969153,2.9004243521755297,-0.44876386568685755,-0.3258112424618171,0.15860536667767777
3.4000000000000004,-0.4421551181850316,-0.2924032024850247,1.0106370713604522,-1.6060969438429236,0.34717211642182816,-0.25679654782515327,-0.08714302373836404,-0.14658606533568366,2.9287090802287827,-0.42120886084134085,-0.28087186025301597,0.37138643037495545
3.5000000000000004,-0.5978920769299472,-0.2626089556265619,0.9729430899039975,-1.5065799186380628,0.24325853425277577,-0.4978190540217708,-0.13494995342297722,-0.1657309773818161,2.981510187300934,-0.36407518768136515,-0.214688227196002,0.6329624924962428
3.6,-0.7430818955991527,-0.24475898492950243,0.9110601214635269,-1.3953888172770068,0.10916040464220811,-0.7392324993910354,-0.1812407983753141,-0.17062682510857546,3.0635222719621718,-0.280790563466405,-0.13914178298257832,0.9609341312955118
3.7,-0.8766285452916197,-0.2415906513799232,0.8253522322591998,-1.2739604414455932,-0.04931864195507851,-0.9729840506990431,-0.22349702678660033,-0.15736966214456516,-3.102899123727499,-0.17739777295106482,-0.07076354266398797,1.36011536668196
3.8000000000000003,-0.9975821789981414,-0.2552105047929111,0.7169803857489088,-1.1437789698223004,-0.2254080882329882,-1.1912410715236814,-0.25756364156513983,-0.12403564493312177,-2.947012980580239,-0.06297785610206678,-0.028166015866039593,1.7964260160982437
3.9000000000000004,-1.1051430765435817,-0.28701081072298923,0.5878648815367947,-1.0063601526785524,-0.4116404105686062,-1.3866995266941453,-0.277362017244368,-0.07331898224417277,-2.753318522592806,0.04807732471329955,-0.027071197999126856,2.1653352411887634
4.,-1.1986640263024784,-0.3376145497825939,0.44061788363608284,-0.8632358762759235,-0.6001487472214543,-1.5528717916361705,-0.2775052899921699,-0.015291716188196018,-2.5340742195955634,0.13631558505184818,-0.0711430728051938,2.319057050460939
4.1,-1.277651187531514,-0.4068510820944109,0.2784486812108262,-0.7159392323530596,-0.7829804871047359,-1.6843423708950158,-0.258586396989389,0.03508905021610709,-2.3114978975363507,0.1863398975325657,-0.14556989342972512,2.198325249184396
4.2,-1.3417634900822897,-0.49376344708114794,0.1050454140886812,-0.5659902156719815,-0.952414277332802,-1.7769813108321246,-0.22840183190633767,0.06683263556155969,-2.1069911500232537,0.19739061977359587,-0.22569626202492465,1.9030544268468084
4.3,-1.3908106399078495,-0.5966470075951413,-0.07556206441524954,-0.41488215955014757,-1.1012678114532755,-1.828106779232899,-0.19634285698484236,0.07804331013543375,-1.9310840682227235,0.18067403743281582,-0.29273245792774444,1.5791472841197844
4.3999999999999995,-1.4247498090942263,-0.7131178977902067,-0.25915276095984774,-0.26406900573798375,-1.223184127817285,-1.836590312078421,-0.1684641733934981,0.07288760397253209,-1.7834197155372735,0.1491303100216815,-0.3390345318073588,1.3110749512029136
4.5,-1.4436810980914085,-0.8402085459568329,-0.44147258807924905,-0.11495349110532543,-1.3128850042742144,-1.8029005142258505,-0.14715070973209898,0.05696586778411698,-1.6581315276378314,0.11197838057234027,-0.3643489973497294,1.1218700094407301
4.6,-1.4478418653629808,-0.9744864641484204,-0.618393619071667,0.0311236804376388,-1.3663813471431172,-1.7290834550827032,-0.1327132008504657,0.035120610178467265,-1.548022084901119,0.07451103168982398,-0.37144898637931884,1.0075997853057164
4.7,-1.4376000258152721,-1.1121915688526103,-0.7860682385846682,0.17289362635817468,-1.3811321869154183,-1.6186805247243052,-0.12467696723771958,0.011060996718086785,-1.4462616109228152,0.039441879171519444,-0.3637798300553627,0.9590954119273937
4.8,-1.4134464241176063,-1.2493865581873413,-0.9410720775131816,0.3091679936200725,-1.3561459420309552,-1.476587009671371,-0.12241733920094759,-0.012386183802609472,-1.3466516107918114,0.008094953442104862,-0.34451132616180696,0.9700188423743559
4.9,-1.3759863924142812,-1.3821143505787656,-1.0805300664234267,0.43884655928737215,-1.2920199136591686,-1.3088570113118694,-0.12537729663277844,-0.03292623287567034,-1.2433632619161807,-0.018796681812044923,-0.31625292155192286,1.0384987591450652
5.,-1.3259306040003593,-1.506556308359018,-1.202220613231744,0.5609237093027521,-1.1909164369521514,-1.1224624694946885,-0.13305141440100873,-0.04848967902882513,-1.1306152661290025,-0.04054034901653501,-0.2810883098695115,1.165866608803856
5.1,-1.2640853353453942,-1.6191849384295032,-1.3046537815262504,0.6744937933923019,-1.0564766395428304,-0.9250158838551525,-0.14478857912564927,-0.057020033424448516,-1.0025927363915927,-0.05604600011430895,-0.2408454096515299,1.352461558915635
5.2,-1.1913422484722085,-1.7169049823171845,-1.3871203810066137,0.7787553655497367,-0.8936752454638235,-0.7244677730052284,-0.15939240062496335,-0.0564725273754635,-0.8540046091446124,-0.06348271265944892,-0.19765223150920455,1.5882558216287286
5.3,-1.1086678042128748,-1.7971772708295508,-1.4497100397647156,0.8730143301958756,-0.7086222129955538,-0.5287909191308757,-0.17457237745531867,-0.045294334198252836,-0.6818320540273693,-0.06024573490916862,-0.15482169987766656,1.8372249981319408
5.4,-1.017092414361189,-1.8581204056349145,-1.493297563358024,0.9566860238119305,-0.5083191145156337,-0.3456639726291364,-0.18667828820935325,-0.023662561698060438,-0.4883988914503763,-0.04375118132829217,-0.11771821213226102,2.026056812579912
5.5,-0.9176994373175738,-1.8985862140650507,-1.519498148591658,1.0292962705442683,-0.30037997071520345,-0.18216701717966954,-0.19160990220517737,0.0050220973980310835,-0.28394502460008186,-0.013291972565860451,-0.09339884651466075,2.0672264293631955
5.6,-0.8116141175811591,-1.918205969016036,-1.5305932602725318,1.090481457927824,-0.09272766864002702,-0.0445012190562719,-0.18699657476118173,0.03427902708331428,-0.08482962858691914,0.02846467295657363,-0.08795651992519271,1.9240188350794423
5.7,-0.6999925644915064,-1.9174055313262481,-1.5294301474795842,1.1399876854465527,0.10672193358988602,0.06225627545275687,-0.1735394261977147,0.05731245920825713,0.09334468301760022,0.07654471101241819,-0.10335216854020518,1.645001205695195
5.8,-0.5840108600674043,-1.8973888109732115,-1.519299025531567,1.1776690441308149,0.29037562163515873,0.13435243565864669,-0.15385416850605008,0.06984358884029668,0.24174604288416213,0.12638281023717493,-0.13699163898572286,1.3164138283336706
5.9,-0.4648543797413743,-1.8600902064595566,-1.5037928389818058,1.2034850897880818,0.45126557679912405,0.16950547033540497,-0.13044346842241794,0.07052362000140855,0.35874056057442627,0.17513533335104378,-0.183638335453221,1.0015308216732741
6.,-0.34370740335357786,-1.8080979185000032,-1.4866552141798595,1.2174975757951585,0.5833271951366683,0.16699312665238875,-0.10476491106784963,0.05983060237332614,0.4468043525158661,0.22105157124961458,-0.2369455718418886,0.7259945405081286
6.1,-0.2217430870524479,-1.7445511952708477,-1.4716226795767497,1.2198665136820317,0.681640898039685,0.1276786559507316,-0.07735602377122239,0.03913498565677701,0.5095615220209447,0.2623142447867215,-0.2897714084937958,0.49102487426098246
6.2,-0.10011385985246568,-1.6730156057497196,-1.4622674592905243,1.2108456310572466,0.7426282940750887,0.053973422954418336,-0.04827296614283913,0.01038098179070876,0.5501515616485154,0.2962963023183354,-0.3341201040479811,0.28700204500826587
6.3,0.02005769838280336,-1.5973413136239618,-1.4618471214288828,1.1907772968222454,0.7641948717229067,-0.050262339377834114,-0.01745252061633754,-0.023876756572634734,0.5705617464274754,0.31948857597244845,-0.3616498681653908,0.10005523342175499
6.4,0.1376874477430921,-1.5215100019595598,-1.4731670882433618,1.160086983167307,0.7458135343062147,-0.17987666142846404,0.015089229822860513,-0.06038724125913083,0.571363908514884,0.32808579677451305,-0.3651577447809414,-0.08637831189515031
6.5,0.2517377049638172,-1.4494765512808656,-1.4984615013056495,1.1192773326133096,0.6885456468398053,-0.3286345794593939,0.04921249628435061,-0.09524172029519665,0.5514991793200061,0.31896777176272123,-0.34072747093888084,-0.29241386193518565
6.6,0.36122464984907765,-1.3850117828761588,-1.5392972020381286,1.0689218964473004,0.5949987557270963,-0.48947015629963964,0.08471028580461487,-0.12405541755784881,0.5079225676937932,0.29050711917454264,-0.28959810461615193,-0.5435760162757045
6.7,0.4652250917795469,-1.3315525366768513,-1.5965046653148844,1.0096586083867538,0.4692226668884708,-0.6547717222274899,0.12132832043154847,-0.14217049536329318,0.4350389273836582,0.24265539682954412,-0.21886848362643552,-0.8725358071789148
6.8,0.5628825728960821,-1.2920650606517246,-1.6701386482582896,0.942183054292063,0.31654802535906934,-0.8166889539335848,0.15845924672055572,-0.1447444032412737,0.32412433011037145,0.17639638963797782,-0.14109031371371142,-1.3164124841925764
6.9,0.6534127904637479,-1.268927157969383,-1.759470130670636,0.8672415953256776,0.14337383167898254,-0.9674495390650553,0.19401521594190535,-0.126979928192038,0.1638397504636924,0.09377183336643977,-0.07367963238031387,-1.8929950032913683
7.,0.7361083264764219,-1.2638337903690227,-1.8630098750300847,0.7856243982259428,-0.04308763387220238,-1.099672791937047,0.22223549904259043,-0.08603830105638767,-0.054790189159493005,0.0008178765915185089,-0.03779629199114974,-2.5217029510777706
7.1,0.8103426777331715,-1.2777299010544834,-1.9785626724200476,0.6981584224191698,-0.23509831012979465,-1.2066677077823769,0.23313428933022248,-0.027120292393970923,-0.32481398442308135,-0.08637704133100972,-0.05105104175673307,-2.928478147908305
7.2,0.8755735843872141,-1.3107731352699903,-2.103310116445703,0.6057004096269056,-0.4247028153143053,-1.2827035635372894,0.22038299603602537,0.0316246334897225,-0.6115150390736649,-0.14442341212621274,-0.11013643910073806,-2.8337240805195325
7.3,0.9313456593288821,-1.3623279447896555,-2.2339186089308116,0.5091299175242281,-0.6040455713791979,-1.3232422678890268,0.1910545540132022,0.07073103302125525,-0.8704580962737066,-0.16309935169129083,-0.18759796026237552,-2.353621314262428
7.4,0.977292324716176,-1.4309913113751358,-2.366668294361415,0.4093424349510034,-0.7656839496881841,-1.3251231884955246,0.1584757313762491,0.08498761581863182,-1.0798454420587227,-0.15236175492130602,-0.25693106873778543,-1.8195066112238876
7.5,1.013137065518769,-1.514649063707252,-2.4975977847898183,0.30724261224615745,-0.9028849538911583,-1.2866930791246753,0.13079400941587077,0.07997230611028974,-1.2427980011014739,-0.12674280304717248,-0.30707328928061217,-1.4046567350198278
7.6,1.0386940131093663,-1.6105605426320386,-2.622658906531725,0.20373763653178306,-1.0098936121878872,-1.2078759184087984,0.11031193402038315,0.06291745276318907,-1.371726634470245,-0.09574840306422407,-0.33706277098893456,-1.1294071350106862
7.7,1.0538678747418797,-1.7154682394037515,-2.7378752996131204,0.09973077827732074,-1.0821623790259216,-1.0901798677025982,0.09677786171881955,0.03935796948964739,-1.478897121611477,-0.06406693638222928,-0.3493953681419936,-0.9679304745163789
7.8,1.0586532272261953,-1.8257280360126913,-2.839498546513357,-0.003884867727767728,-1.116532400710085,-0.9366410626570635,0.08937642455678879,0.01312933747722191,-1.574275717136229,-0.03370444008040187,-0.3471582593618042,-0.8956667511697674
7.9,1.0531331952758034,-1.9374548553455195,-2.924155604463427,-0.106232426733168,-1.1113594184348061,-0.7517064716259554,0.08744446117153218,-0.013006821439627277,-1.6660946052500578,-0.005394459271568023,-0.33311673836610267,-0.9000311938748156
8.,1.0374775369020395,-2.0466779145842278,-2.9889816614977507,-0.20645705596694983,-1.0665792893818167,-0.5410604835008679,0.09065826297130304,-0.03681310474767393,-1.7620009888447283,0.020652210914023212,-0.30944119868339776,-0.9812899378994405
8.1,1.011940159894165,-2.1494993923990564,-3.0317331168332946,-0.30373150853294806,-0.9837105137629287,-0.31140213116915716,0.09903332354650692,-0.05610918289681961,-1.8702712915684774,0.04427976930172781,-0.27763697100027723,-1.1524392010547098
8.2,0.976856094896279,-2.2422501843933373,-3.0508761778234876,-0.39726143538919423,-0.8657936670617925,-0.07018182506094695,0.11276976429479298,-0.0682839063875157,-2.0009778727805974,0.06491103167841078,-0.23860780690696745,-1.4379264003704992
8.3,0.9326379519084237,-2.321636537340379,-3.0456475371449923,-0.4862904128937186,-0.7172701521191411,0.1746919142720771,0.13171255699967127,-0.06978111053427577,-2.166586188858811,0.0808059890445122,-0.19303504182658388,-1.8620075609796154
8.4,0.879771888237905,-2.3848717163861957,-3.0160847062961063,-0.5701046843991252,-0.5438051048324073,0.4151640392868947,0.15390827806528917,-0.05608941873894209,-2.379800256699171,0.08798663415004175,-0.1426986150513498,-2.400083509112756
8.5,0.8188131170434383,-2.4297874560802204,-2.963024790567507,-0.648037605026734,-0.35206151365970173,0.6433504585662263,0.17333656489082733,-0.02419686065216292,-2.643928577814366,0.0800799378991717,-0.09358940658337951,-2.8747989638212808
8.6,0.7503809866824868,-2.4549207520510268,-2.8880717481873077,-0.7194737790856213,-0.14943455806991474,0.8518487687122664,0.1807423080255056,0.021069652308063055,-2.9368045237742364,0.05275133455629185,-0.058347303913701194,-2.9631569960580944
8.7,0.6751536621205481,-2.4595725332346685,-2.793533432208648,-0.7838528796604836,0.05624324297432054,1.034029852682816,0.17198954459345225,0.06543193636020436,3.0699631160268,0.010728760853606363,-0.04959621073580849,-2.564774720684802
8.8,0.5938624407156585,-2.4438358755968,-2.6823309178318437,-0.8406731397200401,0.2570143177021145,1.1842987247557024,0.15237837154676923,0.09656961648959711,2.844892396482884,-0.035744688620490656,-0.06906492650827555,-1.9560697520022459
8.9,0.5072857357725409,-2.4085926325741704,-2.557883722229972,-0.8894945037457602,0.44511331350442623,1.2983142280735995,0.12903627843026763,0.1113710341066647,2.6776158676308333,-0.08031458472112024,-0.10981002616669669,-1.39962801948812
9.,0.41624276238383273,-2.355478616586729,-2.423975484548449,-0.9299414284044144,0.6132767055574576,1.3731588308659155,0.10553999088575494,0.11168598026327967,2.5585827511858112,-0.12152281735915692,-0.16399370835360508,-0.9720673608905962
9.1,0.32158696125033986,-2.286818719741077,-2.2846054522795702,-0.9617053202457848,0.7550323989813237,1.4074517565804694,0.08263137816365809,0.09998001864799669,2.4760049150615586,-0.15957109759831978,-0.22517351520441173,-0.6569236444358996
9.2,0.22419919740166164,-2.2055345602754843,-2.1438316856343063,-0.9845465978594272,0.8649577790107223,1.401400941985055,0.05990607040419504,0.07824604247173049,2.42076453066778,-0.19429785485742013,-0.28728916069479615,-0.4202744812674548
9.3,0.12498077202047729,-2.115028336608591,-2.0056122213043333,-0.9982963654326106,0.9388959215324537,1.3567917557653317,0.03670902177335692,0.04826305791754026,2.386848049010375,-0.224472798601133,-0.3435266852162736,-0.23331294700852392
9.4,0.024846286899569175,-2.0190475193816044,-1.873650517980135,-1.0028576842759185,0.9741213443587766,1.2769129310374432,0.012485658989860841,0.012054621553948552,2.3707289470333186,-0.24773193928239723,-0.38607714171731466,-0.07412976396511835
9.5,-0.07528359758427627,-1.921535775812408,-1.7512513349377175,-0.998206428681873,0.9694486912572531,1.1664226680113754,-0.013099667813105256,-0.027778800023900374,2.3708086823831023,-0.2609576035985136,-0.4070618424962894,0.0752696880317446
9.6,-0.17448946873112098,-1.8264760695542543,-1.6411927787463123,-0.9843917125104958,0.9252800158485872,1.0311602480053235,-0.040159722877311434,-0.06794689384480829,2.38713846214176,-0.2610373161513985,-0.40048925250952544,0.23232060069728214
9.700000000000001,-0.2718604884174824,-1.7377321911895098,-1.5456196082768283,-0.9615358732047717,0.8435887803135099,0.8779106720413183,-0.06866232197180026,-0.10458997058060307,2.4214418787851137,-0.24571930535430683,-0.36450564193196416,0.41694011325962765
9.8,-0.36650169573779895,-1.6588950370545148,-1.4659620404148672,-0.9298340005737996,0.7278412068306053,0.7141317097566151,-0.09854513021547025,-0.13354422921682088,2.477449766912031,-0.21407477584342813,-0.3028306428312701,0.6545334092532281
9.9,-0.4575412392714713,-1.593139764790514,-1.402883282000395,-0.8895529986807779,0.582858117215854,0.5476542426928603,-0.12974434620484418,-0.15056224248479655,2.5615524946741006,-0.16626816725336838,-0.22475618798891664,0.9788182816002715
10.,-0.5441374917592083,-1.5430995203948379,-1.356257868068477,-0.8410301705683294,0.41462276878233073,0.3863678504429666,-0.16186806120999014,-0.15133305685385412,2.683565592993872,-0.10299241584188189,-0.14425034375483461,1.4302513525801928
10.1,-0.6254859990328754,-1.5107607708929736,-1.3251816581164884,-0.7846713173681863,0.23004234739871288,0.23790417620883686,-0.19300773847893202,-0.13158973547182964,2.8564133309656747,-0.025867610973534093,-0.07931771911270463,2.0310857969179748
10.200000000000001,-0.700826214306472,-1.4973844154041691,-1.30801307984349,-0.7209483455904898,0.03667262626652196,0.1093306966071288,-0.21736940189159343,-0.08900104918260879,3.0907692545182344,0.0589315972548573,-0.05084413206016933,2.694399840031202
10.3,-0.7694479684460942,-1.5034558196699426,-1.3024439639191072,-0.6503963790750732,-0.15758323259741247,0.006867105536248808,-0.22465252798804528,-0.029661518198003597,-2.903885417802377,0.1342990383543287,-0.07420706718369557,3.1087783129301947
10.4,-0.8306976266375085,-1.5286657660275773,-1.3055971335119734,-0.5736103752087652,-0.3447897263380991,-0.064364379869156,-0.20883454868366977,0.026991223050994256,-2.6003742888817136,0.17716211319469902,-0.140835758098222,2.9667704567780118
10.5,-0.8839838820040077,-1.5719230783093896,-1.3141468455770153,-0.49124124855496526,-0.5172953487296232,-0.10054483576746143,-0.1782041279989809,0.06177779227385145,-2.330366665374175,0.18114217569228175,-0.21925971177396036,2.4291197857247018
10.6,-0.9287831372356604,-1.631398418369122,-1.3244572697930512,-0.4039915089806536,-0.6680376057551587,-0.09931236467895599,-0.14631912280875706,0.07140770283215542,-2.1146965163986198,0.15946241275468415,-0.2842076857747839,1.8668640566549297
10.700000000000001,-0.9646444262118026,-1.7045975082223448,-1.3327334718803987,-0.31261042566840674,-0.790824549290304,-0.05985761577520743,-0.12051147687564957,0.06276508906843407,-1.947241670353514,0.12665466980476728,-0.32767089578523795,1.4499287997370232
10.8,-0.9911938289660841,-1.7884608586812865,-1.335178869482129,-0.21788873302438985,-0.8805816050294171,0.01704271595367135,-0.10240086958247038,0.0433978925272278,-1.813361584532794,0.09083645427849137,-0.35063312566256055,1.1881056054313153
10.9,-1.0081383351871334,-1.87948602863416,-1.3281528707375203,-0.12065289938649496,-0.9335538544036728,0.12905574719824786,-0.09149600465925069,0.018785004734077466,-1.6993243095398836,0.05540299111287526,-0.35637272730263836,1.052238615168831
11.,-1.0152691137920071,-1.973867540893257,-1.308322398399554,-0.021758984540734744,-0.9474557061482826,0.2723844300029994,-0.08705407807872802,-0.007287595913772511,-1.5937579916096982,0.021439555645646258,-0.3480959842078959,1.0210230411420116
11.1,-1.0124641489719224,-2.0676488766243453,-1.272801246139116,0.07791388269792414,-0.9215619905850561,0.4419180725506633,-0.08868483622908953,-0.03192687864276829,-1.4864514487503246,-0.010958506524772637,-0.3282893531093706,1.0910919783775712
11.200000000000001,-0.9996902065010789,-2.1568804888348945,-1.2192716988178725,0.17747037026442414,-0.8567368449779272,0.6314353557039716,-0.09648628027587908,-0.052407485988200914,-1.3665383000430253,-0.04199810534761968,-0.29849972388902063,1.2794548472350613
11.3,-0.9770040980230172,-2.237777535437695,-1.1460835556572087,0.2760061100931247,-0.7553992383927085,0.8338517509205973,-0.11093029646414213,-0.0653910126200524,-1.2204881292784582,-0.07156931633087756,-0.25919984380034355,1.6243745492577433
11.4,-0.9445532154801863,-2.3068710435860225,-1.0523265961908512,0.372615119724298,-0.621426510475327,1.0415014748302351,-0.1321600810618625,-0.06597500587742464,-1.0306617825162985,-0.09808209108210725,-0.20990438348561807,2.170147732684296
11.5,-0.9025753128181208,-2.3611464788508583,-0.9378735877440433,0.4663974261027675,-0.45999976975230916,1.2464427387162305,-0.15763493262852676,-0.047407972614702185,-0.7784923192564129,-0.11612222224973216,-0.15077041358284704,2.8775310567430368
11.6,-0.8513975175541951,-2.398164194939835,-0.8033921077189936,0.5564668346128102,-0.2773973149346133,1.4407741222771118,-0.17816116504040203,-0.005544569892967679,-0.46244487097920595,-0.1149415964460964,-0.08849806437057216,3.416562536725334
11.700000000000001,-0.7914345607219743,-2.4161569620231123,-0.650324697359225,0.6419587819490988,-0.08074431486476835,1.6169494573867333,-0.18114603852134528,0.04990179113367533,-0.12512098738218222,-0.08703753848994529,-0.04213006062133469,3.286626246626905
11.8,-0.7231862200467637,-2.414100685534915,-0.48083812634320766,0.722038207411489,0.12227127342284216,1.7680786668124262,-0.1658719792906302,0.09820961362724155,0.16775040726725232,-0.04126927646605636,-0.029108044904401057,2.5830686517366166
11.9,-0.6472339779286167,-2.3917554961305227,-0.2977437791810231,0.7959073737148636,0.3237052230789046,1.8882025626275856,-0.14266301781050525,0.12848289420996234,0.3862793132217431,0.007824411012538076,-0.04848100602249785,1.821972928059349
12.,-0.5642369028503623,-2.3496755726869676,-0.10439232585545538,0.8628135655029736,0.5156737723335714,1.9725306470511874,-0.11889334597727118,0.14159369830136065,0.5387010782028138,0.05391232627454529,-0.09040957651530923,1.2401299608291738
12.1,-0.47492677012683715,-2.289187306750487,0.0954531354460722,0.9220565915211907,0.6906679486884143,2.017632433280946,-0.09656454992685047,0.14097889583004253,0.6428938449772387,0.09657809396605929,-0.14675172835140665,0.8345182151110603
12.200000000000001,-0.3801024453973683,-2.2123366789603263,0.29776041719888785,0.9729960149043094,0.8418529512930384,2.021574656761877,-0.07532184687136913,0.12908782890736983,0.7132624008776592,0.1366681859903308,-0.21185819423613414,0.5505070028538783
12.3,-0.280623561859994,-2.121807945399761,0.49838235940220144,1.01505803533142,0.9633406560764879,1.983998904379621,-0.05424799670828047,0.10742028293363694,0.7592630856242615,0.17437885806573533,-0.2806209618275274,0.3430291134611052
12.4,-0.1774035298708486,-2.0208168756077725,0.6932155909044999,1.047741946940823,1.0504243797145778,1.9061365642936778,-0.03247304914429767,0.07717926204641395,0.7866766279682611,0.2086653603759413,-0.34692520472391164,0.1821226406979731
12.5,-0.0714019250991088,-1.9129827985297587,0.8783576162522126,1.070626096924273,1.0997665431353045,1.7907604978365568,-0.00936168695531738,0.039834406819431574,0.7988237044005492,0.23710599831331844,-0.40301417972444553,0.04790279082219491
12.6,0.03638369115344306,-1.8021845575461592,1.0502559756141003,1.0833732716611602,1.109531753011351,1.6420753574853888,0.015414498759081864,-0.002483161424424409,0.7973262863364411,0.2561523167116683,-0.4400299030918212,-0.07438304845037488
12.700000000000001,0.14492645868109785,-1.6924061172120788,1.2058435410816997,1.085735440127345,1.0794599957012656,1.4655509207951587,0.041857576986363956,-0.04679901515020593,0.7824998444972445,0.26188492972775373,-0.44988548150186747,-0.19790813342751498
12.8,0.253179344520286,-1.5875779768945808,1.34265456506145,1.077557788125907,1.0108770256285917,1.2677050818580855,0.06969193963619186,-0.08938433501545741,0.7534804243227076,0.2511428719989485,-0.42799985309466554,-0.33663451104198183
12.9,0.3600846344664407,-1.49142071365995,1.4589168635341947,1.0587819816309876,0.9066415339477714,1.055845148756834,0.09848240170199203,-0.12610223395425027,0.7081437419139325,0.2224819491069297,-0.37562204705594837,-0.5068450190577429
13.,0.46458371001940146,-1.4072968918767506,1.553616468083171,1.029448603191122,0.771031203716136,0.8377777576017593,0.12775607672667616,-0.1528682117585301,0.6428447462369818,0.1763653449509555,-0.30044322951879554,-0.7281901123201142
13.1,0.5656270255293357,-1.3380772434458041,1.6265321778644857,0.9896987118718783,0.6095721941934085,0.6214989648202597,0.1569863322306358,-0.16601681903274051,0.5520409916662561,0.11458027533144297,-0.2153453021189926,-1.0237733428850597
13.200000000000001,0.6621841957246628,-1.2860264536433208,1.6782386423702156,0.9397744845831306,0.42881885219232674,0.41487686952305003,0.18523812676261892,-0.16250084947801796,0.4280804253384161,0.039697680436961084,-0.13642176984069976,-1.4153576891895239
13.3,0.7532540999887772,-1.2527131059494139,1.7100778600871211,0.8800189047751175,0.23609243269441266,0.22533941550701853,0.21027220243573075,-0.14027978931443083,0.26210902854749446,-0.04412423695501628,-0.08127869515273332,-1.9019353612190721
13.4,0.8378749067873434,-1.2389473760916185,1.724100236980885,0.810874473328461,0.03918924511608113,0.059579815896781074,0.2273541335026609,-0.09996341368418962,0.04829203161316994,-0.12804882965310882,-0.06635833497597311,-2.4069815827194865
13.5,0.9151339195986304,-1.244748959259382,1.722977561951903,0.7328809259239458,-0.1539301394867611,-0.076708659187255,0.2298429553043497,-0.04843967868367227,-0.20702505469704793,-0.19565163742940764,-0.09924775802532526,-2.736489839721617
13.6,0.9841771446233616,-1.269346509144246,1.709891375647804,0.6466719511644753,-0.3354582299469784,-0.1790579622074644,0.2146164988018438,-0.00021800351882731754,-0.4785313803039017,-0.22919011122703606,-0.16793998796078966,-2.7065240064596305
13.700000000000001,1.0442184804951635,-1.3112086111833618,1.6884011896594504,0.5529709141309673,-0.4980518538413119,-0.2444016373439497,0.18737375490734412,0.030774350438812506,-0.7331926731676444,-0.22473167258127388,-0.2449074676979571,-2.3749802785835095
13.8,1.0945484312147653,-1.368105055214707,1.6622978160774893,0.45258560077389903,-0.635124885560624,-0.27119525143850076,0.1581564444401785,0.040714233135080005,-0.9516685342235494,-0.1938119130648578,-0.30758563365591873,-1.9650818315144376
13.9,1.134542245615777,-1.4371959648104031,1.6354476606342936,0.3464020094531898,-0.7411107934502326,-0.25947608911170517,0.13386763320826955,0.03409497917913956,-1.1335595889232957,-0.15037018455921633,-0.34777079773081854,-1.6318056123911795
14.,1.1636673898499121,-1.5151452299965829,1.6116341925516142,0.2353772269156268,-0.8116845390936022,-0.21085973578960704,0.11707073256092942,0.017416137323902566,-1.2885517345188782,-0.10314973634925248,-0.36620226295941705,-1.4227914742898922
14.1,1.1814902636551596,-1.5982537211688732,1.5944029164097384,0.12053143691069548,-0.8439349823145526,-0.1284736884773352,0.10812273682251065,-0.0037908608378935194,-1.4289349260093689,-0.05605120444620278,-0.36629688957814477,-1.3407251475070514
14.200000000000001,1.1876820765283707,-1.6826069733986584,1.5869160313771613,0.002939120359503389,-0.8364809186538954,-0.016830644637685244,0.10684917267908353,-0.025154290056848518,-1.5672826683255998,-0.010281109838943519,-0.351274934784111,-1.3866240130518757
14.3,1.1820238063376007,-1.7642314534363663,1.5918225765719667,-0.11628048362713578,-0.7895261232717954,0.1183534756134127,0.1132312591322874,-0.042737007508542015,-1.7170239268686822,0.03404110161058163,-0.32315951939822546,-1.5763627187759852
14.4,1.1644101703393397,-1.839253179552962,1.6111492435785117,-0.23597357667060506,-0.7048512068484902,0.27038951546943746,0.12734841456967344,-0.05206384174386704,-1.8938527675569894,0.07656123591471543,-0.2824130834230541,-1.9402351488691223
14.5,1.1348525469581916,-1.9040523705604548,1.6462162128444124,-0.35496257145915355,-0.5857426081622222,0.4318839030949854,0.14828042335540298,-0.04724352447404507,-2.11561910126235,0.11470785879078971,-0.2282315856292352,-2.487853641378914
14.6,1.093480795975338,-1.955407958656341,1.6975813726954079,-0.47205733637856045,-0.4368615541855503,0.5950355882762043,0.1712606713235628,-0.021914074516905732,-2.3948978409201946,0.1406024353444646,-0.1614112567694495,-3.086760191913364
14.700000000000001,1.0405439348783996,-1.990626204834123,1.7650151478168399,-0.5860668095815614,-0.2640582118467971,0.7519492525037459,0.18562447611073085,0.024027056923314766,-2.718273199342511,0.14148561205920548,-0.0921301860185188,-3.345097131102248
14.8,0.9764096399583162,-2.007648289382536,1.8475069433854499,-0.6958108708628583,-0.07413844063877861,0.8949523021763772,0.18263035790463783,0.07694037657441628,-3.035443441391052,0.11263707118381214,-0.04204824823588064,-2.981141956960069
14.9,0.9015625521967724,-2.0051325881929203,1.943302950258511,-0.800132354001455,0.12540755508847345,1.0169030038119962,0.16584877375536095,0.11992044406976603,2.9861239562309843,0.06594545599651122,-0.025776945449001453,-2.278182335620849
15.,0.8166013799585594,-1.982508354791012,2.0499738060026016,-0.8979090776936351,0.326703856374793,1.1114774733169785,0.14405773391263949,0.1468848674541222,2.792633332399548,0.015175550680603734,-0.04067643911207212,-1.6187431256837403
15.1,0.7222348028660195,-1.9399986679729373,2.1645094159305955,-0.9880657699124091,0.5218028369919074,1.1734240744153184,0.12212395551987167,0.1592485701458008,2.65571437473547,-0.03391626488316148,-0.07801528724811765,-1.123850595196748
15.200000000000001,0.6192761938587157,-1.8786117302084808,2.2834371551789854,-1.0695857585633526,0.7030020293992418,1.1987750806658877,0.1011239751942198,0.159481147259171,2.5601266826239666,-0.0806084984988648,-0.13081670183855792,-0.7724864667043373
15.3,0.5086371891955531,-1.8001008637296763,2.402958740380277,-1.1415223007190956,0.863151216868407,1.1850071592988842,0.0805938142494939,0.1492133190230708,2.494173208704056,-0.1254257321154824,-0.1941989523299482,-0.5200737321603969
15.4,0.39132014889868116,-1.7068947991471743,2.5191003148421944,-1.2030094235465139,0.9959375089831639,1.1311442754562888,0.05969741055720767,0.12939380700930067,2.450086280464497,-0.16843250840400156,-0.26374649012898566,-0.3316403405152434
15.5,0.268409562725455,-1.602001035780013,2.627869764023637,-1.2532721523167658,1.0961370354548665,1.0377989109828065,0.037648895698100794,0.10078991335071458,2.4229778499200614,-0.20853112532736584,-0.3340529886977159,-0.18381131215557425
15.6,0.1410624690413101,-1.4888861264300888,2.7254149895120814,-1.2916360046172175,1.1598232240159418,0.9071499511667513,0.013879300584362929,0.06445425596987345,2.4099118721625534,-0.2431481523157564,-0.39788121076279764,-0.06099251967608755
15.700000000000001,0.010497965807860325,-1.3713376592821795,2.808176831163507,-1.3175356350566607,1.1845233590096642,0.7428581177316617,-0.011860709716227744,0.02210248994151009,2.409305622330367,-0.2683153371055588,-0.4463006290825456,0.04829840431746563
15.8,-0.12201409584643182,-1.253313439288146,2.873030540101039,-1.3305225213447995,1.1693171791799557,0.5499223162691996,-0.03943392575193251,-0.023661361832866466,2.4205915960016675,-0.2793674739167521,-0.4701876474563806,0.154140626254879
15.9,-0.25516513448072886,-1.1387838817100047,2.9174101613896974,-1.3302715905896814,1.1148735838791246,0.33448262191783423,-0.06832212799603075,-0.06937006132259314,2.4440597876323773,-0.272263608144441,-0.4629620994486827,0.2669079168795213
16.,-0.38762046696653424,-1.0315739011063787,2.9394108662279397,-1.316586693931271,1.0234239843334922,0.10357775451901488,-0.09773352239878665,-0.11102066708815958,2.480827764302026,-0.2449963857828474,-0.42345117985852393,0.3979474101333649
16.1,-0.5180324235551557,-0.9352105991617832,2.937865152272437,-1.2894048481377294,0.8986733623685119,-0.13513329109102457,-0.12677534454981434,-0.14462089226982933,2.5329047785500367,-0.1982413155041027,-0.35724006735575303,0.55946883323629
16.200000000000003,-0.6450538224963407,-0.8527828235766166,2.9123898722067203,-1.248799174438643,0.745652582401962,-0.37367436490572126,-0.1545823501411928,-0.16674838489537466,2.6033114250845726,-0.13488233577331463,-0.2756932583031427,0.7639827126316373
16.3,-0.7673516709697655,-0.7868181969738992,2.8634022133564083,-1.1949804775468509,0.5705178445606227,-0.6040679501604571,-0.1802782148297112,-0.17494035213393597,2.696164671502905,-0.059007255569397905,-0.19342365623009694,1.0228099759405966
16.400000000000002,-0.8836209540583557,-0.739182518304333,2.792103988690884,-1.1282974214034727,0.38030527409240955,-0.8186510336738302,-0.202703621260145,-0.16792484555283574,2.816490786677665,0.024553625002529226,-0.12567650443404507,1.341192218963505
16.500000000000004,-0.9925983698575952,-0.7110055473103031,2.7004348625973567,-1.0492352725321756,0.18265043082038146,-1.010378468116276,-0.21997161815739066,-0.14596713226361077,2.9692402006239815,0.10944076037352911,-0.08618469654102169,1.7056761036159438
16.6,-1.093075866647754,-0.7026361307999802,2.5909963730143994,-0.9584131968596523,-0.014516079087939504,-1.173101734783453,-0.2292215039355906,-0.11171502913581072,-3.1264478608292987,0.18611223098233592,-0.08445106373763014,2.06381879513913
16.700000000000003,-1.1839138374099538,-0.713628459717376,2.4669497755058174,-0.8565801112908777,-0.20328475403706292,-1.3018119960747205,-0.227458818008262,-0.07133219395600449,-2.9085819645761704,0.24169366699469427,-0.12117924444467346,2.318829331688188
16.8,-1.2640538278803932,-0.7427600049074465,2.331891778237192,-0.7446091070527068,-0.37608250666577603,-1.3928377504510259,-0.21401594020027598,-0.03405217773203591,-2.6738942956306757,0.2648020566116889,-0.18445030365763496,2.3826831957859893
16.900000000000002,-1.3325306168304722,-0.7880804165457286,2.1897131179905998,-0.623490477663583,-0.5259745618534813,-1.4439892124174634,-0.19252670719001366,-0.008307189461391867,-2.44082775224475,0.2532284470488862,-0.2537009525582789,2.2614839705441265
17.000000000000004,-1.388483531336684,-0.8469894377782866,2.0444456111885927,-0.49432340017283727,-0.646940907348996,-1.454643663894128,-0.1693092733655082,0.002653174572464048,-2.223256484346955,0.2150724383459341,-0.3109148948471316,2.0543441401893556
17.1,-1.4311668654486756,-0.9163407264127604,1.9001037731341217,-0.3583063338584933,-0.7341162758071855,-1.4257683765350373,-0.14984463496910835,0.0009920404051628304,-2.024861291561969,0.1618337311498364,-0.34744009510825613,1.868870255937351
17.200000000000003,-1.4599592778431798,-0.9925674456289345,1.7605273150006462,-0.21672621569723832,-0.783984090906248,-1.3598801933143183,-0.13721477839233934,-0.008498481903175033,-1.8405027602380313,0.10232720056931635,-0.362216662236893,1.7719962559270932
17.3,-1.4743720527148418,-1.0718246168150605,1.6292307929022551,-0.07094654644414487,-0.7945166455253724,-1.2609433828027632,-0.13265425102557274,-0.02056185161867536,-1.6598553496811077,0.041451517394721325,-0.35727014852673533,1.7982985106091276
17.400000000000002,-1.4740561182333158,-1.150142559383171,1.5092663980403218,0.07760552509283447,-0.7652559235206398,-1.1342098403383625,-0.1364193943097892,-0.030014003451950395,-1.4697306380545918,-0.018348525736303474,-0.3346323183452191,1.9690970674814687
17.500000000000004,-1.4588077283031196,-1.2235853004135249,1.4031053528373212,0.22745299919667583,-0.6973318429893567,-0.9860080086483727,-0.14789574974286726,-0.03141044827637293,-1.2555010298624216,-0.07479016179019458,-0.29511153104932386,2.2901471460086187
17.6,-1.4285727259960643,-1.2884076388469892,1.3125426360225767,0.3770835717226484,-0.5934171937208776,-0.8234889347794918,-0.16451370813362193,-0.01910047449518449,-1.004721734802959,-0.12288226671358243,-0.23906187380482194,2.7060304437116796
17.700000000000003,-1.3834493207669245,-1.3412046025830087,1.2386288294092807,0.5249647874011408,-0.4576210653349194,-0.6543395889375224,-0.18009772497733456,0.01029354674364284,-0.7169679368425259,-0.15281897914713988,-0.17056048578630406,3.024439989273368
17.8,-1.323689326278767,-1.379047340111506,1.181631797681277,0.6695596484089996,-0.29532501479065576,-0.4864748759063309,-0.18644099147945423,0.052650606684291015,-0.4154058951103964,-0.15434174723269142,-0.10312965212273524,2.982931415538438
17.900000000000002,-1.2496978212083614,-1.3996000291194948,1.141029723005274,0.8093425191435345,-0.1129685047503094,-0.3277206190786666,-0.1801995770748682,0.09627585354573723,-0.13868456830812753,-0.12782971531878307,-0.05537303818622944,2.554277760275691
18.000000000000004,-1.1620312116168117,-1.4012131413062625,1.1155357661212544,0.9428151622537487,0.0822078333078573,-0.18550015692817234,-0.16525414355418236,0.13114358291573172,0.08697403837524775,-0.08466717586916657,-0.03681028815208119,1.9798703619807154
18.1,-1.0613936901873273,-1.3829893452444129,1.1031533645803142,1.0685227368309675,0.2824508759383558,-0.0665370476376027,-0.1468577536377573,0.15399515325549845,0.25842681635097625,-0.035754805223455546,-0.0452537257288919,1.4617046266855664
18.200000000000003,-0.9486321046747532,-1.344819419958664,1.1012599572672648,1.1850695873094017,0.4798041159046424,0.023414264680401378,-0.12780222471019062,0.16539097224586136,0.3847012092642303,0.013667525134064265,-0.07455109263616101,1.0583128891538423
18.3,-0.8247292650968502,-1.287386747472377,1.106715790963142,1.2911346511319521,0.6664248785156031,0.07979908357177629,-0.10876808062438188,0.16654485991988421,0.47648747977257766,0.062148900975762714,-0.11933492425774095,0.7569157997329853
18.400000000000002,-0.6907957363377234,-1.212140205229035,1.1159934646546483,1.385486314632387,0.8348969997088103,0.0994451979926316,-0.08946212043245974,0.15830968456445466,0.5423306324216408,0.10954167476878873,-0.17551506786681476,0.5302124909890794
18.500000000000004,-0.5480601797397564,-1.121236539093204,1.125323040452931,1.4669965498848383,0.9785265003924517,0.08069043813101417,-0.06928290870938321,0.1411944124226175,0.5882521145153256,0.1555844839724513,-0.23931629024391451,0.3549371047737602
18.6,-0.3978583237409744,-1.0174545143483589,1.1308469293054821,1.5346541704682903,1.091608469443717,0.023449963232472254,-0.047622506979602595,0.11564760688073068,0.618273541757849,0.19914521566654528,-0.30618045366881513,0.21440512686573523
18.700000000000003,-0.24162065948236422,-0.9040842672311087,1.1287783699180758,1.5875770511568152,1.16965451558118,-0.07077940184549042,-0.024026244546658665,0.082384228013272,0.6349699461828291,0.23778951721810318,-0.36996675337266854,0.0969383052030477
18.8,-0.08085897237953818,-0.7847962682177546,1.1155571759861909,1.6250231654248561,1.2095717203233425,-0.19897795486019565,0.0016857330979023672,0.04269401471841058,0.6398696396279152,0.2676993425375999,-0.42281344501772716,-0.0062454909692722695
18.900000000000002,0.0828481652528811,-0.663495121093968,1.0879965356815837,1.6464003052780383,1.2097859577442402,-0.35672268602063184,0.029322126766238268,-0.0013352674810960048,0.6337062692717225,0.28416602227690624,-0.4560824079167582,-0.10285193447368579
19.000000000000004,0.24787080248672988,-0.5441640263880081,1.0434150040097085,1.6512743601900048,1.1703046646571018,-0.538362862997186,0.05828752610790135,-0.04677903844820764,0.6165598122781931,0.2827692531265154,-0.46251085177054163,-0.2007529164857427
19.1,0.4125437692945691,-0.4307061099300178,0.9797484189285566,1.6393760457314277,1.0927165587775338,-0.7372446314250474,0.08765584762100684,-0.09010257933205208,0.5879177988830893,0.2608830078932968,-0.43890400356464965,-0.30841712331339
19.200000000000003,0.5751834274194411,-0.3267889422775165,0.8956372724660779,1.610605987685852,0.980128316102691,-0.9459756770358042,0.11634291061586975,-0.12763304894217395,0.5466798587714544,0.21869166717425226,-0.38796831649449304,-0.4345453577135006
19.300000000000004,0.7341048441195787,-0.2356984475374148,0.7904860465852539,1.565038083908447,0.8370407319801035,-1.156719398328876,0.14329837443872892,-0.15612629368542566,0.49112749769455744,0.15908615193612352,-0.31813639096482865,-0.5873144409187865
19.400000000000002,0.8876392134023708,-0.16020802578907128,0.6644921412116047,1.5029210837316551,0.6691693029340618,-1.3615068621115518,0.16761058123333678,-0.17323134456747744,0.41889330519870405,0.0866608002217451,-0.24152333906711962,-0.7735850219268781
19.500000000000004,1.0341513442580497,-0.10246810679474516,0.5186432341006906,1.4246783431754597,0.4832163820864944,-1.5525541051995666,0.18846653482102996,-0.1777466449767946,0.32699950417784807,0.0066996030031056305,-0.17124228091767912,-0.9976946224568876
19.6,1.1720570321825563,-0.06392053815272197,0.354683170752944,1.3309057333863104,0.286603991617349,-1.7225721323470733,0.2049945282025325,-0.16972040267720825,0.21210596287994118,-0.07510162178022439,-0.11917471584913523,-1.2585850551821238
19.700000000000003,1.2998401290020043,-0.04524122097743344,0.17504773720654135,1.2223676994036259,0.08717794418889868,-1.8650572515662522,0.21610268303460933,-0.15055129623417332,0.07119836913324172,-0.15211266862154826,-0.09431321215739716,-1.5441115808152426
19.800000000000004,1.4160691267177883,-0.04631328005118446,-0.017227130761858347,1.0999914863246365,-0.10710493092017126,-1.9745501717969736,0.22052571219461692,-0.12319143227854894,-0.09706290296031399,-0.21614136390481867,-0.10104543554272884,-1.824296146761135
19.900000000000002,1.5194130738015104,-0.0662318380789016,-0.21862104959248396,0.9648595699884663,-0.2884939876635009,-2.0468535331496436,0.21735155322464464,-0.09224904431317253,-0.29054003972874254,-0.25803140901103877,-0.13710644764782495,-2.052288741061244
20.000000000000004,1.6086566470783015,-0.10334020372150976,-0.4252641953143971,0.8182003492077983,-0.4497537433010276,-2.0791991970236903,0.20702368091556117,-0.06335791767852561,-0.5026025416299333,-0.2705409354564064,-0.19261460880217687,-2.185025041054226
20.1,1.6827142090210323,-0.1552960307151834,-0.6330862408989021,0.6613771761182183,-0.5844523206370795,-2.070358626238571,0.19205449284227663,-0.041393916341952455,-0.7237305607172957,-0.25213593861417344,-0.2526854934230114,-2.2164641443468485
20.200000000000003,1.740642688888565,-0.2191648105311363,-0.8379732927577798,0.495875820169975,-0.6872178531404141,-2.020691954056675,0.17645935828330336,-0.028468941807719278,-0.9457400278205443,-0.20793377810169159,-0.3032354425385846,-2.189190591573416
20.300000000000004,1.7816531366086485,-0.2915369713284488,-1.035926576583607,0.32329047943789135,-0.7539526308824943,-1.9321337851804987,0.16421015754709378,-0.02331341795899484,-1.165716392305678,-0.14655432890955913,-0.33543561344631856,-2.1699618631796755
20.400000000000002,1.8051208105398588,-0.3686639148440934,-1.2232165529160026,0.14530847006063657,-0.7819964499708263,-1.8081162940275768,0.15802798877240257,-0.022175072831780173,-1.387074421287397,-0.07626469373249292,-0.34583757146744754,-2.217664060590107
20.500000000000004,1.8105936741349469,-0.44660756786836925,-1.3965263249397348,-0.036306259460263654,-0.7702326532503243,-1.6534326852727386,0.15897726207686355,-0.020029720089940126,-1.6178982067298013,-0.0036445969799074845,-0.33391195614899144,-2.364197696162497
20.6,1.7977991919390708,-0.5213974861700569,-1.5530786278177828,-0.21973062785965367,-0.7191326347640695,-1.4740464591440199,0.16621314337512952,-0.011515790307686027,-1.8673366112232772,0.06502440039940754,-0.30013894353682646,-2.5952740891504424
20.700000000000003,1.7666493321408665,-0.5891892476432949,-1.6907413433207144,-0.40310076043710186,-0.6307370337205263,-1.2768540844822778,0.1764361769844486,0.007679319958524082,-2.1394670882340914,0.1213309485899051,-0.2467772438098973,-2.819624199420183
20.800000000000004,1.7172437008855008,-0.6464178200507629,-1.8081073395403893,-0.5845309827631758,-0.5085743677038964,-1.0694105399928575,0.18414125542966026,0.038133143009294726,-2.4255699783224847,0.15481715231379553,-0.18153946859626394,-2.875820861447404
20.900000000000002,1.6498707525748364,-0.6899397890848826,-1.904545458946211,-0.7621332741201524,-0.35752034896419854,-0.859628664380067,0.1845456882883753,0.0747751831752394,-2.702965278819756,0.1589768263970394,-0.11913186230565069,-2.658234295786566
21.000000000000004,1.5650070402254594,-0.717158776572502,-1.9802206281520855,-0.9340369787539622,-0.18360349240211282,-0.6554643001494572,0.17701927141622437,0.1098088957226862,-2.947497496910339,0.13727476543636313,-0.07429630027528054,-2.23710122422188
21.1,1.4633144904238071,-0.7261290488045009,-2.036082293661203,-1.0984085678507765,0.006235234955643265,-0.4645997821637118,0.16425027105154485,0.13779895661018282,3.135916106478865,0.09956119618519794,-0.053554961455934504,-1.7680751655430507
21.200000000000003,1.345635708293139,-0.7156331844625663,-2.0738216504729525,-1.2534712421850365,0.20441914097411307,-0.2941383879684244,0.14903778786180547,0.15688420803774655,2.9799333517707884,0.05451350046190728,-0.0557305356374109,-1.3522435502210062
21.300000000000004,1.212987338947177,-0.6852307057773647,-2.0957993744333114,-1.397524164671975,0.4030378796884739,-0.15032192983694317,0.13285265210128044,0.16706220976685854,2.860817085010678,0.006921824912316928,-0.07682159076557458,-1.0174612426648901
21.400000000000002,1.0665515329222708,-0.6352757341565622,-2.104946744995273,-1.5289611136305203,0.5941628242150143,-0.03828274584168863,0.11606070519498908,0.16873803076758503,2.7709474775025704,-0.04125928390307473,-0.11292245079365008,-0.7558723621400564
21.500000000000004,0.9076655838252407,-0.5669029664177965,-2.104644105752731,-1.6462883514278956,0.7701631683724188,0.03816002417272282,0.09844893388556664,0.16220233845194232,2.7040205506013906,-0.08933111717242016,-0.16077339606922025,-0.5507889132547905
21.6,0.7378098266787442,-0.4819825307191331,-2.0985815134344974,-1.7481415093181452,0.9240101550396688,0.07665175738791162,0.07957601121623495,0.14760613089098967,2.655353373834925,-0.1367451540698522,-0.21726732187619005,-0.38689307146871965
21.700000000000003,0.5585939049642933,-0.3830455219477316,-2.0906071359818625,-1.8333012976595136,1.0495573026266412,0.07639523053320307,0.05896806820820349,0.1251169785785319,2.62164237912053,-0.18238493359194402,-0.27868413077443754,-0.25244193769506834
21.800000000000004,0.3717415329357736,-0.27318318524491836,-2.0845694485808592,-1.9007078612310646,1.1417854579126416,0.03818136479596464,0.03625016537480958,0.09514137140915467,2.6006469130732963,-0.22408045751216152,-0.3400007321509401,-0.13881093452998106
21.900000000000002,0.17907389719047104,-0.15592376691138565,-2.0841595236143036,-1.949473611974591,1.1970029057701561,-0.035643390940636455,0.011264263000083593,0.058567435553108955,2.59093285792163,-0.25838893181225914,-0.39458669053967566,-0.03935971468556647
22.000000000000004,-0.01750814245997432,-0.035091942267325676,-2.092759706588265,-1.9788943860459172,1.212992558031032,-0.1412717365244084,-0.015822525887771787,0.016973978476248996,2.591694728071094,-0.2808425261026633,-0.4346725068303528,0.05176456682519139
22.1,-0.21604287826873997,0.08534357535589172,-2.1133047153291087,-1.9884587884308085,1.1891003535399716,-0.273588480457038,-0.04445386329281502,-0.02727911833679321,2.6026442990678778,-0.28684566360789027,-0.4528573929689279,0.14058665442118332
22.200000000000003,-0.4145274186470456,0.20142816913510309,-2.1481607042970197,-1.9778556064034762,1.1262613451646908,-0.42637568353103905,-0.07371293995115803,-0.07116817979488546,2.62395024161017,-0.2730730168340164,-0.4443922785509716,0.23372315248059164
22.300000000000004,-0.6109379928259878,0.3093788924525298,-2.1990271194724746,-1.9469791925990405,1.0269624337564347,-0.5925618059661539,-0.10246268943421602,-0.11135864555869322,2.6562156069099347,-0.23873051284984792,-0.4092447297199499,0.3381056224703402
22.400000000000002,-0.8032506889476035,0.40573519979603656,-2.2668652605040744,-1.8959327392366312,0.8951432347407358,-0.7645049235202368,-0.1295507053834975,-0.14470894516073848,2.7004814617471125,-0.18592559853018564,-0.35274577432780885,0.4602422974794713
22.500000000000004,-0.9894624116824366,0.48749682568829805,-2.3518564018887655,-1.825029386852041,0.7360390294750693,-0.9342987197996875,-0.15398487204816508,-0.1687563827279467,2.7582424855367402,-0.11897236145907868,-0.28439604266559665,0.6055168137546849
22.6,-1.1676118409334046,0.5522433148383494,-2.45339114634482,-1.7347911335498754,0.5559720624077361,-1.0940890539542425,-0.17500479953064102,-0.18203575132700567,2.831451115093283,-0.04323400469041453,-0.21555152728093432,0.7777620388345967
22.700000000000003,-1.3358001709451104,0.5982304382170007,-2.570090438221111,-1.6259455340251123,0.36209950436199395,-1.2363884813114665,-0.19204318049509003,-0.18418921787677617,2.92246761945383,0.035696760628399916,-0.15713511667673416,0.9787588822083575
22.800000000000004,-1.492211409239632,0.6244596512427468,-2.6998574024102893,-1.4994202011851254,0.16212812985459923,-1.3543761860957348,-0.20463414857356582,-0.17593215423065836,3.03388389703803,0.11212571214628513,-0.11801155602546869,1.2069748665308855
22.900000000000002,-1.6351320172670152,0.6307178249909844,-2.8399579451262684,-1.3563351468708407,-0.03599291663599924,-1.4421713669333038,-0.21235622416636743,-0.15897158585752771,-3.1150619900798358,0.17991245937532183,-0.10392022550731703,1.4552145049176435
23.000000000000004,-1.7629696794857008,0.617585666460064,-2.987126906067959,-1.1979930216731087,-0.22438901701192332,-1.4950691741832571,-0.21490603441079664,-0.13591458736867934,-2.956433947195734,0.23223446438691014,-0.11654951118484368,1.7082258006546662
23.1,-1.8742709947458394,0.5864144921962645,-3.1376955326430553,-1.0258673369095823,-0.3955740048509001,-1.5097297910619236,-0.21237313429688442,-0.11007167416402748,-2.7735617445020377,0.26215218839548443,-0.15265906044499392,1.9435956168945865
23.200000000000003,-1.9677378932811844,0.5392722812315643,-3.2877351966866293,-0.8415887742131144,-0.5427486044429092,-1.4843131185269525,-0.205655737762465,-0.08494109438685996,-2.568804312417723,0.26433310925968073,-0.20390476738652233,2.1400298387187404
23.300000000000004,-2.042242594241546,0.4788611580249643,-3.433211626374813,-0.64692970963591,-0.6600714857451597,-1.418553692485565,-0.19671521181189852,-0.06326453905587713,-2.346139921535791,0.237252421534793,-0.2583777499331204,2.291487200782805
23.400000000000002,-2.096840932413125,0.4084095950937445,-3.570143506628903,-0.4437870994516093,-0.7428921291494125,-1.3137728446343737,-0.1882812891920171,-0.04597545769971355,-2.109285343152767,0.1842225963651793,-0.30378478739045645,2.415492667585582
23.500000000000004,-2.1307838984483958,0.3315436328673011,-3.6947591269487985,-0.2341638937106129,-0.7879362164776641,-1.1728276201330174,-0.1829706594236614,-0.03168442527100509,-1.8596698026322784,0.11241778649704068,-0.3304386428463332,2.543447411787628
23.6,-2.1435272544097015,0.25214225081339886,-3.8036448332592223,-0.020149160854332174,-0.7934361572517763,-0.9999984866182268,-0.18221073457612594,-0.01707991138064224,-1.5961856803952437,0.03122009874646737,-0.33242982169925533,2.693573507479101
23.700000000000003,-2.1347391055486264,0.17418265572536742,-3.8938793669019383,0.19610287787956804,-0.7592015465661637,-0.8008203092619378,-0.18537504994485587,0.0017824586103256238,-1.3180199021210273,-0.04830833844676063,-0.3077721707124491,2.8384432800086903
23.800000000000004,-2.1043053298048076,0.10158165502994387,-3.963148736343776,0.4123946921083751,-0.6866267456300014,-0.5818633283843702,-0.18959271351924575,0.02740835119697101,-1.0299286292924874,-0.1134921044485596,-0.2596957393890722,2.8933919415204277
23.900000000000002,-2.0523327883044153,0.038039439053268564,-4.009837043071885,0.6265079406085756,-0.5786352827662284,-0.35047286937852673,-0.19104018215192425,0.05883472279338086,-0.7456954125161663,-0.15293960719038696,-0.19857919654632872,2.7679693368241622
24.000000000000004,-1.9791502629456803,-0.013107999854973518,-4.033089641581012,0.8362263919268846,-0.439563291423574,-0.11447815992293267,-0.18741628344655958,0.09181111106151538,-0.4839572518804794,-0.16239373703248408,-0.13965317385907597,2.457252008649791
24.1,-1.8853070907401257,-0.04902192776337627,-4.032846116113906,1.0393590284336,-0.2749866321598586,0.11811813893593082,-0.17904897173515932,0.12162694824586523,-0.2586469728960524,-0.14661026294035692,-0.09562100535765714,2.0497209354016843
24.200000000000003,-1.7715694886858802,-0.06747410447475882,-4.00984175993157,1.2337630909503,-0.09149859069698185,0.3394573123613449,-0.16759950282937258,0.1454068745805808,-0.07402668661790868,-0.11440021311056517,-0.07195864795643503,1.6427609937279282
24.300000000000004,-1.638914587329427,-0.06693567938935269,-3.965577498400886,1.4173668196574918,0.10355298547567071,0.5421362309735582,-0.15448839712691198,0.16210073615059237,0.0729305386422116,-0.07327452069783649,-0.06842446318093325,1.2880552103577811
24.400000000000002,-1.4885222155638744,-0.046638203925613075,-3.9022594550402054,1.5881916481756257,0.30235863241586813,0.7195008276093553,-0.1403919320668699,0.1715217717809938,0.18812789490636164,-0.02778415821187272,-0.08248003255945459,0.9971613534991228
24.500000000000004,-1.3217645033539724,-0.006604328133786086,-3.8227105697121884,1.7443736115208148,0.4969586181563664,0.8659097134997682,-0.12539731395019713,0.17366916128705784,0.27753954924725516,0.01982304925867473,-0.11133400521027474,0.7630706195820965
24.6,-1.1401933927091468,0.052353042267089145,-3.7302577921570914,1.8841837350445598,0.6795602817669917,0.9769574261993319,-0.1092577224235955,0.16848055532194883,0.3461447021622654,0.06851037522431166,-0.1524850143347391,0.5740158614008505
24.700000000000003,-0.9455261700877085,0.12866309481474653,-3.6285993476068996,2.0060471804250177,0.8428487117446049,1.0496484109335191,-0.09157284125643164,0.15582538417332303,0.39775887722236897,0.11756582718146914,-0.2034760479011798,0.41905755636101377
24.800000000000004,-0.7396291552576856,0.22005967553451716,-3.5216573654995544,2.1085609362074824,0.9802783779641752,1.0825148011105528,-0.07190737676757052,0.13561013708664899,0.4351787233451051,0.1659320097852822,-0.26132879850055335,0.2895357463979531
24.900000000000002,-0.5244997022189287,0.32367157618946363,-3.413421745657265,2.190509854189751,1.0863340907459755,1.0756733042688942,-0.04989082426079491,0.10794635595785924,0.46038431015083814,0.21167543389017787,-0.3219108553455396,0.17893661570259214
25.000000000000004,-0.3022466868781551,0.43613694407449155,-3.307791485448116,2.250880848981146,1.1567508834247429,1.030818927378765,-0.025325927794196665,0.0733584983909262,0.47471383192317906,0.2516313724645142,-0.3794868302484886,0.08221277235335177
25.1,-0.07506967354674178,0.5537372531893341,-3.2084197924960454,2.2888750961760054,1.188684052397064,0.9511557934033619,0.0016938660091766612,0.032994572156891014,0.47899263140904547,0.28141580358788654,-0.4268134896948148,-0.005085115658293982
25.200000000000003,0.15476303219878504,0.6725454957751155,-3.118569156412404,2.303918084592728,1.1808225756873978,0.8412678089681841,0.030689465877065024,-0.011231745022800792,0.4736197209866106,0.29605840865137784,-0.4561530514591435,-0.08764807881875021
25.300000000000004,0.3849372233703556,0.7885826862779638,-3.040982155817055,2.295667399735353,1.1334413883927634,0.7069343409018082,0.06077831448501298,-0.05666175760765879,0.4586195730679729,0.2913015048667386,-0.4612486964277592,-0.17091565343037202
25.400000000000002,0.6131162920766633,0.8979764384131814,-2.977773149432905,2.2640181388144307,1.0483904309495689,0.5548982517009444,0.09077655079272667,-0.1001409756998611,0.43366655216880856,0.2651093605159632,-0.4396102600210758,-0.26095668909360864
25.500000000000004,0.836965149871618,0.9971152933554138,-2.9303451672916956,2.209105882077674,0.9290209068339869,0.3925955432374028,0.11940566580069865,-0.13846840803627175,0.39808828419072223,0.2185492622698489,-0.39391212035217005,-0.36375936420433835
25.6,1.0541743208660386,1.0827926464694726,-2.899335313279389,2.131307170594286,0.7800516895691505,0.2278573885468657,0.14552019779749675,-0.16890822843523773,0.3508542215790829,0.15549523757103864,-0.33162084297471095,-0.4844056469340638
25.700000000000003,1.2624839568408572,1.1523345346700564,-2.884590853435327,2.0312374667429105,0.6073812049705305,0.06859643230186818,0.1682591768377497,-0.1895903306784287,0.2905577306307275,0.08144845776376727,-0.26306807733450943,-0.6266535588462514
25.800000000000004,1.459707522549324,1.2037061899241805,-2.885176940922253,1.9097466001959182,0.4178522882912809,-0.07751013230905845,0.18707998820569274,-0.19969595706820722,0.2154052820445198,0.002323245226130238,-0.19904565445598602,-0.792996300632951
25.900000000000002,1.6437549010101442,1.2355931109373033,-2.899415667180698,1.767911728889181,0.21897939067142624,-0.20332807409977183,0.20170608749385732,-0.19943686379889278,0.12323563157719572,-0.07616522579877524,-0.1489040950667334,-0.9847887330796143
26.000000000000004,1.8126546728726292,1.2474534209436157,-2.9249548797601417,1.60702787103084,0.018649010309365832,-0.3025519608977189,0.21205539931100886,-0.18990622401408025,0.011604138030738956,-0.14846243568823292,-0.11943861965841307,-1.2019552005350023
26.1,1.9645753308522746,1.2395394242534843,-2.9588640204747785,1.4285960903482702,-0.17519470877996568,-0.3699579262397355,0.218210267077771,-0.1728772133054769,-0.12202489661649431,-0.20884405423421812,-0.11429065467411381,-1.4421235215016328
26.200000000000003,2.097845199734496,1.2128875021594319,-2.9977531601800815,1.2343094422155287,-0.35486667623468066,-0.4016132873967265,0.2204653342599568,-0.1505738043168795,-0.27995185165610703,-0.25126063239096774,-0.13349533891587845,-1.6996354020003506
26.300000000000004,2.2109708444406224,1.169276751011923,-3.037910481557818,1.02603681276711,-0.5132472272342053,-0.3950346566168007,0.21945243407413284,-0.12537419963161545,-0.46382600450090583,-0.2697616542842405,-0.1730691942832697,-1.9655726791924901
26.400000000000002,2.302653763033353,1.1111580114273276,-3.0754527257055573,0.8058048063178249,-0.6440659527256227,-0.3492882409346503,0.21627298808953263,-0.0993759384476574,-0.6743034955099834,-0.2596920829861051,-0.22493284550611287,-2.2298901844298484
26.500000000000004,2.3718051781696707,1.041556118002597,-3.10648260137731,0.5757778581173585,-0.7421516725721578,-0.2650283307002238,0.21247130838059133,-0.07382147319964981,-0.9109726920349825,-0.21943413375131668,-0.2776852859981257,-2.484361952331216
26.6,2.4175587592256735,0.9639492665251261,-3.1272468780244393,0.3382367694286813,-0.803638585982781,-0.14447244124744074,0.2096449627823448,-0.04859484461843109,-1.1724190863989319,-0.15206227425763028,-0.3184809811791159,-2.720506160826337
26.700000000000003,2.439281127933496,0.8821303079195284,-3.1342888564110334,0.09555587990722915,-0.8261203806555428,0.008685902389473754,0.20866025239792033,-0.022246349698686486,-1.4556398448675236,-0.06635210390939009,-0.3357880291321175,-2.9163521429784236
26.800000000000004,2.4365800226775542,0.8000554986971566,-3.124589134617147,-0.14982089193099965,-0.8087461567889128,0.18942326178105495,0.20888189292419432,0.007014193884857528,-1.753970605747932,0.023298252500458604,-0.32289456141193784,-3.0205808797871305
26.900000000000002,2.4093100203691686,0.721686737743748,-3.0956890537650157,-0.39540489591345573,-0.752254341773176,0.39158543904881515,0.20827970907152235,0.039598778283455975,-2.0547344159450507,0.0995009372184472,-0.2817759468346593,-2.966688380163004
27.000000000000004,2.357575739810736,0.6508335789598956,-3.045791898208749,-0.6386882299140367,-0.6589432434897143,0.6081317497820231,0.20483345893465324,0.07357160640787799,-2.340586538934996,0.1483900397963301,-0.22419589183549543,-2.730867236349319
27.1,2.2817324764147493,0.5910013182050553,-2.973837811692991,-0.8771695885970987,-0.5325794161648658,0.8314146774533338,0.19796457401819295,0.10571626370088734,-2.595927465178115,0.16588333119765317,-0.1663178087525957,-2.3670272898309057
27.200000000000003,2.1823842447886195,0.54525121083251,-2.879549438757983,-1.1083802122127981,-0.3782474919421359,1.0534837612626533,0.18843341501101704,0.1334142523120278,-2.812723801721538,0.15705730983930732,-0.12066347987293975,-1.9641541138501823
27.300000000000004,2.06037923275433,0.516078392494446,-2.7634464676764,-1.3299096637491048,-0.2021474649138003,1.2664016031769019,0.17728232246860104,0.15534580973063505,-2.9907464129506094,0.1303134291497503,-0.09288614195401669,-1.5878058030527178
27.400000000000002,1.9168026975569519,0.5053123701227226,-2.6268284909257327,-1.5394311629140178,-0.011347509257373045,1.4625593967284565,0.16516011040755663,0.17106172840052122,-3.1342215518382375,0.09280572124896476,-0.0836291660524539,-1.265227420789208
27.500000000000004,1.7529673620401063,0.5140440501893563,-2.471726862206012,-1.7347262084751196,0.18649781416255462,1.6349793991491024,0.1522426319316319,0.18040938781510876,3.0344955009930166,0.04913625927233221,-0.09136971495335022,-0.9988333294245935
27.6,1.5704013951414126,0.5425822133931516,-2.300827464953658,-1.913708226406815,0.38345272851386564,1.777592288892591,0.13837764229813163,0.18322404182166305,2.94383983708752,0.0018147891441904309,-0.11412390812315047,-0.7808870880169189
27.700000000000003,1.3708340869016817,0.5904411709828328,-2.117367466905442,-2.0744449900403894,0.5716166228448522,1.8854783517873708,0.12322397795588984,0.17924023536242414,2.872713702856496,-0.04789157323725996,-0.15001183931581868,-0.6015418771363622
27.800000000000004,1.1561793530105506,0.6563600948136743,-1.9250101723021116,-2.2151795698991275,0.7434390319148307,1.9550628810470303,0.10634263155741427,0.16811819265170755,2.8177934389863855,-0.09919564490267845,-0.19715581807694485,-0.4519926229657606
27.900000000000002,0.9285172274579719,0.7383532505028252,-1.7277029564461455,-2.334349585023244,0.8920206567561245,1.9842580016630387,0.08726327262285763,0.14953435832829604,2.776587350025121,-0.15114589523806743,-0.25322987900915334,-0.3252952986996877
28.000000000000004,0.6900735238699094,0.8337891310395558,-1.5295239417330198,-2.430604544208821,1.0113884252278247,1.9725452655427989,0.0655564147671401,0.12332486584694217,2.7472796055078366,-0.20204440367824247,-0.31483926304345056,-0.21625912749801757
28.1,0.4431978663352698,0.9394953360367215,-1.3345235230747796,-2.502821084537677,1.0967336267653973,1.9209957249873943,0.040931895939489316,0.08967982260408877,2.72859568432585,-0.24894866923645356,-0.3769229936462631,-0.1209570346162694
28.200000000000003,0.19034030875531865,1.0518850154123853,-1.146567055935208,-2.5501159356704957,1.1446036276456355,1.8322266845925985,0.013366230288873808,0.04936900288411225,2.7197006726661104,-0.28743836710150644,-0.4325125970008077,-0.036011380880633534
28.300000000000004,-0.0659732222359868,1.167099836584679,-0.9691849738143213,-2.571856461398996,1.1530395236845787,1.7102968560362073,-0.0167680816723388,0.003941136028967872,2.7201286544885694,-0.3119732066582867,-0.4733118931155272,0.0422372597483138
28.400000000000002,-0.32316641210511043,1.281163775522799,-0.8054363058036548,-2.5676686546691796,1.1216542425902003,1.5605440958454988,-0.04863169985048741,-0.044201895272252045,2.729738319070142,-0.31709079591232375,-0.49141869349098893,0.11840549692642875
28.500000000000004,-0.5786387112475567,1.390141600484056,-0.6577910305932813,-2.5374424884410076,1.051647982275819,1.3893721952225293,-0.08097509368682788,-0.0919571038842858,2.7486901141804263,-0.2992045446967233,-0.48186803029967096,0.19817178951106326
28.6,-0.8297918876479975,1.4902957301842505,-0.5280359523451564,-2.4813345520689407,0.9457603696578178,1.2039952220874564,-0.11234321796325727,-0.13592530108796608,2.777441237928089,-0.25810241490310964,-0.44482623615006023,0.2876092157991554
28.700000000000003,-1.074056705580518,1.5782352129550956,-0.41720784609217837,-2.3997679310870637,0.8081612472157522,1.0121496077081589,-0.14135834166560185,-0.17296465721479962,2.816755512870775,-0.19717293936854852,-0.3860915488840437,0.3921230030906114
28.800000000000004,-1.3089194537810327,1.6510508875536003,-0.32555653316672495,-2.293429317066086,0.6442844413104767,0.821785456155724,-0.16695617323542178,-0.20069735028127142,2.8677252686606085,-0.12225291286886517,-0.3155484782716813,0.5157376433462921
28.900000000000002,-1.5319480466432989,1.70643133718249,-0.25253935394395266,-2.163263363273609,0.4606111393931766,0.6407493830953913,-0.18848870348823196,-0.2178034105570192,2.931801415206068,-0.03998503627091649,-0.2445342785015447,0.6611588931108259
29.000000000000004,-1.7408174250161195,1.74275501399471,-0.1968472534773366,-2.0104643309059744,0.2644115121727534,0.47647152807181603,-0.20569975857044512,-0.22405693753325095,3.0108255278439913,0.04331653543105804,-0.1834552486309865,0.830384611880447
29.1,-1.9333339890953332,1.759154861362742,-0.15646143530545767,-1.836465099360841,0.06345488145083822,0.33566921801440364,-0.21864184479972812,-0.2201681191596339,3.1070536651780545,0.12195077787130454,-0.14034640300506107,1.025326246869915
29.200000000000003,-2.1074588046608493,1.75555285762086,-0.12873832006573852,-1.6429236420774433,-0.1343000116815758,0.22407909580817398,-0.2276031894099318,-0.20752585616697017,-3.060029479556671,0.1905361568164478,-0.12027130430403177,1.2480469926085944
29.300000000000004,-2.2613293354261215,1.732663104124371,-0.11051941714559549,-1.4317070965860799,-0.32102229025574264,0.14622839291569367,-0.23307852273898294,-0.18790476207942355,-2.9210174750481777,0.24359377610651756,-0.125114444503919,1.5004822610026123
29.400000000000002,-2.393279468437387,1.6919633345088088,-0.09826172441972783,-1.2048735832865156,-0.48932112735645666,0.10525446443831743,-0.23577638788577004,-0.1631531112614166,-2.755823092651081,0.27537963078217864,-0.15338967023115624,1.7835792102860233
29.500000000000004,-2.501857616143607,1.6356359809791365,-0.08818345275973305,-0.9646519518377177,-0.6325403887046788,0.1027797808874713,-0.23661416795127238,-0.13485305562139727,-2.5612077094953394,0.28024217997529327,-0.19992121090385603,2.0954390050898617
29.6,-2.58584269779133,1.5664811471242552,-0.07641926108396352,-0.7134196566229637,-0.7450239854211257,0.1388473600068063,-0.2366042203199281,-0.10397532027402824,-2.3345279805570534,0.2537676131177046,-0.2555227413529317,2.426963442992044
29.700000000000003,-2.6442578239907526,1.487804956750228,-0.059178808596830335,-0.45367898330768064,-0.8223413581932907,0.2119192123869108,-0.23651372458225303,-0.07067683573617348,-2.0749374957500972,0.19498152225939058,-0.3071679857361283,2.7523432501944796
29.800000000000004,-2.6763815314354664,1.403287729906244,-0.032902298661747986,-0.18803186680712747,-0.8614641035032181,0.3189378624089967,-0.2363202752794998,-0.0345795464877338,-1.7856960078760757,0.10953906618468749,-0.33978692296487145,3.015698119167229
29.900000000000002,-2.681756439603581,1.31683724150339,0.005593191268410624,0.0808464431776396,-0.8608867003854789,0.455448491396269,-0.2349223221414708,0.0042160352781701795,-1.4771602820535505,0.012178590783066228,-0.341266840181556,3.1329491109352894
30.000000000000004,-2.6601952275666294,1.232432912636384,0.058982431859249784,0.35023459969017745,-0.820686524720063,0.6157768329930656,-0.2308290620887142,0.04403150723899891,-1.167437518752481,-0.07598438544068681,-0.3097818320276629,3.03888925839242
30.1,-2.61178385651405,1.153967146202982,0.12932105430162044,0.6173929793289943,-0.7425207584794116,0.7932557280847776,-0.22349730219995448,0.08191284066155273,-0.877151370054942,-0.13718061665076775,-0.2565475733330029,2.7504647634222947
30.200000000000003,-2.53688199198003,1.0850901322635274,0.21795928201382953,0.8795918190372692,-0.6295603171477875,0.9804913066287508,-0.2136950102161089,0.1152720968377667,-0.6212127504332744,-0.16540481703767174,-0.1987820977204681,2.3577998506559825
30.300000000000004,-2.436120608740736,1.029064310255746,0.32548382519330554,1.1341393770537425,-0.48636342941797306,1.1696581839264943,-0.20259652622092103,0.14287036327423666,-0.4051179897129691,-0.16512949617786232,-0.15012155504919567,1.9531112337784164
30.400000000000002,-2.310396790630359,0.9886342901913829,0.45169025894197623,1.3784098247462842,-0.3186939091434627,1.352811902114923,-0.1909638203521231,0.16447366409545128,-0.22721162554645627,-0.14460486455644336,-0.11727647957289182,1.588307200128674
30.500000000000004,-2.1608657667969142,0.9659174186606223,0.5955869903360298,1.609870577671572,-0.1332913644696006,1.5222061601040053,-0.17900889575893955,0.18016434420631572,-0.082607901504565,-0.1111204037764889,-0.10190162457071317,1.2793128946178114
30.6,-1.988930254875009,0.9623193524268996,0.7554306603855606,1.826108778903654,0.062397494819788624,1.670602184251328,-0.16657614555967978,0.1899486569847622,0.03415635922901507,-0.06960867422279476,-0.10329575428345006,1.0236663752268118
30.700000000000003,-1.7962272098865093,0.9784780054209616,0.9287915735429176,2.0248566554121052,0.26051573981259124,1.7915579053527886,-0.15331677758938922,0.19364470709429452,0.1279559228067664,-0.022938346877981592,-0.12007069070991849,0.8127158667508051
30.800000000000004,-1.5846121050913746,1.0142381037853043,1.1126465502340808,2.204015478974884,0.453109459066738,1.8796854125522973,-0.13878284516910333,0.19089692651489637,0.2027586056373874,0.027370169103030573,-0.15080593232211734,0.6372166540297948
30.900000000000002,-1.3561408972069933,1.0686573633736272,1.3034955045343903,2.361677876680438,0.6324448615424847,1.9308664194394969,-0.12247023018232064,0.18123644425778818,0.2616552558449135,0.08045013100288571,-0.1940731412754615,0.4892817222842065
31.000000000000004,-1.1130498531162567,1.1400440434226287,1.4974971031757538,2.4961482523729437,0.7913166039756533,1.9424171514937185,-0.1038491644180785,0.16417085371041507,0.30699293471447503,0.13546045522640793,-0.248084619384519,0.3628021266363959
31.1,-0.8577334381265393,1.2260243792443697,1.6906181012697503,2.6059610992615365,0.9233350506527223,1.913196080412729,-0.08241146941841396,0.13931415747059017,0.3405150780592406,0.19096885229475982,-0.3100979588513586,0.2533030787745374
31.200000000000003,-0.5927204867761309,1.3236372056053758,1.8787904047902169,2.6898970051580937,1.0231810134475046,1.8436502093494096,-0.057755107571750536,0.10657099100816823,0.3634783671850904,0.24433878657237412,-0.37571450218638697,0.15755033870272545
31.300000000000004,-0.3206488958855511,1.429451998451618,2.058069601720703,2.7469961752111423,1.0868178164381863,1.7357980628322092,-0.029714171711471594,0.06637271670885847,0.37674093433590233,0.2912662991596768,-0.4383545951650429,0.0729371285197433
31.400000000000002,-0.04423909581272832,1.539705629023168,2.2247886451223553,2.776569322326619,1.1116522307581145,1.5931500585023197,0.0014838669432908282,0.019924150838655733,0.3808244238599304,0.3258229975124843,-0.4894088957473719,-0.0033494171503290274
31.500000000000004,0.23373343048411765,1.6504523783983243,2.3757005645532985,2.7782058024471312,1.0966378637159286,1.4205694341637605,0.03509299057003865,-0.03063383631515594,0.3759540025039064,0.3414357150721294,-0.519608709106145,-0.07518741837171236
31.6,0.5104663000968959,1.7577212318555573,2.508104519571317,2.7517789002211206,1.0423168803874288,1.2240792734896588,0.0698456265178307,-0.08227275465079412,0.36207990367309195,0.3328475783021863,-0.5216630111172316,-0.14792645251599884
31.700000000000003,0.7831587660702637,1.8576741822183973,2.6199501730434234,2.697448200036508,0.9507983943712869,1.0106233225807513,0.10413371627312977,-0.13141744160422497,0.33888307377581117,0.29824438911022244,-0.493169244844588,-0.2278858936046831
31.800000000000004,1.0490403430980608,1.94675923112329,2.7099162261974943,2.615659007612666,0.8256743892013088,0.787790131762846,0.13633280817812732,-0.17452289367027582,0.30576651139198424,0.2401879467450283,-0.43809320623102443,-0.3211014905145103
31.900000000000002,1.305399227606549,2.021851988527717,2.7774599873297934,2.507138818023543,0.6718765223635057,0.5635115190954638,0.16512568480944328,-0.20868547685154729,0.26183314109451306,0.16469177801925416,-0.3657924480533013,-0.43218765889493793
32.,1.5496102179454079,2.0803802253279864,2.822836000765551,2.3728908568412783,0.49547952069024986,0.3457473757566659,0.18968567407076856,-0.23206293770686284,0.20585064204588294,0.07920511034190665,-0.2882357366701017,-0.5641228244361942
32.1,1.7791618446108493,2.1204264135618778,2.8470829960243895,2.214184751719268,0.303459005137063,0.14216937795663365,0.20968690045358984,-0.24399573654859022,0.1362036954910116,-0.009112111776499007,-0.21706069432454095,-0.7189707487963845
32.2,1.9916824276687264,2.140804166236905,2.85197967999907,2.032544421852994,0.10341339970426988,-0.04014378639137761,0.22521023009954821,-0.24487063822946073,0.05083495504139847,-0.09407690129335203,-0.16164725568713117,-0.8989415485536965
32.300000000000004,2.1849647887620818,2.141105529364543,2.8399711369677334,1.829733302047345,-0.09673898888250021,-0.19498752708731582,0.23663480889651026,-0.23583727383779599,-0.05282136018215706,-0.17029049455846088,-0.12834087675667216,-1.1072251774994535
32.400000000000006,2.356989358178649,2.1217172408113467,2.814068772912597,1.6077370462700031,-0.2890756442553756,-0.3172775914123971,0.24456466075890598,-0.21847084822511603,-0.17790193348784186,-0.23259129256294084,-0.12034256541277384,-1.3483098055607308
32.5,2.505945433290668,2.083805307773023,2.77772779520145,1.368743882282102,-0.46598568136092205,-0.40325161866996617,0.2497859689784295,-0.19442448742235932,-0.328139744190531,-0.27558601922014,-0.137734537826654,-1.6274978247582867
32.6,2.6302503631034053,2.0292685177140446,2.7347071141593484,1.1151228139249245,-0.6204732637079551,-0.45061797539115594,0.25320344128960204,-0.1650856570237891,-0.5077565187134513,-0.29352953268959714,-0.17729308119200857,-1.948712251495615
32.7,2.728566454473935,1.9606627361401807,2.688917253717804,0.8493998906380682,-0.7464365006178145,-0.45864593886165195,0.25566240811913754,-0.13128098931423268,-0.7209674527905076,-0.28085428696363424,-0.2319341341599332,-2.3082319351613836
32.800000000000004,2.799815418577121,1.8810990092080415,2.6442623362436617,0.5742327845419193,-0.8389107057237913,-0.42819363489285756,0.2575598783637651,-0.09320045602232227,-0.9705502636548516,-0.23393669351701446,-0.28998591097500714,-2.680781852125841
32.900000000000006,2.843190201164882,1.7941195334943143,2.604482442767771,0.2923839337138269,-0.8942663187704915,-0.36167261731064415,0.25833072699590975,-0.050891197723263455,-1.2547981343504344,-0.1548039287247386,-0.33551573867679896,-3.000313707716157
33.,2.8581640668326744,1.703556437613906,2.5730026347407318,0.006692525922622844,-0.9103536001953532,-0.26295050253670926,0.2564067946875768,-0.005471496747386093,-1.5634448917502861,-0.055681635524973856,-0.35253859501608936,-3.162253701092169
33.1,2.8444968355979574,1.6133790056134856,2.5527946577414906,-0.2799543901092603,-0.8865883299756525,-0.1371955421910655,0.2503843777683189,0.03998264883005726,-1.876653790922019,0.041435501150239806,-0.3340916935326436,-3.086831809457841
33.2,2.802238199319265,1.527535432857077,2.5462568418474043,-0.564651369013786,-0.8239750941981001,0.00933066860335141,0.24051821790413344,0.08157712528209445,-2.1715727442183037,0.11508612039726729,-0.2882625944834643,-2.797771283033807
33.300000000000004,2.7317280755383235,1.4497954230924197,2.5551169878023767,-0.8445043050032282,-0.7250672309887112,0.169524081864329,0.22849379321922028,0.11681814137541531,-2.432143458084371,0.15563785829564347,-0.23218832164147882,-2.401055519205635
33.400000000000006,2.633593986898978,1.3835999018518417,2.5803621116202473,-1.1166601327701149,-0.5938650326320114,0.3357226828379405,0.21592670822166413,0.14519750277263477,-2.6528122851611546,0.16559922251529632,-0.18102388862689314,-1.9960594687700397
33.5,2.508745485067244,1.331923837635517,2.622197849370656,-1.3783361854308818,-0.43565626223957604,0.5000132286810242,0.2035594459524173,0.1671951828559021,-2.83545505759325,0.15268674262651713,-0.14317612522704154,-1.6336592495186133
33.6,2.358365668725096,1.2971576397590643,2.6800391413082707,-1.6268489047109258,-0.25680534306468306,0.6545480097494109,0.19140575243870778,0.1833347140030264,-2.985030081357572,0.1244127558905805,-0.1216041958829439,-1.3272248051430093
33.7,2.1838998754164733,1.2810118611546009,2.7525325673689407,-1.8596416045881827,-0.06449962481974136,0.7918590039347179,0.17911720139729945,0.19382879453335972,-3.106922650754691,0.08620157621584285,-0.11644815875078249,-1.0729465670098048
33.800000000000004,1.9870416564699875,1.284449005319289,2.8376094440880353,-2.074310998767712,0.13353715744280065,0.9051568984269505,0.16621267138410425,0.19856489809292102,3.077304733436118,0.04141399270397676,-0.12681306131088807,-0.8619437071416467
33.900000000000006,1.7697161726008361,1.3076451560487383,2.9325675665074473,-2.268632214558795,0.32935280839600223,0.9886030565719633,0.15216701886649192,0.19718709778047638,2.9974230582948764,-0.008063371968806054,-0.1515824084993839,-0.6852444603318948
34.,1.5340611748047466,1.349982959652286,3.0341783365250583,-2.4405820308488457,0.5150837054501178,1.037543586092176,0.13643223598032722,0.18918641854106605,2.9335954653523384,-0.06117695587694173,-0.18959123788210205,-0.5353374676575315
34.1,1.2824057605150379,1.4100762394226969,3.1388150069363325,-2.588360095760323,0.6832683006050573,1.0486961758446136,0.11844485471437034,0.17399466322356852,2.883502761522939,-0.11710212743613392,-0.2393970456387178,-0.40643564650297814
34.2,1.017247118432418,1.4858252610546523,3.242596928475473,-2.710407900055414,0.8271445928141578,1.0202822512673035,0.0976515380687307,0.15110306893462883,2.8453963374723705,-0.17463230183492015,-0.2987672014454101,-0.2943228612704088
34.300000000000004,0.741225496706132,1.5745004457499197,3.3415440490494612,-2.805425305209223,0.9409197115754003,0.9520991786454831,0.07357419456426324,0.12022933463469285,2.817989641429097,-0.23153091409158338,-0.3639834451620051,-0.19603222575420692
34.400000000000006,0.45709764802056596,1.6728511936275121,3.431735505511166,-2.8723844500684943,1.020000864303084,0.8455296384032401,0.04592711207455979,0.08154304015997224,2.800376348108555,-0.28393809130141145,-0.4291796920473526,-0.10934101346912092
34.5,0.16770902141996086,1.7772354789886309,3.509465985037974,-2.9105408868926825,1.0611784403374072,0.7034877925100906,0.014778230442795574,0.03592576432248873,2.7919722643149876,-0.3261415091869987,-0.4861580080983929,-0.0320128053451948
34.6,-0.12403501578785447,1.8837650508779202,3.571393621979066,-2.919441826057821,1.062753971813186,0.5303043909231917,-0.01929298416097733,-0.014812067935970681,2.792477186154908,-0.35120097735461864,-0.5252956713668518,0.039123890553191126
34.7,-0.41519863211539165,1.988460450248533,3.6146735333676734,-2.8989313984956424,1.0246078499919151,0.3315553963072792,-0.055132405514582816,-0.06788545093943239,2.8018536150153257,-0.352720943511341,-0.5378837779334192,0.1088422403329285
34.800000000000004,-0.7028453604742705,2.087409663681771,3.6370716687165183,-2.8491528757308453,0.9482040974210357,0.1138409580363452,-0.09113341352009817,-0.1197766012927187,2.820320273624294,-0.32725176410098983,-0.5192784431523555,0.1833414947197314
34.900000000000006,-0.9840679953106657,2.1769240886338865,3.637054434403788,-2.7705478188470134,0.8365320056697061,-0.11547645408601853,-0.12554710245925427,-0.16676500765142074,2.848359376839363,-0.27591214016530435,-0.4711874922640093,0.2690876090846433
35.,-1.2560182510820446,2.253685592363718,3.6138505186314336,-2.663852159528372,0.6939869653606751,-0.3485643177613689,-0.15685400104237546,-0.20557813910678943,2.8867375123647205,-0.20405543623279854,-0.4015498156534012,0.37140074793132927
35.1,-1.5159358767674163,2.314878801761706,3.5674824510981256,-2.5300892481574597,0.5261952394290346,-0.5774310771250016,-0.1840248986698012,-0.2339134301725546,2.9365407438414355,-0.11929285132630599,-0.3220775143561828,0.49383248691960174
35.2,-1.7611769261807804,2.3583033500980997,3.498766637997741,-2.3705599354652014,0.3397896653454816,-0.7942435144456759,-0.2065879739935536,-0.250664565194595,2.9992250747038747,-0.02934781399211921,-0.24504392963617158,0.6386844999375755
35.300000000000004,-1.9892408920579847,2.3824616057627686,3.4092818696323417,-2.186829785098956,0.14214522834870902,-0.9916378230904079,-0.2245480697632305,-0.25584930443501236,3.07668337542799,0.05909709240395458,-0.1808819229237334,0.808164328020859
35.400000000000006,-2.197796423127463,2.3866183855244865,3.3013075547168005,-1.9807135443730766,-0.05891495245188966,-1.1630119813385649,-0.23825813536471108,-0.25034494722251205,-3.111857113410805,0.14044849371921203,-0.13708037652575358,1.0054787540227903
35.5,-2.384705357544835,2.370830271726507,3.1777341422463903,-1.7542570290806514,-0.25543150369670753,-1.302787772085134,-0.24831298261207232,-0.2355448070300639,-2.997002117235264,0.2096605969566641,-0.11798980830524067,1.2354367093808432
35.6,-2.54804482302506,2.335943364630366,3.0419493004875586,-1.5097166052740794,-0.4396261094631364,-1.4066320035741535,-0.25547577110564196,-0.21300218663059423,-2.8582307335831185,0.2616213416575981,-0.12493003807093539,1.504229366794328
35.7,-2.6861271735710526,2.28355955951093,2.8977043890365444,-1.249536476081984,-0.6042116048034011,-1.471628112806834,-0.260594432744215,-0.1840908016894936,-2.6911925765526137,0.29078123669928413,-0.1561379569017317,1.817529057504027
35.800000000000004,-2.7975175546749202,2.2159726929245456,2.7489665454427215,-0.9763240046544016,-0.7426824886822363,-1.4963913113323595,-0.2644243809752396,-0.1497271325042994,-2.491283301351862,0.2913025253088712,-0.20627633790249772,2.174682941516666
35.900000000000006,-2.881048913029913,2.136077103793187,2.5997622812975703,-0.6928233249763416,-0.8495742744798777,-1.4811226838921647,-0.2672707593397199,-0.1103060259516068,-2.2549141109874546,0.25829343958050904,-0.2654933169515342,2.5554213330382356
36.,-2.9358342928904793,2.04725225468175,2.4540188210850573,-0.4018875103416903,-0.9206813385740616,-1.42760008412117,-0.26852404075205494,-0.06616193489657524,-1.9823763359628674,0.19104835440421222,-0.3189202013350685,2.9000320196703933
36.1,-2.96127628898422,1.9532280130501818,2.3154095069847753,-0.10644958454501988,-0.9532245820652854,-1.3391061911860191,-0.26663122157186875,-0.018707437857445976,-1.682008690970566,0.09806487053722034,-0.34936545406817454,3.1061041678585717
36.2,-2.957073555026229,1.8579359632880597,2.1872094306320413,0.1905073268335298,-0.945962221501106,-1.2202965964096308,-0.2602312597910687,0.028704869143661906,-1.3720645914836709,-0.0010467836950115563,-0.34564186647469947,3.0836354903085397
36.300000000000004,-2.9232242971119478,1.76535267724767,2.072167045034111,0.48598039843834734,-0.8992392917227598,-1.0770131797198985,-0.24969117889692005,0.07191259307605773,-1.0753263228333083,-0.08348790276956969,-0.3108497463582278,2.8386838909834675
36.400000000000006,-2.860026712255504,1.679341191581158,1.972396872678217,0.7769777477718817,-0.8149738873114936,-0.9160502168553971,-0.2369293640901401,0.10828909209523252,-0.8092612796814714,-0.13568053334956073,-0.25977776405291464,2.4684209388653477
36.5,-2.768076363775685,1.603497011676294,1.8892975847455689,1.0605490029659832,-0.6965806911445183,-0.7448825427087491,-0.2237953846463235,0.13743389638192516,-0.5811486680776857,-0.1567064006549733,-0.2082728088548689,2.0749817065259517
36.6,-2.648260516784423,1.5410047815242187,1.823498714799864,1.3338154806670897,-0.5488348387354184,-0.5713666088619417,-0.2111392030558282,0.16006731637319263,-0.3903613078291299,-0.15271394357826346,-0.16660732991418992,1.715142008902521
36.7,-2.5017494883756717,1.4945113336356262,1.7748381286754809,1.5939996627461794,-0.37768154565805845,-0.40342635396253834,-0.19896864897152444,0.17693418475485453,-0.23264919859473568,-0.1310285708428748,-0.13938291671737826,1.4065659723458361
36.800000000000004,-2.329985097919293,1.4660201801008244,1.7423711460638704,1.838453667517247,-0.18999908760741346,-0.24873641102400307,-0.186887647669604,0.18839311477833554,-0.10298162807248737,-0.09749406597108061,-0.12778177129797313,1.1478803934281196
36.900000000000006,-2.1346663328155744,1.4568116510985882,1.7244109473720814,2.0646864212855593,0.006675417665782057,-0.11441528187264946,-0.17437424784306343,0.1944137821403208,0.0032331274799478134,-0.05602317270100917,-0.13145137750412564,0.931531855019619
37.,-1.9177323738486916,1.467391864675787,1.7185986521142418,2.270389249247797,0.20444649433793,-0.006740711574568348,-0.16088531283920918,0.19468480016273002,0.0898068732550096,-0.008977354036610161,-0.149518660388743,0.7492752063701704
37.1,-1.6813431515925723,1.497472562208047,1.7220002721209378,2.4534596208927475,0.3953750790651568,0.06910138939760843,-0.14587540631465679,0.1887204601690271,0.15977637973266118,0.04227255585262511,-0.18094569019733686,0.5939720753585785
37.2,-1.4278576308860034,1.545982613434405,1.731226671375606,2.612022803937152,0.5717950291970211,0.10922446497160357,-0.12879383249447526,0.17595628704116273,0.21550933477966833,0.09678188218164253,-0.22445448589729458,0.45997925371063464
37.300000000000004,-1.1598100439377512,1.6111107323930036,1.742571747025908,2.744451202281898,0.7266187504681757,0.11119700152191683,-0.10909499655649314,0.15585550206123444,0.2588207332259868,0.15345985478146493,-0.27814922018142907,0.34307951882115356
37.400000000000006,-0.8798843139034749,1.690377701304722,1.7521633196419624,2.8493811772648954,0.8536197597564131,0.07414017682168,-0.08628336708429431,0.12805231478370993,0.2910721201845425,0.2104584371408029,-0.3389257041144679,0.24024889088973306
37.5,-0.5908869295702937,1.7807352230629196,1.7561207140626103,2.9257271773733646,0.9476809180219318,-0.0012364235667847862,-0.06000681794740377,0.09254803774219572,0.31324838468590294,0.2645674682115326,-0.401827678293072,0.14927302413375157
37.6,-0.29571854789704305,1.8786874613890299,1.75071274538905,2.972693029289833,1.004998437164134,-0.11266244684173127,-0.030198080047987602,0.0499501873461986,0.32601354900095536,0.31083520821960803,-0.4596916279191138,0.06813698001165612
37.7,0.0026553855796550294,1.9804304232279921,1.7325098084866735,2.9897802723951328,1.0232335276865057,-0.2563966689575758,0.0027667418132831267,0.0016994782222683107,0.3297483539495969,0.34283245334248663,-0.5036164603488865,-0.005800987997702804
37.800000000000004,0.3012346981915801,2.082003626643958,1.6985240043875134,2.976793449334216,1.0016056414560917,-0.42737556261146725,0.03796614879647622,-0.04982162628162824,0.324572084823536,0.3539519289631857,-0.5247128916610186,-0.0765730379433777
37.900000000000006,0.5970149259789226,2.1794480076923834,1.6463317138769153,2.9338422966489195,0.9409235922631308,-0.6194146146662175,0.07398052577659057,-0.10141898356157038,0.31035026982119773,0.3395748528865732,-0.5169127393617009,-0.1497697013712082
38.,0.8870178124623795,2.2689637710164714,1.5741737282866293,2.8613408114699506,0.8435533135026229,-0.8254543674689244,0.10912919021483769,-0.14950190015373632,0.28668901096359783,0.2990344887750255,-0.47957607806803026,-0.23176364010577383
38.1,1.1683215580963109,2.347061891159476,1.4810289422067098,2.7600032025049086,0.713323538377501,-1.0378413754914222,0.1418207393310313,-0.19068063586856876,0.252915898064329,0.23604744699509395,-0.41827074615731,-0.3283735469871049
38.2,1.4380905105855566,2.4107032247102063,1.3666586668014338,2.630836765725085,0.5553731628564043,-1.248632876721973,0.17085696537529493,-0.222326817244815,0.20804678120927694,0.15732605763800295,-0.3431710769709707,-0.44392683851802145
38.300000000000004,1.6936039918819408,2.4574196873162997,1.23161979365131,2.475131756905906,0.37594637654334395,-1.4499130327731007,0.19556971307997814,-0.24289936576737747,0.15073729656489884,0.07045851564469938,-0.2661333337869665,-0.5813570555256186
38.400000000000006,1.9322839664492522,2.4854126646167463,1.0772462808510863,2.2944483641845372,0.1821437289453146,-1.6341081304290341,0.21578935228110724,-0.251976117546259,0.07921841019644209,-0.017613094043261827,-0.19805064012276288,-0.7431243435629763
38.50000000000001,2.1517212672095734,2.493624733757117,0.905599695965014,2.0906009137403196,-0.018360944659605916,-1.7942881787279454,0.23172709799172903,-0.2500614259553222,-0.008782390017304093,-0.10102205735068631,-0.14734649342808315,-0.9322880148893439
38.6,2.3497001103352324,2.4817818361737514,0.7193907840292929,1.8656394702684513,-0.21762645248106882,-1.9244428780085454,0.24385224260302257,-0.2382823659236301,-0.11612497683749996,-0.17462293357093625,-0.11949532671138742,-1.153164039611213
38.7,2.5242206475774513,2.4504042203478678,0.5218751839174509,1.6218290208075274,-0.4077608341679107,-2.019720959027051,0.2527953520623483,-0.2180582959143638,-0.24631502390852633,-0.23337831425216463,-0.11702160125227114,-1.4111419510670182
38.800000000000004,2.673519324942787,2.4007857182733225,0.316727446997636,1.3616264554185722,-0.5812359860892393,-2.076623350537642,0.25925564527421635,-0.19079001949026217,-0.403452556274635,-0.27187600554994446,-0.13946067026157838,-1.7109229187444406
38.900000000000006,2.796086839034349,2.334942181816666,0.10789837702223887,1.08765558093688,-0.7311877808281084,-2.093142474411046,0.2638539640268864,-0.15761351886540775,-0.591865199876551,-0.28428480376736504,-0.18294137324218535,-2.051518740944697
39.00000000000001,2.890683507031572,2.255531134645948,-0.10053862488374044,0.8026804242946642,-0.8516897160702215,-2.0688421150585303,0.2668721157216334,-0.11932625568496033,-0.8150136414831588,-0.2652437542699273,-0.23931187230012693,-2.4155717692726912
39.1,2.9563518928362558,2.1657458429491983,-0.3045460879377117,0.5095770995302814,-0.9379891833698698,-2.004874679011829,0.2679316028478561,-0.07669107764260687,-1.0731383081916328,-0.2124796689000381,-0.2954524563288126,-2.7539401679763857
39.2,2.992426560087323,2.0691880280055934,-0.500279555659086,0.2113045273774868,-0.9866969375028021,-1.9039351565346778,0.2659709477348059,-0.031211028710112623,-1.3598294796508326,-0.13123317700350332,-0.33494111247303787,-2.981581843752305
39.300000000000004,2.9985408522507857,1.9697242951544396,-0.6842369671660886,-0.08912569188644852,-0.9959222128605235,-1.7701536206006157,0.26002095631452277,0.014241933046345504,-1.660049186477486,-0.03712315193098837,-0.34455449071281563,-3.0153730507008007
39.400000000000006,2.974630630519312,1.871332002882709,-0.8533943839757505,-0.3886799429847761,-0.9653481002216702,-1.6089305488616805,0.2503536688392145,0.05614079833248334,-1.9535695249568836,0.04859072042297099,-0.3225383401751077,-2.8415966192968813
39.50000000000001,2.9209349314909696,1.7779407167412726,-1.0053226548221186,-0.6843334827596371,-0.8962441788661392,-1.4267215336688968,0.23852027826998293,0.092057599187296,-2.222917582356404,0.10981803072757293,-0.27943121454125763,-2.529144197980373
39.6,2.837993538216333,1.693275568818813,-1.1382803709345737,-0.9731012328372799,-0.7914159004292773,-1.2307799629135716,0.22616334348950318,0.12141284060978506,-2.458798940139918,0.14159284441233236,-0.2300756328910102,-2.1687923176129544
39.7,2.726641489879735,1.6207087675338538,-1.2512794094245843,-1.2520681618819665,-0.655092742401863,-1.028867929998969,0.2141372514272179,0.144722620181094,-2.6595510734268664,0.14729712098972955,-0.1861045305516861,-1.8215041646595795
39.800000000000004,2.588000586786639,1.5631251775780133,-1.344120455234088,-1.5184189458158246,-0.492759590242791,-0.8289468978267925,0.20252381891560614,0.16263228517976472,-2.8277936044399063,0.1332718349684119,-0.1539483517476012,-1.5129936599591032
39.900000000000006,2.423467978139951,1.5228073289108819,-1.4173970889350196,-1.7694666019380936,-0.3109380703671576,-0.6388604487966204,0.19099443987151854,0.17547491226679207,-2.96764441115644,0.10545122836338476,-0.1361402783042363,-1.2481147869074996
40.00000000000001,2.23470194998597,1.5013444391321706,-1.4724682808229943,-2.0026798035712403,-0.11692655157336312,-0.46602176829370034,0.17908073445366782,0.18322741416876812,-3.0832738139171676,0.06823589144999521,-0.13308228204845463,-1.02306170943802
40.1,2.0236050593864263,1.499569076219107,-1.5114003912601963,-2.215708595582883,0.08149081976837153,-0.3171183204025048,0.1662886690681122,0.18560015598351556,3.1048305512502443,0.024507547586456613,-0.14423678520408317,-0.8315879356206808
40.2,1.7923047880312606,1.5175239866829702,-1.536880992879432,-2.4064082477353486,0.2763544509175291,-0.19784548915570077,0.15212280996463154,0.18213599982593462,3.0272525045571674,-0.023963898704184115,-0.16869405372287774,-0.6675041627633835
40.300000000000004,1.5431319138682147,1.554460411598615,-1.5521079535999402,-2.572861002124956,0.4598466284291538,-0.11267980383635409,0.13608189613934166,0.17229681803706284,2.9647304388120004,-0.07602114319483035,-0.20527994648018852,-0.5255129084648129
40.400000000000006,1.2785968226276694,1.6088679576387097,-1.5606582056409983,-2.713395492789459,0.6246031875116137,-0.06470078873254617,0.11766107242306323,0.1555536261094799,2.915341481468298,-0.13059540229919803,-0.252336910245455,-0.40140176703753466
40.50000000000001,1.0013640021272268,1.6785348322459888,-1.5663414355336585,-2.826603639654584,0.7640070998024999,-0.05546853921398498,0.09638127338133012,0.13150392534561675,2.877609092067571,-0.18614909563741291,-0.3072712075566392,-0.2919819552231605
40.6,0.7142249807329519,1.7606360415544664,-1.573044531240584,-2.9113548451093303,0.8724522751447896,-0.08496190434140408,0.07185937746457348,0.10003392391959548,2.8504365685782753,-0.240104266497247,-0.36598992809988,-0.19485740492941078
40.7,0.42006998714505506,1.851846034884053,-1.584572990932572,-2.9668073493710616,0.9455670604191626,-0.15157974000307728,0.04392362441231321,0.061525092525936145,2.833055458940084,-0.28839395924157185,-0.4224764703596266,-0.10798665376071759
40.800000000000004,0.12185862160434197,1.9484713050251896,-1.6044956190515185,-2.9924166301353234,0.9803885252394137,-0.2522051821250235,0.012757521770716075,0.01707017126105844,2.824988962307354,-0.32544751905359987,-0.4689269687134323,-0.029016602495805933
40.900000000000006,-0.17741016145067867,2.046597657955954,-1.6359987041853148,-2.987940762496698,0.9754805862906287,-0.3823303770658601,-0.020979420738105155,-0.03138139694232589,2.8260294766784604,-0.3449933046862536,-0.4969053326462655,0.04545715514171452
41.00000000000001,-0.4747284524049594,2.14224628080994,-1.6817554952168945,-2.9534426864581778,0.9309912610656039,-0.5362366960464637,-0.05613415355074106,-0.08105633978912544,2.8362295269983204,-0.34176258018609995,-0.49958434191712087,0.12029965722245471
41.1,-0.7671098566168333,2.231532386154846,-1.743816182260271,-2.889289361192814,0.8486467684739734,-0.7072232484682973,-0.09120678125404097,-0.12864196734519062,2.8559057418715037,-0.3134569621089953,-0.4743007303130281,0.20149477207575456
41.2,-1.0516197246649144,2.3108201079323516,-1.8235227713780158,-2.796147817251811,0.7316827115142867,-0.8878745834276959,-0.12463749395140346,-0.1707837840140297,2.885656051569514,-0.26180159626670146,-0.42401696426449137,0.29510362850983046
41.300000000000004,-1.3254048343759721,2.3768674738441993,-1.9214522495776678,-2.674978149796325,0.584715085539032,-1.0703569064018308,-0.15511425286284064,-0.20463318683596757,2.9263906451857027,-0.19196170500141332,-0.35672548719695846,0.4062066539456083
41.400000000000006,-1.5857222222018348,2.426955674590406,-2.0373903086789067,-2.527023527335532,0.413556254606097,-1.2467310012515638,-0.18176827772557608,-0.22824852027598627,2.9793771269325995,-0.1108136485148847,-0.2831780637949353,0.5385723555043995
41.50000000000001,-1.829966870499097,2.458997476400283,-2.170336678293195,-2.3537973210570633,0.22498323235909706,-1.4092693816774309,-0.20420746805750112,-0.2407404620601205,3.0462990600008655,-0.0252681657574689,-0.2142709292823379,0.6951701300451506
41.6,-2.0556979692593083,2.471620454788187,-2.3185418579360335,-2.157067489321291,0.026467505346810916,-1.5507650276306708,-0.22243292124772532,-0.24218097062643723,3.129323136147363,0.05854538900702228,-0.1591835880573361,0.8790239624029579
41.7,-2.2606634857106944,2.4642217312642316,-2.479573786439799,-1.9388383799546043,-0.17412283012648977,-1.6648193976435652,-0.23671559586781218,-0.2333693375658766,-3.0520251277836783,0.13522134260288335,-0.1245115813381369,1.0937597094838676
41.800000000000004,-2.442822792808757,2.436992030817434,-2.6504117932592948,-1.7013301393304838,-0.3688367427556086,-1.7460982342287055,-0.24748225526406276,-0.21555018655635005,-2.9281031899931813,0.1995706999111305,-0.11401600329598753,1.3432876291079665
41.900000000000006,-2.600367127768716,2.390908101072843,-2.827564088547855,-1.446955941599312,-0.5499572473713614,-1.7905449634683765,-0.25521510945220327,-0.19014805614143118,-2.778376806859436,0.24611033922269285,-0.12847403746939573,1.629949832607431
42.00000000000001,-2.731737674255009,2.327693795344358,-3.0072041103918314,-1.1782972735705688,-0.7103090554218539,-1.7955431804839876,-0.2603396542431651,-0.15856685944973004,-2.5990972901882867,0.26893261376137906,-0.1652509214504466,1.9500820873026543
42.1,-2.8356410863993724,2.249751371076623,-3.1853202957408033,-0.8980775304368471,-0.8435446297441346,-1.7600217422450668,-0.26307970119203355,-0.12211856406218187,-2.3874958199621696,0.26243708165591956,-0.21751002597606722,2.286063049292596
42.2,-2.911062299212296,2.160065742587779,-3.3578733063343345,-0.6091341945586004,-0.9443972395250347,-1.6844982772261887,-0.26332673073695717,-0.08216301601047847,-2.1436470602584565,0.22353838565654657,-0.2736311046326999,2.5969898801092186
42.300000000000004,-2.9572744979086685,2.0620855052516744,-3.520954443640336,-0.31438988372982213,-1.0088909269481339,-1.5710593765318255,-0.2607011409509646,-0.04043931081030026,-1.872878647575247,0.15532458759147857,-0.318514876396939,2.8186602009193886
42.400000000000006,-2.973846147897423,1.9595854743073673,-3.67093893933907,-0.016822566573651745,-1.0344990148192348,-1.4232782554053653,-0.2549770771492502,0.0007537566400272816,-1.5870564524444228,0.06975157978877888,-0.3385981553426488,2.8885336757258426
42.50000000000001,-2.9606450173830736,1.856516218437445,-3.8046280121014795,0.2805647491358428,-1.0202448359711807,-1.246073166884135,-0.24660043977670557,0.03901659357224833,-1.3024324675892796,-0.014959843855487752,-0.32880053560040473,2.7874117537282967
42.6,-2.9178391553825933,1.756846586734114,-3.9193740291812014,0.5747745444456811,-0.9667406686844021,-1.045512211375063,-0.2366433812681775,0.07272359166972739,-1.0343946724605637,-0.08230172761884504,-0.29506286891493894,2.553575083000004
42.7,-2.845894819154634,1.6644055070035484,-4.013183784814004,0.862845220934464,-0.8761633258906142,-0.8285723229397003,-0.22616868063016932,0.10137472959468406,-0.79305646077191,-0.12392915146509291,-0.24967574622385583,2.251759709695534
42.800000000000004,-2.745571376248189,1.5827293624085828,-4.084795779747939,1.141881125052336,-0.7521673713409688,-0.6028620398969758,-0.2157321021197708,0.12516163074509934,-0.5824731959905106,-0.1397613457845915,-0.20458618157093847,1.9362604564983183
42.900000000000006,-2.6179132372826475,1.5149210310588677,-4.133728422635356,1.409081858630578,-0.5997394225359101,-0.37631911114673877,-0.20537308274227437,0.14437267530006131,-0.4023992819395731,-0.1342475882173606,-0.16791813223906063,1.6383327991619805
43.00000000000001,-2.4642389058533896,1.4635262081929552,-4.160297233184815,1.6617705768970057,-0.424999348899022,-0.15689499282911232,-0.19483852190670875,0.15908799292368392,-0.2503839240197834,-0.11287693481846058,-0.14386073949388586,1.3709616031404601
43.1,-2.286127261305544,1.4304319415942557,-4.16560036268629,1.8974209861927942,-0.234956290796132,0.04776118743298294,-0.1837672214815975,0.16913718247666032,-0.12320212843710686,-0.08035623135149272,-0.13390783389570085,1.1367962827869
43.2,-2.0854012182326307,1.4167914253113163,-4.1514730105212125,2.1136827673900855,-0.03722922615119695,0.230606600242298,-0.17177040210299618,0.17415882665850962,-0.01761161964643664,-0.04008743616957921,-0.1380844626625822,0.9336878378203718
43.300000000000004,-1.8641089331497849,1.4229780499172082,-4.120412555199438,2.3084051676100423,0.16025677521378184,0.3854845006626136,-0.15844579379802431,0.17367047931732418,0.06931194874276805,0.005701418747498436,-0.15572420841847165,0.7576981993553994
43.400000000000006,-1.6245027535907692,1.448570541176848,-4.075477385895249,2.479658522062554,0.3495865001343188,0.507368677681862,-0.14336952802612793,0.16712982060057818,0.14005865036643636,0.055572851894146874,-0.18578955354755008,0.6045783613271696
43.50000000000001,-1.3690161276336834,1.492369779594465,-4.020163468843029,2.625753489466098,0.5231701476825786,0.5925628223741349,-0.12609350003603437,0.15399954330536852,0.1966701866750143,0.108408984406931,-0.2268288345544566,0.4704527773056535
43.6,-1.1002387123400368,1.5524466302966746,-3.9582635705037923,2.7452578083334833,0.6740459115651828,0.6388468674853822,-0.1061647744110821,0.13383637175354646,0.24076814856229745,0.16289283613457373,-0.2766609190270832,0.3520908449786315
43.7,-0.8208899375900311,1.6262188764224517,-3.893714750742956,2.8370104071747595,0.7961575263345639,0.6455644652529675,-0.08317919920022673,0.10642168391599179,0.27359519018678946,0.21695724071650643,-0.331891364936149,0.24691502871958154
43.800000000000004,-0.533791297133169,1.7105541889262526,-3.83044020680664,2.900132729102978,0.8845957125222873,0.613648116904816,-0.05687666583849964,0.07193913431486693,0.29605503759428997,0.2672833271299437,-0.3874458464098142,0.1527653252209234
43.900000000000006,-0.2418376511934786,1.8018950277110661,-3.772191774008224,2.934037160145891,0.9357938950391796,0.5455809529165895,-0.027271830705162616,0.031179288671013813,0.3087448484594087,0.3090726374381301,-0.4364550218821768,0.06740464715253688
44.00000000000001,0.05203216544818971,1.896400494675134,-3.7223993627648513,2.938432480465717,0.9476703921672932,0.4452966886407296,0.00521336328962802,-0.01428751657536785,0.31197706468308356,0.336442858050931,-0.4709288331296702,-0.012155435390836578
44.1,0.34486512942139513,1.990099483436867,-3.6840333350017445,2.913326288360157,0.9197114065175316,0.31802174467446664,0.03968098573212026,-0.06206441776530485,0.30578948623804975,0.34368855601219467,-0.483478376897298,-0.09021614344304102
44.2,0.633723904850553,2.0790490201396126,-3.6594853069990503,2.859024378042107,0.8529915093654947,0.1700658270426743,0.07482296879727593,-0.10909676155434284,0.28994285586228485,0.3271262323235906,-0.46971423293445697,-0.17240973608807447
44.300000000000004,0.9157165052866578,2.1594914827858407,-3.650472131060634,2.7761270834512946,0.7501308017199219,0.008569317015055422,0.10913864802465115,-0.15206972930266427,0.26390537407954223,0.28658530402085064,-0.43019690921315124,-0.26498279317662754
44.400000000000006,1.1880254399985457,2.228004431260047,-3.6579668842265383,2.665522631415425,0.6151904599768708,-0.15878245776156108,0.1412279135445792,-0.18792797304810877,0.22682372890318062,0.22557760793054307,-0.370750567219971,-0.3737334243194984
44.50000000000001,1.4479360490002295,2.2816370747880033,-3.6821596154744007,2.528377578031648,0.45351083042497553,-0.3240666787999773,0.17003039295391156,-0.21433503770450021,0.1774810119510299,0.15008182138808257,-0.30092295059271723,-0.5033297424315971
44.6,1.6928637400729007,2.3180279363033387,-3.7224494163874797,2.3661244318670565,0.2714985272630959,-0.4794399607924381,0.19492190004274787,-0.22992673103046413,0.11424433808753225,0.06686111004467449,-0.2315354937662719,-0.6573898903237255
44.7,1.9203798528405929,2.3354990228124515,-3.7774681314089817,2.1804465961749178,0.0763710218606432,-0.6174521084531418,0.21567178360138692,-0.23432670221869498,0.03501109123366903,-0.017681986395976367,-0.17253164755451847,-0.8390302895834688
44.800000000000004,2.1282358895496634,2.3331227474803655,-3.845134762342123,1.9732607894994365,-0.1241310943188692,-0.7313441967931497,0.2323250681684248,-0.2279916248289869,-0.0628238010324989,-0.09776565450096221,-0.13169852794371079,-1.0512033522170143
44.900000000000006,2.3143858694292265,2.310758935463208,-3.922738397983521,1.7466971295183265,-0.32205270196191343,-0.8153190904186257,0.24507222318373562,-0.21198611970279296,-0.18233038176250527,-0.16786541513487963,-0.11410124269096698,-1.296122219641544
45.00000000000001,2.4770065831873085,2.2690604381794763,-4.007046362481742,1.5030770884921005,-0.5095412987173615,-0.8647736162184562,0.2541383847524703,-0.18777064836113513,-0.32684076055599476,-0.2222021347781447,-0.12174419024463391,-1.5731225445987926
45.1,2.614515546120163,2.209447132194861,-4.094433270533909,1.2448895500126926,-0.6791600530142722,-0.8764831325728343,0.2597033278946233,-0.15705628551618164,-0.49942682205009425,-0.25456886079400265,-0.15304180991205074,-1.8744829912963517
45.2,2.7255864722479854,2.134049339301023,-4.1810258439564425,0.9747652156580867,-0.8241842864171278,-0.8487311360225382,0.26187289397908853,-0.12174926262153411,-0.7018879160662574,-0.25903350137106745,-0.2020326473243217,-2.1798078353937123
45.300000000000004,2.8091621175889294,2.0456229234493377,-4.262857715723189,0.6954496264753961,-0.9388695647022816,-0.7813787375299615,0.2607494658721764,-0.08394960828614764,-0.9332539318401527,-0.2320056813181048,-0.2579588466993632,-2.4526563040853246
45.400000000000006,2.864464367877206,1.947439449354919,-4.336028049310043,0.4097750777691725,-1.0186807097104944,-0.6758712376816121,0.2566272431624254,-0.0458678300667533,-1.1883427071624029,-0.17537097902548512,-0.3066523652919182,-2.646609089699477
45.50000000000001,2.8910014744361288,1.8431557817988748,-4.396857648996095,0.12063171633430067,-1.0604726019953428,-0.5351815378581195,0.2501883178049686,-0.009498528245051964,-1.4575304054172002,-0.09859696566586162,-0.334833512992403,-2.7240186225425824
45.6,2.8885723712396767,1.7366683242911793,-4.442036336715512,-0.16906188306111775,-1.062615566236385,-0.3636926425588308,0.2424306167049463,0.023854700361620598,-1.7285736981795223,-0.016929790015217317,-0.3356777404979062,-2.675440957350997
45.7,2.857268036132414,1.6319577081367849,-4.468755719146773,-0.45638836053779386,-1.0250603406961587,-0.16702393632225232,0.2342672824593344,0.05377509581427225,-1.9896770510593225,0.054214511815735965,-0.31146072614150916,-2.5214187041626652
45.800000000000004,2.797469889418756,1.5329301236599933,-4.474822051089589,-0.7384611304130535,-0.9493400405936363,0.04819183977505981,0.22615187404274562,0.08041273919092896,-2.2318956375092704,0.10459818268328423,-0.2712418832545429,-2.2972966445966727
45.900000000000006,2.709845253267383,1.4432616192084713,-4.458744694597851,-1.0124535556755445,-0.8385090371204842,0.27457202159471567,0.2180502999033888,0.10396289131249552,-2.449894471797441,0.13083956889997472,-0.22606307961249025,-2.037727206227712
46.00000000000001,2.595339925294676,1.3662515752425424,-4.419796646177959,-1.2756274410550084,-0.6970211888006975,0.5042773639100602,0.20966682241410747,0.12435857688405098,-2.6415064783799505,0.13477291859369045,-0.1851640100805278,-1.7696019455076801
46.1,2.4551679489861984,1.3046911950335258,-4.358044717842448,-1.5253605558547454,-0.5305522797249138,0.7293235970288183,0.2006613145250583,0.14125021618599745,-2.8068604443878677,0.12072851897274084,-0.15452227049111536,-1.5109473891706389
46.2,2.2907986919884076,1.2607522548301724,-4.2743481675373545,-1.7591729083967835,-0.3457737434864418,0.9418987780422262,0.1907383427897746,0.15411360784579609,-2.9475120444101264,0.09337081096945493,-0.13712240005283155,-1.27205392862091
46.300000000000004,2.1039413704655656,1.2359005486712333,-4.170325832210771,-1.9747515074369737,-0.15008669373165118,1.1346737856499198,0.17963837076270245,0.16235006292804283,-3.065735664876524,0.056565149877257755,-0.13389962351605267,-1.0573058156192188
46.400000000000006,1.8965271833930863,1.230837478524474,-4.048293072416859,-2.169973362093702,0.048673135313021865,1.301093580839433,0.16709554087847178,0.16534003806164885,3.1191661225319436,0.013070027002158625,-0.1446352885664957,-0.86714386555824
46.50000000000001,1.670689244590127,1.2454721183672646,-3.911171040796332,-2.342926490523111,0.2425477752473577,1.4356376224880159,0.152801544744153,0.1624677748005453,3.0384366920184087,-0.03529779569009773,-0.16850829843899154,-0.6997826963638409
46.6,1.428740522239335,1.2789248659239,-3.762371890063909,-2.4919287285685296,0.4237742829769005,1.5340390566347033,0.13639029851907136,0.15314678662031184,2.9731453978413724,-0.08727774468699513,-0.20426224924721312,-0.5524838094399741
46.7,1.1731500153813956,1.3295625364746964,-3.605664495280103,-2.615544152687968,0.5850942251317046,1.5934539417179308,0.1174488648720798,0.13687168480620998,2.9215170069002916,-0.14167657526447613,-0.2500430838105027,-0.4223677070313295
46.800000000000004,0.9065174142105135,1.3950634996556548,-3.44502604195182,-2.7125969563778787,0.7200430492570953,1.6125737639654052,0.09556054092010455,0.11331500842548338,2.8821319433263457,-0.19681691544532756,-0.3029950958571602,-0.30682733023549086
46.900000000000006,0.6315465057619903,1.4725102624483974,-3.284485394925436,-2.7821826458029144,0.8232078054606354,1.5916767579485154,0.070387360482366,0.08247829670664461,2.8539147913976786,-0.2499765280504165,-0.35876194117926424,-0.203589694024464
47.00000000000001,0.35101759863280546,1.558505807366975,-3.1279644906461543,-2.823676448131459,0.8904429439664736,1.5326159869408031,0.04179309325360471,0.04488790708120027,2.8361145576747187,-0.29697839815022997,-0.41116617000352346,-0.11043633269218274
47.1,0.06775924959295848,1.6493090478035015,-2.9791240740979736,-2.8367388548770656,0.91903558540979,1.4387446588889194,0.009987318136295963,0.0017928095185775865,2.828287117344692,-0.33224586796394134,-0.4524879915855738,-0.02462858400969063
47.2,-0.2153804187555674,1.740984000353795,-2.841219928469368,-2.821318252056278,0.9078136750663824,1.3147816560041774,-0.024361803394402408,-0.044718897231354596,2.830285557031054,-0.3496693266488663,-0.4747415005867171,0.057749080811379194
47.300000000000004,-0.49556251678967195,1.8295567270913913,-2.7169753272201747,-2.777650618888428,0.8571927092496766,1.1666226394582877,-0.06012134063130333,-0.09178605134729256,2.84226154671335,-0.34429318641011686,-0.47190624030984096,0.1421061945244755
47.400000000000006,-0.7699860103375946,1.9111737909952269,-2.608474791432539,-2.7062563067740664,0.7691591710413496,1.0011042603963012,-0.09584392179935793,-0.13607991481971893,2.864679492099319,-0.31414259822727847,-0.44227627762217064,0.23494649917305516
47.50000000000001,-1.0359158766706296,1.9822559074113715,-2.517083385900211,-2.6079339400866184,0.6471913357208203,0.8257308779636603,-0.1300402724148007,-0.17429505955226418,2.8983441740727525,-0.2610902234198414,-0.38961338077881646,0.3428557937522152
47.6,-1.2907105094951965,2.0396406659483546,-2.4433947692089992,-2.4837515095913743,0.49612060313138806,0.6483746797513034,-0.16145530188813437,-0.2036632067360474,2.944440881860499,-0.19019920609898452,-0.3223532618826109,0.47152228484515074
47.7,-1.5318480969388624,2.0807086329329065,-2.3872100666800913,-2.3350347577673403,0.32193888522406144,0.47696116040419845,-0.1892262575356469,-0.22231374200659154,3.004583162558431,-0.10810672629809624,-0.2513711245820903,0.6253812389229698
47.800000000000004,-1.7569517078292196,2.10348780711751,-2.347548406189083,-2.1633529826614866,0.13155972763018564,0.31915249784238997,-0.2128826859643307,-0.22939846767713434,3.0808545728188452,-0.02157011687417417,-0.1875511595351475,0.8078168855588834
47.900000000000006,-1.9638128355391777,2.1067322643188215,-2.3226886945284235,-1.9705024128731423,-0.06745731140813421,0.18204145033800323,-0.23223321661940546,-0.22501876865265028,-3.1073724579764255,0.0631300474133938,-0.1400644848303166,1.0212338870578679
48.00000000000001,-2.1504131651622247,2.089971855671809,-2.3102409664749337,-1.7584873305877151,-0.26720803660724596,0.07186797823784086,-0.24721364333901905,-0.21006031602820116,-2.990792891161458,0.13998080453527947,-0.11544183421705828,1.2661279878862608
48.1,-2.314944348611672,2.0535309781855164,-2.30724445971127,-1.5294991420078865,-0.4597587308178125,-0.006230111860102472,-0.25775845184587837,-0.1860404081496746,-2.849590714853405,0.20270966521566414,-0.11699184161968612,1.5384816209874217
48.2,-2.4558255932068414,1.9985156692760757,-2.310288503234992,-1.2858936148436588,-0.6374624471595991,-0.048422559057129555,-0.26374995119136346,-0.15502942775482764,-2.6813628770788998,0.24456302366821492,-0.14408924697170075,1.8255722085490853
48.300000000000004,-2.571718892194955,1.9267695397757478,-2.315651397349145,-1.0301665205187716,-0.7932638685455493,-0.05233988753456986,-0.26511195402761023,-0.11962295878186201,-2.4853922121449608,0.25905693928303175,-0.1912868679220337,2.1023583665066288
48.400000000000006,-2.6615417502201573,1.840800302228292,-2.3194517460249813,-0.7649279342518955,-0.9209805808081064,-0.01716838384830499,-0.26209162873770414,-0.08280657779273826,-2.263894557346692,0.24213576835060643,-0.2480252889295111,2.33365962743346
48.50000000000001,-2.7244772827319736,1.743679823554233,-2.317806205957262,-0.492875459028146,-1.0155495459554966,0.05631697463212959,-0.25560523559448495,-0.04747693641988069,-2.022638252775209,0.19509924877757526,-0.30036464744231856,2.4864639420103027
48.6,-2.7599815954552307,1.638921686669362,-2.306987360787907,-0.2167666495649062,-1.07322894944699,0.16578295319488046,-0.2472771607198393,-0.01562815704396959,-1.7700913052224965,0.12609344068988435,-0.33523620493534834,2.5461229370597986
48.7,-2.767788378039325,1.530341142286873,-2.2835754239544896,0.06060908039687804,-1.0917473744731099,0.3074306421611097,-0.23890237654627086,0.012259584869511649,-1.5153375904650859,0.04821703417353561,-0.3451052074958421,2.5205851991017036
48.800000000000004,-2.747910674577459,1.4219030341814942,-2.244597719626775,0.33645877984290695,-1.0703943561327995,0.47614649745474447,-0.23165216044548925,0.03702371744799062,-1.2662436755047206,-0.024783070678653735,-0.3299412083733851,2.4283487362149834
48.900000000000006,-2.700639822541636,1.3175637606538413,-2.187650378418472,0.6080142223028073,-1.0100487053982157,0.6657058180913324,-0.2256706020476283,0.05992395704804009,-1.0289330419417135,-0.08232783464118863,-0.2958266806672122,2.2851148906859633
49.00000000000001,-2.62654158052021,1.2211135726913909,-2.1109973935800364,0.8725598203797995,-0.9131434736798496,0.8690205487935212,-0.22029798966033454,0.08174809376235044,-0.8081212374000233,-0.11872233607631866,-0.2519381464310142,2.101480065137149
49.1,-2.5264494936767745,1.1360254958992748,-2.0136430859243655,1.1274599101940126,-0.7835689547441247,1.0784215288154633,-0.2146115541837918,0.10244265927874355,-0.6073529918256634,-0.13298221302349053,-0.20760796552957514,1.8879400020303254
49.2,-2.401455573780971,1.0653168992053408,-1.89537508582886,1.3701851303738772,-0.6265175909907152,1.285963934774432,-0.20786249424178277,0.1212698245042219,-0.4288669120792785,-0.1274988512794119,-0.17029778604779738,1.6579357186151014
49.300000000000004,-2.252898397710189,1.0114292291570803,-1.7567761160333606,1.5983376304535741,-0.448276967186907,1.48374374059325,-0.19962126397873783,0.13717860956075598,-0.27343938347220426,-0.10627274155847108,-0.14477484830982054,1.425971229194449
49.400000000000006,-2.0823487542117642,0.9761307044229617,-1.5992041027530441,1.809674856434474,-0.2559791443452506,1.6642125784178097,-0.18969747887242916,0.1491051149992156,-0.14051812826003193,-0.0734007263257359,-0.13332928886184547,1.2039978405204066
49.50000000000001,-1.8915929931886648,0.9604458497601019,-1.4247414052652894,2.0021316767002597,-0.057316327011786794,1.8204784480990386,-0.17798844756321627,0.1561062218588443,-0.028619834376157,-0.03221216492047797,-0.1365113805825531,0.9994052158378597
49.6,-1.682614254581543,0.9646146787052132,-1.2361151852683978,2.173840629273317,0.139765800587361,1.94658028697973,-0.16435910191994527,0.1573737602724099,0.06420603624566121,0.0149527942916593,-0.15385711990295312,0.8152025322675067
49.7,-1.4575717748399644,0.9880831522448005,-1.0365920878706492,2.3231500913710295,0.32738484382112715,2.0377254538113982,-0.14858167965768124,0.15221050674931952,0.14000089924943052,0.06653865432403842,-0.18430744773116703,0.6513393612762223
49.800000000000004,-1.2187784877988728,1.0295252938460107,-0.8298514301772908,2.448640194151862,0.49803594375891813,2.0904806591005554,-0.13032740020989353,0.1400269561188775,0.2006557909989674,0.12134301595985476,-0.22625092431034774,0.5061334604873603
49.900000000000006,-0.9686771533172556,1.0868960791903233,-0.6198419502749306,2.549136329200862,0.6448909721061371,2.102908730105916,-0.10920007587278639,0.12039071679921165,0.2477852542943656,0.17796353019923578,-0.2772376155769882,0.37731850731581373
50.00000000000001,-0.709815261135889,1.1575129920620109,-0.41062782480837723,2.6237201184415904,0.7620707470118239,2.074645758087216,-0.08481060080213296,0.09314275897663395,0.28267641306951513,0.23418186410007458,-0.3334828877487952,0.26259577051260835
50.1,-0.44481896893340417,1.2381629950141575,-0.20623009117390628,2.671737745514462,0.8448794173633787,2.0069155521561535,-0.056895188447518855,0.05857812116322829,0.3062779675939951,0.2863988053535529,-0.38938946153585297,0.15969588139633625
50.2,-0.17636634239792157,1.325230650228136,-0.010469793560895557,2.6928055739540375,0.8899916714063281,1.9024808234460124,-0.02546897328620152,0.017660746541323075,0.3192048952989515,0.32938812636526055,-0.4374833617871404,0.06599345243436436
50.300000000000004,0.09283982879454968,1.4148422827908118,0.17318089664387964,2.686813005446639,0.8955853062722682,1.76553304565761,0.00902344920427189,-0.02779977850714602,0.321744180292712,0.3567718051951539,-0.46925757997493667,-0.0221646515791924
50.400000000000006,0.3600993619465075,1.5030204390534165,0.3417336534798482,2.6539225597659124,0.861413873286493,1.6015253827969684,0.04563416916345527,-0.07511758466532972,0.31385323403974585,0.36246795621327005,-0.47716739390389246,-0.1100233648969137
50.50000000000001,0.6227418816809689,1.5858424823034398,0.49279968386990075,2.594567186375327,0.788816502916161,1.416955344630469,0.08299019529404168,-0.12094009436196748,0.2951464860630254,0.34273210999521997,-0.4572657452616678,-0.204359811542549
50.6,0.8781536145009885,1.6595970030393616,0.6246815205439397,2.5094448458622725,0.6806645176694923,1.2191058345594108,0.11953255680088475,-0.16169809190480042,0.26486822085689116,0.2976874564416948,-0.4111595156926368,-0.312611500105581
50.7,1.123803507614003,1.7209318082629739,0.736437263645416,2.399510427040202,0.5412469613212905,1.015754913357985,0.15381949658088787,-0.19416385433110936,0.22185270433729085,0.23132555290561493,-0.3460519539653386,-0.44166664284028917
50.800000000000004,1.3572684100036336,1.76698758992194,0.8279147126048608,2.2659650924418857,0.3760996080535737,0.814865849398209,0.1847469678548362,-0.21591874229616653,0.16447822820497832,0.15007452367914934,-0.2728428804389652,-0.5970608162091127
50.900000000000006,1.5762570643058762,1.7955119435625104,0.8997540302253642,2.1102431707556333,0.19178426837724616,0.6242698118801437,0.2115972789395009,-0.22559480686176034,0.09063355808961629,0.06106327944736819,-0.2034575720635562,-0.7827724118322165
51.00000000000001,1.778632671138754,1.8049491916272664,0.953358835425108,1.9339967392677493,-0.004372809788496357,0.45135385686633345,0.23393211046493823,-0.22289236066941306,-0.002261018464066024,-0.02885723602834716,-0.1486392965776758,-1.0009596742898659
51.1,1.962433803002604,1.7945024304253203,0.9908368797090407,1.7390780623222324,-0.20457301575550596,0.302766644891979,0.25141188063515835,-0.20848210515661833,-0.11709490376838298,-0.1130933682058355,-0.11659963160677148,-1.2505659275629843
51.2,2.125893462542871,1.764165327156931,1.0149126750173176,1.5275200729647354,-0.40085628233054815,0.18415362200094276,0.2636384537446652,-0.1839244658442025,-0.25663622068353614,-0.1847494181419554,-0.1121358717105509,-1.5240278074742457
51.300000000000004,2.2674560996589688,1.7147223993443326,1.0288155587813366,1.3015151040932311,-0.585418428851752,0.09993222142494607,0.27012995839634474,-0.15167909859004153,-0.42268563486739397,-0.2363208314493004,-0.13565112728192988,-1.8027779258360308
51.400000000000006,2.3857924234427763,1.647717765527657,1.036147661230173,1.0633920924040525,-0.7509222895323829,0.053116047607372874,0.2705529179470697,-0.11512232989821718,-0.614846563800125,-0.26052635590704953,-0.1820376578540594,-2.0554852302261715
51.50000000000001,2.479811868009651,1.565393613035931,1.0407370411937693,0.8155924930362981,-0.8907902234063733,0.045195051483431836,0.2652423270733076,-0.07826655420855128,-0.8294381712264532,-0.2527458544358588,-0.2404443827219596,-2.2458128552962546
51.6,2.5486725957027927,1.4706008359278715,1.046481847901328,0.5606451549390081,-0.9994663444271099,0.07607647371540593,0.2557013621224582,-0.044857695687001424,-1.0595892733128196,-0.21402154930665002,-0.2965228773970354,-2.3507791572868157
51.7,2.591788946652066,1.3666854056846167,1.0571917240047706,0.3011404165016681,-1.0726380174328796,0.14408890993735035,0.24447938606688824,-0.01709286328173065,-1.2970946236566605,-0.15202345209516163,-0.3371146748265139,-2.375191081673568
51.800000000000004,2.6088362699863614,1.2573550046953388,1.0764327750041895,0.039703687813785006,-1.1074077896335734,0.2460493355708604,0.2342393989979556,0.0051041315208316985,-1.534958860900321,-0.07860824465638792,-0.35450612009398763,-2.345130988430255
51.900000000000006,2.599753098862111,1.1465312394365679,1.1073822880337378,-0.2210312100059233,-1.1024089032528854,0.3773904177570505,0.22666898805739974,0.02362088222964285,-1.7686710616457086,-0.005933261947809086,-0.34755929348103043,-2.2863916934936785
52.00000000000001,2.564740658602527,1.038193325138448,1.1526989942499495,-0.47844867667290275,-1.0578597842012467,0.5323430384761971,0.22199158464270433,0.04091791299415789,-1.995544569194898,0.05617619736894036,-0.3202265014169826,-2.2088409646756832
52.1,2.5042597243649722,0.9362194737359146,1.2144140493495716,-0.7299776655382451,-0.9755553344880095,0.7041667518143353,0.21920489280168698,0.05883430189291489,-2.213188576854251,0.10113737773655009,-0.2794841004871077,-2.1066620503754314
52.2,2.4190248715902083,0.844232308465565,1.2938470807343903,-0.9731174513087095,-0.8587953755167648,0.8854189873372275,0.2167328885188603,0.07793339251954194,-2.418519515278737,0.1257420489002472,-0.23360513503491542,-1.9695559194346592
52.300000000000004,2.30999618876499,0.7654544679395001,1.3915506504680728,-1.205462573596327,-0.7122530950037911,1.068252266831384,0.2131145494927591,0.0974986850889827,-2.6079248584906463,0.1299791587986816,-0.19061095200205272,-1.794613197034605
52.400000000000006,2.1783685474823242,0.7025801563048837,1.5072853502764385,-1.4247267067530567,-0.5417887421256291,1.2447275848527068,0.20742530714003457,0.11601025039901855,-2.7782048782786846,0.11633722912418468,-0.1569002860351204,-1.5905182952381554
52.50000000000001,2.025558549156358,0.6576677603781036,1.6400265235922262,-1.6287652184923047,-0.3542159982823072,1.4071314591083128,0.19931474331195898,0.13174270896399215,-2.9274518870945103,0.0885700165216276,-0.13650172126138946,-1.3730878933374222
52.6,1.8531892907969016,0.6320578147684865,1.7880023487260206,-1.8155961942148005,-0.15703033753650308,1.5482840103786237,0.1887844689912834,0.14316832501783813,-3.0553176697687183,0.05043362561360277,-0.1311842726155825,-1.1579342016199916
52.7,1.6630731137432542,0.6263195854622223,1.94876176692601,-1.9834197205814856,0.04188979385945685,1.6618257892969814,0.17592303730293388,0.14908504788788626,3.1204758084133988,0.004916851344927309,-0.1411012638315328,-0.9558693107856723
52.800000000000004,1.457192518986351,0.6402284014094813,2.1192695492157787,-2.1306352405304687,0.2345970658193804,1.742471914586448,0.1607302993003562,0.1485757915626873,3.0319277729625083,-0.04591761577327406,-0.16543910099147308,-0.7721807522299159
52.900000000000006,1.237679450478274,0.672774637831811,2.2960247139097096,-2.255856812419342,0.4133920989505755,1.7862233905300384,0.1430502458203889,0.14093419226007994,2.960350785543796,-0.10065445765392471,-0.20273825087662464,-0.6080563941420545
53.00000000000001,1.0067931634682217,0.7222039931127577,2.4751975757329765,-2.3579261280684527,0.5711304140599182,1.790527178566964,0.12258327727577638,0.1256399974859811,2.9039522255494665,-0.1580056982812848,-0.25080849137458916,-0.46239092627115325
53.1,0.7668969082630913,0.7860874535582328,2.652779964635123,-2.4359231679530886,0.7015072595306235,1.754378640907091,0.09895333060002737,0.10241753738776105,2.8611957027080566,-0.2161663584004298,-0.3063160676573269,-0.33312059156887464
53.2,0.5204336707642099,0.8614181567514969,2.8247426272954894,-2.4891743963953705,0.7993089614011792,1.6783622714902993,0.07182191434501024,0.07138130716916598,2.830879435521915,-0.27214623863721565,-0.3642364317861955,-0.2178715302929797
53.300000000000004,0.2699012195793903,0.9447312918654693,2.987193537909733,-2.5172584250831536,0.8606207756119351,1.5646290898954978,0.041044583295868096,0.033246633721962675,2.8121626424281154,-0.32128733886883115,-0.41752781806100653,-0.11394811532029867
53.400000000000006,0.01782671537581897,1.032242256884461,3.136530808538584,-2.5200090993291306,0.8829829560064855,1.4168115988419787,0.006845424083505807,-0.010455108139684224,2.804571509423808,-0.35735524757076814,-0.4575479348845911,-0.01780554460860061
53.50000000000001,-0.2332588586209888,1.1199975648419005,3.2695841045381124,-2.497515987908276,0.8654888161490814,1.2398796950586712,-0.030052879370538518,-0.05726203603934663,2.8080036925749163,-0.37361066355424694,-0.47566673264775616,0.07564209567690772
53.6,-0.4808461854863002,1.2040324829176863,3.383738928796852,-2.4501222838046863,0.8088208755430333,1.039943277290423,-0.0684298288648664,-0.10388657577400662,2.8227418475079236,-0.36480783333012345,-0.4659254309785117,0.17330351694521512
53.7,-0.7224727653678671,1.2805291198209647,3.4770388214102117,-2.3784201494881687,0.7152236492144954,0.824009420218501,-0.10674667381206376,-0.14659230094822004,2.849481168608043,-0.3292135651862299,-0.42761779556957535,0.2833316889367401
53.800000000000004,-0.9557474753823731,1.345968659012278,3.5482614018019065,-2.2832435661592756,0.5884141654552307,0.5997037943782592,-0.143446115734112,-0.18175760849294909,2.8893710061038487,-0.2693510335050111,-0.36625096642804916,0.4138717689906913
53.900000000000006,-1.1783742930547116,1.3972716687061832,3.5969652230586155,-2.1656587714869735,0.43343377909958797,0.3749674375478572,-0.1772212798329758,-0.20642786314771674,2.9440630002819055,-0.1910045054602917,-0.2922455619501999,0.571878483535868
54.00000000000001,-1.3881749473842409,1.4319208949363338,3.6235055718048157,-2.0269523944636307,0.25644718807285766,0.1577409657343264,-0.20711894189194252,-0.21867443715161708,3.0157426983465205,-0.10137822287581151,-0.21824150839869438,0.7624413418975202
54.1,-1.5831102736398759,1.4480616423102386,3.6290185849236583,-1.868617418875777,0.06449666578708035,-0.04435118738004984,-0.23244946007716963,-0.2177164640067592,3.107090635649185,-0.00774480851658845,-0.1564643976810714,0.9880692640437203
54.2,-1.7613000622196922,1.4445757405889048,3.6153743174720825,-1.6923371283087507,-0.13477869263686998,-0.2243039148089246,-0.25257805401289146,-0.2039077218406406,-3.0621198228682713,0.08278756275068909,-0.11691241860722398,1.2466558846151516
54.300000000000004,-1.9210412082047017,1.4211261482764164,3.5851006338903164,-1.499967205357902,-0.3334475175534634,-0.37600987970117544,-0.2667273766812011,-0.17875148061742377,-2.9228465369570102,0.16270756472613726,-0.10610628072761215,1.5271695124453322
54.400000000000006,-2.0608239864152162,1.378170415014301,3.5412809577230027,-1.2935161756141214,-0.5236023640479563,-0.4945021578526978,-0.27396933390600225,-0.1450355033089292,-2.756963831055724,0.22366757764612882,-0.1257423310672022,1.804400587998797
54.50000000000001,-2.1793462966452815,1.3169424660766422,3.4874299571809146,-1.0751244028553804,-0.697674957396308,-0.5761514065691269,-0.27361384818949813,-0.10693264099334034,-2.565973611406569,0.2573796297821084,-0.17118330383366298,2.0389581264304097
54.6,-2.275525745096912,1.239403435159894,3.4273521234336015,-0.8470418555557538,-0.8487379168878812,-0.6188097000532282,-0.26601006966027435,-0.06956654023670591,-2.3551943244903195,0.25846149095552673,-0.2311375326221039,2.191242794118924
54.7,-2.3485094506350386,1.1481635056080333,3.364988880468282,-0.6116048761914007,-0.9707809292342078,-0.6218952977313115,-0.2532087574096167,-0.037625897697970395,-2.1329925765203694,0.2277534451921027,-0.29048338496216414,2.2462053255823533
54.800000000000004,-2.397681488100077,1.0463778760161049,3.3042603224931133,-0.3712121937754379,-1.058950361401285,-0.5864149667535654,-0.23863140718930345,-0.013605805727272182,-1.9079586384914362,0.1728854759125438,-0.33570810708524873,2.225400233258903
54.900000000000006,-2.422667905302312,0.9376209977343267,3.248907888977145,-0.12830042651044954,-1.1097427602580425,-0.5149229694235262,-0.22574335556562203,0.002946436722598631,-1.6858980762168663,0.10511203874573372,-0.35912090972025723,2.1708358615723236
55.00000000000001,-2.4233392752278347,0.8257440980259486,3.2023442499705794,0.11468067464219955,-1.1211445248203589,-0.41141835128324344,-0.21677943525844828,0.014678778449659344,-1.468861923608129,0.035346687783876014,-0.35925578917709733,2.1177358595359843
55.1,-2.3998107701541236,0.7147216689801433,3.1675163868292513,0.3552929893415245,-1.092712182799004,-0.2811846253404417,-0.21228008870822335,0.024998935531283722,-1.2564307310681422,-0.02780338701126593,-0.33888042672577257,2.079023066454869
55.2,-2.352439769546197,0.6084930421817631,3.1467873273392666,0.5911345472979268,-1.0255900710787489,-0.13057824440858679,-0.21130787595601136,0.036825439577272814,-1.0479219416834644,-0.07810540683622605,-0.30310533152796737,2.044924956068996
55.300000000000004,-2.2818210385258237,0.5108053650553217,3.141841250477146,0.8198635566447593,-0.9224647152636823,0.03322570481212844,-0.2119789037595066,0.051777713517629366,-0.8442176229156315,-0.11134618161931023,-0.25844066237315017,1.9918693981145792
55.400000000000006,-2.188779538123711,0.4250642389199652,3.153615744298307,1.0392217004207611,-0.787457727032166,0.20252044685124743,-0.21214057399223268,0.06982287614066475,-0.6484350347204818,-0.1254300563338468,-0.2122126588881152,1.896484632643655
55.50000000000001,-2.0743609521925093,0.35419797334422987,3.1822639178685206,1.2470564690318657,-0.6259614891458454,0.3693756614988919,-0.2100511272200469,0.08945859864866537,-0.4652073491374475,-0.12068723547081407,-0.17159803244168467,1.7490669333345745
55.6,-1.93982003853964,0.30054086855034995,3.2271478778979077,1.4413423075759941,-0.44442417883279517,0.5259545413353874,-0.20478672586733376,0.10837653635942772,-0.2990909377401174,-0.09962949478071648,-0.1423340195977697,1.5581665031079077
55.7,-1.786606933307929,0.2657401790296036,3.2868638302568343,1.6202003701201784,-0.25009269998395145,0.6648271219927109,-0.1961963175280474,0.1242372195047586,-0.1531503933567483,-0.06591676049893559,-0.12786401217545346,1.3437925388964778
55.800000000000004,-1.6163515576771765,0.25069046743513707,3.3592978057004808,1.7819166882692095,-0.05072377264504346,0.7792673929772864,-0.18454510756476217,0.13515141048242102,-0.028458164776863096,-0.023130765382117027,-0.12939273183674244,1.1265307736178354
55.900000000000006,-1.4308462943840285,0.25549796585463347,3.4417097881704244,1.9249585784931678,0.1457253022460726,0.8635223435044289,-0.1701428580478738,0.13977643500015638,0.0755589628740679,0.02595807377542544,-0.14653461120682032,0.9207484721816107
56.00000000000001,-1.2320271181834166,0.27947636526579156,3.530842891652546,2.047989131500941,0.33141387464249883,0.9130422166600747,-0.1531292356418389,0.13720235465805738,0.1604332642668365,0.07945905992992935,-0.17793643943446194,0.7335341013957866
56.1,-1.0219533790419002,0.32117420103506894,3.623053232896381,2.1498796472586377,0.49893052666183707,0.9246627917110488,-0.13341985440117413,0.1268249239663045,0.22803700750854058,0.13596676976117783,-0.22150503553359177,0.5666756958289362
56.2,-0.8027864494236487,0.37843274268561305,3.7144553221553607,2.2297199008390938,0.6415885417213648,0.8967324268753335,-0.11075547183819752,0.10830799182910932,0.28017518723796764,0.19393422824086246,-0.2741968419507005,0.41904950957273057
56.300000000000004,-0.5767674573874575,0.44847208005132855,3.8010771753861405,2.286826146924536,0.7536924821127333,0.8291787970946849,-0.08481225697681322,0.08166017615648379,0.31836888583473116,0.25096586856627773,-0.3315272289849889,0.28825813349330254
56.400000000000006,-0.3461943352638189,0.5280019738332073,3.8790189637154913,2.320746794232682,0.8307652474098508,0.7235126655270134,-0.055355644129795316,0.04740846430399,0.3437601941198072,0.3032003472674922,-0.38711340945844946,0.17131051257394184
56.50000000000001,-0.11339841935745741,0.6133530512953396,3.9446088748977437,2.3312657051526213,0.8697265616076424,0.5827685377483182,-0.022420685480532065,0.00681654874496042,0.35707801909130227,0.34509665449596777,-0.4327376592044218,0.0644934547215738
56.6,0.11927916062339791,0.7006231167416473,3.994549972570086,2.318403100213726,0.8690157732728789,0.411384563947265,0.01352564429905968,-0.037946731979196006,0.35862492597747603,0.370049283700751,-0.4594677145029858,-0.03722658142869335
56.7,0.34951106289288486,0.7858327438357166,4.02605219793802,2.282414071417955,0.8286540730526424,0.21502647639262806,0.05151763268490668,-0.08381230161849593,0.34826217582290064,0.3720228290411488,-0.459989040789554,-0.14071371372526625
56.800000000000004,0.5750070477670546,0.8650839467882648,4.036944250783975,2.223784732694573,0.7502436481247885,0.0003625805980880803,0.09018822550220743,-0.1270793976287403,0.32538132149453625,0.34766158250049223,-0.4314026908296805,-0.25449036484199006
56.900000000000006,0.7935367908168607,0.9347156046922223,4.025760888777173,2.1432260595403636,0.6369038072998829,-0.2252012300495304,0.1280171971142751,-0.16392062631378862,0.2888590117633166,0.2976448935976136,-0.3769781431715986,-0.3877393958471798
57.00000000000001,1.002951967483585,0.9914494427269808,3.9918021639951515,2.0416654930479736,0.4931466232652987,-0.45381587268607676,0.1636073634970523,-0.19095967306088243,0.2370018661723024,0.2263842039521957,-0.3057298527651617,-0.5489945233034946
57.1,1.2012073902868474,1.0325207504212979,3.9351622342809445,1.9202364057680852,0.32469704972286917,-0.6775011502649045,0.19583235966263915,-0.20572133304893445,0.1675077495310841,0.14045042601477406,-0.23012829379953031,-0.745044095703632
57.2,1.3863809905663769,1.0557886256496882,3.856726599954578,1.78026554797625,0.1382646847821687,-0.8884630628949304,0.22377752068279308,-0.20686243565370757,0.07750960967849607,0.04703631081125181,-0.1633175544201248,-0.9796514485086243
57.300000000000004,1.5566924495573322,1.059821349281401,3.7581378751192944,1.6232586127140594,-0.058723720317054084,-1.0794037056124313,0.24651518752049784,-0.19426308495494632,-0.03616067213622293,-0.046556148224948975,-0.11690744302325187,-1.2506525141127738
57.400000000000006,1.7105202983637813,1.0439534868636868,3.641731457170624,1.450884076252339,-0.25842034312032464,-1.2438113985235137,0.26285870346347384,-0.16916593541250402,-0.17626390922745286,-0.13241040552451877,-0.09932068293971671,-1.544145112331577
57.50000000000001,1.8464173229030918,1.0083124408748154,3.5104436581222838,1.2649554872050037,-0.4528691586598982,-1.3762194833170325,0.271349809051762,-0.13448885504639696,-0.34379449193304623,-0.20141269973186554,-0.11398726292037163,-1.8276824403310243
57.6,1.9631241279694214,0.9538133949917732,3.367695959166377,1.0674123922463183,-0.6343231218543847,-1.4724234693108116,0.27080853661414234,-0.09508286129128155,-0.5361900455216312,-0.24413059942920926,-0.15723774354547335,-2.0516466649536405
57.7,2.0595807340133483,0.8821228519282003,3.217260001721132,0.8603000991132027,-0.7955530185451846,-1.5296478726559746,0.2614707260380492,-0.057176518766737384,-0.746316126770442,-0.25411723295501343,-0.21761544127460028,-2.1706354161925914
57.800000000000004,2.134936100851503,0.7955922184734042,3.0631086961400364,0.645748488190368,-0.930135672253283,-1.5466560978884167,0.2458516144027059,-0.026446311841012773,-0.963938552205564,-0.23178149427469555,-0.27917604536580365,-2.1761256417441555
57.900000000000006,2.1885554940892433,0.697164085486768,2.909259382647537,0.4259500923829677,-1.0327100167626808,-1.5237989817271929,0.22815830414367094,-0.00573382832955705,-1.1795961573173943,-0.1847562096889822,-0.32786478152191145,-2.1053076346498547
58.00000000000001,2.22002563233518,0.590254939167978,2.7596152958668836,0.20313767110849257,-1.0991908257243688,-1.463000064350528,0.2125261200271493,0.005673465936177605,-1.3880516093085407,-0.12400100342323547,-0.3559740815094701,-2.0140745788567074
58.1,2.2291575760791007,0.47861897953406823,2.6178116518846646,-0.020438491963538002,-1.1269315785560083,-1.367678175844212,0.20161873180833204,0.010922156748349765,-1.5889307476015861,-0.05954510227723793,-0.36202364209667154,-1.9455480567936398
58.2,2.2159873421594485,0.3661984752303067,2.4870724924606464,-0.24253333635244073,-1.1148299696877646,-1.2426104245510534,0.19631137419516945,0.013983742968689927,-1.7850103180612766,0.001180075933556917,-0.34825245169850083,-1.9177846530778142
58.300000000000004,2.180774250827691,0.25696662055602704,2.3700839920891257,-0.4609295872271352,-1.0633718548335196,-1.0937410500259943,0.19599269311516251,0.018508592221804884,-1.9798111274361023,0.05289436029140286,-0.31855006195432417,-1.9252428104819992
58.400000000000006,2.123997035290111,0.1547691594992196,2.268889277248571,-0.6734599059688214,-0.9746118822882802,-0.927943761495601,0.1989540403712372,0.027133344573261914,-2.1754585988512254,0.09154420240622053,-0.2777058727371784,-1.9437307442571816
58.50000000000001,2.0463477660418703,0.06317109072950622,2.1848089495070044,-0.8780284074426915,-0.8520915814207211,-0.7527470370940947,0.20279829242570166,0.04097110314229302,-2.3711847125081666,0.113983220840663,-0.23148464950530695,-1.938028981745245
58.6,1.948723664078611,-0.014685435062850694,2.1183904793737414,-1.0726313303251342,-0.7006981739141338,-0.5760333357715726,0.20503079792393417,0.05931187543509537,-2.5629349665004764,0.11850113594390467,-0.18657638497829926,-1.8756749842820928
58.7,1.8322168979603997,-0.07620636029772387,2.0693884867593275,-1.2553766566928894,-0.5264697365059181,-0.4057242137757342,0.20378298914219767,0.07984649741432681,-2.7444986698313065,0.10558238505734464,-0.14970086906752883,-1.743206501017494
58.800000000000004,1.698102479505157,-0.11944911497793731,2.0367766925113573,-1.424502488947951,-0.33635448277243873,-0.24946389953513706,0.19826600352637014,0.0995030017934966,-2.909718938182486,0.07788004842323623,-0.1261214081335236,-1.5522504640454375
58.900000000000006,1.54782439140899,-0.14320003849331409,2.018791062827132,-1.578394005894595,-0.1379337606345727,-0.11431394221608301,0.1886420207000444,0.1154231475035658,-3.0544254209578834,0.03913719390007378,-0.1186484850571185,-1.329720019164009
59.00000000000001,1.3829800971498836,-0.14702274219331346,2.013002424743407,-1.7155988352495846,0.06088019120064897,-0.006471107738907134,0.17550629672698234,0.12550673502542664,3.1061212751551484,-0.0071244357260747074,-0.1277470825404523,-1.102395658516975
59.1,1.2053035989641665,-0.13127548466559041,2.016415655946293,-1.8348406968871005,0.25215967836553127,0.06898023077813319,0.15940708258387387,0.12843316037618963,3.0050195186837265,-0.05828924757775745,-0.1522884973203378,-0.8880227194985818
59.2,1.0166472233460009,-0.09709686702333303,2.0255914926738803,-1.9350311895124797,0.4282776021214396,0.10827133637789269,0.1406165694623566,0.12344686951183659,2.9237755080628207,-0.1125695200675943,-0.19017573007487604,-0.6946601816860305
59.300000000000004,0.8189623252814748,-0.046360418485605515,2.036786097736792,-2.0152796130278756,0.582211526845061,0.10909988241185811,0.11911730629922539,0.11017612190235311,2.8603514574556197,-0.1684671271362399,-0.2384763615411736,-0.5237941894862636
59.400000000000006,0.6142791121823586,0.018400117219333934,2.046102822608859,-2.074900739392945,0.7078236415004033,0.0707222462589627,0.09470401624147384,0.08859211040618312,2.8128360827120815,-0.22406752255436022,-0.29311938415904465,-0.37351190684295577
59.50000000000001,0.4046857961453324,0.09409181603199004,2.0496501113686083,-2.113420466078498,0.8001054539159818,-0.006016357156335542,0.06713818514167148,0.05910672020593283,2.7796842664111017,-0.2763651577335873,-0.3484406979493939,-0.24041967111672324
59.6,0.19230728866449648,0.17718590040659998,2.0436992493858943,-2.130579308040739,0.855377462678678,-0.11871510367208477,0.03632712802416642,0.022757757176533666,2.7598141046703772,-0.32085650304877694,-0.3970145330397216,-0.12029110030641654
59.7,-0.020716344773105428,0.2638584421706451,2.024835665808251,-2.1263337062823546,0.8714358463560454,-0.26351282559688055,0.0024971688130948815,-0.01860435263677344,2.752640763958678,-0.3517477838164714,-0.4302961429611518,-0.007844744773547815
59.800000000000004,-0.23225145169684816,0.35014283201942875,1.990097755864157,-2.100855153287591,0.8476403220106785,-0.4352415171405151,-0.03369508181907561,-0.06224400632350738,2.7580950861899716,-0.36306112926941975,-0.44040872303259615,0.10378308968655539
59.900000000000006,-0.4401921638899013,0.4320879371678391,1.9370976865199137,-2.054527157695543,0.7849396703650834,-0.62763196004037,-0.07117953287042872,-0.10468898861677346,2.776652317254859,-0.35044131746644974,-0.4227319636075844,0.22323323239348797
60.00000000000001,-0.6424813588031059,0.5059156419123916,1.8641193672695207,-1.9879400922855541,0.6858339100092696,-0.8335632719727588,-0.10863691934293365,-0.14212447425325178,2.809381540110259,-0.31276867813049763,-0.3781033077809494,0.360395155144627
60.1,-0.8371310025635221,0.5681714904580949,1.7701896781682833,-1.901883990473145,0.5542746286461511,-1.045346429259715,-0.1447343465237247,-0.17092620194249816,2.8580125134087884,-0.25255330491679245,-0.3133169136688781,0.5253153347102749
60.2,-1.0222416735395652,0.6158624263557326,1.6551201133495816,-1.7973393768433028,0.3955074448534721,-1.2550304609176834,-0.1782880107373742,-0.18814925800412494,2.9249931104690345,-0.1749598340398124,-0.2396319338486081,0.7269234624775657
60.300000000000004,-1.1960210749527405,0.646576137312398,1.5195171776856458,-1.6754662365793909,0.21586288091488504,-1.4547191072432988,-0.20823640482255654,-0.19184874441759261,3.013460999414199,-0.08640093718808167,-0.17025446688012272,0.9712445278528691
60.400000000000006,-1.356801356430157,0.6585772474740599,1.3647611199491594,-1.5375912467901396,0.022503983960340646,-1.6368853189276016,-0.23341133143570397,-0.18127725491802593,3.1269578295659226,0.006162040910126482,-0.1179579571687225,1.257493900554526
60.50000000000001,-1.5030550775428893,0.650876522296982,1.1929538481404052,-1.3851934095185594,-0.17685924303530598,-1.7946710587645498,-0.25223234208174916,-0.15716348992899418,-3.01460136535858,0.09482032306699618,-0.09309795782322637,1.5702021765578134
60.6,-1.633409661130076,0.6232703270278706,1.006838101239564,-1.2198882414730954,-0.37427721566052824,-1.9221604539428896,-0.2626462545435154,-0.12225558652442708,-2.843897446121013,0.16995556553610897,-0.10132986196746109,1.8695239833566932
60.7,-1.746660200406478,0.5763487657073039,0.8096910975467092,-1.04341068910858,-0.5618776938345288,-2.0146154093221673,-0.26281361306879786,-0.08185606224302294,-2.6476206976369627,0.22093966672452894,-0.14070056854187388,2.092806042946191
60.800000000000004,-1.8417805013188115,0.5114721762197798,0.6051968972988342,-0.8575969494759696,-0.7321796241033128,-2.0686642886392757,-0.2526542650796852,-0.0432533389597408,-2.4349213450062996,0.23986055572627724,-0.20015905828687125,2.1849825946938997
60.900000000000006,-1.9179322601689963,0.4307169184582001,0.39730256583786583,-0.6643653871468392,-0.8783913865626888,-2.082436141609357,-0.23501868600013723,-0.013198687782106573,-2.218344763785672,0.22624093816697094,-0.263030730472655,2.1426216262765254
61.00000000000001,-1.9744722959644718,0.33679261685731127,0.19006386941693026,-0.46569674541507733,-0.9946815562442803,-2.055635125781614,-0.21482726993808612,0.005028685499131176,-2.0086710196280335,0.18752983620221564,-0.3144793500779468,2.0192465793235654
61.1,-2.0109577770854252,0.23293415657483987,-0.012513346973739181,-0.26361385581593355,-1.0764113845625456,-1.9895521562408152,-0.19678631666522134,0.012311526808710364,-1.8109698802915015,0.1345238886976101,-0.34653612125259226,1.8843543205740079
61.2,-2.027149402467122,0.12277273909140592,-0.20662977824025386,-0.060161053736998496,-1.1203197325210998,-1.8870133187566243,-0.18385417268043658,0.01213097984662941,-1.6244446947160283,0.07668976100312472,-0.35768150754536554,1.787021178781477
61.300000000000004,-2.02301251837109,0.010191137835352332,-0.3888410326347577,0.1426164904967429,-1.1246530829748602,-1.7522671030085308,-0.17713186418573676,0.008732906841680032,-1.4446602483637772,0.0205831551308692,-0.3499209818818858,1.748597691507506
61.400000000000006,-1.998716172748799,-0.1008310756664588,-0.5561918470894088,0.3426933162039876,-1.0892354487694507,-1.5908149515483256,-0.176355413748806,0.006090182042267689,-1.2659828591400963,-0.02947781666517718,-0.3264847951283224,1.7691266800836751
61.50000000000001,-1.9546301299732505,-0.20637616476711204,-0.706330795941539,0.5380838863652365,-1.0154753897408058,-1.409191879968772,-0.1802738127129683,0.007461747736729336,-1.083528524441865,-0.07018371514877828,-0.2909565736629708,1.831910793656352
61.6,-1.8913198891188934,-0.3027443956114348,-0.8376009222224698,0.7268622695487511,-0.9063098588293338,-1.2147059142344874,-0.18680153429387947,0.01504071572937965,-0.8948358779287682,-0.09841887688113314,-0.24746658844510686,1.9041731766858736
61.7,-1.8095397688042543,-0.38660151405956233,-0.9491026805702139,0.9071810949213448,-0.7660871159867437,-1.0151467329447754,-0.19322311186997992,0.02944181932022224,-0.7012747740912251,-0.11132489219654337,-0.20128312717141192,1.9410331165645534
61.800000000000004,-1.710224140678146,-0.45511165218293576,-1.0407266846696515,1.0772895941519065,-0.6003933777286503,-0.8184751299848224,-0.19678237993475736,0.049268334666368645,-0.5084446213358362,-0.10728110942981847,-0.15890007644134524,1.9011195711856654
61.900000000000006,-1.5944769117413649,-0.5060503657704709,-1.113154955915573,1.2355505544714955,-0.415830113268046,-0.6325056776360101,-0.1955738708001407,0.0713556181824234,-0.3246468078174305,-0.0870098633965221,-0.12690724085197436,1.7689621206869002
62.00000000000001,-1.4635593726751184,-0.5378932963964717,-1.1678306257423658,1.3804560193146411,-0.21975086573006153,-0.46459524127723617,-0.18908587323349432,0.09187723206504798,-0.15786260584444933,-0.05354656425627312,-0.11013675749347315,1.563236054220666
62.1,-1.31887654503083,-0.5498769233736294,-1.2068973017077587,1.5106415866989282,-0.01996809055559773,-0.32134976350888417,-0.17792435924872496,0.10758463299991075,-0.013217514923070954,-0.010888467611711512,-0.11058282943662022,1.32126279879383
62.2,-1.161962174373673,-0.5420289836027603,-1.2331105168166085,1.6248991706529743,0.17555830147859108,-0.2083610071715787,-0.16306913057727937,0.11636495603589576,0.10762510100314476,0.03746446456500791,-0.1277395992449423,1.0770545492440025
62.300000000000004,-0.9944625291306789,-0.5151673465760527,-1.2497247945118537,1.7221881074134184,0.359038279816269,-0.12998375235025028,-0.14529188833002174,0.11710730418197893,0.20553400492064497,0.08907055421417649,-0.15955984089832212,0.8508560987531165
62.400000000000006,-0.8181191758553931,-0.4708673893841576,-1.2603608338712766,1.8016445056052632,0.5231622570876696,-0.08916232966595544,-0.12495702819764196,0.10935278424571737,0.28260827890833906,0.14224738109388527,-0.20308366684128687,0.650271087972214
62.50000000000001,-0.6347509107871327,-0.41139917238283996,-1.2688581120780638,1.862588758011019,0.6613924983194482,-0.08731340526129369,-0.10208243565512716,0.09306587022618251,0.3412049164427969,0.19538498377092847,-0.2544645969701815,0.4752707212014162
62.6,-0.4462350348723445,-0.3396369201273326,-1.2791187825830996,1.9045311516313708,0.7682237588231665,-0.124269690292867,-0.07650414812348676,0.06860510798727304,0.38340502090586137,0.24622172068205034,-0.3086205658793043,0.3222815264664479
62.7,-0.25448816476843256,-0.25894441628408177,-1.2949490943716175,1.9271755323444824,0.8394027599522654,-0.1982868188620246,-0.04806632312579275,0.036843094320377814,0.4107819073596113,0.2913071965125719,-0.3589344850851289,0.1862748316940135
62.800000000000004,-0.06144677572620403,-0.17304088146336044,-1.319904656552418,1.9304210003809004,0.8720977529216396,-0.306113119974482,-0.01680335718980684,-0.0006552380268125287,0.424321209130512,0.3259057511454888,-0.3975069300796913,0.06129473600578916
62.900000000000006,0.13095232637569018,-0.08585268100045142,-1.3571457191656442,1.914361632842856,0.8650114107156194,-0.4431195017189899,0.016921356092668458,-0.04150730500836268,0.4243944050785073,0.3446117959293421,-0.4163802568023707,-0.0598468813930526
63.00000000000001,0.32079140719054566,-0.0013567746284271764,-1.4093082417669842,1.8792842494071171,0.8184325474401755,-0.6034842693568228,0.05237031266168768,-0.08255298547384007,0.41073242488683853,0.3426985952167051,-0.40970628053377206,-0.1859862376919261
63.1,0.5061908862018094,0.07657785078974796,-1.4783958919132876,1.8256642569590464,0.7342246032320942,-0.7804255089585863,0.08851324671545055,-0.12012113067867701,0.3823743499287589,0.31767490338687787,-0.37607151714086257,-0.32757783764025733
63.2,0.6853279096391122,0.14434444389306061,-1.5656972812396508,1.7541596280158493,0.6157513537954573,-0.9664717719232915,0.12419983673258489,-0.15047471549101785,0.33758638382180634,0.2701529303661462,-0.3197405691287574,-0.4960613263158512
63.300000000000004,0.8564542309047136,0.19874229685366454,-1.6717317406479575,1.665603086219637,0.46774280629192133,-1.1537602687659314,0.15831037346908314,-0.1702884768801759,0.2737734609657605,0.2035257001682053,-0.250090587736525,-0.7027476292164265
63.400000000000006,1.0179132236171005,0.2371043656349831,-1.7962257983346046,1.5609925897342265,0.2961066278923874,-1.3343506838395398,0.18975052983130308,-0.17702186110901427,0.18746393241942413,0.12291154677203031,-0.17966596664529272,-0.9568247259910087
63.50000000000001,1.1681558622964325,0.2574036146595045,-1.9381213003299351,1.4414802198928967,0.1076926247387785,-1.5005420998875312,0.21721913179463104,-0.16919627863441794,0.07457121353257257,0.03441439163979939,-0.12189894812128718,-1.2606166298200088
63.6,1.3057555172278128,0.25833384625981504,-2.0956148517039788,1.3083595977576463,-0.0899803392034878,-1.645180397330451,0.23882155740908273,-0.14679359183651755,-0.06866527991690152,-0.05456415479336305,-0.08897542002927249,-1.5992469177419038
63.7,1.4294214230145514,0.23936179249757022,-2.2662270079057345,1.1630519652181033,-0.2890240965187564,-1.7619438729219916,0.25188578731050637,-0.11205946013405058,-0.24357100313257923,-0.13430951874820182,-0.08919721346835575,-1.9261735530281752
63.800000000000004,1.538010694633569,0.20074839261380056,-2.4468984596249395,1.007091079748836,-0.48149565367893654,-1.8455956907216653,0.2537111814197508,-0.07047547943469207,-0.4459789888614986,-0.19304489124098378,-0.12315408120186401,-2.1622085085955853
63.900000000000006,1.6305387802758746,0.14353840784561644,-2.634109378385297,0.8421070828412948,-0.6597138541270037,-1.8921931006114558,0.24361162451039792,-0.030394305422103477,-0.6645419858165673,-0.22092465608487571,-0.18087019965430662,-2.236362001844021
64.,1.7061882567311437,0.06951878763363872,-2.8240171666970895,0.6698095113335613,-0.8165656027480879,-1.8992450831138472,0.22461825269736807,0.00011433582597790831,-0.8838134145349559,-0.21599734052776576,-0.24494658476622394,-2.1479124561414435
64.1,1.7643158903847607,-0.01885255297204841,-3.0126071228284537,0.49196962829569807,-0.9457894435249186,-1.8658121353382893,0.20238018388959458,0.017123673590818674,-1.0911446148170758,-0.1853149528540227,-0.2993156983009544,-1.9693684218426566
64.2,1.8044579048568563,-0.11854470528749977,-3.1958500153524394,0.31040225572961083,-1.0422251850312172,-1.7925442195233139,0.18219921600450686,0.021612858859049597,-1.2813347805052753,-0.13968281920453277,-0.335329784982136,-1.7859975979024363
64.3,1.8263334147408274,-0.22607458251862392,-3.369860287116568,0.12694729506621827,-1.1020196219823593,-1.6816553608933915,0.1672747970818752,0.01736321339742223,-1.4561067199082227,-0.0883497337710381,-0.35125467378687036,-1.6520039226777663
64.39999999999999,1.829846003604149,-0.3376457622996755,-3.531048583149857,-0.056548876734563484,-1.1227801513743494,-1.5368359071312294,0.15881675477084103,0.00879772487593797,-1.621118853986345,-0.037367470601610164,-0.34895505956781586,-1.5892791280487277
64.5,1.8150834432064757,-0.44929982103248145,-3.6762625232666712,-0.23825194775683636,-1.1036701590201032,-1.363105946991734,0.1567847004883805,-0.000021582668893390005,-1.7834062110104845,0.009637514977925832,-0.33136346434584063,-1.600691601207331
64.6,1.78231556957959,-0.5570741268041417,-3.8029101087335526,-0.4163579626237446,-1.0454423737230405,-1.1666157313734935,0.1603760614725973,-0.005611456470445203,-1.9498018729059734,0.05014427435454397,-0.301422871491796,-1.6777085035043842
64.7,1.731990350012563,-0.6571598001777645,-3.9090608446469135,-0.5891111829924726,-0.9504088593621303,-0.9544010529991838,0.16810314712325758,-0.005126595517935598,-2.125683887851742,0.08166883470141857,-0.26209834381743785,-1.7990343806929106
64.8,1.6647281929110116,-0.7460535454576902,-3.9935205480298137,-0.7548213407593128,-0.822348841209384,-0.734103336506783,0.17765686125957783,0.003308215303833196,-2.3134050161857505,0.10126575638364159,-0.21706100615026655,-1.9248847993652938
64.89999999999999,1.5813145697737514,-0.8206972993964026,-4.055876860680417,-0.9118801150531493,-0.6663580411533516,-0.5136655976280994,0.18598255538743397,0.019866756922241196,-2.5105246249194515,0.10596108457115613,-0.17153393067684605,-1.9983348384936264
65.,1.482691034985375,-0.8786001299895194,-4.096513653667225,-1.0587766731078758,-0.48864552835801933,-0.30101639214817105,0.19002176356279338,0.04235812484388357,-2.7092009399787735,0.0941960696955375,-0.1323067428831639,-1.9669633586084276
65.1,1.369944744598495,-0.9179375256389071,-4.1165937505131565,-1.1941121256621896,-0.2962861842801795,-0.10375435413989025,0.187926004555746,0.06659063059693712,-2.898381750804036,0.06721262667236717,-0.10609250798048311,-1.816259320393645
65.2,1.2442965896266411,-0.9376241163384251,-4.118010659097329,-1.3166127595176786,-0.09693865048350309,0.07115410053156658,0.1796714124610859,0.08796206821516556,-3.0680979606105896,0.028743363404839784,-0.09716785841514378,-1.57869665516335
65.3,1.1070880724526928,-0.9373569277180178,-4.103311237780811,-1.425141923162108,0.10145999621947771,0.21765185430364836,0.16646805880036758,0.10301731149658325,3.070519661013789,-0.01686025042186984,-0.10640176361716862,-1.3064530046181921
65.39999999999999,0.9597670666536924,-0.9176274435441684,-4.0755923799751255,-1.518710455793129,0.29101066895974265,0.3308319057861301,0.14970113056665055,0.10987969230568395,2.9522705568265653,-0.06620532468441769,-0.13208821321245845,-1.0406995082517296
65.5,0.8038726107467912,-0.8797019957828336,-4.03837583712666,-1.5964855655003984,0.4641671814639816,0.40713232524640114,0.1302955461399648,0.10783579651408433,2.858649903572881,-0.11713528002792048,-0.17117552281014004,-0.8019036832815543
65.6,0.6410188949780274,-0.8255712640113535,-3.9954661715928736,-1.6577980786223019,0.6140370896730214,0.4444775759463928,0.10862251335332314,0.09682837739332911,2.7868669501737293,-0.16812956454837982,-0.21983083860465655,-0.5950304166823918
65.7,0.4728786072326851,-0.7578708974783499,-3.9507975033944867,-1.7021479992144941,0.734656470720771,0.44236056779665495,0.08467129054309282,0.07721087123838145,2.7341404023598903,-0.21748838503290768,-0.2733156608310197,-0.41713537193617717
65.8,0.30116580938595283,-0.6797764243598118,-3.9082751615302684,-1.7292083349766152,0.8212276847023885,0.40186217261340934,0.05827812378346616,0.04975736157852809,2.6982133376008415,-0.26265679983005313,-0.32562548510202405,-0.26219968752706674
65.89999999999999,0.12761851889254874,-0.5948766378475717,-3.871618553629087,-1.7388271637027526,0.870310640420943,0.3256074234781071,0.029336808000847835,0.01581184489121058,2.677532410851001,-0.29989319825612604,-0.3694311216623579,-0.12309588123287986
66.,-0.04601882788330146,-0.5070305067675228,-3.8442115190914388,-1.7310279321681192,0.8799599399503708,0.21766014490808383,-0.00203505073231706,-0.022550179574863768,2.671291102586661,-0.32450011182097005,-0.3968069440128562,0.008183152174224375
66.1,-0.21801285417919572,-0.42021331524959515,-3.8289661324776687,-1.706007997160146,0.8498024344941217,0.08336021512038891,-0.0354045610787128,-0.062469337745236275,2.6794474838554354,-0.3317433641897794,-0.40094491558309026,0.14099148988575982
66.2,-0.3866584886205778,-0.33835816537534313,-3.8282053876291404,-1.6641354359266456,0.7810520996320806,-0.07089005124849201,-0.07003873976189183,-0.10044726845463636,2.7027691526129463,-0.31821461128425815,-0.3784291456383862,0.28643110095571367
66.3,-0.5502958073032967,-0.26519916159263845,-3.8435694402410068,-1.6059441704732116,0.6764616369267105,-0.23788188319350578,-0.10501826595788095,-0.13269070289335802,2.7429249666934408,-0.2829486820798873,-0.33102060856985027,0.4572781023271583
66.39999999999999,-0.7073263064737925,-0.20412252863975905,-3.8759491473511742,-1.5321274667259652,0.5402127313795693,-0.4098881905171145,-0.13936820831897673,-0.15554980713982486,2.802612403943588,-0.22763246799765005,-0.2659621290292165,0.6673220350137685
66.5,-0.8562284470074314,-0.15803159843770065,-3.925449553915239,-1.4435298854229694,0.37774933982728415,-0.5789723704786036,-0.1720693501018449,-0.16590971600120458,2.885647441841529,-0.1559417443007712,-0.19472578455906825,0.9296235322469537
66.6,-0.9955723203285285,-0.12923104849718148,-3.9913847826879976,-1.3411377765534465,0.19556065654260923,-0.7373054722364791,-0.20182504160017423,-0.1615056323520539,2.99679617094513,-0.07283446326068466,-0.1310171040433701,1.2515171559741247
66.7,-1.1240332953027323,-0.11933500688967003,-4.072304531628067,-1.2260684230853862,0.0009224085168585416,-0.8774790742034089,-0.226571793711046,-0.14138222085862406,3.1408403233564535,0.015221684537399433,-0.0886928643439274,1.6220092306901115
66.8,-1.2404045168537856,-0.12920268734748386,-4.16605112289616,-1.0995579524778896,-0.1983932058349157,-0.9928014003434137,-0.24306449655431114,-0.10693040481372149,-2.963083272670386,0.09891713813977696,-0.07902430504991875,1.9904933616131053
66.89999999999999,-1.3436081394920847,-0.15890412051822778,-4.269844829468398,-0.962948145943761,-0.3944273707182384,-1.0775648696520639,-0.24752387508733265,-0.06346902746842635,-2.7528345187609573,0.1655196693701073,-0.10602483144503122,2.257910128041166
67.,-1.432705192453895,-0.20771734756045923,-4.380394077992817,-0.8176722855078684,-0.5793519468493731,-1.1272744119270273,-0.2382415088512762,-0.020462565526109217,-2.5251593929606897,0.20274339658342252,-0.16160144547853014,2.3273544643847193
67.1,-1.5069039875979264,-0.2741571879629416,-4.4940261347259405,-0.6652401875045326,-0.7457815556854497,-1.1388274470616255,-0.21821335207762474,0.012227400944976088,-2.2991761860351407,0.20641230445413877,-0.22753216254623998,2.1954346217867102
67.2,-1.5655669964354764,-0.3560344347055208,-4.60683306473723,-0.5072225781994074,-0.8870680121813461,-1.110638352116056,-0.19394965068165881,0.029620191289532936,-2.0902199230689646,0.18297548865449015,-0.28577371482799097,1.9580277290578005
67.3,-1.6082161385236557,-0.4505431168370746,-4.7148271456174164,-0.3452349726500959,-0.9975653679677947,-1.0427024535190506,-0.17154304606736168,0.03270980779315467,-1.9039724886882585,0.143555151745825,-0.326397262768897,1.721368467830325
67.39999999999999,-1.63453643976565,-0.5543723505872714,-4.814099539952853,-0.18092122169024086,-1.0728549985162472,-0.9365969926955333,-0.1544957450124387,0.025662117995326687,-1.737859815039788,0.09760449506278007,-0.3472263101693593,1.5456442080392205
67.5,-1.6443780357685898,-0.663838319860951,-4.900975900856657,-0.015936894013634954,-1.10992176077494,-0.7954190260878392,-0.14405981364435816,0.013152749448429106,-1.5851539144041693,0.05104482126838713,-0.3500203184619065,1.4510907197016174
67.6,-1.6377565121416873,-0.7750311244694298,-4.972162707063847,0.1480673392642369,-1.107274198427388,-0.6236627347663245,-0.14026951597202092,-0.0006927784257746316,-1.4378625645583847,0.007125234208742797,-0.3376403927571427,1.4396994772427936
67.7,-1.6148515903049327,-0.8839706417232915,-5.024878493627283,0.30946215146783984,-1.0650040025688716,-0.4270410343752331,-0.14260131539396792,-0.012371025308886957,-1.2880097931355061,-0.0322208119063445,-0.3128129160830935,1.5073666520399382
67.8,-1.576004183855658,-0.9867651876764224,-5.056964746362413,0.466655675477895,-0.9847823572913111,-0.2122585967327365,-0.1501220008323134,-0.018808542798414582,-1.1282729766151334,-0.06525376098907332,-0.27791398587382937,1.6445435909009176
67.89999999999999,-1.5217118666431417,-1.0797666526985898,-5.06697203887871,0.6181091284780216,-0.8697933158664822,0.013254668530704505,-0.16124921570495399,-0.017349919214863552,-0.9529656661281748,-0.08962499152228362,-0.23542293326734626,1.827815842243297
68.,-1.4526228092718247,-1.1597159266104535,-5.054217977982437,0.7623517938020116,-0.7246068636089189,0.24163904757344662,-0.17337261429920603,-0.006267378664676503,-0.7600196323938806,-0.10210437412359236,-0.18891820129089965,2.0075330917396803
68.1,-1.3695282556398338,-1.223872815739926,-5.0188146470948105,0.8979952149284015,-0.5549967280016179,0.46491759369944097,-0.18290078376621266,0.01411302295777349,-0.5535785196001415,-0.0994024740950552,-0.14412560110709735,2.1082098078446916
68.2,-1.273353625177498,-1.2701252725168986,-4.961664453295216,1.023746465636497,-0.3677101994195408,0.6753133757550066,-0.18638951388871075,0.04046986126480316,-0.3448302869164358,-0.08021575774260083,-0.10864472002026711,2.0638243407989196
68.3,-1.165148339546974,-1.2970735829667535,-4.884424543195584,1.1384203705960956,-0.17019913897283256,0.8655587563859799,-0.18226764682528818,0.06725827248448997,-0.14840546248944503,-0.0467890431961643,-0.08938828790302214,1.868873184840597
68.39999999999999,-1.0460744845736187,-1.3040861558132533,-4.789441205862178,1.2409505621011505,0.029677102662545307,1.0291843707172477,-0.17134831058687025,0.08913697642753891,0.023910257090593405,-0.0038645668196722344,-0.08966887852561665,1.5809333786488673
68.5,-0.9173944289931694,-1.291324689055029,-4.679656877472244,1.3303992711479071,0.22396501173744898,1.1607762852906098,-0.15560728554345227,0.10277253196024773,0.16678043453346925,0.04393365896236499,-0.10879104243287609,1.2706869149004065
68.6,-0.7804575311147275,-1.259737710703786,-4.55849345462513,1.4059657644709804,0.40493399190724044,1.2561910856455303,-0.13676812829013582,0.10683813081745124,0.28042199934174844,0.09356161361484852,-0.1436829025280349,0.9831918851471726
68.7,-0.6366860726344207,-1.2110227511944878,-4.429716567676565,1.4669933533423474,0.5653845576967934,1.3127203181742284,-0.11576151202951002,0.1011809900639361,0.36786031629635046,0.14330369736876492,-0.1903112821168601,0.7348108618844781
68.8,-0.48756056551830174,-1.1475586555341748,-4.297286224480255,1.5129749147607627,0.6989353542513115,1.329197730961583,-0.09284296565959481,0.08619734660316235,0.432756028724509,0.19182893054495243,-0.24401156756887446,0.5251693913453449
68.89999999999999,-0.33460458304750756,-1.07231073369025,-4.165199778240126,1.5435568809605134,0.800277560802015,1.3060450387392402,-0.06789795229169199,0.06264025150487933,0.47830889516075004,0.2373091000205882,-0.2991519222913633,0.34720120045923314
69.,-0.17936926974782008,-0.9887125305730337,-4.037333479143124,1.5585416687897824,0.8653865355827564,1.2452543879259523,-0.04072088291383936,0.03170832297377247,0.5068680604594454,0.27686288448506047,-0.3488104076448738,0.19198307492230443
69.1,-0.023417686981526593,-0.9005289290701666,-3.9172889258546557,1.5578885362936623,0.8916822645829872,1.1503082212879756,-0.011226201765058447,-0.0047672755158297345,0.5198524258386233,0.3064806014111233,-0.38505623159596325,0.0500608695062854
69.2,0.13169084854409094,-0.8117060437826866,-3.8082505375700224,1.5417128696243716,0.8781322175516297,1.0260397374257602,0.02041743019274237,-0.04418697696930175,0.5177531318745142,0.3215824432176133,-0.4002166029185881,-0.08886802964913074
69.3,0.2844162771923735,-0.7262138897260366,-3.7128597279151068,1.5102839190346071,0.825292510707457,0.8784395085833314,0.05374991982672139,-0.0832127336930342,0.5001125085402879,0.31815498516993473,-0.3890138251927731,-0.23670993240235164
69.39999999999999,0.43325300622397467,-0.6478880982980051,-3.6331107960932703,1.4640210180339914,0.7352857351287548,0.7144159667665801,0.08808575007232194,-0.11800893608834725,0.4654357223368988,0.29398485286380055,-0.3507530535703303,-0.4074953412294932
69.5,0.576744667676027,-0.5802769907986611,-3.5702726848337925,1.4034883346528633,0.6117163347343861,0.5415193072746773,0.12262974128294021,-0.14463008884429512,0.4110282439221393,0.24927781464059684,-0.29042389127794555,-0.6173765124350705
69.6,0.713498280548996,-0.526500106198289,-3.524839723425072,1.3293882180173624,0.45952690746925745,0.36763981717279126,0.15651349210627535,-0.159413164318919,0.33281033630178025,0.1863588392826197,-0.21817483033799523,-0.8836097048857913
69.7,0.8421976805594318,-0.48912382320454384,-3.49651331852927,1.2425532169574889,0.2848011585121847,0.2006926558227743,0.18858271793645867,-0.15929486528027736,0.2253145364133945,0.10899512829924336,-0.14767935167651017,-1.2202495893299403
69.8,0.9616160890284107,-0.4700590351847141,-3.4842153216425844,1.1439368600171358,0.0945213611404796,0.04830165469478309,0.2168139753174225,-0.14224540050787862,0.08244084914629066,0.022450090951833094,-0.0942270173435883,-1.624582098282406
69.89999999999999,1.0706277020050188,-0.4704849573206682,-3.486132539176148,1.034603297891714,-0.10371000547938758,-0.08250525722914692,0.23756465667203536,-0.1084161087210907,-0.09990758246851925,-0.06494750973379572,-0.07221004831871478,-2.048166482614816
70.,1.168218191363253,-0.49080210356489506,-3.499790609534198,0.9157159198785052,-0.30197334415159516,-0.18557685963167336,0.24582370639315437,-0.06242186836041632,-0.31853787330327155,-0.14000669446915073,-0.09001325142568856,-2.3719569729238557
70.1,1.2534940212484704,-0.530616308057763,-3.5221543007571543,0.7885250652890113,-0.49234767000490653,-0.2558844833709496,0.23826934061878677,-0.014733976090898415,-0.5581610037184078,-0.18759091591474558,-0.14267125005860806,-2.458922569749149
70.2,1.325690495759591,-0.5887544280216981,-3.5497502289541836,0.6543549588587236,-0.6672263961681377,-0.289723087979858,0.21743003832972757,0.022318565230446116,-0.7951372765474232,-0.20023970635108654,-0.21125240263641992,-2.2902088434277923
70.3,1.3841784670048085,-0.6633111021072166,-3.5788071038660405,0.5145900059283721,-0.8196205853880876,-0.28485955745682945,0.19085894706620624,0.041980592340079136,-1.0101578801704185,-0.18339938752236953,-0.27472967342009547,-1.9895871093429403
70.39999999999999,1.4284696465251838,-0.7517247000831463,-3.6054079091111624,0.37066058850316963,-0.9434375779056444,-0.24062230190193723,0.16582046638635706,0.04508810353245633,-1.1964403086127957,-0.14889977843928767,-0.321028001608437,-1.6935273492526037
70.5,1.4582204773970595,-0.8508794359963519,-3.625647948833853,0.2240285071847844,-1.0337238875752262,-0.15792859251209757,0.14630868408645542,0.036349033896638384,-1.3573768668752204,-0.10691411024808631,-0.3472245383948104,-1.4714613624659123
70.6,1.4732345389572254,-0.9572295738713719,-3.6357924585641324,0.07617221638425131,-1.0868626827260908,-0.03924853983431997,0.1336143591213322,0.020881712508856006,-1.5008262480355214,-0.06360737445723375,-0.3549917419015328,-1.3408273168434623
70.7,1.4734634708941972,-1.066940774260809,-3.63242749543863,-0.0714279988471338,-1.1007179788267512,0.11149284898079115,0.12772969576387935,0.0029879470528612327,-1.635597658079851,-0.022128605254796214,-0.34727855897459964,-1.2996528209508948
70.8,1.4590064182673235,-1.1760429466050522,-3.6125980908297803,-0.21730475658456172,-1.0747197944457416,0.28907162957709376,0.12821901245784262,-0.013828125326198955,-1.7703031680244645,0.01593781638081607,-0.3268752567356638,-1.343747599281294
70.89999999999999,1.430108013705119,-1.2805885136604103,-3.5739281562071543,-0.36001807662905944,-1.009886875609491,0.4871726791435729,0.13449373226976,-0.026499656559516183,-1.9132442217659544,0.04945556712456111,-0.2960212725322488,-1.4704317783152159
71.,1.3871549274499029,-1.3768097784918703,-3.514717360464721,-0.49816950162416956,-0.9087860826086928,0.6986409721302709,0.14564940041395233,-0.032097409823325894,-2.072233660309172,0.07687417624198227,-0.2565843513795663,-1.6727446152218926
71.1,1.330671029916855,-1.4612691203050876,-3.4340111149942665,-0.6304157032131126,-0.7754300583731774,0.9157663556474579,0.15994855203149116,-0.027892714853328268,-2.253407047698384,0.09554680552327889,-0.2107927451601424,-1.9237994748448797
71.2,1.261311224885635,-1.5309960312837854,-3.331640874865397,-0.7554814419245821,-0.6151172580539392,1.1305904717285646,0.17420651820065547,-0.012217332254806323,-2.458249553049907,0.10162306570826271,-0.16259062511889036,-2.155983648615366
71.3,1.1798540242133604,-1.5836055312058446,-3.2082331478495707,-0.8721717568950011,-0.4342207173284836,1.33522359069927,0.18396806512603467,0.013771663164879084,-2.6796573276326034,0.09146432893792933,-0.1188901854754226,-2.264308555954578
71.39999999999999,1.0871929469262738,-1.617393239021205,-3.06518685051819,-0.9793832701277829,-0.2399339805699997,1.522158724760907,0.1854457107044874,0.04494399543808304,-2.9013397528799527,0.0645516785095828,-0.08855060277970747,-2.171136793187691
71.5,0.9843268366029858,-1.6314033111874535,-2.9046199125230627,-1.07611449965725,-0.03998431792295554,1.6845704993123454,0.17789142941627983,0.07405157677785738,-3.1044535456132483,0.024826843093532336,-0.07830906188919717,-1.8995967019326876
71.6,0.8723492010008155,-1.6254665382759694,-2.729287256121519,-1.1614750866254724,0.15767533558487823,1.8165868671848162,0.16344007057898147,0.09537332039417573,3.0066631178665557,-0.021855147448309777,-0.08968069797305907,-1.5468254342066892
71.7,0.7524366868074874,-1.6002070810570674,-2.5424734191640876,-1.23469385277824,0.34518343747886665,1.9135228336195587,0.14485282361525523,0.10627976809636862,2.8689826759912727,-0.07100953230196232,-0.1199492932666606,-1.1992664299431959
71.8,0.6258368101443259,-1.5570175775174786,-2.347864100628016,-1.2951256171213144,0.5150832517422753,1.9720668743173373,0.12395043227887727,0.10632871238249932,2.763062743597323,-0.12030170254724142,-0.1646973519450429,-0.8970455671219262
71.89999999999999,0.4938550699343222,-1.498003613214697,-2.149401748049202,-1.3422567133238612,0.6606201243668581,1.9904126148559986,0.10144638103612998,0.09601122907456722,2.684227660141843,-0.168549260476286,-0.2190406083755746,-0.6466421592168397
72.,0.35784157642798436,-1.4258997687597852,-1.95113094238773,-1.3757091627780127,0.7760107691105086,1.9683305220155818,0.07735655312223844,0.0761640242159035,2.628003355654924,-0.21452061722474836,-0.27749813531851775,-0.4401960974116136
72.1,0.21917733100743764,-1.3439605913505077,-1.7570397425868172,-1.3952434718881925,0.8566738278889702,1.9071767490751412,0.051413244206761154,0.04792976614575773,2.590945531646824,-0.2561095973450582,-0.3334474833997944,-0.26613143501499276
72.2,0.07926029583958502,-1.255830836975318,-1.5709033131436405,-1.4007600360315133,0.8994125140864555,1.809838782605487,0.02335725999131778,0.012955082951289214,2.5707989360217867,-0.28998968201252684,-0.37897035357030456,-0.11269817049586661
72.3,-0.06050860699096912,-1.1654001563222647,-1.3961360669787541,-1.3922991465626942,0.902542057372451,1.6806200577952004,-0.006877454119016835,-0.026392986506299298,2.5664566683502223,-0.31185903477646393,-0.4056449876796232,0.03188795933735386
72.39999999999999,-0.19873942757105179,-1.0766480176064903,-1.2356582163984147,-1.3700396110955617,0.8659568692023875,1.5250681424663663,-0.03908024961609956,-0.06694158751591836,2.5779275617427166,-0.3173355669955638,-0.40644773389561395,0.1804858471712594
72.5,-0.33406691387876686,-0.9934850487540153,-1.0917820505265035,-1.3342960109409334,0.7911347513254071,1.34975333966304,-0.07278899268890235,-0.10484359846691954,2.6063931037081813,-0.3032188265816458,-0.37821718778659347,0.34815654793895995
72.6,-0.4651638966000111,-0.9195971241279296,-0.966122471138976,-1.2855146328851013,0.6810779795195165,1.1620065353377165,-0.10739526181177526,-0.13590542244701911,2.6543827397358313,-0.2684403924791009,-0.3235015335820785,0.5529269381771879
72.7,-0.5907542028720631,-0.8582984115669825,-0.8595353517170313,-1.2242681253247323,0.5401936113594725,0.969626742417784,-0.14221902249883847,-0.15597503055799292,2.7260490593924547,-0.214124932802461,-0.250810988629398,0.8158246684398637
72.8,-0.7096249744028689,-0.8123992382874532,-0.7720861753034517,-1.1512489410107205,0.3741177897693534,0.7805700006321322,-0.17635807538612894,-0.16124916965694816,2.8273907002506298,-0.14295244039677726,-0.17339530247903845,1.1582723176006084
72.89999999999999,-0.8206382722235386,-0.7840940434174082,-0.7030501996166829,-1.0672616401780894,0.18949104682229934,0.6026320347513245,-0.20808036419340106,-0.14860172978917124,2.9658749783692118,-0.058899711545481744,-0.10751712643462424,1.5900642270508596
73.,-0.9227418582508276,-0.7748738841422589,-0.6509441409800569,-0.9732141385450004,-0.006306434283692874,0.443137322716022,-0.2337251887851113,-0.1166101622532684,-3.1351127374376717,0.0312750347894632,-0.07041129043040231,2.075368684650113
73.1,-1.014979052782722,-0.78546698356517,-0.6135881120614051,-0.8701079944507581,-0.20544904480443782,0.3086469695730135,-0.24717811603868653,-0.06835358194742976,-2.9097205038200697,0.11494336539779054,-0.07555328334011051,2.4842106834882642
73.2,-1.0964975769248584,-0.8158096904514165,-0.5881953422905595,-0.7590278381821179,-0.3999777337376579,0.20469703339768253,-0.24282889352277368,-0.014639505023616658,-2.65660995261793,0.17426353721719842,-0.12302820497583516,2.6253718077103168
73.3,-1.1665572996440439,-0.8650490085998146,-0.571486102212159,-0.6411300542313523,-0.5821173110306145,0.13557773534544326,-0.2218253371376446,0.029139916218740625,-2.4043998061865643,0.19710310383602864,-0.1942212964802708,2.437499392026134
73.39999999999999,-1.22453682055705,-0.9315765950030752,-0.5598212880941629,-0.5176308337693938,-0.7445864208304933,0.10416235604009239,-0.1927541666325495,0.05328250774630976,-2.178288432867228,0.18690494872190028,-0.2641312163802984,2.0712107785182674
73.5,-1.2699388315674551,-1.0130928713974168,-0.5493503393206831,-0.38979371995087314,-0.8808878271215108,0.11179263965821995,-0.1645966073661311,0.05800923795058221,-1.987396586922864,0.1564716344418326,-0.3172993220193088,1.707829576901072
73.6,-1.3023942129400468,-1.1066986932761218,-0.5361675896949687,-0.25891677274925856,-0.9855674389767527,0.15822527427235988,-0.14218700215873822,0.048711174729676274,-1.8276995443342072,0.11728691513340546,-0.34956226262019974,1.4334723576643666
73.7,-1.321664832222854,-1.2090109218127025,-0.5164708175475057,-0.12631948282148103,-1.054431748905451,0.24164158208605557,-0.12692742998461437,0.0311975769546595,-1.690026740273716,0.07615755517506899,-0.362465374867076,1.2631837708464462
73.8,-1.327645027462685,-1.3162972912053181,-0.48671567188763987,0.006670434594606832,-1.084715015714538,0.3587200332027096,-0.11869912208730808,0.010128580366646387,-1.5646469231113822,0.036375497852346526,-0.3591516645971698,1.1889039136269977
73.89999999999999,-1.3203617692815242,-1.4246251947071797,-0.4437598162516376,0.13873023454639316,-1.0751895268317693,0.504768691982267,-0.11700372562334424,-0.010904176070241769,-1.44247666509846,-0.0006206489035518079,-0.34264895156055214,1.2027850303351968
74.,-1.2999735094573506,-1.5300184577129754,-0.384991041827303,0.26855519588403526,-1.0262145442792017,0.6739123157042799,-0.12137356593808551,-0.028897165767864445,-1.314841268985702,-0.03409216787035677,-0.3153464004709953,1.3034916028250467
74.1,-1.2667677365566274,-1.6286158478529453,-0.3084342405382974,0.3948714056823025,-0.9397219829757311,0.859326646429202,-0.13133883488743472,-0.04096083622144618,-1.172998130604025,-0.06318027019727486,-0.27897938966850033,1.49402210145418
74.2,-1.221157271770203,-1.7168250027973704,-0.21283297156440717,0.5164481504228959,-0.8191393923293493,1.0535105554943809,-0.14601644046268644,-0.04401633682578471,-1.0082685320855669,-0.08614290232662616,-0.23502191361844885,1.7705654090409049
74.3,-1.163675350288894,-1.7914656391550794,-0.09770236766426232,0.6321097945892012,-0.669253311600232,1.248585191003484,-0.16327453093342478,-0.035034840317884924,-0.8139324252694056,-0.09965590706807802,-0.18574983572415923,2.096574100373561
74.39999999999999,-1.0949695452020727,-1.8498963331793403,0.03664872973225264,0.7407470332592482,-0.49601844662474903,1.4366082021336992,-0.17886678585961488,-0.012550732973785167,-0.5900438906598504,-0.09896724371717125,-0.13613879385817487,2.3700021277559435
74.5,-1.0157946019028574,-1.8901198189339072,0.18912729093019254,0.8413274122834643,-0.30632027542255447,1.6098905130070427,-0.18715179141324575,0.02059448493411451,-0.34917304819005807,-0.08041782087917614,-0.09514389904397053,2.443410737848137
74.6,-0.9270042612328869,-1.91086260601362,0.35789689612550657,0.9329050176277871,-0.10770054685196229,1.76130301721859,-0.18455120655024654,0.05647377252200313,-0.11493760007517662,-0.045368755720541706,-0.07288381612401136,2.247760066934349
74.7,-0.8295421590037229,-1.9116257427120849,0.5404481866032481,1.0146292443610816,0.09194338418438719,1.8845609659347482,-0.17216759475353902,0.08628083624072691,0.0903708925117094,-0.00010739963624272905,-0.07463883769864282,1.8707854312227035
74.8,-0.7244318980054105,-1.8927047008688151,0.7336961620815207,1.085752565474363,0.2846733984263484,1.9744747117497694,-0.1537797434559693,0.10495461012455307,0.25641823478774833,0.048926900840260246,-0.09900355507259255,1.4545089605536092
74.89999999999999,-0.612766396077826,-1.855177589649596,0.9341004470182308,1.1456372311378453,0.4628270790919045,2.0271568117687098,-0.13254760773989246,0.11130931240275832,0.38394211379269394,0.0981524597967406,-0.1411396672735997,1.0840936981985712
75.,-0.4956966202141693,-1.8008621681392452,1.1378037329802067,1.1937608400199133,0.6193231873268661,2.0401772331929737,-0.10995546596682915,0.10595547045385056,0.4785742856270131,0.14622221991853177,-0.1956125789234794,0.7818126530902945
75.1,-0.3744198219313575,-1.7322433705188018,1.3407828795332097,1.2297207357996576,0.7479439679267769,2.0126604736642526,-0.0862793513276413,0.08995683979902153,0.5464436180795345,0.19237664155133874,-0.2568616545615983,0.5401420715548879
75.2,-0.2501673932374663,-1.6523742331693838,1.5390066514384357,1.2532371938830509,0.8435830306929482,1.9453207242869488,-0.061236086796540336,0.06451953794443631,0.592459201472948,0.23524553348434882,-0.31852447130600225,0.3437339595879078
75.3,-0.12419246542108385,-1.56475417342633,1.7285938053496093,1.264155375463774,0.9024489251747202,1.8404336732820117,-0.034418444009243036,0.03117165471808029,0.6199774771039859,0.272239570079473,-0.3728545524037075,0.1773599535015892
75.39999999999999,0.0022426254401997497,-1.4731894726251864,1.905965225252931,1.2624460383325635,0.9222162929159455,1.7017460741527548,-0.0055478180448140235,-0.007943405916014267,0.6309035807736514,0.2995179273710235,-0.41099052427562127,0.027031559282345758
75.5,0.12787888190841745,-1.3816415255401904,2.0679840431247203,1.2482050061120866,0.9021185712422135,1.53432668336614,0.025398075200079757,-0.04986428608413504,0.6258204438015798,0.3126171409679155,-0.4244740301361265,-0.12125170486481984
75.6,0.2514730739851553,-1.2940689060309671,2.2120781602519872,1.2216514097584348,0.8429785527816526,1.344364509955374,0.058172279834198336,-0.0908224116044911,0.6040046495805936,0.30763657116402787,-0.4077834852780626,-0.28323508631087235
75.7,0.3718099317002832,-1.2142695452413599,2.336340286265671,1.1831247271067002,0.7471755824074996,1.1389224199472352,0.09234934112247177,-0.12649194245800818,0.5632793512697247,0.28242573700651635,-0.360811883799369,-0.4779464245815005
75.8,0.48771398306714936,-1.1457293142076566,2.439601509208979,1.1330806578325905,0.6185506993570068,0.9256559183712827,0.12743960068609209,-0.15236659148250392,0.4996913077540725,0.2370269942843927,-0.2899601581946004,-0.7288378959093325
75.89999999999999,0.5980609232813665,-1.0914830474091712,2.5214754651716067,1.072085882343503,0.4622535062108283,0.7125083198574643,0.16283949808772005,-0.16407032578338857,0.4070868229700522,0.17317259165924972,-0.20743519086688955,-1.0634029099567086
76.,0.701788406424948,-1.05399354781381,2.5823713480956516,1.0008117636964349,0.28453686958372376,0.5073944601335041,0.19731908569663942,-0.15756103267781577,0.27699724944658694,0.09366841741354641,-0.12966700399828918,-1.5053369825058593
76.1,0.7979061573501642,-1.0350533971051292,2.6234752425750054,0.9200270615671876,0.09250763716214944,0.3178855575619327,0.22774513772967572,-0.1297916837207604,0.10021201093790534,0.0033303642013652883,-0.07573833223442014,-2.0425092983275643
76.2,0.8855053087853645,-1.035713485607157,2.6467005253040785,0.8305897364738676,-0.10615669078652401,0.15090778799947946,0.24758689897529165,-0.08141789547081732,-0.12711963519285965,-0.08725408069083643,-0.06395750605353039,-2.5569190680529035
76.3,0.9637668769494877,-1.0562411111931118,2.6546093139362092,0.7334379308050588,-0.30351404001966203,0.012466589547410534,0.24866727306899933,-0.021949622106356415,-0.39236631611466644,-0.15900188519030078,-0.10160590450280549,-2.804553938472639
76.39999999999999,1.031969297997585,-1.0961093176420154,2.650308096331115,0.6295802206425022,-0.4916743886525433,-0.09259231201790274,0.22921803004928984,0.030442546731922367,-0.6630203365262474,-0.19399645568654267,-0.17323572192576012,-2.6376495171015057
76.5,1.0894949573496933,-1.154017897489109,2.637321702485073,0.5200852388368224,-0.6631143183256273,-0.16077563028894593,0.19812688970902925,0.061553352714134875,-0.9056977696388107,-0.1915952619580394,-0.24977209492500202,-2.2120990928394972
76.6,1.1358356542825434,-1.2279452220523512,2.6194506448146386,0.4060707752350153,-0.8109769500437898,-0.19008131465191602,0.1666448030437758,0.0698983066004062,-1.1065744642791326,-0.16524181408447056,-0.31075500221020214,-1.7727320408817255
76.7,1.1705969549808193,-1.3152288323353447,2.6006175154828375,0.2886924643264468,-0.9293453071923067,-0.1800778830494575,0.14101648888192828,0.06148380390173771,-1.2696062479680834,-0.12830991483890164,-0.34989563125741413,-1.4375605499978577
76.8,1.1935013984435814,-1.4126715779012309,2.584708565684717,0.16913217383621704,-1.0134782076082178,-0.1319211286739871,0.12295415377642838,0.043048876973651284,-1.4054372757656994,-0.08870393635918268,-0.36840562939243643,-1.2226312265315737
76.9,1.204390531110774,-1.5166690722956295,2.5754167838544193,0.04858620992559542,-1.0599992804351928,-0.048307534895192794,0.11222466835391641,0.01981792045792356,-1.5249923078863297,-0.05010357489621009,-0.3696385643975951,-1.1127288000159676
77.,1.203225757699404,-1.6233533837725345,2.5760927299639933,-0.071746544349788,-1.0670315722558381,0.06663374402503996,0.10817506074332933,-0.0043986118626721474,-1.6379346508300558,-0.013972400340478803,-0.3569363319882606,-1.0939193170571404
77.1,1.1900880074061382,-1.7287472328275153,2.5896090738376083,-0.19067644082703167,-1.0342723761800845,0.20750602968255083,0.11029096969853153,-0.02661230133017643,-1.7531073177299263,0.0191598330222138,-0.33297860973013343,-1.1621164100204846
77.2,1.1651762262277514,-1.8289225491685759,2.6182442390324803,-0.30703471305552116,-0.9630053006897724,0.3678608094996867,0.11827724652717475,-0.04408191651462361,-1.8794373387712398,0.04890924458658314,-0.2996569442170285,-1.3232307349359058
77.3,1.1288047175615383,-1.9201570669584969,2.6635897921223375,-0.4196848453331644,-0.8560490970928712,0.5404553706625501,0.13182062030823982,-0.05381449785458436,-2.0266199378686234,0.0743535413080458,-0.2582268046770935,-1.5877197499130908
77.4,1.0813993643643056,-1.999082715370403,2.726485270527741,-0.5275335546195459,-0.7176452856750013,0.7175421065972016,0.1499006855077058,-0.05229007084897507,-2.2046862581272246,0.0931979069623726,-0.20992415876599546,-1.9519498693678758
77.5,1.0234927768655049,-2.062819888592773,2.8069830481106717,-0.6295412804995073,-0.5532890605393053,0.8911779618649245,0.16949719516543388,-0.036093384679932054,-2.420571306504005,0.10100816216411192,-0.15758388269827694,-2.3538976660524824
77.6,0.9557184200453592,-2.109092242362681,2.9043446402022006,-0.7247320838715556,-0.369510214424632,1.0535416784973666,0.18461230595183603,-0.004682896357202719,-2.6700900405560772,0.09207458129790153,-0.10828412360035088,-2.628384655099155
77.7,0.8788037847079472,-2.1363174404511183,3.017068596301139,-0.8122028614602209,-0.17361281733860712,1.1972461957675495,0.18860234320354596,0.03578290998826017,-2.931006325422493,0.06391160674375762,-0.07374277869203089,-2.587761972177759
77.8,0.7935626749117519,-2.143670233324375,3.142948869341676,-0.8911317905339978,0.026615972803143817,1.3156337486061078,0.17971445079590295,0.07399256825976545,3.1117339246699403,0.021340099922592795,-0.06395522747128493,-2.232973895124095
77.9,0.7008866926850571,-2.1311153542339825,3.279161335383681,-0.9607859262719962,0.22321635873105022,1.4030418996180085,0.16196868659377867,0.10114523536532957,2.9133154568703024,-0.02730300223561596,-0.08049373352356284,-1.7498636753161845
78.,0.6017360082772414,-2.099408921271626,3.42237501526939,-1.0205278829793907,0.4083732349640717,1.4550298984360515,0.14025764011844574,0.11441108153902486,2.760949368887303,-0.07641201765009095,-0.11848227015172257,-1.2974838840588765
78.1,0.4971295106128294,-2.0500682894933107,3.568883564961284,-1.0698215397157698,0.5747277505501772,1.4685563437682994,0.11728084653302492,0.11441256499078471,2.648615549527869,-0.12399710620716688,-0.1716202068071609,-0.9309400957529418
78.2,0.3881344380695844,-1.9853115550131708,3.7147517931851897,-1.10823672077439,0.7156706823808694,1.4421010649001291,0.09377285661904641,0.10259880094924088,2.5681938565617553,-0.16958944208238477,-0.23397993457694571,-0.6463861802972013
78.3,0.2758555941463627,-1.9079691228475788,3.8559713658704533,-1.1354528117372398,0.8256059232118437,1.3757263632033656,0.06950279884116473,0.08039230012061274,2.5128988733885307,-0.2125014469581503,-0.2994112450725621,-0.42358355919855833
78.4,0.16142425598624077,-1.8213708640201505,3.9886194905888446,-1.1512612824268962,0.9001735799540244,1.2710751717264932,0.043948653556980216,0.04929121707366898,2.4779848648980924,-0.2509374645081211,-0.36057765666533687,-0.2423250388036106
78.5,0.04598688605011103,-1.7292133606177453,4.109014255347573,-1.1555670988774998,0.9364237880097279,1.131306205814812,0.016647113063403454,0.011229022055966742,2.460567302899434,-0.28173275451916474,-0.40869087876932064,-0.08545180589559653
78.6,-0.06930624152184875,-1.6354125313175816,4.213860429431083,-1.1483890173483997,0.9329343122253423,0.9609686896751004,-0.012636687868602859,-0.03111217271924618,2.459345215636029,-0.30071176297245905,-0.4345001807236104,0.06251993762013133
78.7,-0.18331238817011933,-1.5439475127406337,4.300379914190325,-1.1298587642987088,0.8898672460813102,0.7658216527143517,-0.043862437075139225,-0.0741860698702816,2.474463751587648,-0.3036771584859637,-0.43059628333346484,0.2177252089975153
78.8,-0.2949075610394276,-1.4587020205887333,4.366421643594608,-1.100219117024864,0.8089625487018952,0.5526049993078403,-0.07678170113856655,-0.11372982978159228,2.5075829696720757,-0.287670154348089,-0.39423216167798525,0.3991937778419169
78.9,-0.4029974772091009,-1.383309514995791,4.41054655359067,-1.05982091023281,0.6934686773435611,0.3287714782913169,-0.11107303128717354,-0.14510594356680068,2.5621821186711085,-0.2517554340582297,-0.3292093801357616,0.6308994206523174
79.,-0.506528176315705,-1.3210083428620503,4.432084233198421,-1.0091190040718006,0.5480130808260111,0.10219023727624837,-0.1463966985746575,-0.16363241050431182,2.6440925672666693,-0.19680428638459088,-0.24586808064281668,0.9433197921129315
79.1,-0.6044961799030866,-1.2745126321887361,4.431158999189721,-0.948667259001094,0.378417716923784,-0.11916622029212165,-0.18207665188084396,-0.1647235948929992,2.7620400524777353,-0.12468548742165908,-0.15971379184296572,1.37074613421381
79.2,-0.695958100842867,-1.245904085448579,4.408684355137894,-0.8791125722029619,0.19146694845817092,-0.3275391957329161,-0.21595292771660995,-0.14412325263048043,2.9271458443944014,-0.03838926417599096,-0.09007001935769092,1.9287651234733059
79.3,-0.7800396120832306,-1.2365489858486467,4.366326055998167,-0.8011880390083578,-0.00536292866024185,-0.5156924296268647,-0.24224804827388244,-0.09978209339147465,-3.1348990332355764,0.05472594822613034,-0.05825265057802676,2.5403800065086393
79.4,-0.8559436907405265,-1.2470437251836168,4.30643525093366,-0.7157053108857216,-0.20420174257531248,-0.6771999063642069,-0.2511223057220122,-0.037715344564293846,-2.8636618203523,0.13730980320654626,-0.07946029644306508,2.9463190082371242
79.5,-0.9229580610764379,-1.2771910249118603,4.231954369944407,-0.6235462288861823,-0.3970992052169287,-0.8067013553183265,-0.23637258213507945,0.023420839585506194,-2.5745244220855406,0.18642089788307895,-0.14605612950020622,2.873887875382293
79.6,-0.9804617681271626,-1.326007798444685,4.146299506431611,-0.5256538179729588,-0.5763418660108637,-0.9001152630549648,-0.20505614609873052,0.06384751729706344,-2.3102302932292953,0.1942839130802684,-0.22735932697904976,2.419012651830714
79.7,-1.0279308225841832,-1.3917643412038023,4.053223984819129,-0.42302273333410384,-0.7347606236219972,-0.9548009048856249,-0.1707250027404357,0.07828684360605369,-2.0931780252311887,0.17322607331352402,-0.29638638869163547,1.8992302376996297
79.8,-1.0649428668821714,-1.4720532860627964,3.956668552403065,-0.3166892545351001,-0.866016536208411,-0.9696629365120579,-0.14185752382640268,0.07270519699517942,-1.9213755157057588,0.1388174346349314,-0.34318370541716503,1.4920767898600373
79.9,-1.0911808222335106,-1.5638855751365721,3.860604167806713,-0.20772092717311694,-0.9648535358336222,-0.9451943764547917,-0.12090529478962989,0.05488563944285168,-1.7828472894324365,0.10061476577830364,-0.3680725924522251,1.2245983956849917
80.,-1.1064354864643233,-1.663809621825902,3.7688736535255227,-0.09720595451807429,-1.0273079721103155,-0.8834562661225632,-0.10762815746195206,0.030818789839251563,-1.6651374592966268,0.06299657329716156,-0.37447744921873016,1.075153124193873
80.1,-1.1106070628551101,-1.7680489125024006,3.6850385252881273,0.013757556555354343,-1.0508666312322912,-0.7879948188404464,-0.10119623821928828,0.004682886909951535,-1.557705445179085,0.027627362518321836,-0.3660248040318131,1.0221761857423248
80.2,-1.1037056106680394,-1.872652562088427,3.6122371045341266,0.12407239023391578,-1.0345669306740415,-0.663699361270516,-0.10095388156081682,-0.020449963364597288,-1.4514394776186625,-0.005010428086957619,-0.345706943150053,1.0562416383179396
80.3,-1.0858504185521576,-1.973652821355855,3.5530595704439336,0.23265295212879275,-0.9790352951117315,-0.5166067310773252,-0.10659245554649077,-0.04195976335271608,-1.3374888351797498,-0.034794311128583194,-0.31568665095874043,1.1812612555486242
80.4,-1.0572683124553728,-2.0672232566246453,3.5094449325872614,0.33843583164952523,-0.8864621836385512,-0.3536599293081354,-0.11805134760153804,-0.05710231649806909,-1.206092572963354,-0.06136934655522307,-0.27732093309902606,1.4125822331014548
80.5,-1.0182909199387327,-2.1498312957351438,3.482604031309089,0.4403900949060472,-0.7605147638606964,-0.1824306496761667,-0.13508237156200795,-0.0624779441208551,-1.0459098847677646,-0.08342122477027263,-0.23144619889480683,1.7676657794559136
80.6,-0.9693509227862503,-2.218379058767718,3.4729716352859024,0.5375272098215287,-0.6061907142819631,-0.010816747044969155,-0.1561197068287538,-0.05388113084816544,-0.8453615404084736,-0.09762689553025145,-0.1793927760541251,2.231792587728622
80.7,-0.9109773394385423,-2.270326859032726,3.480189545631514,0.6289105092271573,-0.42961898341475535,0.15327329349502766,-0.1763775935828187,-0.027899921895153237,-0.5993044808659659,-0.09801583125760434,-0.12556946621157997,2.681992754357118
80.8,-0.8437898879599822,-2.3037944507359502,3.5031213797570904,0.7136641026796674,-0.23781544872297733,0.3022363073256621,-0.18762822276589497,0.013179134202110728,-0.3216590142082818,-0.07871877394832698,-0.08060216534361543,2.8594360681654805
80.9,-0.7684924888917217,-2.317635986894336,3.5398984451773727,0.7909811535384449,-0.03840321650334111,0.4290782244121323,-0.18402324645652146,0.058028894304438756,-0.048513272154643246,-0.04089921294352087,-0.05826331374529286,2.603809998837731
81.,-0.6858659753676106,-2.3114856991660435,3.587994873956533,0.8601314444013114,0.1606912865331716,0.5276935559076776,-0.16800221937691032,0.09362163043967349,0.18469268241814793,0.006485776298786918,-0.06492391176169487,2.078276681935683
81.1,-0.5967600852020155,-2.2857724784839797,3.6443290219179323,0.9204681612608411,0.3515543141108803,0.5931094506051217,-0.1460859473082521,0.11413208598213276,0.36483231549923345,0.055214791736587256,-0.09681347213202808,1.53657867149267
81.2,-0.5020848162333998,-2.2417027752085925,3.70538708960867,0.971433834630451,0.5266002957126653,0.6216845910799144,-0.1226809678528466,0.11977051726364342,0.4967465987847362,0.1019906833499755,-0.1466682163761231,1.0941953604012253
81.3,-0.40280123196472456,-2.181212500516655,3.7673640360599245,1.0125653843251443,0.6788742485742834,0.6112549997741206,-0.09925595192921623,0.11245687450733981,0.5906171173913617,0.1463459042279571,-0.2078675308790969,0.7589484429606792
81.4,-0.29991180943172346,-2.106889846565475,3.8263161669359356,1.04349822348045,0.8023290501380638,0.5612209418080345,-0.07572986290944407,0.09398213367309784,0.6554777081526251,0.1881573725643122,-0.27433733504750163,0.505453184613128
81.5,-0.19445042521128852,-2.021872102348934,3.8783193132049627,1.0639693866679314,0.8920665169876885,0.47257145959897995,-0.05151125887013858,0.06592071716228995,0.6977400858451497,0.22640406070197877,-0.33930788578596444,0.30701574281844046
81.6,-0.08747207851953313,-1.9297205788709961,3.919626293552105,1.073819656526851,0.9445326792083227,0.34784556079519224,-0.02599104853682908,0.030036572236516682,0.7214298552558853,0.2587276386881694,-0.3945682371789043,0.14220920287943078
81.7,0.019957547578560234,-1.8342786299752825,3.9468173822708335,1.072994673085461,0.9576594651990913,0.19103160647056613,0.0012445571988914505,-0.01130965668391097,0.7286620481825766,0.28156294664077225,-0.43087423881829173,-0.006462789845027116
81.8,0.12677258473610098,-1.7395184290918035,3.9569377831835655,1.0615450197994278,0.9309471484118427,0.007408910292424298,0.030341701665667596,-0.054929396699301525,0.7199467997200752,0.2908601030368525,-0.4397546062331202,-0.15547871891918374
81.9,0.2319174354521289,-1.6493826104279943,3.9476166281339853,1.0396252901940295,0.8654842691247964,-0.19666213675392358,0.06121715478302329,-0.09683624333651097,0.6942441209421205,0.2832313849247639,-0.41626526223831384,-0.32314846512596107
82.,0.33435708542240106,-1.567627087870077,3.9171627551153665,1.0074921487679267,0.7639042370328852,-0.41399304936939746,0.09368625804457724,-0.13251680529957008,0.6487434164382606,0.256934153088429,-0.3614095543574339,-0.5322730605657919
82.1,0.4330871726232339,-1.4976713179084322,3.864633446787244,0.9655014094070116,0.6302803447724539,-0.6368532533855831,0.12758516949491913,-0.15727033767813126,0.5783418126197329,0.21202121222964165,-0.28291372974799456,-0.8128597075875295
82.2,0.527143716431165,-1.4424619761316806,3.7898733880821807,0.9141041638773157,0.46996337785993414,-0.8572777118525903,0.16265817013565773,-0.16637229044462856,0.4748832817543752,0.14963056840938896,-0.1942851931037642,-1.203360029605376
82.3,0.6156124137901279,-1.4043554820769841,3.693522288842397,0.8538420019291487,0.2893682950238148,-1.0673839080207368,0.19776763917482015,-0.15505321612107043,0.32675346318296455,0.07146739964239421,-0.11349700298165177,-1.7399890466971308
82.4,0.6976374140211564,-1.3850240557997329,3.5769908666187646,0.7853413730674652,0.09571848331157334,-1.2596855484300438,0.2288322971709108,-0.11930144458551988,0.12128317512654051,-0.018329052807397897,-0.06214021862500223,-2.4005152068594704
82.5,0.7724294892795527,-1.3853890513906038,3.442406146114101,0.7093071480480787,-0.10324221628597008,-1.4273904800721757,0.24647069564799953,-0.06048552659609956,-0.14453858946302195,-0.10703281914482633,-0.06108482543980393,-2.976462422433541
82.6,0.8392735238469454,-1.4055842252218083,3.292528254968501,0.6265154455714568,-0.29955823206401566,-1.5646709449191625,0.24025143352522402,0.006375611733459311,-0.4460021564417768,-0.1706105603526462,-0.11422778945219753,-3.094085547919766
82.7,0.897535252335615,-1.4449504033014626,3.1306420319061363,0.5378057964000127,-0.4853794258652886,-1.6668953979259709,0.21212645454173562,0.057334532495813446,-0.734204535956248,-0.19212939267566373,-0.1955132761008996,-2.684169294860673
82.8,0.9466671844134253,-1.502061760331444,2.960427767383469,0.44407272315882057,-0.65327405403571,-1.7308126469507457,0.17640889433530224,0.08059259424012134,-0.9737805005563038,-0.1789197461794432,-0.2716167324389517,-2.097048391917941
82.9,0.9862136617533375,-1.5747826628054227,2.7858162287714445,0.34625681934101926,-0.7965250483087877,-1.7546809738030091,0.1446491437749814,0.08028431519044922,-1.1607306701437519,-0.14813994783051734,-0.3266531788237699,-1.607183011194511
83.,1.015815001492492,-1.6603528099916762,2.610833748602311,0.24533541548224108,-0.9093978048342055,-1.7383370890508973,0.12082891262951229,0.06500463052676764,-1.307291527876678,-0.11164297754817142,-0.3588917391880109,-1.2758934340448111
83.1,1.0352106894692201,-1.7554972784982885,2.4394435505373124,0.14231292405345017,-0.9873688054477984,-1.6832021718491268,0.10499943747149165,0.041684638817476985,-1.4276486639984085,-0.07497811607847875,-0.37145701775914086,-1.0801515239127097
83.2,1.044241595803386,-1.856557083290682,2.275389637675917,0.03821095732147717,-1.027305956773753,-1.5922247542625634,0.09621898968604005,0.015042017939722064,-1.533618161729121,-0.04025291056393054,-0.36813287583308324,-0.9902835449659759
83.3,1.0428511949078216,-1.9596350501054667,2.122049465648532,-0.06594168578267988,-1.0275934576084518,-1.4697627273628877,0.09366314537435089,-0.011636491712407469,-1.634879446612867,-0.008060996089250901,-0.35216957708338076,-0.9898996407082026
83.4,1.031085781673739,-2.060751183787682,1.9823012726870617,-0.16911906687711098,-0.9881962165173189,-1.3214091733899975,0.09690738708059543,-0.03575220527375185,-1.740293434658115,0.021562045775624,-0.32600601499845133,-1.0780920404202856
83.5,1.0090936852691148,-2.1560013385054417,1.8584113545175613,-0.27030809256660504,-0.9106612515183272,-1.1537689677392646,0.1059181266587974,-0.05478210584217356,-1.8593388142561331,0.0485800715276593,-0.29122825993178,-1.2688600051761352
83.6,0.977123491633652,-2.2417128641613457,1.7519457767570155,-0.36851834022221536,-0.7980560160511906,-0.9741950571780278,0.12081725404447757,-0.0656734444368418,-2.003394977737004,0.07237341828949911,-0.24867196431163371,-1.5878389253862784
83.7,0.935521295255654,-2.3145910238687772,1.663710043228626,-0.4627916311002833,-0.6548461099812671,-0.790494928268407,0.14111289066508675,-0.0642912871718474,-2.186016900253679,0.09078636017687687,-0.19894564467377687,-2.0529508533668577
83.8,0.8847270100853655,-2.371850345290175,1.5937191240736397,-0.5522112595647609,-0.4867172509146087,-0.6106189683863812,0.16382486148194997,-0.04579092719627389,-2.419151138078973,0.09882372559445686,-0.14426346277489818,-2.6059497394786297
83.9,0.8252697783887533,-2.4113256692737166,1.541199037167641,-0.6359107907976929,-0.3003486032656978,-0.44234314360306703,0.18129862758109036,-0.008425396878232093,-2.700339374287223,0.0890806732151835,-0.09239802647808869,-3.0040164604895243
84.,0.7577625248922144,-2.4315584686291665,1.5046199183987727,-0.7130823438208889,-0.10314650173320372,-0.29295864425483464,0.1842938299607652,0.039579093199762244,-2.997940222042365,0.05821041373802605,-0.05814814956752286,-2.930661504548992
84.1,0.6828957116316438,-2.431854995785622,1.481759260984831,-0.7829842818635593,0.09705081521220887,-0.16898087123849115,0.17157245443546282,0.08244872275725881,3.01827174728472,0.013403943415541287,-0.05332468602678701,-2.4188562614989024
84.2,0.6014303564254773,-2.4123139411670476,1.4697928012435102,-0.8449482380412758,0.2922856904833261,-0.07588936500635922,0.15018781416439936,0.11012108267748454,2.808555927702459,-0.03469498852857297,-0.0771598510933626,-1.7962312765769366
84.3,0.514190384770103,-2.373822499633261,1.4654094260364887,-0.8983854109049331,0.4747982943783017,-0.01790904563792134,0.12654905469062572,0.12150644044048042,2.6554044561913406,-0.08072560899780558,-0.1218727128206773,-1.2711179366017187
84.4,0.4220543911453069,-2.318021001804559,1.4649455194230292,-0.9427920716081652,0.6373359838323481,0.002158514586556276,0.10319722957205323,0.11887209037184117,2.547150095692961,-0.12378728048888146,-0.17990253644004273,-0.878506652090808
84.5,0.32594689116126385,-2.2472375203072565,1.4645333910639153,-0.9777542321583788,0.7734424417414301,-0.016952940667815747,0.08034112002914684,0.10446499968115981,2.4723392222513096,-0.16412546579412296,-0.24502396396766546,-0.5901412160824377
84.6,0.22682915062634526,-2.1643950579823,1.4602578675071463,-1.0029514323865374,0.8777150692863058,-0.07492360687949469,0.05737922294193755,0.08002958097190903,2.4226877982188295,-0.20138291067310013,-0.3110052134331628,-0.37201106977795756
84.7,0.12568968142780573,-2.0728950181700436,1.4483148020451548,-1.0181596118141272,0.9460203698365939,-0.16986012016311586,0.03360075425407892,0.04722235580642788,2.392905398870689,-0.2339857823891941,-0.37046888478549567,-0.19749651146008454
84.8,0.023534497059397898,-1.976481602742859,1.4251651823332254,-1.0232530414322176,0.9756587377586289,-0.2983708068898995,0.008454832662852567,0.008093176306162422,2.3800000994012067,-0.2591076638774461,-0.41476648454853754,-0.04650005754277044
84.9,-0.07862277732240551,-1.879092543907621,1.3876786904513536,-1.018205299452144,0.9654720825173403,-0.4557006815808732,-0.018357131048034617,-0.03458911869191218,2.3827717959263643,-0.27313730585810336,-0.43517620464733875,0.09802930373133782
85.,-0.17977084429505394,-1.784702120630087,1.333260990578359,-1.0030892842548007,0.9158899974386998,-0.635920811232576,-0.046892894250173546,-0.07725311177562358,2.4016037056652904,-0.272605863353109,-0.42526536425617334,0.2534658503253558
85.1,-0.27891062678464174,-1.6971627181202398,1.2599596681666816,-0.9780762669694139,0.8289126325299955,-0.8321644968079935,-0.07707116793760371,-0.11569832189889961,2.438555927318383,-0.2551990193419864,-0.3834803304826582,0.4405270692835608
85.2,-0.3750650183646755,-1.620051246901936,1.1665445955950855,-0.9434339952662164,0.7080309541644783,-1.036900856162113,-0.108813721758273,-0.14541244637207795,2.497782646242542,-0.22022597856043,-0.31460947061714906,0.6863929357449206
85.3,-0.4672883973161676,-1.5565265442534595,1.052559518804464,-0.899523868965024,0.5580875706252517,-1.242234901585229,-0.1420753861947601,-0.16179724588107638,2.5862896118177083,-0.16821766025623527,-0.22948631527727625,1.027801632537805
85.4,-0.5546758130285679,-1.5092034429731283,0.918342806743708,-0.8467972168589527,0.38508367195446885,-1.4402221488807607,-0.17642853264146088,-0.16012523432611872,2.7147930719507727,-0.10017553079482407,-0.1437747674630165,1.50894045639813
85.5,-0.6363717566881175,-1.4800485279508215,0.765016534828867,-0.7857907126478996,0.19593978080732316,-1.623185215557082,-0.2095727673640766,-0.13563642521859137,2.8972224141600083,-0.01810197535641076,-0.07726853991803752,2.150391345395172
85.6,-0.7115784323995895,-1.4703017364013775,0.594444336036677,-0.7171209759902939,-0.001780147581330327,-1.7840197864050111,-0.23446688212646524,-0.08602233713078065,-3.139110305444257,0.07052482884468263,-0.05244481520493564,2.8380244946340447
85.7,-0.7795634498745468,-1.4804269273110435,0.4091596983861345,-0.6414784123401074,-0.2001702770534921,-1.9164777486100497,-0.23923390535488215,-0.019563704369114813,-2.8391221512406988,0.1458025967417475,-0.08378960377278158,3.205799796735365
85.8,-0.8396668655476388,-1.510093390736722,0.21226756576818853,-0.5596203523674048,-0.39129807189492993,-2.0154162087184133,-0.2187568711590801,0.04062016085380023,-2.5313899759980822,0.18388756264033407,-0.157374334035966,2.9640370876593414
85.9,-0.89130750539438,-1.5581890341236693,0.007323163392621346,-0.4723635582999686,-0.5675205426262999,-2.077002463948754,-0.18429129674783107,0.07501469984736622,-2.2649413312896276,0.18223273315788405,-0.2378817894849157,2.364473255986029
86.,-0.9339885097573642,-1.6228647199443746,-0.2018071228954815,-0.3805761704113129,-0.7217889484960753,-2.0988667562925283,-0.15038270369808712,0.08273032540270402,-2.0560195717839327,0.15698270106927217,-0.3013489092295334,1.7919644686770684
86.1,-0.9673020480760147,-1.7016079870566858,-0.41109726872353974,-0.2851691720615303,-0.8479298091492175,-2.0801967195725366,-0.1237013400285369,0.07216011323923577,-1.8952254954750405,0.12273533478612156,-0.3419544428644879,1.3843839258050585
86.2,-0.9909331594831062,-1.7913432167428356,-0.6165194956085431,-0.18708745612730823,-0.9408910224224876,-2.0217697541365833,-0.10519917630885466,0.05124143078039904,-1.7670769541975868,0.08693292998148,-0.36179641604481105,1.132402064452935
86.3,-1.004662683703801,-1.8885542501251895,-0.814202224922388,-0.08730057929394464,-0.9969432763269039,-1.9259220384834577,-0.09401378323175086,0.025443770856263374,-1.6581417720051592,0.052517747291357844,-0.36460656159101934,1.0004008980308663
86.4,-1.008369255487731,-1.9894245685891465,-1.0005818058685212,0.013206706505659655,-1.013828725557231,-1.7964554131939872,-0.08918327240347483,-0.001558532997907706,-1.557770497848412,0.020393295414990215,-0.3538190804019149,0.9642031850366587
86.5,-1.0020303448384018,-2.089989448661455,-1.1725419701385502,0.11344405425671822,-0.990851005264993,-1.6384858493661263,-0.09012797390873349,-0.02704630857526312,-1.4568011555669835,-0.009345407929551814,-0.3321202017720699,1.016513964863096
86.6,-0.9857223344912244,-2.186294025409184,-1.3275354552124066,0.21242516128869152,-0.9289029935301756,-1.4582395425843617,-0.09671903967340875,-0.0485967178401738,-1.3459782718174313,-0.03679634391551465,-0.3013537550095068,1.1666997480678876
86.7,-0.9596196353442555,-2.2745509628697644,-1.4636829491383536,0.3091773553947023,-0.830431215729318,-1.262804761449829,-0.10916414126981329,-0.06347032159142006,-1.2143866146284699,-0.06175413938901748,-0.26253294643317143,1.440082215885137
86.8,-0.9239928497770995,-2.3512914456894656,-1.5798454137439912,0.40275103573076176,-0.6993383098856731,-1.0598493436137812,-0.12753798599745234,-0.06793678937406465,-1.048283677900232,-0.0829425334135041,-0.21607278062233848,1.8691714423584473
86.9,-0.8792060019158159,-2.413503472409939,-1.6756669045397663,0.4922288781020645,-0.5408274413998609,-0.857315101773223,-0.15034963517292402,-0.056922577147456965,-0.832406984630252,-0.0966603368100358,-0.16289048006716725,2.446997859151513
87.,-0.8257128628295332,-2.458751937085323,-1.7515861817705036,0.5767347166158348,-0.36119486985515636,-0.663101322606389,-0.17177225610693805,-0.026068442745909203,-0.559516061405307,-0.0957152500039881,-0.10778323692434208,3.002070508944033
87.1,-0.7640524072929438,-2.485275711954763,-1.8088166512607289,0.6554420168820302,-0.1675789376037416,-0.48474997644518847,-0.18139612833673752,0.021013536665213127,-0.25031094790022596,-0.07329560048886866,-0.06380796044620096,3.1527010761551972
87.2,-0.694843447037637,-2.4920578607899992,-1.8492954362791005,0.7275818599408175,0.03232451283262461,-0.32914518727265624,-0.17351820270405333,0.06890310487655371,0.04439812552941435,-0.03263977684472623,-0.04679627247490723,2.733683127835063
87.3,-0.6187784932654183,-2.4788661837332566,-1.8756036122850681,0.7924503608532357,0.23056894713750786,-0.2022389441093709,-0.15375701811535122,0.10321916939867319,0.2831399178991189,0.014581312252794567,-0.060847345416589864,2.0634742546226765
87.4,-0.5366169085352712,-2.446262477230326,-1.8908607860537558,0.8494154513616126,0.41927394186887823,-0.10881398868281583,-0.13026265412642427,0.1203638449618231,0.45851685624798927,0.060383839757598194,-0.09887646237976788,1.4591534178090715
87.5,-0.44917741489406876,-2.395580139894237,-1.89859822347016,0.8979229621573077,0.5909393514989774,-0.05229333216455739,-0.10697815951890823,0.12250413842941259,0.5820609903583029,0.10283603391523222,-0.15239173243847154,1.0057822565677024
87.6,-0.35733003123482715,-2.3288710170827027,-1.902615585466769,0.9375019470281656,0.7387443149773271,-0.03460399479676149,-0.08459954137398001,0.11230750441962394,0.6673761674315514,0.14226875791240273,-0.21476130238521193,0.6791465262871196
87.7,-0.2619875182802182,-2.248823603328046,-1.9068269850554718,0.9677691984311376,0.8568191813680912,-0.05610040052655668,-0.06259799511745748,0.0917422582008289,0.724664701695406,0.1788221652163592,-0.2801026717381325,0.4387763751864928
87.8,-0.16409641425052715,-2.1586558636302917,-1.9151025041229943,0.9884329117801239,0.9404795137450838,-0.11555048050085596,-0.04020633887315549,0.06242051474456257,0.7605429537532229,0.21158093106524614,-0.3418422495841413,0.25252556508399854
87.9,-0.06462774814209467,-2.061986946489774,-1.9311114896478532,0.9992954638809494,0.9864128423476505,-0.21018503926206936,-0.016774802780829375,0.026131545560306488,0.7789105837490026,0.2384005262247703,-0.3921375366156887,0.09726970763114706
88.,0.03543247942121515,-1.9626929030758047,-1.9581738780389122,1.0002552794084518,0.9928107217380951,-0.3358084153925175,0.008111833088482994,-0.014757922806061563,0.7816629518969914,0.2561724027584276,-0.422493508829089,-0.044959360785344175
88.1,0.1350929556248153,-1.8647521645521574,-1.999125476222278,0.9913077680256489,0.9594408272588669,-0.4869660247315413,0.034621643166840244,-0.05712129175020182,0.7690638665732229,0.26152422038228995,-0.4256012918570195,-0.19079080413035468
88.2,0.2333667617512298,-1.7720869378907882,-2.0562025716722743,0.9725453236095841,0.8876562165310122,-0.657162106552352,0.06274515593373087,-0.09714168110629884,0.739795441474205,0.25176241918778475,-0.3978214945163104,-0.3587490634704828
88.3,0.3292810324754768,-1.6884068432217425,-2.130950472978792,0.9441563859901999,0.7803413867673831,-0.8391189916446933,0.09242564722485237,-0.13057753287208795,0.6906894799170223,0.22555773663647552,-0.34112716860865355,-0.5723418489359777
88.4,0.421886474812278,-1.617061026404243,-2.22415962848787,0.9064235745430805,0.6417972784250583,-1.0250675558947915,0.1236591464673013,-0.15304075291864408,0.6161112298482964,0.18290550258063673,-0.2635190644022661,-0.8634624966701796
88.5,0.510266654736281,-1.5609046426240518,-2.33583187108012,0.8597209118209435,0.4775698097388007,-1.207057279678369,0.1563420414707115,-0.16005972973332622,0.5070514668030537,0.12446593939665147,-0.17811347499859473,-1.2742461735996975
88.6,0.5935469617510072,-1.5221850338940877,-2.4651781360960006,0.8045101640787723,0.29422877792216595,-1.377273551754771,0.18939620245011807,-0.14696359234018894,0.3506137034610021,0.051304013083620786,-0.10222165365605958,-1.8446428904277865
88.7,0.6709031647902233,-1.502452138202126,-2.6106477446589422,0.7413363339630423,0.09910594154807384,-1.5283495675263445,0.21849394283362492,-0.10976187305649138,0.13289756218236157,-0.032785899805093464,-0.05692026946575376,-2.544169196935607
88.8,0.7415694767701249,-1.5024967020096758,-2.769988086210967,0.670822348716841,-0.09999727406232739,-1.6536603870269162,0.23360828521983104,-0.05043527210169911,-0.1479770604081333,-0.1145460976576437,-0.06224146895568067,-3.121075461492741
88.9,0.8048460498331679,-1.5223187593744314,-2.9403323221316726,0.5936629949244332,-0.2951207955790798,-1.7475874292315283,0.22450642482552033,0.01434209532249517,-0.46133966936674764,-0.16961707313771707,-0.1192415165044552,-3.1643549535954802
89.,0.8601058287901999,-1.5611276343339395,-3.1183116151729076,0.510618158009317,-0.47846324519475986,-1.8057428578830752,0.19511064185064617,0.06058985580861323,-0.7528997342501753,-0.18372500005460454,-0.19917353310761285,-2.6691705325440926
89.1,0.90680069642638,-1.6173734664551251,-3.3001874116512133,0.42250543134014207,-0.6426929574634079,-1.8251449130245871,0.16047949045745766,0.0790867725158068,-0.9892375729883255,-0.16689708390371275,-0.27049649242631757,-2.0468268939878724
89.2,0.9444668511280901,-1.6888090027251759,-3.4819985038719383,0.3301921658284631,-0.7812402701864499,-1.804337198058786,0.13096383064870895,0.07562172809493095,-1.1709167844379689,-0.1357901171741992,-0.32044999594959006,-1.557099624052242
89.3,0.9727293646505948,-1.7725791923357397,-3.659717010992821,0.23458703626235533,-0.8885594366307054,-1.7434471664672475,0.10945364517187049,0.058797778344990434,-1.3126774828305416,-0.10065626529140188,-0.34872571409259007,-1.2374279251688765
89.4,0.9913058757087548,-1.8653350124989687,-3.8294070609565547,0.13663120526089406,-0.9603497174649828,-1.644181476233104,0.09557848827971809,0.035059757077575644,-1.4294724220375048,-0.06592160488152994,-0.35863923410879706,-1.0552903751534397
89.5,1.0000093833618968,-1.9633669874187263,-3.9873798484110634,0.03728916961265166,-0.9937268381770326,-1.5097583968910604,0.08834850865782884,0.008703094444994511,-1.5332893573294206,-0.03311062433193099,-0.35374239217011944,-0.9796750279919448
89.6,0.9987501128011199,-2.0627530774369554,-4.130338887986366,-0.062460623162069816,-0.9873379765051598,-1.344779963635879,0.08703212789801469,-0.017250016511873696,-1.6339737806580088,-0.002537483980556611,-0.3369639564234056,-0.9961435755442115
89.7,0.9875364350505145,-2.1595150424810132,-4.255509673147597,-0.16163529793738893,-0.9414156956981173,-1.1550489750100645,0.09135020886700479,-0.04031673963590102,-1.7408323076637595,0.025895235735093426,-0.31042006836400465,-1.107871952232492
89.8,0.966474831179622,-2.2497770460945676,-4.360748572514811,-0.2592571233133388,-0.8577686734546489,-0.9473381295987626,0.10144100953432685,-0.05792697464229997,-1.8643123668300567,0.05219784679777685,-0.2753726383479237,-1.3355760004423973
89.9,0.9357689008064186,-2.32992017700968,-4.4446266232477125,-0.35436303913974065,-0.7397095961504023,-0.7291205052210706,0.11757614593317359,-0.06674166977925299,-2.017549579683332,0.07566270493588496,-0.23231132813727512,-1.7139840928683816
90.,0.8957174238617136,-2.39672672797197,-4.5064848818365455,-0.4460140485607082,-0.591923092982098,-0.5082721252561818,0.139158875594183,-0.062011102263995393,-2.2165336728155207,0.09367962952949072,-0.181567579155449,-2.2635420744390156
90.1,0.8467114936994954,-2.4475084798774693,-4.546459126527438,-0.5333043841199284,-0.42027897507752354,-0.292758469534301,0.16223069636614015,-0.03832716710813462,-2.4741711096501255,0.10010153675572078,-0.12576062078790576,-2.8865547756099117
90.2,0.7892307485875454,-2.480213876936828,-4.565472927431366,-0.6153703595363471,-0.23159822513901573,-0.09031742729924074,0.17720736060350326,0.004694673985359757,-2.7816338367499247,0.08651313686852494,-0.07490668106377554,-3.2335455426336535
90.3,0.723838737312902,-2.4935098201311465,-4.565199361415914,-0.6913988216714111,-0.0333810668748063,0.09184866841243292,0.17503950280374408,0.054741069364425354,-3.09334963537347,0.05154275596965801,-0.046144944112971396,-2.975067871374924
90.4,0.6511774630049346,-2.4868348181121336,-4.54799289887973,-0.7606351209345689,0.16649204476846358,0.24735964768202562,0.15811488386049102,0.09471893066796158,2.9261055876245217,0.005684557160079444,-0.04906843678123422,-2.315266319748359
90.5,0.5719611572354908,-2.4604213765875604,-4.5167941786302555,-0.8223905228796802,0.3600745919955206,0.3709113261227503,0.1352991189764907,0.11757074963817955,2.7288977629249596,-0.04054306227112522,-0.07906799531474505,-1.6513399262002835
90.6,0.4869693439234719,-2.4152867335975947,-4.475011467917935,-0.8760489889914382,0.539670796273058,0.45848642403010087,0.11209110641200187,0.1245937072888311,2.5894710699164194,-0.08349277561366572,-0.12717164072479037,-1.1400760450860785
90.7,0.39703925948050606,-2.35319231003699,-4.426383534136335,-0.9210732605975254,0.6981424242600323,0.5075141739213385,0.08991794034150723,0.11867549924826648,2.4930126239832893,-0.1231854148386324,-0.18615735621873944,-0.773752471848851
90.8,0.3030577019168434,-2.276573492002588,-4.374829395722091,-0.9570101864164292,0.8291933661737183,0.5169722537528574,0.06844260444544077,0.10200774841864507,2.4276305395674775,-0.16005839286477652,-0.2502343919003868,-0.50904439199882
90.9,0.20595238722259723,-2.188442544321893,-4.324290942839524,-0.9834952414003955,0.9276206413502728,0.487426982400023,0.0468940685888512,0.07620684530853658,2.385422800486812,-0.19370364934107398,-0.31344078931870406,-0.30900092721759814
91.,0.10668289619498951,-2.092268525793907,-4.278574702660061,-1.000256192191974,0.989521824199708,0.42101017527551843,0.02455488077161858,0.042862425519197986,2.3615891944106684,-0.2225287176807608,-0.3686843694540803,-0.14743341019275316
91.1,0.006231298948138734,-1.9918389935419947,-4.241199058114184,-1.0071158726103546,1.0124506211375548,0.3213335831253491,0.0009199409690259203,0.003996190257203054,2.3535529648275224,-0.24385495375539668,-0.4078470031964568,-0.00519861721897882
91.2,-0.09440745241924917,-1.8911090098897914,-4.215253011546328,-1.003994041043663,0.9955143961314769,0.1933443254055104,-0.02426436824461565,-0.037671214711320615,2.3604353295505573,-0.2544222126502336,-0.4230944496003316,0.13392529306685438
91.3,-0.19423527014620143,-1.7940434713791,-4.203272124409462,-0.9909083003675818,0.9394097568273205,0.0431270820045464,-0.051036793587446526,-0.07868995336065067,2.3828669498953783,-0.2512334066709749,-0.409115248005683,0.28661701401202966
91.4,-0.2922607217777222,-1.7044590457738242,-4.207136579346384,-0.9679740699563399,0.8463947825478905,-0.12233907034462843,-0.07932562330337933,-0.11507768589745508,2.423103599209049,-0.23238141368221837,-0.36535996280693583,0.4729243834981638
91.5,-0.38750877084353086,-1.6258720185228226,-4.227995429019801,-0.9354036084158044,0.7201990013466495,-0.2954594824447005,-0.10907115272988185,-0.14262152933806665,2.485455397962843,-0.19734886345907804,-0.2971339090842911,0.7192707050673748
91.6,-0.4790303726305025,-1.5613581145623563,-4.2662200520347655,-0.8935040947643471,0.5658747050468957,-0.46832730160313757,-0.14022254205795096,-0.15707167724111876,2.5770322236681644,-0.14659684714320514,-0.2151636719708366,1.0612385880938406
91.7,-0.5659118316567511,-1.513429883920534,-4.321388671866953,-0.8426747848298622,0.38959552986683754,-0.6330392904703067,-0.1722988340515189,-0.1540971805829539,2.7085308792101292,-0.08099741183570354,-0.13450680527704817,1.540466586828804
91.8,-0.6472838295793165,-1.48393653937229,-4.392302556290388,-0.7834032685347505,0.19841033258539875,-0.7820115046889773,-0.20294535023204832,-0.1294572507617775,2.8935413741160327,-0.002623340624761441,-0.07396051100484871,2.171849239923799
91.9,-0.7223300352707616,-1.4739902393011959,-4.477033251761179,-0.7162608624203963,-0.00003782557101272843,-0.9082822439256315,-0.22533644302983014,-0.08152779447090519,-3.141539843820389,0.08079980962317768,-0.054368250958884645,2.834836940096765
92.,-0.790295212656307,-1.4839217546375814,-4.5729989699118425,-0.6418971801364062,-0.19781638409447566,-1.0057901982226691,-0.22852606683790008,-0.018831720133375484,-2.8426532334144454,0.14992257222601935,-0.08791530529021754,3.1743142221134324
92.1,-0.8504927465791703,-1.5132672872918207,-4.677067081072789,-0.5610339316063037,-0.3870195297816494,-1.0696167004955757,-0.20839932717502702,0.03692834903979647,-2.5377230500352073,0.18299646579683398,-0.1598100508680065,2.929219004021792
92.2,-0.9023115124126874,-1.5607869655900337,-4.785678628896147,-0.4744580091055001,-0.5600833769858955,-1.0961824269727904,-0.17571930086807344,0.06820060030196397,-2.2736162104721087,0.17875026331745497,-0.2367287167894734,2.3480411518679625
92.3,-0.945222021315933,-1.6245142793571357,-4.8949899022098915,-0.38301392547484386,-0.7100875162936869,-1.0833907033931873,-0.14385226850419075,0.07451655462753129,-2.0654569910862253,0.1526197734128218,-0.2967645975071952,1.794337711581016
92.4,-0.9787817798762837,-1.7018344838263322,-5.0010254201762,-0.28759567607701525,-0.8310309098313855,-1.0307117034363569,-0.11891536405346709,0.06374876052799805,-1.9039666209512118,0.11820362285553837,-0.33478143684872036,1.4000268477419329
92.5,-1.0026398103346184,-1.7895888466580745,-5.099836231779296,-0.18913810182150093,-0.9180711341265864,-0.9392041823011411,-0.10181897117664526,0.04334236452316895,-1.7739705462402782,0.08238693388499725,-0.35286819549389775,1.158438364269138
92.6,-1.0165402855777392,-1.8842005820687553,-5.187657218767382,-0.08860783557874072,-0.9677174326667466,-0.8114738786252258,-0.09181640937036023,0.01849032682176729,-1.6621054670802111,0.04785544268402356,-0.3545624514530783,1.0374300150228493
92.7,-1.0203252415321669,-1.9818174514723206,-5.261057130865827,0.013006081471773234,-0.977969881758311,-0.6515702427729064,-0.08808395012833128,-0.0072470679602012885,-1.5574980493918416,0.015390318266629755,-0.34306398029981433,1.0160304689595347
92.8,-1.0139363384255267,-2.0784653455969613,-5.317075371785128,0.1147018236063673,-0.9483991215829846,-0.4648256082521869,-0.09017674574186386,-0.03113830562791789,-1.4504383186533383,-0.014970492502803592,-0.32080708920031603,1.0906435375800114
92.9,-0.9974156515120958,-2.170206725242438,-5.353340082715423,0.21547455192304543,-0.8801634738254426,-0.257643217634178,-0.09808801869920951,-0.05060663543624271,-1.3307064465020666,-0.04331555635459073,-0.28935530507141843,1.2755565198784158
93.,-0.9709054812018388,-2.25329760414436,-5.368162815573898,0.3143262391139006,-0.7759627634467331,-0.037242553359575825,-0.11207480436847568,-0.06255441937625239,-1.1859191632775181,-0.06927626430415604,-0.2494055663060076,1.6013083943698603
93.1,-0.9346471819984462,-2.324336815534116,-5.360606021529249,0.41027545266453697,-0.6399306855834308,0.18862787406311993,-0.13195150414214432,-0.06264907232093511,-1.000685564308948,-0.09101388760353822,-0.20112751649852814,2.0973524619707824
93.2,-0.8889790191514815,-2.3804016116071143,-5.330520664061032,0.5023670016209135,-0.4774700085647633,0.41199883058865017,-0.15509541957125034,-0.04537714086849762,-0.7599943087150962,-0.10352514973935815,-0.14584763785294347,2.715974849706337
93.3,-0.8343330713697423,-2.4191641899762986,-5.278552456817614,0.589681353094045,-0.295037182983398,0.624997465114701,-0.173576925020637,-0.00789218894177847,-0.4639141668500905,-0.0982584841451422,-0.09065870365080513,3.1840967157610254
93.4,-0.7712312072366635,-2.4389845015686955,-5.2061164773318485,0.6713437266047414,-0.09988494377619339,0.8201605762214418,-0.1769786406375288,0.041580116580002977,-0.14770011322742618,-0.07012799667976788,-0.05161696279989371,3.1064244851639633
93.5,-0.7002801720250414,-2.4389756400065776,-5.115341168374146,0.7465327771891325,0.10022683304167584,0.9907315505569463,-0.1639096686265599,0.08573886632130825,0.13345840495512487,-0.026551399790161734,-0.04271219557327083,2.5218039193460875
93.6,-0.6221658303387685,-2.419039205604809,-5.008983959106382,0.8144887818691251,0.2973404917604125,1.130929135213475,-0.14245809319680908,0.11405397381162802,0.35003128583782345,0.020421125902705117,-0.0634087933682261,1.8347822353360668
93.7,-0.537646618330377,-2.379869234132996,-4.890321869595586,0.8745212486058802,0.4836178432143191,1.2361773293250122,-0.11944548465025438,0.12607573388623686,0.50515020460817,0.06491573761384377,-0.10522438187905477,1.2774977244732737
93.8,-0.4475462670721616,-2.3229245337148767,-4.763021459546928,0.926015872161568,0.6516526482694189,1.3032872301686158,-0.09724761810827684,0.12452950570317771,0.6132159069118805,0.10614038255662586,-0.1603694956335807,0.873672031194321
93.9,-0.3527458659194817,-2.2503705327050603,-4.63099330556295,0.9684407673458658,0.7947658808296569,1.330583584470739,-0.07587387680584427,0.11175716034235056,0.6872154228373799,0.14458068922687684,-0.22291507902053107,0.5838255316837875
94.,-0.254175341326104,-2.1649929568846367,-4.498236808002343,1.0013519168645277,0.9072719991567688,1.3179710000451967,-0.05461949449608178,0.08940293824104362,0.7361460124651376,0.18019016479003014,-0.2872863928136357,0.36836423618925734
94.1,-0.15280443248550052,-2.070086777392929,-4.368681514006548,1.024397778357085,0.9847056101072484,1.2669371784383283,-0.03273053030546032,0.058908040851962815,0.7656445729859038,0.2118090373426559,-0.34700163399887474,0.1985876091612732
94.2,-0.04963325032192125,-1.9693248566908204,-4.246031282120277,1.0373230031400789,1.0239994898979978,1.1804930400267395,-0.009629985969499377,0.0220068389678692,0.7789346780625018,0.23709323600371168,-0.39432402858064297,0.054161995237946334
94.3,0.054317489314141036,-1.8666115292262278,-4.133617500614482,1.0399712275891326,1.0236068642748264,1.0630521289078745,0.015007596058909837,-0.018933908509843545,0.7774682380119938,0.2528424566724279,-0.421066280007813,-0.08099827592569431
94.4,0.1580164639230173,-1.7659269540780582,-4.034267210645956,1.0322869069182088,0.9835630731592829,0.9202541056425229,0.04125741840239411,-0.060790179258511476,0.7612325016158401,0.2557397591442714,-0.42051564714199274,-0.22218097188595476
94.5,0.2604318772128834,-1.6711684447476327,-3.9501913911487785,1.014316170265292,0.9054841613988983,0.7587393649454002,0.06901658101753026,-0.09979736088158636,0.7287695400986892,0.24327929629099102,-0.38983654820944763,-0.3866232329489674
94.6,0.36054162800378836,-1.5859951017773535,-3.882897858536435,0.9862066853842687,0.7925024518031742,0.5858837639089189,0.09812457318088305,-0.1318467595722162,0.6769240548019415,0.2143827415845068,-0.331786254057586,-0.595985046002537
94.7,0.45734341595108996,-1.5136819422038745,-3.8331322529493774,0.9482065307839451,0.6491416689651031,0.40950403660870416,0.12843828912181607,-0.15278736768540777,0.6003150734288547,0.1693074970065066,-0.25489195389657876,-0.8787775021412536
94.8,0.5498646851252438,-1.456989341243711,-3.800849463030632,0.9006620827562088,0.4811365922874449,0.2375456395755171,0.15965549978415058,-0.15854491973989598,0.49063433554182384,0.10904954748119504,-0.17239682628435007,-1.270611280932401
94.9,0.6371723077081863,-1.4180529911588902,-3.7852166276947976,0.8440149343044477,0.2952044280781687,0.07776547303919767,0.19050377379239744,-0.14514771852319625,0.3364628578200143,0.03526816301202688,-0.10117177300869738,-1.800868813339234
95.,0.7183819122408731,-1.3982987642953675,-3.784647594452278,0.7787978724288863,0.09877701538868894,-0.06257787286717253,0.21687095587022137,-0.10970276502888643,0.12615906306492938,-0.04742154302864078,-0.060785664707933805,-2.4341547234582857
95.1,0.7926667639666116,-1.3983858744356452,-3.7968674597483596,0.7056299494554297,-0.10029545829764075,-0.1770139977575701,0.23014666946924137,-0.0548337861342564,-0.1411903186533296,-0.12589703595337193,-0.06846317291519892,-2.956619129655312
95.2,0.8592661088319535,-1.4181806024430141,-3.8190046174743517,0.6252106930205087,-0.2940574196056516,-0.2601191396360003,0.2219022967850688,0.004812469382021386,-0.4396338622054397,-0.1781693310066902,-0.12392932623392305,-3.031943747128763
95.3,0.917492897598942,-1.4567616336726186,-3.8477066451166397,0.5383135078578427,-0.47476507320848327,-0.30773288873179727,0.19513787031011556,0.04851889032002483,-0.7227522030673204,-0.1912900347549763,-0.20117963434575592,-2.6301762491974463
95.4,0.9667408122441999,-1.5124567943634464,-3.879275406651705,0.4457783305907467,-0.6351951228425696,-0.31712452656734924,0.16265316143260594,0.06715104898044225,-0.9588650246843491,-0.17371710743477103,-0.2708885393604101,-2.077635150898883
95.5,1.00649052332051,-1.5829097224467943,-3.9098159851578185,0.34850360623630205,-0.7689327416641918,-0.28710235858682964,0.13427214590955328,0.06490980363084203,-1.145259342167019,-0.1410712581100253,-0.32002850773099345,-1.619415261778625
95.6,1.036315114176746,-1.6651738148163373,-3.9353935067418986,0.24743766199878747,-0.8706273114789793,-0.21806168134769943,0.11336185892001138,0.04952219372682952,-1.293891509385548,-0.10372192520619528,-0.3476896183785573,-1.3125200021620556
95.7,1.055884615804041,-1.755829705678169,-3.9521916027527646,0.14356956010247524,-0.9362057353277023,-0.11196947172866967,0.10000086243140775,0.027243895020460953,-1.4186292008961685,-0.06640521752791995,-0.35693903163517393,-1.139127445276457
95.8,1.0649696045284254,-1.8511215924894744,-3.956666191915282,0.03791951682287345,-0.9630348193290452,0.027713591692091644,0.09346132392759884,0.0024459429575151544,-1.5314416351863822,-0.030821136614465578,-0.3512367867773397,-1.0757598354418336
95.9,1.0634438237225807,-1.9471069746007077,-3.9456884505751812,-0.06847102053370782,-0.9500262501276924,0.19617066656054816,0.09316629896834772,-0.021667579500779882,-1.6427446876577938,0.0026463729722289134,-0.3334113653301894,-1.112655236589089
96.,1.0512858000778804,-2.0398138349935526,-3.916671270258344,-0.17454954322796734,-0.8976799828280229,0.38742036099541355,0.0989326889667032,-0.04232386845327685,-1.7628450499865003,0.03403315943662832,-0.3054032431874526,-1.2571666239734964
96.1,1.0285794346739323,-2.1253989987748714,-3.8676741600338493,-0.2792627989726836,-0.8080643096735215,0.5945547853273756,0.1108906080784178,-0.056486954575004925,-1.903541287082734,0.06314679186542527,-0.26821075890708734,-1.532936702869949
96.2,0.9955135590136436,-2.200301355172595,-3.7974824104862677,-0.3815671579365666,-0.6847334040707288,0.8100145511705252,0.1289611424037223,-0.0601420061794709,-2.079188118774785,0.088650137174987,-0.22208505474246612,-1.9680557751215055
96.3,0.9523804562625386,-2.261383834555976,-3.7056573621904234,-0.4804389257834635,-0.5325856272173974,1.025889754688016,0.15129646376388955,-0.04804726716384391,-2.3047636390260013,0.10647892893190788,-0.16771543045638715,-2.5404750584945024
96.4,0.8995733580444741,-2.3060584803042086,-3.592555773532903,-0.5748845027239052,-0.35766824620216336,1.2342349449996588,0.17156113663642014,-0.01622952682324706,-2.585040570361504,0.10867801410935717,-0.11001565288668526,-3.0507625680613435
96.5,0.8375829372045236,-2.3323896293022215,-3.459317514617747,-0.6639502885963445,-0.16693634884935965,1.4273855211275368,0.17955191507420432,0.030634625228338406,-2.8952695138652844,0.08795941270048437,-0.06277122517380156,-3.122707756657889
96.6,0.7669928268550067,-2.339171087582796,-3.30782207671218,-0.746732236012631,0.03202443338730532,1.5982629439192784,0.1708588500799395,0.07708827604293346,3.098732816849038,0.047936312323349085,-0.04225843933646829,-2.657620505239875
96.7,0.6884742056765857,-2.325974224365271,-3.1406156298977073,-0.8223849565791191,0.23130034031840102,1.7406565952912831,0.1515383917435747,0.11020159908904453,2.8674200513726937,0.0005912847918411327,-0.052591424558465605,-1.9925494694664403
96.8,0.6027794987569264,-2.2931650671330726,-2.960811535723182,-0.8901302891205074,0.42296497937248406,1.8494710481259886,0.1290499625229388,0.12719298198791468,2.6980039994657905,-0.04598310697515418,-0.08703671665538244,-1.410345567310512
96.9,0.5107352521229931,-2.2418897162229445,-2.771968279904949,-0.9492652436532836,0.5993953255661428,1.920928889117804,0.10677936499237467,0.13011548185144553,2.578382292490084,-0.0896783009940741,-0.13758502281977186,-0.9760898042907753
97.,0.4132342474716739,-2.174028660399973,-2.5779496902958923,-0.9991692405380962,0.7535756271680762,1.9527210088181375,0.08523972038427992,0.12129603320407645,2.4954075648027056,-0.13071344211506555,-0.19805747672771842,-0.662555596672562
97.1,0.3112269313415898,-2.0921218147118226,-2.3827730115577817,-1.0393105707362047,0.8793771012981971,1.9440983674405907,0.06388360816861197,0.10239199693775898,2.4393578906931297,-0.1692478511739017,-0.26308644542519005,-0.4310903759760772
97.2,0.20571224002067534,-1.999267269126285,-2.190450892074299,-1.0692520103439227,0.9718022688801882,1.895901578155772,0.04196213977248445,0.07472795315928157,2.4039030670023758,-0.20446521935446826,-0.3266867038436758,-0.2517342342295502
97.3,0.09772790777486864,-1.8989977845240809,-2.0048335813258515,-1.0886555305164771,1.0271841880843318,1.8105271286188787,0.018844109849710595,0.03979215071137409,2.385239249688088,-0.2342999436166196,-0.38151674053407947,-0.10328262413125325
97.4,-0.011659648550727767,-1.7951399597615223,-1.8294576275444374,-1.0972860524443364,1.043332643451987,1.6918315874988366,-0.005861370774625891,-0.00036851913606920396,2.3813937414337434,-0.25558004296156994,-0.41919311179602614,0.030303840889037092
97.5,-0.12136577092283704,-1.6916616843678727,-1.6674071063093976,-1.0950142061317347,1.0196214626024043,1.5449776151129933,-0.03226555246225592,-0.04293526906674172,2.391832224139169,-0.26463932925236316,-0.4318322520114454,0.16327753942765405
97.6,-0.23029822621703575,-1.5925139584562806,-1.5211929111626883,-1.081818061263772,0.9570134794805448,1.37622791734977,-0.06023403746006948,-0.08434418986127877,2.4173319812703444,-0.2583060779383355,-0.41448187236433087,0.31073019146935443
97.7,-0.3373679930546865,-1.5014733859893452,-1.3926549172372908,-1.0577838083444053,0.8580221489398301,1.1926953573915156,-0.08949102040732437,-0.12054787656792744,2.4600893491718834,-0.23482205195975564,-0.3673870162634687,0.4906411565700544
97.8,-0.44150006373868567,-1.4219916206953334,-1.2828909170062641,-1.0231053784491804,0.7266113429654293,1.0020591875918399,-0.11973463784575207,-0.1473880422340702,2.5240525679840946,-0.1941281223692431,-0.296887393350219,0.7256557502803628
97.9,-0.5416441549967914,-1.3570577667508887,-1.1922151599309223,-0.9780830002659144,0.5680373233461744,0.8122587145362423,-0.15061694917780696,-0.1608800047949327,2.6154358906094015,-0.137401709843402,-0.21464909311262823,1.0440137482554328
98.,-0.6367852216278507,-1.3090792198807968,-1.1201481475646702,-0.923120703494626,0.3886391908464085,0.6311766099757913,-0.1813339804459903,-0.15732551404975245,2.7431099689508973,-0.0665320906177665,-0.13616515643174118,1.474739183122479
98.1,-0.7259536685731366,-1.2797856993635426,-1.065438089603724,-0.8587227880432464,0.19558616500745812,0.4663244931008014,-0.20948121255089253,-0.13367606712220267,2.917648927754947,0.01505808297077113,-0.07951514653908216,2.020626585126104
98.2,-0.8082351593910106,-1.2701602968837178,-1.0261131641478394,-0.7854892886878302,-0.00340823026396464,0.32454331906387857,-0.22933814328291047,-0.08964153517957871,-3.1372536906980524,0.09878726757410766,-0.06292217194381271,2.5849127702970525
98.3,-0.8827799225827534,-1.2804002910955208,-0.9995624973607414,-0.7041104748635776,-0.20039368080196246,0.21173051837447432,-0.2324978735122025,-0.032844031837660596,-2.8643184416187144,0.16702156297451978,-0.09571899761318702,2.913431580309441
98.4,-0.9488114616703914,-1.3099092900968472,-0.9826426327631418,-0.615360434917666,-0.3875000363655816,0.13260476530655874,-0.21540835373973033,0.01929356351003455,-2.579611890638519,0.200650138484337,-0.16490780162572358,2.7943138309668134
98.5,-1.0056345803258644,-1.3573210150683945,-0.9718052441946787,-0.5200898033908826,-0.557251068937064,0.09051775330379508,-0.18576711577242597,0.05117430762159998,-2.3217146530032147,0.196958879138194,-0.24096981345689172,2.355973759751661
98.6,-1.0526426401485058,-1.4205537768989616,-0.9632409995600417,-0.4192176986080366,-0.7028625265818143,0.08732048133712589,-0.15513941924502753,0.06014286573250534,-2.1085965588577515,0.16911528399384274,-0.3018486967651001,1.8802261731003276
98.7,-1.0893239758259248,-1.4968934739854358,-0.9530338385900442,-0.31372294596133715,-0.8185126004025712,0.12328938198305484,-0.13024366041688984,0.052111039504259216,-1.936810002122199,0.13088234290823672,-0.34074872517611876,1.5155310810820037
98.8,-1.1152674003287517,-1.583101802346824,-0.9373195126722111,-0.204634669681154,-0.8995740219241732,0.19711523628188676,-0.11294320078282644,0.0340247527326969,-1.79446955819775,0.09016293349595267,-0.3589997054769621,1.285641815851279
98.9,-1.1301667414078531,-1.6755453640564428,-0.9124420648891155,-0.0930223425296908,-0.9427985379186973,0.30595531731699277,-0.10304725638196158,0.011252214943696968,-1.6691442046708984,0.05035461393354489,-0.3600509633653065,1.175432929463644
99.,-1.133824359903413,-1.7703405268459342,-0.8751020105190598,0.02001461134418526,-0.9464464082415158,0.44554668371838113,-0.09998875990995551,-0.01228871756815522,-1.5496523629575731,0.012579402990745048,-0.34716175371077834,1.17214818942847
99.1,-1.1261536101521021,-1.8635082597859183,-0.822490309129828,0.13335756025024167,-0.9103557640085447,0.6103761064320835,-0.10342587715322363,-0.03342591700878783,-1.4253413869773846,-0.02294839598787354,-0.3227410361257374,1.276879853275897
99.2,-1.1071802129977948,-1.9511327722327083,-0.752402785842338,0.24587965141564966,-0.8359490610227913,0.7938998542988723,-0.11330700532536472,-0.049006125111975246,-1.2847313642385236,-0.05606322815910793,-0.2881862099147756,1.505652647435205
99.3,-1.0770425224759486,-2.0295176316067733,-0.6633304387711443,0.3564569330227045,-0.7261763711726545,0.9888045762650789,-0.12948396371234716,-0.05518528609763462,-1.114480759217835,-0.08572420405678963,-0.2439954037047711,1.880447929732064
99.4,-1.035990678049577,-2.0953331360796277,-0.554522030994729,0.4639795028761911,-0.5853977725947392,1.187298879647813,-0.15047731761987926,-0.04707255714281909,-0.9005910002143854,-0.1085543138516311,-0.19065689273392114,2.3888232147378914
99.5,-0.9843846452215783,-2.145749066884608,-0.4260164703385552,0.5673625738944412,-0.41920952733460914,1.381423980113363,-0.17116234652284265,-0.020387277261218528,-0.6363424424006003,-0.11741559391868575,-0.13169931728405534,2.8849021253040212
99.6,-0.9226911583265958,-2.178547527835906,-0.278643684723217,0.6655573468364735,-0.23422097625316518,1.5633710386924187,-0.18234076538239727,0.022650869539348008,-0.3383816346569592,-0.10414659556995132,-0.07849801127387161,3.0504453017792095
99.7,-0.8514795902088595,-2.192211373499776,-0.11399395681682267,0.7575615819722549,-0.037791045675116486,1.7257925345555782,-0.1779001170609543,0.06936528656937198,-0.04984379529646508,-0.06898405418624474,-0.04760111214657626,2.713950637580468
99.8,-0.7714167842120719,-2.185984700665669,0.065643060835753,0.8424297637711482,0.16226512957215372,1.8620952600415324,-0.1613785558850108,0.1060378350988155,0.19028521499035506,-0.02238700867351408,-0.04709679564537438,2.1096000113316897
99.9,-0.6832608943373499,-2.159902991512943,0.25736722028460335,0.9192827561063539,0.3579877707160224,1.9667032570854712,-0.1399606121506835,0.12759012665534777,0.3713531886535367,0.025986666666850632,-0.07302541719293444,1.5287878014830405
100.,-0.5878542894617742,-2.114791706759902,0.45778110044734077,0.9873168499238217,0.5415897860959428,2.035280212528661,-0.11784197492045236,0.13493116907951372,0.5017270495890396,0.07241429740197261,-0.11780569612949045,1.0759127232382162
100.1,-0.48611558705054336,-2.052233384881635,0.6631230647055113,1.0458121107667535,0.7057672177336072,2.0649024460303487,-0.09613315890842682,0.1301262955881857,0.5936472120248554,0.11650198707580461,-0.17508427760151316,0.7429399760216446
100.2,-0.37903089074568447,-1.9745045590467634,0.8694148505668796,1.0941399399318001,0.8439904268901608,2.0541755940118493,-0.07454179734951372,0.11478244813583151,0.6570403360770917,0.15842442476010074,-0.23959945107025754,0.49643107279921317
100.3,-0.2676443144797208,-1.884485006695513,1.072617808779706,1.131769770305837,0.950764409961528,2.003290337717708,-0.05238120320789606,0.09011680626486146,0.6987001285061651,0.1976290370870224,-0.3058020068969497,0.30700862353928343
100.4,-0.15304788325964994,-1.7855429496916653,1.2687915644483925,1.1582748260251536,1.0218478667386834,1.9140149535899462,-0.028993535966714667,0.057397305546823776,0.7229020038771148,0.23232182201164414,-0.36682768595517556,0.1532530862481774
100.5,-0.03637090741689085,-1.6814007817560461,1.4542487761318352,1.1733368839381138,1.0544222874722327,1.789624982839594,-0.00393039877641634,0.01836442110116126,0.7320702046658694,0.25940243904058297,-0.41435174171361727,0.019287990251659774
100.6,0.08123106715012515,-1.5759866762044654,1.6256998244560465,1.1767499843559148,1.0472043177740447,1.6347728239515802,0.022962231487866393,-0.02448161379159566,0.7272137643575635,0.2749036313795158,-0.43966860466317814,-0.10828697534992521
100.7,0.19858762546111064,-1.4732779899213537,1.7803816632388072,1.1684230486536826,1.0004969217215647,1.4553024469355862,0.051533613820524314,-0.06781234654157882,0.7081284673238968,0.2749672601919422,-0.4359673907125657,-0.24290307692072155
100.8,0.3145250556682737,-1.3771427065581332,1.9161656975019061,1.1483813718410902,0.9161773034535129,1.2580166159513002,0.08140349441686238,-0.10766728509239765,0.6733973174393734,0.25702023531015494,-0.4009924026939645,-0.3998092971868669
100.9,0.42787801335724945,-1.2911852401152346,2.0316403888660632,1.1167669691562456,0.7976220687846286,1.0504059002705843,0.11209338102175419,-0.1398503714403688,0.6202087960384868,0.22048522078210933,-0.3387094513340721,-0.5973053392684128
101.,0.537501162755337,-1.2186027462324196,2.126165296347704,1.073837766943905,0.6495726104099604,0.8403502769119634,0.1431050791716056,-0.1603452242816154,0.5440202072138632,0.16659520535842995,-0.259089499826442,-0.8574477045677786
101.1,0.6422806792624024,-1.162057669602211,2.199894399343858,1.0199656394497867,0.4779460833654466,0.6358052209583093,0.1737610204685733,-0.16558027239209194,0.43820568385263853,0.09767759280072894,-0.17647141441214614,-1.2044111283796575
101.2,0.7411454984533087,-1.123571608638895,2.253767774197254,0.955633304586461,0.28959950655700645,0.44448479799082075,0.20256776412789868,-0.15264560254410897,0.2942476538630016,0.017039742957080713,-0.10775524795510967,-1.6529346625544008
101.3,0.8330781985760037,-1.10444472868339,2.2894719573616675,0.8814301030898215,0.09205639488566553,0.2735543925811844,0.2260007989912187,-0.12019746495084156,0.10406254688056295,-0.06918085766660846,-0.07058332945413033,-2.1706354451688292
101.4,0.9171254065727082,-1.1052039364849602,2.3093705765366583,0.7980466966762865,-0.10679317971712615,0.12934532261845544,0.2377357402514462,-0.0713656589087581,-0.1330279083091536,-0.14830866001791412,-0.07860154004854078,-2.6162176895583755
101.5,0.9924076217604175,-1.1255818820794472,2.316408016446387,0.7062687317185153,-0.2990071407232864,0.017102716722749656,0.2316859702375188,-0.017495561026539014,-0.40048218640596595,-0.20161207642912843,-0.13080921536693835,-2.7667654215963706
101.6,1.0581283564887942,-1.1645276251925896,2.313989960942611,0.6069695254704562,-0.4769080326989287,-0.059223294103744606,0.20909005269118794,0.025136100939200955,-0.6659727064660151,-0.2168631740387366,-0.20574200694569134,-2.548916488743073
101.7,1.11358249930126,-1.220248540932301,2.305845574962583,0.5011018418867825,-0.6333890973844032,-0.09713474624461438,0.17923243259138458,0.0468643773824192,-0.9014788986680368,-0.19918938525451088,-0.27635671839642545,-2.1425146948380083
101.8,1.1581638133059768,-1.2902817941219746,2.2958768218129424,0.38968883349270916,-0.762197597876455,-0.09568510898580307,0.15135193441093406,0.04884090558687404,-1.0981733501938322,-0.16283614030149182,-0.3276062599494646,-1.7542017637808371
101.9,1.191371490550807,-1.371592532818496,2.2880009241071586,0.27381423447232417,-0.8581840956716045,-0.05551668857610137,0.1300037383534135,0.03722560959408009,-1.2619441667646973,-0.11934137762608289,-0.3566641892432437,-1.4740657339246186
102.,1.212815692115941,-1.4606948863488585,2.285992250003065,0.15461189806637624,-0.9175077426811957,0.02116532014696515,0.11628948924606075,0.01815236575965644,-1.4038518457901141,-0.0748386892559504,-0.3660175730288729,-1.3145950370832487
102.1,1.2222220133074093,-1.5537909440554836,2.293329929279386,0.033254778418541985,-0.9377894038738472,0.13068109987705456,0.10999877838265712,-0.0035956555618348266,-1.5353503622409188,-0.03186599933628155,-0.3591599005898586,-1.2680432019043417
102.2,1.219434823661471,-1.6469221741057474,2.3130572753371825,-0.08905653688982718,-0.9182065060283441,0.26802327559897265,0.11074545692562816,-0.02425207454682689,-1.6674835649079631,0.008755994384234956,-0.33900719480354086,-1.3319478274967764
102.3,1.2044194423570387,-1.7361272457754713,2.347658618526414,-0.21110563229223614,-0.8595258312767879,0.42705691476138885,0.11829920761971156,-0.040374447206958666,-1.8116362255902647,0.04668427361927447,-0.30744848049457757,-1.5153918520571392
102.4,1.1772631209753752,-1.8175999633298374,2.3989584620404902,-0.3316722923401008,-0.764072948062763,0.6007644892626423,0.13235284151729282,-0.04814406892376573,-1.9803364715446612,0.08099128811982237,-0.265363855097894,-1.8327024946037103
102.5,1.1381748172342439,-1.8878410151757354,2.468046981668729,-0.44954463422538243,-0.6356394982059252,0.7815260331586644,0.15154468348912206,-0.04298242941224225,-2.1863595523551194,0.10876608791252387,-0.21333737533113167,-2.2724982762535206
102.6,1.087483755243318,-1.9437974885258322,2.5552348404277785,-0.5635312247541105,-0.47933203624493703,0.9614233268560206,0.17158217356729372,-0.02071186531747566,-2.4367582107377666,0.12366966908784519,-0.15414875883320628,-2.723261713447453
102.7,1.0256367798625743,-1.9829845875644123,2.6600391203760227,-0.6724730612420584,-0.3013684473573923,1.1325559806874628,0.18448671388206794,0.01791791665412154,-2.720278693264428,0.11754313193244725,-0.09715614714739398,-2.929301645893681
102.8,0.9531945247764331,-2.003584702595726,2.781200933349216,-0.7752552964381523,-0.10883006003178897,1.2873568163724887,0.1836169774532992,0.06302551601461343,-3.0021243886671223,0.08825360076997443,-0.05788592626425403,-2.7018036259525733
102.9,0.8708264258042588,-2.0045198806003337,2.916734009390635,-0.8708185894090732,0.09062066402326047,1.4188939728527037,0.1702530174694995,0.1015373790666961,3.037902107926909,0.04397626239374263,-0.04697763288443705,-2.1792072390621526
103.,0.7793046226341067,-1.9854948080266548,3.064002326642191,-0.9581699673297953,0.289045607919479,1.5211476922437543,0.1505397781184959,0.12671602828538645,2.8486097404067343,-0.0050951112073257115,-0.06358960350032494,-1.6243220819208362
103.1,0.6794968034723865,-1.9470085922293652,3.21982368864607,-1.0363930872989906,0.4785474671343404,1.589250751066954,0.129049116118225,0.13809716944526135,2.709016101571011,-0.053698443134288704,-0.10128905836627253,-1.1672710641220914
103.2,0.5723580579350416,-1.8903348718655468,3.380595120539122,-1.1046577925985637,0.6515845899983868,1.6196829512665107,0.10745424643324143,0.13722374608071336,2.608668346941682,-0.10054692280419053,-0.15380929460791726,-0.8215798773520095
103.3,0.45892181375313146,-1.8174710491841668,3.5424350857457707,-1.1622288642006053,0.8012716394280592,1.6104119170069828,0.08578860803354627,0.12554616341832658,2.537998150872467,-0.14560943379461266,-0.2159824482772043,-0.5626677691943995
103.4,0.34028994242312494,-1.731058668156904,3.701336854169291,-1.2084738757344093,0.921654089469741,1.5609745838605735,0.06349286430381422,0.1041613109324296,2.4900385702999284,-0.18849599405301917,-0.2826651607187248,-0.3637787142317693
103.5,0.21762212770078204,-1.6342781127229986,3.8533269082778627,-1.2428700684943832,1.0079456133434646,1.4724961313981182,0.039924475736835954,0.07413539750750735,2.460190975572904,-0.2276965138806621,-0.3475839429440162,-0.20415571215538833
103.6,0.09212459872301268,-1.5307218231962398,3.994622072611933,-1.2650101723206089,1.0567188990747132,1.3476456041281355,0.01459593794940936,0.03691084482273705,2.4456688147019254,-0.26029969880988363,-0.402816194588738,-0.0683587051514459
103.7,-0.0349616635362332,-1.4242510852959211,4.121779103102911,-1.27460710822957,1.066042285496728,1.1905299897615111,-0.012695327498394342,-0.005361055713458061,2.4450653183604265,-0.2822154506856688,-0.43936756890826245,0.05619730983561764
103.8,-0.1623731318902501,-1.3188421011708147,4.231830773170649,-1.2714975194200349,1.0355567713773746,1.00653097728841,-0.041809965713648124,-0.04966457943955621,2.458109431842653,-0.28902975934257674,-0.449078664353445,0.18155680306681826
103.9,-0.28883623128351255,-1.2184274790782683,4.322403031869378,-1.2556440886246645,0.9664903275595764,0.8020909025260807,-0.07230131417854259,-0.09222596165404102,2.485591760017294,-0.27731604793430464,-0.4273962471121505,0.32087342600686974
104.,-0.4130800068793,-1.1267394610249057,4.391808563920853,-1.227136611613126,0.8616089415354884,0.5844564145296927,-0.10353936079432978,-0.12887942250396134,2.52943885515979,-0.24575079700587324,-0.37569981613839976,0.48932043294196576
104.1,-0.5338488365045018,-1.047161138387414,4.43911302222807,-1.18619180886259,0.7251063461526251,0.3613900817903968,-0.1348481021800186,-0.15555450854354172,2.592913532705572,-0.19533557476843433,-0.30184710473376336,0.7044235744470325
104.2,-0.6499150608873328,-0.982591587077319,4.464171292895252,-1.1331518698771506,0.5624368286205836,0.14086143528349626,-0.16550828264937562,-0.16868337511901907,2.680871502072066,-0.1287220800795186,-0.21878125058375958,0.9853831768702375
104.3,-0.7600914052018501,-0.9353302988846659,4.467632347460888,-1.0684817372365647,0.3800977851956766,-0.06927023478550698,-0.1944491826408256,-0.1654585931003135,2.799816675173783,-0.04953029620161136,-0.14232684559228476,1.3482393339789642
104.4,-0.8632430667719648,-0.9069855163579741,4.450912489349778,-0.9927651500617397,0.18537069040166654,-0.2615686829370885,-0.21950843808290685,-0.14424533014317947,2.956996779922397,0.03709845054708395,-0.08917332333621975,1.7884246457155903
104.5,-0.9582993463818454,-0.8984101256194902,4.416138061543686,-0.9066994790747303,-0.01396919247303563,-0.42931664286312177,-0.23655062725041814,-0.105954932487041,-3.126187232401123,0.12209237728349287,-0.074107824006008,2.242312899917861
104.6,-1.0442647044731432,-0.9096676628664728,4.366059899925234,-0.8110893976779672,-0.20996278667605267,-0.5667830946857352,-0.24003117417089134,-0.056796958962076656,-2.8882878709221966,0.19042695505868243,-0.10360881837631425,2.55893757999588
104.7,-1.120229128548747,-0.940029789771931,4.303942943131106,-0.7068394453591563,-0.3947845053519009,-0.6694512102239405,-0.22713574298146555,-0.009297819632836475,-2.6322311367796285,0.22619125120014238,-0.16749075459141438,2.5862586337501554
104.8,-1.1853777043081977,-0.9880053384322878,4.233435400152505,-0.594945551121961,-0.5610542330796229,-0.7341978891086414,-0.20219393620308987,0.02375329581018371,-2.385503849329067,0.22474762956380073,-0.24155713039698495,2.342743798912358
104.9,-1.2389992903548221,-1.0513997679314548,4.1584226918584895,-0.47648559543240315,-0.7021315478680554,-0.7594177285070716,-0.1740139182088565,0.03745917223980123,-2.167033683049584,0.1955771863304288,-0.30398899960033626,1.9967661780799386
105.,-1.2804942046734604,-1.1274026621753386,4.0828719896041825,-0.3526090992457366,-0.8123804539056507,-0.7450864844753485,-0.14959591555189022,0.034809721801446154,-1.9803025627882918,0.15208491243222133,-0.34522141042557236,1.692709981967587
105.1,-1.3093808404045504,-1.2126997807342068,4.010673548919649,-0.2245261379309711,-0.8873940710062238,-0.6927614952367535,-0.13210241787609978,0.021627228737917725,-1.8186128705004159,0.103769556328462,-0.36480453664144447,1.489748193690041
105.2,-1.3253011386463476,-1.3036051955790402,3.94548516401557,-0.0934955862457169,-0.9241703230909211,-0.6055190498125337,-0.12226688687320694,0.0033727017713154877,-1.6716203413494097,0.055489812994045803,-0.36569430162171995,1.3989329927291723
105.3,-1.3280248570077604,-1.3962082458369438,3.8905859443943216,0.0391871921598237,-0.9212316215613778,-0.48783119922278007,-0.1199386803620555,-0.015494691197415693,-1.5282841280201536,0.009265945043385584,-0.35113416389814267,1.420444457606485
105.4,-1.317452584303286,-1.486529451943261,3.8487452431817615,0.17220309099191344,-0.8786837721655932,-0.3453869217080979,-0.12480521836119461,-0.031098597588997513,-1.377270607504334,-0.034045044922482545,-0.3235285084253649,1.5588673518026142
105.5,-1.2936174640174025,-1.570679173384553,3.8221119627139464,0.3042223185149358,-0.7982117569256444,-0.18486477185344447,-0.1363902317199602,-0.039511974967799214,-1.206662410999458,-0.07340807849818565,-0.2842386278248288,1.8213041549711881
105.6,-1.256685601849423,-1.6450126848491027,3.8121286505053065,0.43391763703965885,-0.683012559288469,-0.013666077677881694,-0.15332245261728739,-0.03638473067585917,-1.0048247851513799,-0.10617463490863083,-0.2341499564504652,2.1937252319890677
105.7,-1.206955145657405,-1.7062754883876257,3.8194738103808303,0.5599776534264266,-0.5376677105490335,0.16038067741688034,-0.17186865846604893,-0.017799249454854317,-0.7650756875168405,-0.12669000482087037,-0.17574969618311514,2.5857009916538574
105.8,-1.1448540393231803,-1.751733068446843,3.844034728674682,0.6811200280237623,-0.3679606387178616,0.3293325021788187,-0.1852051593014488,0.016293884538723897,-0.4953103721960135,-0.1272590786655094,-0.11691487707156721,2.794323831630616
105.9,-1.0709364653289755,-1.7792799168520281,3.884911898828344,0.7961044694719795,-0.1806461015568782,0.48544910994731166,-0.18691580490162427,0.05837993776986358,-0.2231340952095702,-0.1044039571176553,-0.07161692367951526,2.6442254256712507
106.,-0.9858780040377699,-1.7875234812561,3.940454867962682,0.9037453841360017,0.01681910423859334,0.6215020494442628,-0.1766566621723271,0.09689852967092692,0.01860829740213599,-0.06398618586349741,-0.051605425514359544,2.205215598163669
106.1,-0.8904695506707209,-1.775839690295508,4.008328076273545,1.0029240515890294,0.21657342193725387,0.7310634295465945,-0.15916006250660844,0.12435773583342911,0.21267636201085424,-0.015787869186311334,-0.05880491470480396,1.6929498899837205
106.2,-0.7856100436461528,-1.744397841839776,4.085604064351193,1.092600201527498,0.4106639501765208,0.8087627271955335,-0.138875007276751,0.13902308579858746,0.35952381886806056,0.03380335342687167,-0.08843705071177775,1.245485781655427
106.3,-0.6722980701550448,-1.6941538621186638,4.1688803324213906,1.171822872730098,0.5913634999915873,0.8505014400248487,-0.11786764448023225,0.14173843972850056,0.46736278540160486,0.0824974718512215,-0.13467739755201832,0.8950115795369236
106.4,-0.5516224264736436,-1.6268122044638802,4.254415192549067,1.2397404411331343,0.7514786534058968,0.8536170258892576,-0.09650641171446848,0.13367937384445427,0.5449351823073688,0.12985260630185905,-0.19252175024086327,0.6276281004751493
106.5,-0.42475172143510675,-1.544757906642307,4.338277197625918,1.2956097117246412,0.884636542258505,0.816989593246851,-0.07441123164921211,0.11579140974851483,0.5990857901622421,0.17550951376409532,-0.2572081817657864,0.4208944086003678
106.6,-0.2929231215832166,-1.450961515439931,4.4165021896711725,1.3388039776931098,0.9855389143022029,0.7410870886942283,-0.05100302132553912,0.08895368469832195,0.6345675434143457,0.21822755301926003,-0.32312259838264223,0.255614251456573
106.7,-0.1574303457089228,-1.3488606688533609,4.485251706186935,1.3688199600204463,1.0501733577582026,0.6279471798791108,-0.025785434747150192,0.05432815815400487,0.6544252901270227,0.25541199861853436,-0.38305121146911664,0.11712554735213074
106.8,-0.019611024624054455,-1.2422230568329444,4.540966429139579,1.3852835513942332,1.0759732634712653,0.48109655577282,0.001489217428514465,0.013699548411758666,0.6603818735186556,0.2831096977074561,-0.4283026399757841,-0.006305524458308058
106.9,0.11916645093027912,-1.1349962238998446,4.580508558744712,1.3879542998285488,1.0619201474789106,0.3054108612592681,0.030722137460192665,-0.030307039136155033,0.6530935980390133,0.2966448510211698,-0.4500972889705001,-0.1254768531521015
107.,0.25751646548747087,-1.0311502015328697,4.601287435737639,1.3767285796162119,1.008584254716625,0.10692084972261873,0.061456762757893885,-0.07423651221508201,0.6322684323222507,0.2918858791306442,-0.4421107169397098,-0.25180216667485794
107.1,0.3940499638188615,-0.9345192440746198,4.601363403613181,1.3516414100702248,0.918101825117573,-0.10742751856430066,0.09297342912973791,-0.11409195147406301,0.5966633185310386,0.26663074711144985,-0.40316008390991015,-0.3981051618023919
107.2,0.5273883490111533,-0.848648977646999,4.5795257697942215,1.312866895823305,0.7940899284356223,-0.3300494684092664,0.12444818511423825,-0.14582259304613385,0.5439793783236437,0.22128779541545854,-0.3385384302759239,-0.5787137631436731
107.3,0.6561773550701944,-0.7766550557661964,4.5353417572547,1.2607172761113334,0.6415022630586342,-0.5530232734286757,0.1550578660706858,-0.1658224301856508,0.4706938708940209,0.15847281438522628,-0.25923725557625793,-0.8089603559870887
107.4,0.7791007548983115,-0.7210989566113739,4.469174494614171,1.1956405843344036,0.4664316676579762,-0.7684055574540382,0.1838844580007259,-0.17128230247123405,0.37195177989853223,0.0820878198383173,-0.17974029486450724,-1.1030396727292924
107.5,0.8948937653181244,-0.683885873518087,4.38216932703247,1.1182169331304481,0.27586721891207544,-0.9685474638146107,0.20951294102829396,-0.160461028732346,0.2418729917813405,-0.0029908626184975036,-0.11568109189798825,-1.46629448358594
107.6,1.0023560130351359,-0.6661887694797294,4.276208993155341,1.0291534540708096,0.0774155990506128,-1.146399088093067,0.2293864349037968,-0.1332867670283732,0.07508119933284775,-0.08977409594437548,-0.08164643714498913,-1.875425451952988
107.7,1.1003639290270821,-0.6684016233644228,4.153839454548577,0.929277934756206,-0.12100215858334584,-1.2957900378440141,0.23953563290888608,-0.09283535823125028,-0.1294824382894954,-0.16711858988223788,-0.08756748271250948,-2.249862775291177
107.8,1.1878824437961677,-0.6901237317727461,4.018169334023461,0.8195312094154146,-0.31146645615604035,-1.411674934506081,0.23615159934863436,-0.047057937183352876,-0.36319455992671257,-0.22031789828267992,-0.13243245373606152,-2.458781988649316
107.9,1.2639758621771655,-0.7301756923716239,3.8727469713615963,0.7009583719522589,-0.4863748607347154,-1.4903340703780044,0.2193009838844347,-0.007411761288793284,-0.6066008543765281,-0.23847837188202653,-0.20052240105610633,-2.419943667534141
108.,1.3278178039057145,-0.7866464314989754,3.721419997244877,0.5746988926178604,-0.6387451893131442,-1.5295212213515144,0.1945625694884906,0.017242030695400395,-0.8381298250063781,-0.22285174224206683,-0.26917191264362156,-2.1930846810669813
108.1,1.3787001048507208,-0.8569694011968452,3.5681830231151492,0.44197573097551857,-0.7624938664282499,-1.5285527228236542,0.16941354772956665,0.025171401138838367,-1.0454782389499617,-0.18446843570755997,-0.3220449449121267,-1.9156838630686626
108.2,1.4160405836201078,-0.9380249079374623,3.4170195184441217,0.30408354845814667,-0.852678457127408,-1.4883342578584036,0.14908004380804576,0.02006876284700387,-1.228234761582498,-0.1351399640802564,-0.3533907355940866,-1.690310524416489
108.3,1.4393895890711095,-1.0262644935186258,3.2717441785989188,0.16237613347742155,-0.9056947062627301,-1.4113242898799154,0.13584374812371375,0.007267197111616136,-1.3933974713437498,-0.08266661458760473,-0.36402437759174594,-1.5608219822963236
108.4,1.448435255990681,-1.1178524094545879,3.135852066906325,0.0182531606283539,-0.9194202287774939,-1.3014355979576202,0.1302438737104035,-0.008248150997847484,-1.5509460314267325,-0.03103755168299934,-0.3568692231467003,-1.540184363575712
108.5,1.4430074087467841,-1.2088185447244104,3.01238054442954,-0.1268535870498948,-0.8932991225062128,-1.1638788403940739,0.1321157849558176,-0.02210933214946535,-1.711858889897783,0.017855000568843458,-0.33467519297025866,-1.633544425164179
108.6,1.4230800659265879,-1.2952167101312522,2.9037894911422564,-0.2714943976309877,-0.8283641302432517,-1.0049543834697683,0.14089912614703995,-0.0301699566445016,-1.8875113713046916,0.0625477092858735,-0.2993017502202245,-1.8429972372855683
108.7,1.3887725127437032,-1.373281968974101,2.8118645929417037,-0.4142160717029211,-0.727195467548112,-0.8318006947005991,0.15518647101717986,-0.028200079884394956,-2.0885686389146074,0.10042227157059105,-0.2520590993557932,-2.1511032880849785
108.8,1.34034892217905,-1.439580741754578,2.737647549358753,-0.5535764821724015,-0.5938179576930237,-0.6521093315939506,0.17163729948993733,-0.012545885221598546,-2.321136809388618,0.12633409651195762,-0.1954448049551293,-2.4805960701935654
108.9,1.278216520278466,-1.4911477007176617,2.681395983556829,-0.6881591069819261,-0.4335405746576138,-0.47381788861692953,0.18441730250154384,0.017268101121391138,-2.5794055588496256,0.13320355642905227,-0.1363487714852673,-2.6690927074071076
109.,1.2029223056214833,-1.5256039966725732,2.6425746520551345,-0.8165873886503274,-0.25274479108553694,-0.30479314382252753,0.18769125594507802,0.055575067744176476,-2.8414309240755404,0.11695390950639292,-0.08718227977806775,-2.5658339238352856
109.1,1.1151483475531245,-1.541252104763668,2.619878303768852,-0.9375387754154648,-0.058630169101595686,-0.15251703728199117,0.18013727171790864,0.09262980582508218,-3.0791377242526314,0.08152660929116841,-0.059804761618899194,-2.1991951933415703
109.2,1.0157057021887361,-1.537143507989263,2.611285276180135,-1.0497583010891736,0.14107266351885867,-0.023788000573014476,0.16508395665282766,0.12098182321920127,3.008007130328259,0.03572238411739518,-0.05820670480247781,-1.7362257404278234
109.3,0.9055269993133286,-1.5131165201401215,2.6141396910424883,-1.1520715645190402,0.33841020909403985,0.07555045543120492,0.14647839755211442,0.1379701596681579,2.8558882614948327,-0.01348670061136515,-0.0794253497693267,-1.3085012917665875
109.4,0.7856577669587701,-1.4698027402760596,2.6252589718279875,-1.2433969747575553,0.5255231809019144,0.14084307393421377,0.12654202665457384,0.1437071652174769,2.741713170837881,-0.06288769402004707,-0.1183995954136787,-0.9606948010369498
109.5,0.657246573514697,-1.4086018814209873,2.64106239561019,-1.322757134623357,0.6949598281542293,0.16880880430004708,0.10591842699516653,0.13900480518546246,2.657842067578225,-0.11149879261528972,-0.17041465341293452,-0.6892440208057604
109.6,0.5215340795751198,-1.3316259769765324,2.6577155534814567,-1.3892892432457316,0.8399730138012302,0.1576719593474134,0.08442380354314626,0.12461766333672585,2.5977930579456383,-0.15885589614119935,-0.23107441941704873,-0.47694554052623683
109.7,0.37984110321681097,-1.2416151891684488,2.6712849593621346,-1.4422544073378056,0.9547892016117775,0.10723334885325966,0.061578758158933114,0.10124463535582648,2.556819690274022,-0.20392714639532572,-0.29541476937861894,-0.30687349679198717
109.8,0.23355581292376915,-1.1418285759771005,2.677896642457626,-1.4810457612645278,1.0348386288631584,0.01887855322987364,0.036909754588441535,0.06979268423840593,2.531725207109437,-0.24449679513269768,-0.3570817388080089,-0.16546889667332593
109.9,0.084120171804416,-1.0359141713295068,2.6738923997881097,-1.5051953073596156,1.0769374883818603,-0.104476992632064,0.010136861783572433,0.03169015225378999,2.5205526496686423,-0.27696370053026315,-0.40811637685891866,-0.04190020798543633
110.,-0.06698423500637161,-0.927763558045799,2.6559774784843175,-1.514379400293881,1.0794148569119226,-0.2585039161767678,-0.01869950493860689,-0.01086592310167879,2.5223428717944727,-0.29671774749164864,-0.43980817852612264,0.07348660073984874
110.1,-0.2182508509026936,-0.8213567312572342,2.621353799196424,-1.5084228124875023,1.0421793095776852,-0.4376312035663196,-0.04918529256145003,-0.05483816671927271,2.536995734821464,-0.2992075247843724,-0.444768919473072,0.1905866648549187
110.2,-0.36816313185070626,-0.720603437101853,2.5678334083778585,-1.4873013314622203,0.9667225647322755,-0.635268006864659,-0.08058466380268609,-0.09653552223290295,2.5652284463925557,-0.281393358633275,-0.41961326914657154,0.3203300336494342
110.3,-0.515209715259723,-0.6291873120230371,2.4939276354049023,-1.4511428545112595,0.8560600138834095,-0.8440661194089627,-0.11198724723659247,-0.13204119268393277,2.608616957281697,-0.24281336866783218,-0.36689325849365995,0.4747257231411459
110.4,-0.6578996223023361,-0.5504190363448648,2.3989083990494473,-1.4002269609819065,0.7146105075804515,-1.056212655436942,-0.1424661721059252,-0.15773713886072419,2.6696967187840115,-0.18560743282754646,-0.29513018444297656,0.6663598966717873
110.5,-0.7947773410917821,-0.4871043564280776,2.2828392181289403,-1.3349829576708268,0.548020189820396,-1.2637412658828802,-0.17111884464772176,-0.17073962278014507,2.7520612431270903,-0.11366406475056785,-0.21702611525299093,0.9072376330701805
110.6,-0.9244376384425104,-0.4414322369461732,2.14657468894106,-1.2559864081733465,0.36293740413861836,-1.4588494832724908,-0.19688971558987559,-0.16917887305862297,2.8602892555144996,-0.03181826041657047,-0.1470097033902676,1.205372853769957
110.7,-1.0455399497898785,-0.414887602297575,1.9917284492117124,-1.1639541723518645,0.16674764516864793,-1.6342095442908127,-0.21817115775237317,-0.1524916110219606,2.9993011829041434,0.053969305784127085,-0.09903713548133895,1.5554422696144146
110.8,-1.1568222002217854,-0.40819214587808555,1.8206109046150343,-1.0597379972398409,-0.032720877684268346,-1.7832602986170603,-0.2324100777450863,-0.12209593454851787,-3.110726075669965,0.13531011701365958,-0.08424160444883437,1.9209428125988126
110.9,-1.257113914451259,-0.421275566960944,1.6361391993846817,-0.9443167155229529,-0.22750932620897002,-1.9004685666447898,-0.23642873224905256,-0.08257110655668741,-2.905173413493204,0.20045669814211622,-0.10708658212156034,2.2201037118063485
111.,-1.3453484798946056,-0.45327838187921554,1.441723019067313,-0.8187871220871111,-0.409845527110249,-1.9815495266752328,-0.22833722274972662,-0.04213205640493076,-2.6775035464226935,0.23705952509565814,-0.16077004638641315,2.354794747506447
111.1,-1.4205744347614728,-0.5025861974373091,1.2411307769548907,-0.6843536128445413,-0.5724538239881972,-2.023637345532169,-0.2100791888304509,-0.010060902662941417,-2.4449952875172634,0.23930541668140526,-0.22771752792629305,2.2923481975479647
111.2,-1.4819656621381867,-0.5668940801787219,1.0383415177651019,-0.542316683004641,-0.7088451347537243,-2.0253992501771014,-0.18728130204486287,0.008066290682606109,-2.2238731541128827,0.21204378274107277,-0.2886642736941833,2.102989917726545
111.3,-1.5288303813736135,-0.6432984553101548,0.8373884415397502,-0.3940603940076397,-0.8135756508067595,-1.9870884927266852,-0.16599252522178135,0.012407526258943124,-2.021850738746983,0.1662453575813522,-0.33179072787220804,1.8946808574789484
111.4,-1.5606188395585943,-0.7284128715619393,0.642200284798251,-0.24103892936077265,-0.8824638644574058,-1.9105340973948284,-0.15014420791995184,0.0068333719551776995,-1.8374353888436108,0.11206403578513312,-0.35376731658915617,1.743954668699938
111.5,-1.5769296184175798,-0.8185030168046035,0.45644688140192713,-0.08476236949187012,-0.912757272391235,-1.7990677981809027,-0.14143053654504473,-0.0037367547877443573,-1.663394840007147,0.05603173089530344,-0.3559208381288661,1.686800129127164
111.6,-1.5775144853847225,-0.9096356017752297,0.283395058946176,0.07321817564545423,-0.9032421092380666,-1.6573910801255067,-0.140188303904689,-0.014573365668690542,-1.4899116639167924,0.0017299595522895313,-0.34082054057700895,1.7366903362964112
111.7,-1.562281731885083,-0.9978351763887479,0.12578061444794209,0.23132593020768646,-0.8542917365128072,-1.491387624830962,-0.14596352436327534,-0.021257111359213526,-1.3063567460306293,-0.048490181464660116,-0.3106809397749013,1.8950200397298187
111.8,-1.5312979567468201,-1.0792426268626478,-0.014298527940775019,0.38797416048977795,-0.7678517578142213,-1.3078886374967669,-0.15737319787516282,-0.019562358602633303,-1.1029398446254555,-0.0917293961776612,-0.26726559395768323,2.142292771059294
111.9,-1.4847882680848759,-1.1502690348748992,-0.1354637189259843,0.5415820711528532,-0.6473624536914879,-1.1144004111787051,-0.17138512550497095,-0.006013701141244747,-0.8741345100687692,-0.12311057176292146,-0.2132649700086065,2.4102648220590166
112.,-1.4231348927690293,-1.2077387648754747,-0.2371083017328225,0.6905907306630058,-0.49762162845591584,-0.91880498945764,-0.18297004025151853,0.020128463065333876,-0.6244008874295265,-0.13610370454752643,-0.15498054531703961,2.5667430376213267
112.1,-1.3468741985613695,-1.249016075112106,-0.31941954495233205,0.8334788657474522,-0.32459333680226776,-0.7290458611776087,-0.18695827231788467,0.05459823389752982,-0.37137337917598523,-0.12644269915768877,-0.10353525324973864,2.486328108763463
112.2,-1.2566921500213208,-1.2721102047877273,-0.3833689173870673,0.9687783650756464,-0.13517011570606402,-0.5528112176320265,-0.18152729814846014,0.08939076908112281,-0.1386313729307255,-0.09664007718977413,-0.07042323069053127,2.1753902254915674
112.3,-1.1534182351679019,-1.2757547478563176,-0.43067109381537266,1.0950893343909227,0.0631017993392875,-0.39722739974689725,-0.1688302122917213,0.11759323503478963,0.05755886397856121,-0.05433893991636995,-0.06102468602710682,1.7599724766388203
112.4,-1.038017915498517,-1.259458149074092,-0.46371332719452474,1.211094548939208,0.2623233189843622,-0.268574756560545,-0.1521331674707839,0.13602239362456672,0.21330515294353117,-0.006642978342142897,-0.07408183613724546,1.357208167683169
112.5,-0.911583667132478,-1.2235233091877276,-0.485458004218993,1.3155731542383073,0.454557411856601,-0.17203724282607702,-0.13359742812686554,0.14415372684022382,0.33267855733824825,0.042507618064243406,-0.10549775054520598,1.0176311482946043
112.6,-0.7753246954183592,-1.1690355176623994,-0.4993222702467318,1.4074134729633525,0.6321455290239973,-0.11149573848283445,-0.11403987743415614,0.14240316345610673,0.42215025072799955,0.09155928580290104,-0.1509852728022298,0.746072870401314
112.7,-0.6305554191692664,-1.0978191940335784,-0.5090395237749377,1.4856247839283578,0.7880129262440485,-0.089373329684902,-0.09345059754230838,0.13130121570508152,0.4876905293578801,0.13984088434189776,-0.20651920098298546,0.5306071866413667
112.8,-0.47868283362263614,-1.012365162468243,-0.518508303450803,1.5493479487499087,0.9159507117637211,-0.1065387195242676,-0.07146065169649285,0.1113642223361611,0.5339124036288667,0.18644337361563687,-0.2677274424421148,0.3569592877404089
112.9,-0.32119287312717676,-0.9157313588689202,-0.5316345932196428,1.5978647726953936,1.0108633753148557,-0.16227161913280758,-0.04763853495463903,0.0832670680369618,0.5640700155509796,0.22950978237846725,-0.3291073834771678,0.2129148937839442
113.,-0.15963590531344765,-0.8114209290151001,-0.5521738336079065,1.6306059983428212,1.068971930104594,-0.2542914988787287,-0.021685541447715333,0.04811087034439162,0.5802789952914934,0.2658803937629568,-0.38360065979005076,0.08858866370005565
113.1,0.004388502011616264,-0.7032425775839439,-0.5835789388510622,1.6471578438975547,1.0879645691712418,-0.3788485533998992,0.006420804521383759,0.007674012971558364,0.5837283202975171,0.29122439474082884,-0.42299006995887567,-0.024631952592501682
113.2,0.1692473918909274,-0.5951587354942639,-0.6288603801373874,1.6472670121941995,1.067088829911665,-0.5308732539407413,0.03634051480768205,-0.035456852609389654,0.5748224997158002,0.3008363061818538,-0.43942830050953346,-0.13531909502416967
113.3,0.3332906511567718,-0.4911275986623751,-0.6904639141968367,1.6308441114232939,1.0071815924716057,-0.7041785257623032,0.06737764651908879,-0.07797312514785129,0.5532479517136073,0.2909900350574638,-0.42785012217574636,-0.2528236821625535
113.4,0.4948675041597245,-0.3949453355858214,-0.7701708329936808,1.5979654443141318,0.9106357160575935,-0.8917064903937646,0.09859491912183785,-0.11617959075938178,0.5179718895743283,0.260245307859541,-0.3882309838721279,-0.38739424170444026
113.5,0.6523431026425305,-0.31009475444085965,-0.8690247124312603,1.5488731387229993,0.7813046432755679,-1.0858099358269566,0.12898664258461282,-0.14649132163434236,0.46718870466947876,0.20992966445906466,-0.3264026042100298,-0.5496983276929107
113.6,0.804115045237507,-0.2396064628584137,-0.9872875815376063,1.4839736091587976,0.6243487756199376,-1.278557293257292,0.1576024928387907,-0.16591870564875794,0.3982463969607325,0.1435759083745974,-0.2529513301443833,-0.7499817074481283
113.7,0.9486296598561109,-0.1859380555002681,-1.12442726069259,1.4038343555604584,0.4460297446377806,-1.4620489618352621,0.18351946359701535,-0.17240523820629283,0.307635623146414,0.06594175388161806,-0.18094549574824856,-0.9964333694375427
113.8,1.084397883712668,-0.1508761458452697,-1.279136374837565,1.3091791224534735,0.25346078052761295,-1.6287323704782453,0.2056281483230382,-0.1650411303169926,0.19123693424310215,-0.017455267512435958,-0.12362407141268875,-1.2909468820927403
113.9,1.2100105788725073,-0.13546514786885722,-1.4493822848191205,1.2008814582866527,0.05432313018858226,-1.7717032161358728,0.22231978396079455,-0.1443556309956863,0.045205229404795426,-0.09981123984341941,-0.09240701737510602,-1.6197337563699543
114.,1.3241531260157051,-0.13996564686567114,-1.6324859473998055,1.0799567311160556,-0.1434401697617722,-1.8849808689967067,0.23138297093365556,-0.11291603592987076,-0.13204741980746285,-0.17202019186827114,-0.09450880841003506,-1.9402208925380489
114.1,1.425619145524565,-0.16384401903876694,-1.825226561167147,0.9475526726919209,-0.33194095669856943,-1.9637469650019233,0.23069479502328694,-0.07600211348699111,-0.33695451506809326,-0.22301373204364974,-0.12954079494813706,-2.179805275289882
114.2,1.5133232029759593,-0.205793713689717,-2.023967827555841,0.8049385382553118,-0.5036604180459001,-2.004537673630852,0.21995085800307482,-0.0411206230204721,-0.5591117902102631,-0.2435867643804146,-0.18714453276343454,-2.2718469115631734
114.3,1.5863123655810016,-0.26378734955551975,-2.224800794464973,0.6534929838038241,-0.6517488425107381,-2.0053819757388993,0.20205543047102129,-0.015247056407180652,-0.7840619050736511,-0.2319610458312262,-0.2501520073939346,-2.2130082811622867
114.4,1.6437764869740268,-0.33515754837577594,-2.423697588842428,0.4946907760905992,-0.7702986963588855,-1.965880438631542,0.1821525891735535,-0.0015552638508701845,-0.9999194152089235,-0.19484942537283198,-0.30283740896578965,-2.0707186638339126
114.5,1.6850571099093912,-0.41670328311052246,-2.616669910489014,0.3300884630368282,-0.8545801380430272,-1.887221347739818,0.1650782193343078,0.001222920830189567,-1.2021922939526144,-0.14255162773303112,-0.336653873194956,-1.930251902481992
114.6,1.7096548897634956,-0.5048175010410121,-2.799925969507962,0.16130914343019356,-0.901229581958509,-1.7721335516521146,0.1538251916866422,-0.0030109032405528655,-1.3936839487337973,-0.0838875455825616,-0.3496886450765285,-1.8515175459135675
114.7,1.7172354561304473,-0.5956309338227528,-2.9700196118586257,-0.009973515365422694,-0.908383793884459,-1.6247779002904799,0.1495950043452034,-0.009575756584831379,-1.581775292625391,-0.024669576287553553,-0.3433361092042189,-1.8639931277666246
114.8,1.707633645105264,-0.6851663612377161,-3.1239856888964272,-0.18205185456174605,-0.8757541721484788,-1.450581604111981,0.15231581650584636,-0.013846557367253012,-1.7757572853697003,0.03128967237894575,-0.31975941506073674,-1.9745626881186158
114.9,1.680856050917264,-0.7694971786367754,-3.259456275175392,-0.3532012319717022,-0.8046382531591678,-1.25602211776873,0.1607659278695159,-0.011513566261940453,-1.9844286615046904,0.0803815776417109,-0.28107756671790535,-2.164891434524181
115.,1.6370818622509962,-0.8449039464883259,-3.374753102294479,-0.5216972916797669,-0.6978679826172786,-1.048369163956501,0.17220190562995757,0.0008411136673203562,-2.2127331808501225,0.11766379862747858,-0.23026351348634325,-2.3743045551418556
115.1,1.5766619657069922,-0.9080226808968186,-3.4689525247456814,-0.6858333225711194,-0.5596968146689508,-0.8353951819942007,0.18223654026451488,0.024182441395519737,-2.4571217375731447,0.13693983156571074,-0.17334147625195712,-2.4933423668578842
115.2,1.500116316239417,-0.9559789732157948,-3.541920428768212,-0.8439375311014873,-0.39563014000167457,-0.6250657444792299,0.18631015188613836,0.055312396070824874,-2.7032226541939006,0.13389236344076594,-0.12052260486678196,-2.4187717431117823
115.3,1.4081295918879546,-0.9865025918296266,-3.5943156934751137,-0.9943900536151931,-0.21220580317969573,-0.4252222839676716,0.1823871350788657,0.0877225203952156,-2.9313434505658136,0.11001303535039,-0.08285350571183225,-2.1466485487547833
115.4,1.3015451675204535,-0.9980179972925083,-3.6275620672239772,-1.1356395352095352,-0.01673345929976333,-0.2432697781984851,0.17172930133174136,0.11524677881360364,-3.12685888648444,0.07186454049966634,-0.06663719318202085,-1.7718733337895534
115.5,1.1813574594457152,-0.9897071622714351,-3.6437895813703114,-1.2662191055921204,0.18299683900452496,-0.08588184469587483,0.15690915147163023,0.13451159387793052,2.9980641719741024,0.026413494034556156,-0.07209227149925027,-1.3947367187062127
115.6,1.0487027094655126,-0.9615421918603013,-3.6457478379742176,-1.3847615875613826,0.37902520649399774,0.04126499847911795,0.1398861414184743,0.1445127180850213,2.8744247213924394,-0.021880504900164157,-0.09615662968200304,-1.0664481311958698
115.7,0.9048482930429693,-0.9142864437958791,-3.6366946293093134,-1.4900137806120544,0.56353926094637,0.13371731182195046,0.12154515234139768,0.14529233215406248,2.780010036391623,-0.07092926249324175,-0.1350796629445537,-0.7976487409347813
115.8,0.7511806516018846,-0.8494641039161394,-3.6202643304479167,-1.5808496706706159,0.7291855783003047,0.18842194443421173,0.10200235954178448,0.1371423437574495,2.709412971965785,-0.11979927156238024,-0.18522825037161422,-0.5810414567429469
115.9,0.5891919633807843,-0.7692994297911584,-3.6003213125616473,-1.656282427020685,0.8693628505875708,0.20384741041273222,0.08098561397944005,0.12039117391458122,2.6582334182838014,-0.16762437953702392,-0.2427588569500925,-0.4050256508253173
116.,0.420465680596326,-0.6766280846913062,-3.580804221734261,-1.715475058992155,0.9784850593710351,0.18004459287699132,0.05810704170995288,0.09549688197117721,2.623231906079068,-0.21284072540165405,-0.3029309813235565,-0.25884360655095456
116.1,0.24666107277956614,-0.5747840967272749,-3.56556733222726,-1.7577496178532428,1.0522041727946942,0.11864435575372412,0.0330548747181175,0.06326511726862223,2.6021968131078697,-0.2527152702745832,-0.3595666034742307,-0.13357740488345468
116.2,0.06949692691104091,-0.4674669497443809,-3.5582252997509745,-1.7825948434360608,1.0875834880165467,0.02279215872962928,0.005744503402834309,0.02508980365222621,2.5937706154191242,-0.2832676518893847,-0.4050947701549985,-0.021560908544224475
116.3,-0.10926543572394118,-0.3585941046375444,-3.5620075047270725,-1.7896721702101674,1.0832147084088406,-0.10297771772771021,-0.02357107117531942,-0.01687597074261241,2.597315407887263,-0.299789061244833,-0.4315708401666272,0.08463966236783052
116.4,-0.28783965830899916,-0.2521448305964299,-3.5796277931836573,-1.7788200236450764,1.0392740880270892,-0.25292332282171237,-0.054266011770306495,-0.059718975904509974,2.612835173387867,-0.2980084215818154,-0.43270421509828827,0.19305596822407795
116.5,-0.46443218917149914,-0.15200157223643346,-3.6131748090497253,-1.7500563546144177,0.9575154050450158,-0.4203243392425615,-0.08541452108400838,-0.10000048871533021,2.6409524576789805,-0.2755073936887597,-0.4062154539507782,0.3125614274859764
116.6,-0.6372602862793432,-0.0617951768067842,-3.664027290678716,-1.7035793771241954,0.8412000442823764,-0.5977503985132077,-0.11595437853270958,-0.13419475205832654,2.682930290447335,-0.23261348405155982,-0.3552974278822026,0.45247119417532794
116.7,-0.8045700049031221,0.015239848221132168,-3.732797709165899,-1.6397664926207163,0.6949669762146897,-0.777357710760604,-0.14485771636671704,-0.15919170107103955,2.740721311129435,-0.17224482768531157,-0.2882956453475339,0.621785262150047
116.8,-0.9646539870239136,0.07639427676239824,-3.8193064961026932,-1.5591714023709686,0.5246478159915062,-0.9512021829983826,-0.17120465153513653,-0.17270030636694458,2.8170025094544506,-0.09897738013218595,-0.21684240063495416,0.8282046299250894
116.9,-1.115868872132207,0.11959216442929549,-3.9225878888863064,-1.462519427725584,0.3370343354762096,-1.111556542658818,-0.19410251538146372,-0.17348474242589632,2.91509903755158,-0.018181420072676244,-0.15350135323208475,1.076206940452014
117.,-1.2566521519559526,0.14347360191243014,-4.040927161186308,-1.3507010762878227,0.1396076968692374,-1.251218823431938,-0.2124795025444065,-0.16151778711392625,3.0385989484261793,0.06408766858240944,-0.10974136201798165,1.3625363096140612
117.1,-1.3855382963586613,0.1474489223165199,-4.171927754921676,-1.2247639099345975,-0.05975979748500859,-1.3637999148253428,-0.22489510017783249,-0.13823139884920932,-3.0928384077432476,0.14044920170841904,-0.09414390728750348,1.6680337909602638
117.2,-1.501173984119067,0.1317222013753478,-4.312605637998489,-1.0859027880864052,-0.25311854881292667,-1.4439787115178953,-0.22967270018655941,-0.10693477137184652,-2.9125867260666163,0.20171438980977524,-0.1101710825178393,1.9499223758697746
117.3,-1.6023322804904094,0.0972831136666944,-4.459507126630216,-0.9354485764206856,-0.4327585871899034,-1.487714690272831,-0.22572144680612038,-0.07298779894934519,-2.7082924317479007,0.23823290887849646,-0.15364428798478572,2.14887866190918
117.4,-1.6879256132629403,0.04586746949435927,-4.608845475580661,-0.7748554271952321,-0.5915169435714741,-1.4924094394018224,-0.21386007275318022,-0.04277905868818874,-2.4895768292536835,0.2438581225960061,-0.21235148257159442,2.2230110682148365
117.5,-1.7570174104273595,-0.020111994292576707,-4.756650791426799,-0.6056867523292414,-0.7230632146239031,-1.4570107008698345,-0.19736829105003606,-0.021284000948399676,-2.2680871857554914,0.21970913890124782,-0.27041737886856815,2.1845131153079738
117.6,-1.8088322753541886,-0.09766181039160407,-4.898927292768887,-0.42960002421974663,-0.8221519357862892,-1.3820547769685243,-0.18077375118465855,-0.009977502888724725,-2.052305984535462,0.17341814464656352,-0.3150418367318793,2.0938841425585073
117.7,-1.8427645895393432,-0.1833271290148541,-5.03181164839067,-0.24833055180858712,-0.8848317012460207,-1.2696456106935092,-0.1679463121312865,-0.006868529206111451,-1.8444103285248334,0.1146238611178363,-0.3398834913555976,2.0194669174424953
117.8,-1.8583854482859214,-0.2733294597064534,-5.151726081373792,-0.0636743905217089,-0.908602693874408,-1.1233713735790303,-0.16111619462856072,-0.007993337785597732,-1.6407614053337534,0.051369831884269475,-0.3438075387318531,2.007994386229199
117.9,-1.855447851045545,-0.3637173156776079,-5.255520135810652,0.12252944573880967,-0.8925163449010595,-0.9481618861217921,-0.16088229426995884,-0.00878033544406133,-1.4343638078436742,-0.010525946545495811,-0.3281512913522066,2.0778116683670267
118.,-1.8338900853700333,-0.4505237549447156,-5.340595454721494,0.30841729446360855,-0.8372131502101567,-0.7500925547425814,-0.1663821404291288,-0.004831801939676938,-1.217837127807213,-0.06619557478994365,-0.2950943187051468,2.216374967454688
118.1,-1.7938372613559017,-0.5299245376026973,-5.405008595046311,0.49211949401792476,-0.744897135642338,-0.5361426414489218,-0.17520284320390886,0.007317418155683033,-0.9869676908564777,-0.1101823957500257,-0.24788679328524948,2.3712162603248585
118.2,-1.735600971921701,-0.5983905940018001,-5.447547781149186,0.6717791861378488,-0.6192479892899929,-0.3139175029726419,-0.1834844744445011,0.028874738356563515,-0.7447311380750112,-0.1362906601187918,-0.1925175504630472,2.450917976583489
118.3,-1.659677073058071,-0.6528287254027403,-5.467780537236925,0.8455710823607782,-0.46527436379418946,-0.09134587257777677,-0.1871797264723354,0.0574829776914548,-0.5030341086506881,-0.14010313787923342,-0.13867785498756074,2.370650014163264
118.4,-1.5667415971431167,-0.6907049278190698,-5.4660703000343815,1.0117200047288972,-0.2891141970174281,0.12363574729731125,-0.18419105404584482,0.08786147612325414,-0.27834657246086775,-0.12236389321609428,-0.0971108235534203,2.122622813416218
118.5,-1.4576448313314785,-0.7101454225140111,-5.443561349691996,1.1685190124397364,-0.09779001167739432,0.3233989995487635,-0.1751383008829918,0.11462154882031701,-0.08349258607427112,-0.08873971293775804,-0.07480160017553932,1.7793922069158532
118.6,-1.3334036117108417,-0.7100113653847624,-5.402132659928359,1.3143469293684857,0.10107105062751132,0.5009272998100397,-0.16197625379798897,0.13442153176047097,0.07674726469740045,-0.04596184750656071,-0.07321849911697133,1.425303677326344
118.7,-1.1951919021864734,-0.6899442568066025,-5.344322507476387,1.447685092524541,0.29954129964037435,0.6500950723385504,-0.1463952729875205,0.1459395397078425,0.20403139057644215,0.0011439286659967673,-0.09031470377389107,1.1090091867825196
118.8,-1.0443297447135702,-0.6503802415895878,-5.2732268466105205,1.5671331484920548,0.48970854859569213,0.7659114623905261,-0.12926396594227946,0.1489014061137043,0.3028729158684775,0.05001442946296182,-0.1229372077905091,0.8445097887808863
118.9,-0.8822706843680105,-0.5925327289535368,-5.192375500409782,1.6714237336762197,0.6639915482954619,0.844718809299094,-0.11077019422369086,0.1433675412689106,0.3781429860182054,0.09943302921074626,-0.16786697915596457,0.6281296144954824
119.,-0.7105877886547114,-0.5183440254079815,-5.105591104762848,1.7594358846542393,0.8154422277495366,0.8843379680182398,-0.09071106992238194,0.12947781533903696,0.43399729861082037,0.14851773778575839,-0.22174087813179866,0.4506786503284408
119.1,-0.5309583952303134,-0.4304079087813104,-5.0168364286885305,1.8302070370165533,0.9380226920004721,0.8841546858802156,-0.06873078351054002,0.1074836978293942,0.4736155244361058,0.19592911082035874,-0.2804842706309,0.3028254107074928
119.2,-0.34514773571257884,-0.33186623012824973,-4.930056157919604,1.882943484662083,1.0268459341030443,0.8451435912560468,-0.044501031121519465,0.0779209662471768,0.49925906518317975,0.2393077858757381,-0.33871449077563626,0.1765989777761933
119.3,-0.1549915953153997,-0.22628366567120942,-4.849019449403644,1.9170291864540785,1.0783706648317593,0.7698288380254835,-0.017873501959421965,0.041834901876412596,0.5124060030439302,0.2750180200562434,-0.3895191330965316,0.06519531529283484
119.4,0.03762182144093832,-0.11750561202001254,-4.7771695336149165,1.93203282330347,1.0905424928707472,0.6621829750954045,0.010991852248036513,0.0009784170923548459,0.5138721088636294,0.2984052740636489,-0.4250317985036727,-0.03783400723492091
119.5,0.2307706398532165,-0.009504889939485589,-4.717486360571781,1.9277130259674136,1.0628758270771612,0.5274680729778701,0.04155433078089994,-0.04211311740863802,0.5038915201879076,0.3047358510533759,-0.4380443482339428,-0.1394079600844991
119.6,0.422518492830613,0.09377663189866813,-4.672367765416422,1.9040217119630873,0.9964732356334995,0.3720254414667757,0.07292041910624472,-0.08425833955718397,0.48215407145075506,0.2906282694383843,-0.4243164058302765,-0.24729997062117634
119.7,0.6109339359745893,0.18858517921821777,-4.64353389107206,1.8611054888203122,0.8939814903003962,0.20302232196302678,0.10398354084869116,-0.1219949192796425,0.4478041647172058,0.255296062739301,-0.38453755370428605,-0.3698610199407406
119.8,0.7941099052431669,0.2715047157274807,-4.631958678280486,1.79930510024485,0.7594860481469544,0.02816565328151377,0.13361903398740121,-0.1520774417012168,0.39941145997696004,0.20085699778391045,-0.3247966494926203,-0.5152791589454336
119.9,0.9701830211386121,0.33959312217777404,-4.637831154206286,1.71915291144295,0.5983481774387697,-0.14460567755115122,0.16083172376024762,-0.1719410587556168,0.334935017421646,0.13160423629961612,-0.255271171448695,-0.6907538129401185
120.,1.137352543971989,0.3904994818616587,-4.660548062793922,1.6213684496695544,0.4169912209609364,-0.30743783026393456,0.18477597389220637,-0.18000327245156883,0.25172925530399876,0.052916701221949976,-0.18793462563116584,-0.9015192529515094
120.1,1.2938987873543015,0.42255779674872423,-4.698738130541609,1.5068520358062578,0.22264451778230493,-0.4528756142326324,0.2046420982129339,-0.17580166071639206,0.14669336590316995,-0.029360070927670033,-0.13434636682423187,-1.148834085601849
120.2,1.4382008016200507,0.4348533980922058,-4.750317000126509,1.3766765622516854,0.02305519249264021,-0.5741601966850393,0.2194846653096464,-0.1600825391672018,0.016745427445119206,-0.10874078724921903,-0.1039383512813599,-1.4256956979687685
120.3,1.5687531453733317,0.4272594039253012,-4.812570641660099,1.2320774914158248,-0.173820698033885,-0.6654990472834429,0.228154085619379,-0.1349697330685785,-0.1401543907225811,-0.1775332075034316,-0.10242947143215826,-1.7105108164129732
120.4,1.6841815716993824,0.40044177000200964,-4.882263916014698,1.074441167457086,-0.3601353473452972,-0.7222973569972996,0.22957813509945454,-0.10416187058891019,-0.32341511071496637,-0.22693445239123874,-0.12992812457247385,-1.9639632261173656
120.5,1.7832574657303535,0.3558327328174381,-4.955769961903116,0.9052915513978214,-0.5284620665142492,-0.7413417050783644,0.22354899880535298,-0.07271589662499103,-0.5283837267889554,-0.2490081394090833,-0.17941852198057887,-2.140096107773403
120.6,1.8649108821012055,0.29557370345067596,-5.029215248192017,0.7262755062166929,-0.6720913626130274,-0.7209286516706893,0.21161917483147144,-0.04581833144725263,-0.7466693780578616,-0.24027272791204943,-0.2378164662289267,-2.2146345235523666
120.7,1.9282420442642048,0.22242988887266146,-5.098634508381263,0.5391467737766715,-0.7852984248459938,-0.6609331292302989,0.19712544498954385,-0.02680881247825493,-0.9691542382981168,-0.20393946664057072,-0.29064199476210434,-2.207079701263989
120.8,1.9725311825237088,0.13968004449816776,-5.160129380186748,0.3457487993411167,-0.8635713545118145,-0.5628139059632273,0.1839813783134838,-0.015909650441247394,-1.1899702901997435,-0.14822133167784127,-0.3272706445203715,-2.1698713557563947
120.9,1.997246603860297,0.050985753199713164,-5.210024425429376,0.14799657181242112,-0.9037910399871762,-0.429555903232378,0.17522613615620608,-0.010574699464116375,-1.4084859722372276,-0.08246935098404318,-0.3427981999702761,-2.1566864354276345
121.,2.002050903977653,-0.03975455778301059,-5.245014309847754,-0.052142341434121664,-0.9043555056837108,-0.2655516663195153,0.17229640520613812,-0.00675541682100782,-1.6283894711082125,-0.014713552678217811,-0.3365840242377748,-2.198672107746449
121.1,1.9868052503570466,-0.12856104215333441,-5.262296274855008,-0.2526673772744242,-0.8652437775779547,-0.07642671369402221,0.174907924702143,-0.00011541088499093472,-1.854914854297333,0.04832833600790652,-0.3102607078142335,-2.293473070481976
121.2,1.9515716842603812,-0.21153110577030473,-5.259682619599812,-0.4515649821545331,-0.7880167191969714,0.1311842726699809,0.18108213643854187,0.012890264984867379,-2.0911562537109587,0.10010299108268678,-0.26719394718028494,-2.3989491199708204
121.3,1.8966134093942792,-0.28499499804348094,-5.235688708595562,-0.6468288398690135,-0.6757548047317371,0.3499014935718767,0.18744063109558198,0.033734086250949334,-2.334327174478364,0.1339616659875537,-0.21350068120059593,-2.439461986323699
121.4,1.8223930551365477,-0.34566212057181556,-5.189592995876479,-0.8364801184933833,-0.5329353100676482,0.5718937889936896,0.19037088085499743,0.06075420766995656,-2.5743277360574486,0.14519839457845873,-0.15871864978931258,-2.3457376675637924
121.5,1.7295689226305286,-0.3907522201626242,-5.12146667223013,-1.0185875320387117,-0.36525381773858123,0.7891903937222935,0.18779289977104116,0.08967676621812606,-2.7972871551010803,0.13395006979360874,-0.11354023628384868,-2.1097879499744567
121.6,1.6189892424659054,-0.41810623597911356,-5.032171753065207,-1.1912870133379638,-0.1793971518382621,0.9939982636940088,0.1798746928751172,0.1158492095888453,-2.9921247206475607,0.10518409459721986,-0.0855667345017151,-1.7887126011959629
121.7,1.4916844928809239,-0.42627238169021536,-4.92332768262427,-1.352800797677444,0.017223204742084386,1.1790123224788547,0.16805526821334152,0.13609905404173558,3.128861825604024,0.06541063796587004,-0.07734886754902111,-1.4532300324368517
121.8,1.348857847233794,-0.41456403079904897,-4.797247785383095,-1.5014557217374038,0.21676658293644196,1.3377062595716018,0.1537380611392676,0.1489283003143823,2.9982123873262783,0.01974112037692526,-0.08779485143514874,-1.1478354743263353
121.9,1.1918738386982555,-0.38308709744454733,-4.656848097554233,-1.635700549457907,0.41127571042634664,1.4645922874914215,0.13771735473881644,0.15381981386191804,2.895261936798556,-0.02883376769607323,-0.11436689575676576,-0.8879505541375191
122.,1.0222453485437197,-0.332735821089972,-4.505532212710346,-1.7541221454376486,0.592993943167454,1.5554395022020975,0.12020389678415559,0.15062787517868995,2.815596496346024,-0.07880677984445021,-0.1542704933258141,-0.6724402623968704
122.1,0.8416190417710392,-0.2651571231493762,-4.3470567317625,-1.8554603273245267,0.7546744985012674,1.6074421417175828,0.10103356145611982,0.13931278034948652,2.755296607174502,-0.12923934393229305,-0.20458864099938406,-0.4940891660443303
122.2,0.6517593901141372,-0.18268495654077999,-4.1853826807519035,-1.938621241261715,0.8898693617029987,1.6193310351544108,0.07986591358228055,0.1199305220942403,2.7112615961101127,-0.17896379808822577,-0.2618399991116227,-0.34484073944616983
122.3,0.4545314373115762,-0.08824726544216069,-4.024518819313248,-2.002689118695857,0.9931863481735209,1.5914237993068585,0.05634766421589568,0.09276732101523759,2.6812092545673947,-0.22595052906792454,-0.3213655777257815,-0.21759648445702442
122.4,0.2518824749462042,0.014750735529115558,-3.868363085939823,-2.046936288595032,1.0605040730171422,1.5256117817601464,0.030261535979867245,0.058547796581786195,2.663575361485862,-0.2668982505173818,-0.37690507619519537,-0.10632803363943329
122.5,0.04582280890343179,0.12256230942237617,-3.720548500443402,-2.070831336211041,1.0891362578460966,1.4252842712687976,0.0016670664332870165,0.018651832340958942,2.6574078235895975,-0.2972456860352977,-0.4207865203628608,-0.005453684348370457
122.6,-0.1615941935205185,0.2312485604971506,-3.5842996662867366,-2.074045317787118,1.077938824418376,1.2951929970796416,-0.028993575384483227,-0.024747474296485505,2.6622877191852035,-0.3118576172105262,-0.4451118173431329,0.09097468386794472
122.7,-0.3682925777232889,0.33683545855064284,-3.462305592865904,-2.056455959876382,1.0273555056231936,1.1412623193665503,-0.060876591710218704,-0.06872577864681649,2.6782845110833473,-0.3063956443983017,-0.44390810893699634,0.18980306462740315
122.8,-0.5721945928421406,0.43547226396507266,-3.3566139071764427,-2.0181497920092437,0.9394001554482346,0.970352678063688,-0.0928415660564519,-0.10988879132906014,2.7059437328643594,-0.27884920243433187,-0.41545984920991397,0.29866634058106456
122.9,-0.7712415913725552,0.5235850375683191,-3.2685506715517354,-1.9594221821278592,0.8175764631742723,0.7899867308199124,-0.12365410895335648,-0.14484663682821783,2.746301310272728,-0.23035021203474135,-0.3635526796265275,0.42527107023811495
123.,-0.9634148269838404,0.598019115353977,-3.1986690033126903,-1.880775265286869,0.6667382725391031,0.6080490982605187,-0.1521912328553534,-0.1707285590495168,2.80091293868554,-0.1647833363725243,-0.2968435522705541,0.5765143127777362
123.1,-1.1467559402701726,0.656164868043744,-3.146728543908735,-1.782913777388666,0.4928960745045838,0.432471686930317,-0.17754694480495845,-0.18556981278611437,2.8718739079045283,-0.08760615669408664,-0.2267573275877503,0.7577815572316055
123.2,-1.3193869244140604,0.6960617318550811,-3.111706595242252,-1.6667388269648673,0.3029773881498403,0.27091713526143624,-0.1989990004889414,-0.1884974068411413,2.9617775054943145,-0.004799491666438458,-0.16505617804187753,0.9721052216326633
123.3,-1.4795293670943361,0.7164763630959192,-3.0918404783820663,-1.5333396590164363,0.10455058254817912,0.13047300273285012,-0.2158789943123663,-0.17976925696697257,3.073513146449363,0.07743844035127094,-0.12192355403658381,1.2182458968877352
123.4,-1.6255227714038754,0.7169518008094592,-3.0846994251180178,-1.3839834854697295,-0.09447685002240858,0.017368894087102738,-0.22744763431374931,-0.16078853160547804,-3.073433961739974,0.15232547397450272,-0.1045775476379316,1.486945292065766
123.5,-1.7558417669975523,0.6978256775095729,-3.087283135411878,-1.2201034766849503,-0.28617354063952255,-0.06327220388239385,-0.23292462071080894,-0.13416566266870397,-2.911208529071536,0.21211793306103774,-0.11593083908465851,1.7564914172041273
123.6,-1.869112033094237,0.6602167520023514,-3.096143070701142,-1.0432850274600272,-0.46290044218269877,-0.10763845941329675,-0.23183717445252625,-0.1037043518712578,-2.7239942491718048,0.24872554761739216,-0.15314587655692788,1.9928046282515108
123.7,-1.9641247672065152,0.6059803011878289,-3.1075216465907665,-0.8552504289140774,-0.6176153738308922,-0.11338145233837826,-0.22468259999908724,-0.07392838031482864,-2.5161579408654298,0.25599885557390306,-0.2070679469856848,2.1615095942334617
123.8,-2.039849547456431,0.5376341492300298,-3.1175037748619374,-0.6578420943198665,-0.7441537703833655,-0.07971008000933144,-0.2134542867518496,-0.04885075866746541,-2.2947086588150336,0.23274307987649684,-0.2642219960912218,2.249961855721096
123.9,-2.0954454519178394,0.4582582830789308,-3.122174712386675,-0.45300450221179134,-0.8374744438146787,-0.007422368718448924,-0.20135133667407343,-0.030455340885572234,-2.066639602869846,0.1838307669690725,-0.3113169686349927,2.2796323656920627
124.,-2.1302703154554674,0.37137205635690795,-3.117777923086327,-0.24276503376452713,-0.89386055932566,0.10112607772704352,-0.1916467512828223,-0.017982335191868596,-1.8359910371671517,0.11813448416332858,-0.3392713408190887,2.293196477960564
124.1,-2.143888022842571,0.2807938771031023,-3.1008666585414173,-0.029213893368633774,-0.9110678136099472,0.2421157345415087,-0.18651141393696163,-0.008466927706423417,-1.602850896754119,0.04537066340647926,-0.3441960751444302,2.327438531485723
124.2,-2.13607375635062,0.19048897318280208,-3.068443213265051,0.18551668859979054,-0.8884139079358202,0.41041518393188814,-0.18638861070768245,0.0020246312410390666,-1.3649366135541834,-0.02550602588278128,-0.32616727143392765,2.3911419349295495
124.3,-2.106817136326186,0.10441130447459762,-3.0180803020137987,0.39927376372340506,-0.8268057490341681,0.5997854537369381,-0.1898796952988948,0.01701488863208588,-1.1209129731762664,-0.08617684560061589,-0.2882157436638637,2.4547291374803692
124.4,-2.0563232142982995,0.026345924297470513,-2.9480197192369055,0.6099052710778513,-0.7287032933788657,0.8031285205025525,-0.19412143426998865,0.03821988139042722,-0.8739136583042653,-0.12894276018491974,-0.23660384029833684,2.457947301411353
124.5,-1.9850112996850604,-0.04024192536941151,-2.857244346444259,0.815281723332391,-0.5980214762741858,1.012770070058215,-0.19591421216532023,0.06457526869521464,-0.6328670427346039,-0.1484771998690868,-0.18102054979011858,2.345683640614129
124.6,-1.8935116229745577,-0.09234496877699122,-2.7455206357977358,1.0133177546788432,-0.43997413552680076,1.220765242917481,-0.19325548928195388,0.0926598295095392,-0.4096302495205641,-0.14431690434656083,-0.1324012726134921,2.112247515619086
124.7,-1.7826598601230605,-0.12753379360696376,-2.6134098752424215,1.2019933123413378,-0.26086615197331464,1.4192151754862434,-0.18600385583035003,0.1185111302214091,-0.21371370586013214,-0.12088350801632117,-0.09901705469220273,1.8045592516077236
124.8,-1.6534895646212273,-0.1440537105596965,-2.4622477850649576,1.3793742761256467,-0.06784209356451554,1.6005817176637307,-0.17517954502976524,0.13921841591168402,-0.049143637706335806,-0.08453411929718682,-0.08440850318232487,1.4824060035873021
124.9,-1.5072225750060921,-0.14089471384333752,-2.294093258286952,1.5436322953663337,0.1313986162268197,1.75798778011708,-0.16190588808716008,0.15322809793400072,0.084918293751343,-0.040646049398302825,-0.08837470088838835,1.1856263109742413
125.,-1.3452574863265692,-0.11783175345996749,-2.1116482874289857,1.693063639682583,0.3289086503371549,1.8854913374040692,-0.14686570191888074,0.15985938289198082,0.19187831580894538,0.007382613731741302,-0.1089814759002144,0.9296983429677707
125.1,-1.1691562939879152,-0.07543371375985658,-1.9181522688845203,1.8261068690995232,0.5168096131783941,1.9783221633725638,-0.13025381702557784,0.15879990285002882,0.2757992641342671,0.05774144699679323,-0.1438512193296727,0.7150477328388471
125.2,-0.9806293373047706,-0.015040740317090517,-1.7172548976186186,1.941359140242031,0.6876061276240987,2.0330718610053733,-0.11191835767186607,0.14985139239479392,0.340400901698021,0.10939897533429539,-0.19047938486411586,0.5359298130080612
125.3,-0.7815186877836755,0.061289180967496915,-1.512872718437802,2.037590978362413,0.8344846522590375,2.0478296108777023,-0.09151966573156539,0.1328926374473403,0.3887074183685245,0.16131775246262636,-0.24592249631524993,0.38532881306941186
125.4,-0.5737801434524114,0.15086226281378295,-1.3090350516317164,2.113759359794063,0.9515851159914991,2.0222582264163997,-0.06867258780879225,0.1079823866018213,0.4230086894342588,0.2117736026819301,-0.3062026644374861,0.256888625027939
125.5,-0.35946400528502337,0.2504563029259952,-1.1097254343941556,2.1690189658875654,1.0342345408130162,1.9576074839241548,-0.0430863837206741,0.07554882833176281,0.4449333412158106,0.2578200814001675,-0.3657398494370452,0.1452478474043732
125.6,-0.14069482477883022,0.3564491366175444,-0.9187248981963272,2.202731487425136,1.0791333389039026,1.8566641959838297,-0.014711738239904796,0.03661662498992946,0.4555405701353687,0.2950714001473126,-0.4172076128693478,0.04558403911048252
125.7,0.08034967711004827,0.46496303469598066,-0.7394633290897684,2.2144728777446634,1.0844868570064192,1.7236410186944229,0.01612540767833198,-0.007003007702376134,0.4553953759359,0.3181061151854776,-0.4522792483506268,-0.04717194881261841
125.8,0.3014603102990449,0.5720192899202907,-0.5748848356710761,2.2040384731490845,1.0500769238068026,1.5640084256737083,0.048657055286339485,-0.05266391215040634,0.4446169831538235,0.3216857083033292,-0.4635027916363058,-0.13901308131157744
125.9,0.5204185187191918,0.6736968291564934,-0.4273324909961752,2.1714459204261325,0.9772705479576832,1.3842765475184557,0.08173230864822122,-0.09707159208456351,0.42289983719097085,0.3024815939779021,-0.4468443315801119,-0.23696577584755302
126.,0.7350186648763662,0.7662885278651764,-0.29845704235278214,2.1169358732471193,0.8689654199782637,1.1917355741145932,0.11401020477349937,-0.1367114830272226,0.3895103424321602,0.26041299289571807,-0.4036606064067723,-0.3484582453318881
126.1,0.9430902717436783,0.846448995156051,-0.18915322727370645,2.0409704416306864,0.7294743906993605,0.9941650691514995,0.1442088717985918,-0.1683976811671452,0.3432656856057138,0.19874136471795767,-0.34088039163422706,-0.48031905915850637
126.2,1.1425199974440046,0.9113279376855465,-0.09952623359980264,1.9442294013236112,0.5643535317333231,0.7995237855628055,0.1712903400737158,-0.18975114955729516,0.28250743733195255,0.12295711064457292,-0.2692690840246981,-0.6380052544056065
126.3,1.3312731200030485,0.9586837855998708,-0.028889639651961757,1.8276041926360784,0.38018063265530533,0.6156323479764121,0.19450481254766092,-0.19947053001424453,0.20509633409524453,0.039368966328268466,-0.20082683246747732,-0.8251960795359654
126.4,1.507414313533449,0.9869730506159209,0.02420508444048703,1.6921897607436513,0.18429296551393592,0.44986145262085353,0.21330794425371666,-0.19738966933397656,0.10848043277671353,-0.04569722920520739,-0.1465184704139095,-1.0431620406873403
126.5,1.6691275035171338,0.9954118538151825,0.0619086914516562,1.5392743115044845,-0.015505228826556028,0.30883801516715426,0.22722986156039512,-0.18441909874300444,-0.010072736431829677,-0.12585873288165175,-0.114773879482256,-1.2890343219035236
126.6,1.8147345973344564,0.9840071702319029,0.08698627631860138,1.3703270782106824,-0.21125387091707792,0.19818098145102936,0.23580082864002813,-0.1624810819576904,-0.1529589319320223,-0.19421322004355115,-0.11043881407012228,-1.5526989208290705
126.7,1.942712896761757,0.9535565446123309,0.10270490454572431,1.1869842151810985,-0.3951543857461368,0.1222773334509012,0.2386484614989311,-0.13445957412763504,-0.321366070899177,-0.24322158873433808,-0.1337135407493265,-1.8139391452480984
126.8,2.0517110117302413,0.9056162896769594,0.11270123072085297,0.9910329534946763,-0.5598806070894526,0.08410722043296748,0.23584698193025275,-0.104014156257926,-0.5142459928266825,-0.2657420998380911,-0.17919846713577695,-2.0443468993922216
126.9,2.1405631090852406,0.8424394347206621,0.1208343858404688,0.7843941722597552,-0.6988708484116586,0.08512518670419478,0.22841344734406183,-0.0749722132546294,-0.7278031038443866,-0.25740457921513626,-0.23610760813427895,-2.2185180089527106
127.,2.208301346267681,0.7668858983444082,0.13102999942176918,0.5691035554277533,-0.8065894963743284,0.12520223101436012,0.21853294716242758,-0.05021618829187431,-0.956343367506826,-0.2190475333399706,-0.29079382251736,-2.330193288040116
127.1,2.2541663576034003,0.6823084664481608,0.14712157580672225,0.34729151911157885,-0.8787476980433542,0.20263100747676477,0.20907597245391354,-0.030582813594607357,-1.1944244526884635,-0.1571068205200798,-0.3308882293541193,-2.3978232777875106
127.2,2.2776156800538576,0.5924191211827861,0.17269554953620603,0.12116210750747697,-0.9124743436925941,0.3141939606192725,0.2025389093903264,-0.014575142930539388,-1.4387844482375742,-0.08154635153346897,-0.3484664891003642,-2.450094795252792
127.3,2.2783300256679606,0.5011410499038562,0.21094619799725156,-0.10702893330180406,-0.9064305286592936,0.45529167818673266,0.20004585133480332,0.0008727695968299428,-1.6883294871891452,-0.0033319573976761173,-0.34075872844004684,-2.5013405437748926
127.4,2.256217329375239,0.4124522340632402,0.2645461965608722,-0.334996685282061,-0.8608629310182427,0.6201263446193894,0.20089536161282745,0.01898298006490225,-1.94190620902134,0.06690254019250243,-0.30957738607189117,-2.5343553709651694
127.5,2.2114145229634015,0.3302268536561454,0.335537977807018,-0.5604499668142355,-0.7775939770752216,0.8019329814362268,0.20283601523483558,0.04159253244279882,-2.1953123900347937,0.11968706578991237,-0.26105747678991514,-2.5045492157427702
127.6,2.144287008866518,0.2580808299275658,0.42525022703264104,-0.7811143895186502,-0.6599491867504615,0.9932492556345673,0.20312947235380444,0.06813715220971296,-2.4400775911462587,0.14856669220908683,-0.2052080867553881,-2.3709700760620485
127.7,2.0554258305247837,0.19922766406330294,0.5342428441282426,-0.9947553312039213,-0.5126245953624785,1.1862130996267628,0.19992686275882923,0.09594508768364719,-2.665758513166288,0.15232456512047637,-0.1534918900928395,-2.1325969084564855
127.8,1.9456425593304028,0.15635031912197872,0.6622825670371498,-1.1992005925957927,-0.34149953728744664,1.372876277471669,0.1928958977194884,0.1217191086759205,-2.8641637746952084,0.13490407318005393,-0.11498201766401243,-1.8304762141041317
127.9,1.815961941310931,0.13149425287112082,0.8083502296231104,-1.3923625078412092,-0.1534022552185037,1.5455213964259515,0.18272391107670202,0.1428873089290452,-3.0318611334637287,0.10258062474640492,-0.09419008854465574,-1.5161570309082009
128.,1.667612369487903,0.12598586597075817,0.9706793655991031,-1.5722592834601095,0.04416232055526326,1.696969725479942,0.17027137118996782,0.15794812890469448,3.113511590624582,0.06101359259705878,-0.0917613920017619,-1.2249960354951803
128.1,1.502014270050536,0.14037961671801724,1.1468246204946797,-1.7370353473964126,0.24331177026974377,1.8208675490360995,0.1560867058464618,0.1661390526713604,3.002425105927395,0.014015166603186406,-0.10634073032280043,-0.9716614004848375
128.2,1.3207665118777203,0.17443591072113773,1.333757245275347,-1.8849804990323367,0.43610043212108296,1.911939639618334,0.14031996832996316,0.1670314165864838,2.9142373381588373,-0.03627356868056603,-0.1359415117061182,-0.7573317127313075
128.3,1.1256309693034696,0.22713064697179747,1.5279838655600273,-2.0145476623971796,0.614836170962185,1.9661997443568575,0.12281195434939716,0.16030185564675312,2.8453737853680616,-0.08868197169595286,-0.17842459502341926,-0.5772345792563531
128.4,0.9185153871447624,0.2966960397439773,1.725683792446196,-2.124369058210807,0.7723870396916819,1.9811096937134038,0.10321573516674708,0.1456817871020464,2.792867716008645,-0.14225454516901156,-0.23132252748832693,-0.42511774496135457
128.5,0.7014547146944377,0.3806910888793199,1.922859401747566,-2.2132706257284687,0.9024656077142734,1.9556807891766308,0.08111480117545024,0.12303446981860444,2.754421400262695,-0.19554938156309687,-0.2912989147416583,-0.29519182778672665
128.6,0.47659109144660683,0.47609888903090614,2.1154935874413723,-2.280284542444787,0.9998796211929689,1.8905134278076348,0.056148257881050705,0.09252306119839199,2.7283524269149635,-0.24601525966975138,-0.35350200602730836,-0.18261656420406558
128.7,0.2461526815922102,0.5794468984531415,2.299708013083806,-2.324659708408481,1.060739002060728,1.787773383813798,0.028155527979652224,0.054836792034110425,2.7135131598442124,-0.28958042463123435,-0.4111550450925111,-0.08319753018431114
128.8,0.012431566653898884,0.6869453726007206,2.4719158531295475,-2.3458700820073894,1.0826109333938254,1.6511056926084628,-0.0026712294102521957,0.011417640286847372,2.7092194357271504,-0.3207600695118827,-0.45586940731842146,0.007342284857412927
128.9,-0.22223908411349524,0.7946384436257186,2.628962935746667,-2.343620775409487,1.0646168483825238,1.4854895704023612,-0.035676439512986484,-0.035410724189101746,2.715200461405899,-0.3336168537033971,-0.47911851174523024,0.09415431638827487
129.,-0.45550833785965295,0.8985618227106051,2.768251661104253,-2.3178518401771337,1.0074674562549275,1.2970401530946178,-0.06974514978812431,-0.08252641100155665,2.731572071419998,-0.323526407890524,-0.4747685672818813,0.18362722703687784
129.1,-0.6850310833148914,0.9949008381422022,2.8878427557812016,-2.2687396966853677,0.9134344087808276,1.0927649583752894,-0.10346429760454999,-0.12636305534674758,2.758831810170143,-0.288975591600391,-0.44163532017395407,0.2829452410037707
129.2,-0.9084916400530315,1.0801425086478156,2.9865308075376635,-2.1966961846400155,0.7862597369227375,0.8802847799885386,-0.1353943631934148,-0.16346100558721904,2.797872292287255,-0.2322689169503156,-0.3845655734751927,0.39902020536342525
129.3,-1.1236271538138252,1.151215589309392,3.0638905699695638,-2.102365235968702,0.6310066681089395,0.6675301410797827,-0.16432503287715827,-0.19102565773483268,2.850006216678703,-0.15869871524772108,-0.3133135414592918,0.5374978699862609
129.4,-1.3282505411879642,1.205613006867034,3.1202921918645523,-1.9866171954063832,0.45385777157337176,0.46242540792868314,-0.18940016388456948,-0.20730313818788754,2.9169896766946555,-0.0749044540842673,-0.23993777188162455,0.702360131090178
129.5,-1.5202727506972549,1.2414918033029811,3.156884764938358,-1.850540837971831,0.2618684790699894,0.272573157306093,-0.21008949965246623,-0.21170239060036167,3.0010168710062985,0.012426075915382882,-0.17614319127627115,0.8958931268578072
129.6,-1.6977241133975738,1.25774660327043,3.175548846659751,-1.6954331559923812,0.0626858073137726,0.10495138058040776,-0.22607061036875972,-0.20472525311318787,3.104636158961433,0.09693294161885906,-0.13146049709994873,1.1182397052265378
129.7,-1.8587745645467102,1.2540536764529666,3.178819851723812,-1.5227870111383506,-0.13575650420360313,-0.03436440406785146,-0.23711357920404133,-0.18782141830177654,-3.0526776860413265,0.17224069809113554,-0.11222368282410684,1.3658510701705566
129.8,-2.001752528528358,1.2308838382273395,3.16978536709148,-1.3342767688457715,-0.3255542861300108,-0.1404430529743711,-0.24305374207233893,-0.16325038484937338,-2.9022755124478006,0.23151889661383085,-0.12083092687017902,1.6289478079105664
129.9,-2.1251622720118273,1.189483674320897,3.151960485082199,-1.1317420533093765,-0.49914805330030254,-0.20969406818359526,-0.243921293013465,-0.13393306877544967,-2.7262114425952406,0.2676637056564289,-0.1549545916735718,1.8897167946345803
130.,-2.227699545131707,1.1318258379773476,3.1291461253412685,-0.9171697807015016,-0.6496243773130648,-0.24001041396039335,-0.24023860590364618,-0.10314985856519965,-2.525322979773302,0.27464464425081464,-0.20703138741908036,2.124791154900544
130.1,-2.3082653471466963,1.0605304011261325,3.1052759946662327,-0.6926746462189445,-0.7709915028620251,-0.23085218514741102,-0.23333199629614015,-0.07390454341821212,-2.302738144591036,0.24984575154901512,-0.26503584237576217,2.3143614528292793
130.2,-2.36597767142476,0.9787603950360441,3.084258286631708,-0.46047825678506393,-0.8584182198695625,-0.18326779194918674,-0.2253122392772759,-0.04801139796157126,-2.063158712050954,0.19606213332091554,-0.31524012281989156,2.452857004034081
130.3,-2.4001811045170824,0.8900957049176518,3.069818432642951,-0.22288711557485408,-0.9084264683438417,-0.0998518167496012,-0.21846974054543977,-0.025401241665810283,-1.8113986146237353,0.12154635448834383,-0.34602497836195345,2.54924990005318
130.4,-2.4104541753328466,0.7983903458989712,3.0653491741126695,0.017730323169193443,-0.9190299974117179,0.015358776741273283,-0.2143043198157664,-0.004248388186309558,-1.5515062884060562,0.03810370519789652,-0.3507117773314269,2.6120567313329572
130.5,-2.3966143727987688,0.7076188103304563,3.0737739335677094,0.25896730043495786,-0.8898135506295266,0.15704594401429495,-0.21278619954525416,0.01796361185624213,-1.287584031728688,-0.04129396805501643,-0.3286026778967012,2.6311103910321054
130.6,-2.3587207736584967,0.6217176120679835,3.097428932287474,0.49840286340623563,-0.8219494207030213,0.3188229392327949,-0.21236964756235585,0.04292834350113111,-1.0257084818898858,-0.1047248840938933,-0.2849652139099671,2.57623128964762
130.7,-2.297074246005817,0.5444283448628477,3.137968754691782,0.7336261991720522,-0.7181507136322639,0.4934893065607763,-0.21088068764643986,0.07042487361637007,-0.7747388814587854,-0.14391401199146164,-0.23002029538846192,2.421244181421482
130.8,-2.2122152185107513,0.47914851162566474,3.1962991249294683,0.9622609462055632,-0.5825631854923828,0.6733183174565411,-0.20673471678887523,0.09843644177554053,-0.5443885465910044,-0.1565271047985692,-0.17596148189040495,2.172519902717289
130.9,-2.104919029844937,0.4287960715308492,3.272539576234423,1.1819892380597166,-0.4205999639766936,0.8503653945197067,-0.19952705748987107,0.12431943263991685,-0.341868674788412,-0.14595916641889314,-0.13284067452434942,1.869209687341121
131.,-1.9761888972927464,0.3956931050408811,3.36601750186704,1.3905752356335936,-0.23872574383210315,1.0167852258102212,-0.18969454926801016,0.14591172967433969,-0.17001677749663816,-0.11843094983374533,-0.10619189193672973,1.557334022591218
131.1,-1.827246567701788,0.3814732347591625,3.4752938253531767,1.5858879087394897,-0.04419905963454629,1.1651449270924403,-0.17785915172813133,0.16186285295589453,-0.02786301658081424,-0.07990593970535247,-0.09749907012461084,1.2683925360766102
131.2,-1.6595207375317902,0.38701649294965557,3.5982192671522535,1.765922834518011,0.15521708932495043,1.288720767013375,-0.16442260750853638,0.1714106483749453,0.08767042976221744,-0.03463220263264832,-0.10596685825665861,1.0157787510057947
131.3,-1.4746333515666052,0.41241423234988306,3.7320189650820996,1.9288227894374153,0.35156472557080287,1.3817666255151322,-0.149469850331925,0.17406720154363742,0.18028991964568014,0.014877626688679256,-0.12996518555271275,0.8008056936809348
131.4,-1.2743839116253428,0.45696547917245733,3.8734020754331406,2.072896923093637,0.5370081531383628,1.4397434826863393,-0.13282140343314097,0.16942688569571399,0.2534889491186374,0.06725259667414794,-0.16765825399137665,0.6192235441255399
131.5,-1.0607319471204364,0.5192048736895464,4.018691985783176,2.1966383156891163,0.7041463422923115,1.4595007888493223,-0.11412187974736783,0.1571143088931337,0.3102075270177612,0.12155099924212048,-0.21697102752597155,0.46525874926388305
131.6,-0.8357778183555871,0.5969610844973092,4.163971948778383,2.2987397367769686,0.8463079854738941,1.4394024850204195,-0.09293278515548027,0.1368416287599331,0.3527620332890352,0.17656559180614825,-0.2751391749106428,0.3334886113766028
131.7,-0.6017420408306787,0.6874433676679417,4.305240331341283,2.378107440465084,0.9578174615283194,1.3793926494949222,-0.06883806935743526,0.10855294469455481,0.38288736760659275,0.23016080775869932,-0.33805587322915737,0.21941548457921298
131.8,-0.36094333434952713,0.7873528199492367,4.438569290408058,2.4338728516042423,1.0342211050575492,1.280998153221646,-0.0415770290296558,0.07263741451548031,0.4018097941480471,0.2787273247027446,-0.3996916375377483,0.11929835386317271
131.9,-0.11577561424271056,0.8930138906974001,4.5602605496706845,2.465402018348347,1.072464760253358,1.1472682178921443,-0.011201593537826049,0.030171856366603224,0.41031523183613483,0.3170211330219828,-0.45203144740761086,0.029519945733143822
132.,0.1313158466218171,1.0005209095779473,4.666992067353144,2.4723027286658223,1.0710155406999309,0.9826532861567997,0.021781163644054635,-0.01688967282540832,0.40880033654406245,0.3387865039584414,-0.48606539134572135,-0.0542506227433794
132.1,0.3778588472796949,1.105893788437026,4.7559497481733715,2.454429211677183,1.0299229409664765,0.7928280328139031,0.056356740453851834,-0.06569877307197171,0.39730331922260215,0.338353841428948,-0.4940460157245283,-0.1376542705091275
132.2,0.6213790350941967,1.2052366900013751,4.824938948863322,2.411884368864166,0.950816863663841,0.5844655727388477,0.09111137422227206,-0.11276556021121216,0.3755150753898166,0.3127036348114897,-0.47234040094771484,-0.22748980629287768
132.3,0.8594247804337987,1.2948933377864322,4.872471332164093,2.3450195049961957,0.8368426406199632,0.36497186695182016,0.1244941855888349,-0.154467100470475,0.3427726724161401,0.2628056409324925,-0.42335441022621023,-0.3307297167924767
132.4,1.089591899115316,1.3715927754966075,4.897823606969882,2.2544315538024975,0.6925356386750832,0.14219091499623926,0.15512227123008354,-0.18765082527728996,0.29803870884224903,0.19331634668340406,-0.3552597647020312,-0.45331949391744014
132.5,1.3095479728942836,1.4325797649507215,4.90106581308286,2.1409578187274043,0.5236404491674365,-0.07590751354412317,0.18198558533511436,-0.21011306614330777,0.23987321462014904,0.11095608647096059,-0.2796962879740614,-0.5995530141429478
132.6,1.5170560215768996,1.4757246239784343,4.883058023179173,2.0056682742881513,0.3368818694546922,-0.2815451594508316,0.20448473882257262,-0.22081670751638574,0.16641155601277355,0.022795451800229162,-0.20885179202756646,-0.7721813049289781
132.7,1.7099972861261759,1.4996081253976774,4.845415593670543,1.8498554983504554,0.1396968067147039,-0.46744491745396566,0.2223413075769079,-0.21985980614975476,0.07537461811905737,-0.06459924680210058,-0.15322185926087967,-0.9726642318159454
132.8,1.8863928903794798,1.5035780724186614,4.790444349979344,1.6750223297974258,-0.0600622078248757,-0.6271204987024774,0.23547036735972326,-0.20830172057286184,-0.035842200219546046,-0.14508608522165506,-0.1203929718729526,-1.2007868640904018
132.9,2.0444241596145347,1.487775294991744,4.721048290343684,1.4828673693439574,-0.2544400742757639,-0.7551345644165637,0.24389460390343098,-0.18795502417607435,-0.1699317241671771,-0.21244006633394868,-0.11444057316026564,-1.4532190122965667
133.,2.182451387095077,1.453128030706702,4.640613487844987,1.275268463401859,-0.43569626856738836,-0.8473150399716513,0.24775152627351124,-0.16119085648927028,-0.32921734743959963,-0.26005683666740476,-0.13541583802705034,-1.7213405248340843
133.1,2.299030854768689,1.4013149142593795,4.552872819231259,1.0542643317070592,-0.5966134324637296,-0.9009209858773152,0.2474171688351737,-0.13072006017986046,-0.5149722668367842,-0.28143450648905427,-0.1787682531013587,-1.9898368966216988
133.2,2.3929299313378984,1.3346980509787996,4.461756913460935,0.8220345186577881,-0.7307851066093602,-0.9147514131229524,0.2437087211867134,-0.09924056724253819,-0.7267019733415748,-0.27174871892300734,-0.23516658969882356,-2.238555312495146
133.3,2.463140089808861,1.2562288425620824,4.371237262246656,0.5808778657886086,-0.8328711355958214,-0.889192704989463,0.238004961261247,-0.06887085737614822,-0.9617903718631934,-0.23016658231457826,-0.29161993730014035,-2.4485235167415014
133.4,2.5088877071579274,1.1693303194480351,4.285167747332192,0.33318971833352934,-0.8988105628542217,-0.8262027549926675,0.23203164375732568,-0.04051778303643383,-1.2158002099488672,-0.16164861181808,-0.3343708163803907,-2.607520212420806
133.5,2.5296425307412203,1.0777606708661058,4.20713090233278,0.08143809224848036,-0.9259835279269373,-0.7292324535520617,0.2272195395856918,-0.01362802205507109,-1.4830743641733932,-0.07690902754691822,-0.35271717228042115,-2.7074578298328973
133.6,2.5251237192863254,0.9854634131873636,4.140295038195583,-0.17186096076761517,-0.9133157117845118,-0.6030876536869748,0.22396710261110092,0.013263708038580815,-1.756793921389682,0.00965867197855351,-0.3421635079636955,-2.7346281923500113
133.7,2.4953033905197746,0.8964101698923367,4.087287928215493,-0.42416854392137393,-0.8613211662830329,-0.4537371189548634,0.22141594076429966,0.04133696620606697,-2.0283959320940013,0.08341020970940491,-0.3058559206151712,-2.6678176969243452
133.8,2.4404076324539443,0.8144423310222546,4.050092088342644,-0.672948408982539,-0.7720818202864558,-0.28807411036347,0.21805381792699957,0.07045072590535399,-2.2876988093251662,0.13348270840771306,-0.2536613599688419,-2.4950604522527904
133.9,2.3609149608342412,0.743117904651941,4.029965827559476,-0.9156924965014154,-0.6491644794803171,-0.11364111725633624,0.21269720632668423,0.09909891477582175,-2.5248966219172764,0.15581594625370096,-0.19851025598400138,-2.2329800360866683
134.,2.2575522309737335,0.685569665932455,4.027393215711635,-1.1499462649341297,-0.4974786288319454,0.061671293497603474,0.2050032268112613,0.12526025140968275,-2.733293690856857,0.15298944847681029,-0.15160895561418897,-1.9229558909642963
134.1,2.131288037920006,0.6443802588539975,4.04206496330763,-1.373333552420942,-0.323080706664857,0.22993950385684964,0.195249915888937,0.14723715274590238,-2.9105410381673273,0.13110415613732132,-0.1196311602145986,-1.6084324455026913
134.2,1.9833236643455614,0.6214792300273566,4.07289097541719,-1.5835807189622122,-0.13293265332199927,0.38352318717781375,0.18385630272834752,0.16391690356921576,-3.05784465020382,0.09642547595567809,-0.10494480121096357,-1.3180886769887883
134.3,1.8150816604720363,0.6180660994222189,4.118044079030398,-1.778539823296001,0.06537563967923277,0.5153703552048879,0.17107599354395828,0.17461503277016358,3.104851154471236,0.053657662289982276,-0.10732160206749686,-1.0639298111151316
134.4,1.6281921644756565,0.6345625349892494,4.175033180430145,-1.9562105978469577,0.2639289149235497,0.619298948002333,0.15691587538096027,0.17884195821235851,3.007484010235159,0.005728413270149881,-0.12546419664978845,-0.8469740064774625
134.5,1.424477094928796,0.670595537812841,4.240802935827507,-2.114760996602515,0.45480210568662005,0.6902437405112078,0.14116753109065674,0.17615517526091656,2.9297584194935613,-0.045723953312052625,-0.15777937020359759,-0.6631165759140577
134.6,1.205932368677645,0.7250123081494814,4.311855961487413,-2.252546104565995,0.6303762835896931,0.7244587221311909,0.12346897824318454,0.16611646514072903,2.8687225336873516,-0.09968877707111401,-0.20248953761619484,-0.5067974260317518
134.7,0.9747083179081641,0.7959261996896558,4.3843927109730165,-2.3681252134104005,0.7836424014848644,0.719666880880224,0.10337317758747931,0.1483366499042807,2.8220223657207177,-0.15511544293602156,-0.2572990939688383,-0.3727633139243324
134.8,0.7330884988075925,0.8807919299919557,4.454463442783125,-2.4602768859486903,0.9084807223003595,0.6751514204987884,0.08043137141501139,0.12259667335990346,2.7878641847710233,-0.2102536995369755,-0.31879707117307426,-0.2566749604592307
134.9,0.48346710099006546,0.976507048686599,4.518126219630575,-2.528011851873897,0.9999047938994143,0.591784773751754,0.05430669648031291,0.0890382383313743,2.7649455633560285,-0.26204456001862836,-0.3818096272264807,-0.15504546362222577
135.,0.2283251815467013,1.079535618231615,4.571604640126058,-2.570583598708368,1.054260243445545,0.47199425505112624,0.02492222614569197,0.04840159932511638,2.7523885340519887,-0.3057620884879651,-0.43906785750162075,-0.06472805162331005
135.1,-0.029794039945912537,1.186049176459843,4.611439014279227,-2.5874965448210525,1.0693704659694765,0.3196657215160359,-0.007382652989800737,0.0022487058217342416,2.7496874142288177,-0.3352901462597693,-0.4817230040427638,0.017883242394203833
135.2,-0.2883105790105715,1.2920793611851276,4.634624955582844,-2.578511705499757,1.044623398994868,0.13998908299545654,-0.04175415610691966,-0.04693678821948389,2.756674715002025,-0.34437922456712106,-0.5011284962579036,0.09760075521853467
135.3,-0.5446335223442703,1.3936761122062427,4.638733864086882,-2.5436497881572913,0.9809959237920765,-0.060748180119820305,-0.0768677206752407,-0.09588999280835135,2.773505049920188,-0.32869162120109185,-0.4916209077723307,0.18061068568289965
135.4,-0.7961870431729371,1.4870651436937226,4.622010496797828,-2.483191678557057,0.8810149204591412,-0.27541125970211605,-0.11114633576076484,-0.14098588920903282,2.800655766845795,-0.2876183303480964,-0.45302912433693576,0.2737438399142576
135.5,-1.040436334176383,1.5687984090329032,4.58344373517563,-2.397676306204011,0.7486565294407097,-0.49630204711547243,-0.14307877380297462,-0.17883430187872928,2.83894236070283,-0.22465628370886667,-0.39134824319041367,0.3832216664260672
135.6,-1.274913196407864,1.6358915595641628,4.5228077280270895,-2.287895903497363,0.5891876356106006,-0.715465621792692,-0.17148947372965848,-0.20683298760343463,2.8895454031401626,-0.14612765681251055,-0.317101643693481,0.5137450824103686
135.7,-1.4972410254151918,1.6859429171745706,4.44067176911581,-2.1548886996130903,0.4089558944471607,-0.9250069826213931,-0.19565108893423386,-0.22349198362286166,2.954042550005065,-0.059270910913896434,-0.24245178083500563,0.6684429576918053
135.8,-1.7051589411709887,1.7172292176790067,4.338378515236869,-1.9999291161111803,0.21513667129521585,-1.1174053952480525,-0.21524139735251768,-0.22848026384242157,3.034432581350118,0.029077454915914368,-0.1785879618065613,0.8493808106589653
135.9,-1.8965448163963115,1.7287743080043119,4.217991412651925,-1.8245155566795432,0.015446982447981594,-1.2858138234520142,-0.23022415410398275,-0.2224718195483802,3.1331265085178264,0.11277978402160585,-0.13416494522526812,1.0578932002508747
136.,-2.0694369683398364,1.720388058436563,4.082213427326894,-1.6303559079733674,-0.1821621576855471,-1.4243315073908556,-0.24073761003576288,-0.20690632246407262,-3.0303226228447357,0.18600452201286832,-0.11462993242526598,1.2941386447854486
136.1,-2.2220542919504993,1.692673938622909,3.93428031842361,-1.4193508919382263,-0.3698227181790582,-1.5282388220634415,-0.24703990237788787,-0.18374437909319405,-2.886702335916097,0.24272644596981974,-0.12188910783325207,1.5556605725833894
136.2,-2.3528146275379154,1.6470049552967385,3.7778327093577495,-1.1935754320715461,-0.5400633248980137,-1.5941850531048143,-0.24952735341766,-0.15523647583501338,-2.7166822272324094,0.27664714734396584,-0.1539062082891285,1.8352445198791982
136.3,-2.460351173297453,1.5854689110131184,3.6167720559929935,-0.9552582165587322,-0.686107120354112,-1.6203216040601083,-0.24881225411309188,-0.12366983608782146,-2.518727985037932,0.2819555933851641,-0.20424377080570366,2.119072341372283
136.4,-2.543526772320555,1.5107851662560936,3.4551062534934727,-0.7067596599027308,-0.8021419353725014,-1.6063753247570987,-0.24579651335238434,-0.09103788387259343,-2.293065434059915,0.2551237572183113,-0.26208232290138356,2.3866439169556677
136.5,-2.601445924725172,1.4261962233496637,3.296791036413368,-0.45054848135438813,-0.8835520016805527,-1.553659037576495,-0.24160832962269094,-0.05864810683731172,-2.0423552722677893,0.19734589376608985,-0.3135958001167427,2.61286508144055
136.6,-2.633464398115877,1.335338454380188,3.1455734942966243,-0.1891771329770034,-0.9271019677676665,-1.465018842137646,-0.2372776996177246,-0.026868933793467043,-1.7720851137751845,0.11638832424718665,-0.34520830009975956,2.7702841727905128
136.7,-2.6391963334976296,1.2420971267997063,3.0048439407040544,0.0747436776191486,-0.9310658818851261,-1.344720299359104,-0.2332483172164437,0.0046578820526361545,-1.4906905731546802,0.026246142633574998,-0.34806544505516873,2.8305594887347567
136.8,-2.6185187687788627,1.150451506381967,2.8775020405442953,0.33857111507869364,-0.8952960000405421,-1.198278032536612,-0.2291387887555049,0.03627521151555102,-1.209252284458344,-0.056283030351989984,-0.32172936109723643,2.770865750925583
136.9,-2.5715735278610445,1.0643162127876755,2.7658425321353786,0.5996567326423521,-0.8212286758294275,-1.0322355388630866,-0.22409413961920113,0.06756811491511798,-0.9400916418063988,-0.11719743934158708,-0.27459758252668787,2.5891076829228266
137.,-2.498766449762022,0.9873851523915018,2.6714650992284747,0.8553731104608436,-0.7118270972947197,-0.8539039897630765,-0.21745198394281096,0.09729901273150514,-0.694059100783598,-0.14990761765539778,-0.21999555882128285,2.313947834887644
137.1,-2.400763958994337,0.9229842502770986,2.5952119854273494,1.1031403474263175,-0.571463153715173,-0.6710704333990425,-0.2090803687869352,0.1239741945829162,-0.4779697502015456,-0.15566991161775337,-0.17038716716522712,1.993328775465582
137.2,-2.2784870052462445,0.873938852510366,2.5371358374199553,1.3404521388935322,-0.4057431419208502,-0.49168703254042556,-0.1992097122964704,0.14637758473390897,-0.29392400444385347,-0.14026493925720745,-0.13375693205748757,1.671591705320658
137.3,-2.1331024270218997,0.8424610849440028,2.4964990582976476,1.564901176195186,-0.22128426067489432,-0.32355372704387647,-0.18810953610235254,0.16369931582456906,-0.1404732964698032,-0.11020958051509469,-0.11346696988781964,1.3761453466589588
137.4,-1.9660118200184744,0.8300616592024277,2.4718046960150026,1.7742036100692755,-0.025450803585582937,-0.1740069723294645,-0.1758971473600789,0.17539913469081994,-0.014343933204547347,-0.07067110836142339,-0.10990751214133836,1.1178599433508303
137.5,-1.7788380163849504,0.8374896418639397,2.4608576348230704,1.9662223289541119,0.1739394322960165,-0.049626963002132096,-0.16249572458564823,0.18103789518200838,0.08823407599556345,-0.025028559315990778,-0.12212012620207845,0.8972282067810152
137.6,-1.5734093053652995,0.8647025880530135,2.4608536494118787,2.13898881448087,0.3689268176290085,0.04402498617886899,-0.14766112229406536,0.18017697756170287,0.17079679456348854,0.024752905933214404,-0.14871723787344437,0.7099998661380993
137.7,-1.35174154892354,0.9108682301219507,2.468492770686617,2.2907233503029407,0.5517272163416909,0.10262843206373204,-0.1310247647303704,0.17235352799338097,0.23635121294562714,0.07751457659591876,-0.1881394622377561,0.5505988984181125
137.8,-1.1160183675484698,0.9743976540995836,2.480112442861191,2.4198533765038306,0.7150423148276996,0.12327631737396189,-0.11214093055870776,0.15712037660041545,0.28731400057864726,0.1322728452126182,-0.2384507048574786,0.41376724148997485
137.9,-0.8685695913168108,1.053008641266576,2.4918351625232207,2.5250298000683444,0.8523505829333192,0.10459112974346538,-0.09054809948602524,0.13414733278590812,0.32555026043869845,0.1875883554558256,-0.2968356912739149,0.2951641069077736
138.,-0.6118481892490739,1.143816649628887,2.4997247129628413,2.6051410921043447,0.958167267040237,0.04678007452890845,-0.06585984946761128,0.10338563026882923,0.35244222219721233,0.24094872116442978,-0.35896605385977315,0.1913754710024292
138.1,-0.34840590584184256,1.2434498081447987,2.4999447643792467,2.659325024462273,1.028263050139068,-0.04837293828829872,-0.03789402126197995,0.06528661552638107,0.3689565063314742,0.28829547310883746,-0.41851525845942894,0.09952063677961957
138.2,-0.0808678472298312,1.348183339248795,2.488913516249009,2.6869779219028085,1.0598326616072382,-0.17757817375875384,-0.006826195718944133,0.021033517677206195,0.37569801328056013,0.3240125907077017,-0.46728466512866307,0.016549463532660087
138.3,0.18809372941312721,1.4540880506704106,2.4634482159152613,2.6877613307706394,1.051606714751164,-0.3361709925357919,0.026684011085503268,-0.027301888528919308,0.3729470734149686,0.3417730996240385,-0.4964402740557169,-0.06155112718484602
138.4,0.455786161006339,1.5571869766476443,2.4208937910505712,2.6616060309991103,1.0039023135029235,-0.5182975930689748,0.06147545892866268,-0.0767953263955107,0.3606797921735895,0.3363188070814751,-0.4989267176702327,-0.1401889070306237
138.5,0.7195233900116496,1.65361392374452,2.3592304669655797,2.6087133449356705,0.9186104107420527,-0.7171481705608509,0.09603761731678162,-0.12397751819941583,0.33857253357770495,0.30548201209409087,-0.4721968167835645,-0.22578929539369316
138.6,0.9766529706866927,1.7397676005507448,2.277156077535021,2.529553723673748,0.7991204222263312,-0.9252281974648278,0.12880303763597062,-0.1653686093795408,0.30599173754633163,0.2512111688761295,-0.4197133510782316,-0.3246844867069611
138.7,1.224582798071562,1.8124551865991994,2.174139787388499,2.4248626190287412,0.6501851015362243,-1.1346570105137928,0.15845318296590763,-0.19806011923900493,0.261970648839632,0.1788931790978484,-0.3502100844965986,-0.44200491623691146
138.8,1.4608072898235829,1.8690196168613722,2.050445082748443,2.2956336767266796,0.47773106304247837,-1.3374818006386298,0.1841026769745459,-0.2201342143241131,0.2051757993843851,0.0955554391211061,-0.2751929563554712,-0.5813231746948915
138.9,1.6829327559320466,1.9074455073895364,1.9071211134517434,2.1431093135065997,0.2886225067485157,-1.5259944880667293,0.20531842425362812,-0.230811481501367,0.13386919215380402,0.008211069159752633,-0.20614635157929953,-0.7451014936327062
139.,1.8887016989499976,1.9264394991847873,1.7459627304210974,1.9687687673948047,0.09038756455181068,-1.6930388498643674,0.2220282509097018,-0.23035754369721181,0.04587849022759261,-0.07686802752772841,-0.15258283012565257,-0.9353634353802637
139.1,2.076015797597502,1.9254818172341452,1.5694408108609348,1.7743137361241925,-0.10908182236378927,-1.8322956557846126,0.23440415912012233,-0.21985288172564257,-0.06140103805116525,-0.15401240426638202,-0.1211255959583776,-1.1539377696645656
139.2,2.242957339331097,1.904846989220841,1.3806056479789666,1.5616517432777448,-0.3018445300642458,-1.9385344450195048,0.24277759505061433,-0.20092190699080054,-0.1909309858473716,-0.21764636381275013,-0.11518893285901977,-1.4018677741079832
139.3,2.387808882605489,1.8655928979181102,1.1829672558609525,1.3328773949852075,-0.48022683916264614,-2.0078219063714684,0.24760327590326572,-0.17547054965226283,-0.3458152349781745,-0.2619115365389323,-0.13474964957220456,-1.6777946467408524
139.4,2.509070946933535,1.809518603713009,0.980357360441414,1.0902517116551331,-0.6371283615409178,-2.0376785544394087,0.24945723792061353,-0.1454388576180493,-0.5288598567165341,-0.2808276509830279,-0.1759486331167521,-1.975288557138267
139.5,2.605477548307289,1.7390926187430351,0.7767785776234075,0.8361797390572687,-0.7663051101637031,-2.0271774556855098,0.24902948279401757,-0.11255888724779868,-0.7418218418400908,-0.26934600826258087,-0.23065219143920362,-2.279388449520807
139.6,2.676009418881209,1.657354492129529,0.5762467904059537,0.5731866608830659,-0.8626184268831898,-1.9769810685319507,0.247048193579428,-0.07813705753513993,-0.9843139479974335,-0.2254932514081952,-0.28660761225234177,-2.563190900228256
139.7,2.7199047728319727,1.567793629793879,0.38263300800557987,0.3038926505123472,-0.9222398442696231,-1.8893147288312324,0.2440864368103356,-0.04296133470451235,-1.2524854288734357,-0.15317530928710618,-0.32926629309340266,-2.7866238833041934
139.8,2.736667504763361,1.4742101799281067,0.19951101060597665,0.030986712947226054,-0.9428037142724967,-1.7678778377978788,0.24032283732531123,-0.007487052976784792,-1.5379415954103544,-0.0639664786845514,-0.3460492473321977,-2.902189042687039
139.9,2.7260727326785092,1.380563530177215,0.030016852712729136,-0.24280022140326787,-0.9235015188893861,-1.6176962930913121,0.2355011720714153,0.027714163113125183,-1.8278906565771242,0.024699149467026744,-0.33190608705448527,-2.8730678024192375
140.,2.6881696241374247,1.2908144564721686,-0.12327417467997148,-0.5147226813070098,-0.8651141029737396,-1.4449220461845869,0.22924477190865938,0.06162374728970432,-2.107513992151736,0.09574655130833,-0.29226771614444114,-2.6972074005862416
140.1,2.623281471487977,1.2087672165418872,-0.2584482189320705,-0.7820482424892017,-0.7699805441611803,-1.25658777705842,0.22144594726539746,0.09293572083707874,-2.3639697681039524,0.13925039747769813,-0.2400463591242175,-2.4137561221791906
140.2,2.532003009729959,1.1379178833372638,-0.37432716497690094,-1.042085040822762,-0.6419049009722487,-1.0603264665848187,0.21232398036914962,0.12049306812261382,-2.589504995951892,0.1543998600701822,-0.1888915742670947,-2.081055850426786
140.3,2.415194998364548,1.0813149648350828,-0.4705135977979687,-1.292208933325901,-0.4860045567503432,-0.8640670463790263,0.20219328924655727,0.14351800804356876,-2.781854710088857,0.14628490076871378,-0.14829547698874834,-1.7484555218327509
140.4,2.27397611621576,1.0414378668704505,-0.5474046366078422,-1.5298900323562457,-0.3085062054837814,-0.6757182596099242,0.1912496615864103,0.16153756586710674,-2.9426086225486694,0.12155726519474667,-0.1227950236407286,-1.4443336442095485
140.5,2.1097122454051065,1.0200980443008767,-0.6061740901641409,-1.7527183441664766,-0.11649761291276717,-0.5028533362452743,0.17950163557396537,0.1742073806929421,-3.0752234558507245,0.08583755428581184,-0.11350594008029793,-1.1791303348064452
140.6,1.9240032471427064,1.0183667812934338,-0.6487236455905637,-1.9584282514872828,0.08235495057654152,-0.35240805373657247,0.16679086947499244,0.18118249475367765,3.0995658607825662,0.042985745205071826,-0.1198550940769196,-0.9528175986898815
140.7,1.71866735749431,1.0365324799067668,-0.6776050376106613,-2.1449215909578254,0.2801123402126868,-0.23040422050660292,0.15283181530908813,0.18206108875647795,3.011734276264931,-0.004657577159277261,-0.14065885594827876,-0.7608141017306642
140.8,1.4957233555384244,1.0740891597375533,-0.6959163020183985,-2.31028908991524,0.4688790457400597,-0.14170960607245464,0.13724516159481032,0.17638348074933896,2.9413597288024778,-0.055721396635900075,-0.17453046630625105,-0.5973443361039212
140.9,1.2573706790911785,1.1297566271140655,-0.7071762503896997,-2.452829943154921,0.6411179607491844,-0.08984388861967646,0.11958840531750518,0.16367432901389514,2.8859334528203644,-0.10920909388986957,-0.2198074359445208,-0.4570008941947451
141.,1.0059676842146303,1.2015315097549146,-0.715182171286812,-2.571069328623355,0.7899508635770364,-0.07683835626775085,0.09939743623410102,0.14352967545969525,2.843501446898535,-0.16390327698618873,-0.27415938761590414,-0.3353173536784089
141.1,0.7440082638259253,1.286767122301939,-0.7238564319133426,-2.663773681420419,0.9094326305510491,-0.10315495527338842,0.07625498770313763,0.11575681988359456,2.812592928805239,-0.21776821176398717,-0.3340126485678414,-0.22881627972384797
141.2,0.47409705768526544,1.3822789787406236,-0.73708809667854,-2.7299635677715703,0.9947882495609098,-0.16766791243765589,0.04989728202279102,0.08056828845762015,2.7921507500417557,-0.267423079018803,-0.39399993089570146,-0.1347126421520242
141.3,0.1989235006923866,1.4844717452607454,-0.758575877787182,-2.7689240245542743,1.0426031849746482,-0.267708664343045,0.020354323502744773,0.038806366815085064,2.781474892304603,-0.30792203893179837,-0.44680651095803,-0.05032559616375899
141.4,-0.07876503139289384,1.5894825723471406,-0.7916786798641909,-2.780212255292393,1.0509595046505418,-0.39917230219823524,-0.011911768197265494,-0.007867493091351893,2.7801820843847076,-0.3332170464984554,-0.4839044958180652,0.027684633224177455
141.5,-0.35619071009893244,1.6933350919028718,-0.8392796978693143,-2.763662600011904,1.019512342090615,-0.5566812886314034,-0.04594096904860874,-0.056923750899720155,2.7881815129179106,-0.33754888446585574,-0.4974600816753033,0.1039193052755652
141.6,-0.6305731006507448,1.7920979400248507,-0.9036694872259468,-2.7193887237150816,0.9495036454306882,-0.7337999195157029,-0.08035620279626546,-0.1051552112263437,2.8056657439666934,-0.3174204863981169,-0.4829718068632625,0.18421370342919452
141.7,-0.8991570869033811,1.882041485629512,-0.9864526687215853,-2.6477829962042234,0.8437126651383604,-0.9232909808628493,-0.1136031359655159,-0.14911785759752771,2.8331159505150616,-0.2730994957508777,-0.44134684478553426,0.27480585844210437
141.8,-1.159240593749885,1.9597865166526618,-1.0884819884882613,-2.5495130642866424,0.7063451543180075,-1.1174043686317576,-0.14426010623523072,-0.18569722457451102,2.871320642193017,-0.20864045865756115,-0.37910222029661894,0.38118220008105635
141.9,-1.4082018274747266,2.0224389561737985,-1.2098223628051747,-2.425515645735598,0.542865698857256,-1.3081861650341056,-0.17127931810997632,-0.21259594534907042,2.9214068232739856,-0.13046930940400053,-0.30653748537831516,0.507410788379577
142.,-1.6435257588706182,2.067705237758446,-1.3497463420599856,-2.276987602478738,0.3597798618822685,-1.4877958493796424,-0.19407483150238053,-0.2285871540253002,2.9848812967259954,-0.04559298034235526,-0.23501263418210738,0.6563383668576831
142.1,-1.8628295810652222,2.0939837403672215,-1.5067611756157442,-2.10537437805442,0.1643748277357039,-1.6488189971994505,-0.21247505550558665,-0.2335084119150717,3.0636767915121736,0.039531500776611356,-0.17466764170143642,0.8303213677755888
142.2,-2.063886883856643,2.1004286376106993,-1.6786663994951967,-1.9123559111333626,-0.03557111481706621,-1.7845630012513456,-0.2266161254557191,-0.22807359965773796,-3.122994121223627,0.11920030383950134,-0.1331568204661104,1.0318690224251945
142.3,-2.24465029882878,2.086983615881578,-1.8626396519396422,-1.6998301625797567,-0.23209866816553182,-1.8893240248701986,-0.23684355444158306,-0.2136029736524456,-3.005889571713361,0.1880806955209747,-0.11518704445687213,1.2637106081680458
142.4,-2.4032723844940977,2.0543841171286554,-2.0553472965339528,-1.469894417858796,-0.41738483768300594,-1.9586145449978536,-0.24364858630843644,-0.19173938857546394,-2.8649196492233466,0.24072341189660804,-0.12236130638363339,1.527950877453216
142.5,-2.538124538044304,2.0041280168602347,-2.2530754435843825,-1.2248245493367609,-0.5840548095865224,-1.9893424133887865,-0.24762700409750685,-0.16417958645531636,-2.696637812886604,0.2713595162103816,-0.15292790340076204,1.8239002899194974
142.6,-2.647813739804208,1.9384159063524287,-2.4518761472107027,-0.967052443937291,-0.7254759612404713,-1.9799342973000766,-0.24942097480197342,-0.13243589613069534,-2.4979680447311168,0.2743323145093614,-0.2012922679691412,2.1439305731765264
142.7,-2.731196957993774,1.8600633598222822,-2.647722950599963,-0.6991418204910218,-0.8360222826418147,-1.9303985783857858,-0.2495933305347804,-0.09767249258444753,-2.2672662485768984,0.24556741061078308,-0.25754308534472015,2.4668755997726852
142.8,-2.7873930646874627,1.7723886841965324,-2.8366695791769985,-0.42376267775818766,-0.9112986674363774,-1.8423252021215921,-0.24842221875695422,-0.060724010889015335,-2.006061937049765,0.1853268957357551,-0.30789798019170866,2.7508645914216214
142.9,-2.8157921386906946,1.6790806265387253,-3.0150054559400576,-0.14366462833881025,-0.9483161316911419,-1.718822483665521,-0.24574377656331828,-0.022405423697469052,-1.7211475152673514,0.10142683129892674,-0.3376172823678029,2.934350851920496
143.,-2.816062057180709,1.5840513132216074,-3.1794018398907524,0.1383506146362834,-0.9456109750033224,-1.5643933894041917,-0.24111076558874467,0.016032745929594486,-1.4255189082027215,0.009933644400440705,-0.33700448255940213,2.9591076524708178
143.1,-2.7881523051209753,1.4912802836964558,-3.3270427623038827,0.4194573221344149,-0.9033031333684136,-1.3847562263445221,-0.2342989293154628,0.05282680098744184,-1.1360654754537114,-0.06994062202862031,-0.30710776957776253,2.809612092452088
143.2,-2.732294959383565,1.4046558367403503,-3.4557355416348514,0.6968341230429703,-0.8230913974628614,-1.1866168877902135,-0.22564120282934688,0.08625096294071087,-0.8682759522372501,-0.12444181678961042,-0.2591573700048423,2.528318565027748
143.3,-2.649002832919717,1.3278200142059544,-3.563996471986907,0.9676923816654115,-0.708185686973146,-0.9774017350370154,-0.21579394621707496,0.11519818885668207,-0.6317701097127147,-0.14979081574426006,-0.20761600755051968,2.185524531193152
143.4,-2.539064792920642,1.2640234022826184,-3.651108269799833,1.2293042928615012,-0.5631790809803067,-0.7649617641353705,-0.20529481157701845,0.1392097333962613,-0.4295928233388456,-0.1498177825614751,-0.16364950544878548,1.8399707023163512
143.5,-2.403538295418099,1.215995538883937,-3.717146989321926,1.4790304111814998,-0.39386470614413416,-0.5572598515379258,-0.19436390145854854,0.15814460433223584,-0.26025934720352223,-0.13110208733003023,-0.13321851447430358,1.5240688734824637
143.6,-2.243739206901699,1.1858360936107366,-3.7629773345968265,1.7143463355893316,-0.20700478277794043,-0.3620535470395938,-0.1829456280286029,0.1718894368853135,-0.12016675486659857,-0.09968897296665598,-0.11833543564526419,1.2491248852894827
143.7,-2.061229010989098,1.1749311586005247,-3.7902165556166376,1.932868279441645,-0.010061036217623665,-0.18658605992777527,-0.17081121442080854,0.18022947898187147,-0.0052051893343748774,-0.059950659463649414,-0.11890248016506845,1.014905957582782
143.8,-1.857799524700979,1.1838979874832871,-3.8011683687299462,2.1323772662016576,0.18910277886686394,-0.037297757620767126,-0.15763019721923552,0.18282624557520383,0.0884502845255457,-0.014650468658661353,-0.1339719037359672,0.8164554690737381
143.9,-1.6354552741938124,1.2125603855269136,-3.7987295364180578,2.310841704819513,0.38253438180037425,0.08043032169904561,-0.14300545760371844,0.17924242312978983,0.16405126980710077,0.03457372160441383,-0.16231650968198091,0.6476751582362235
144.,-1.3963937036313,1.259955732089574,-3.786272831524825,2.466438114672046,0.5625099984841828,0.16249071725164543,-0.12649267630092678,0.16899209907188728,0.22423052136724742,0.08664656236047226,-0.2024926835133142,0.5028947517054433
144.1,-1.1429834129915983,1.3243733554159371,-3.7675110524886066,2.597569788262718,0.7218422841406594,0.2062130133651183,-0.10762540005751974,0.15161953019562163,0.27105232286653796,0.14049067637548393,-0.2525613381055187,0.37742781972010964
144.2,-0.8777406407785378,1.4034227298951911,-3.7463475115475107,2.7028832003625816,0.854166860313716,0.21047000992151746,-0.08596329050266562,0.12681896244203156,0.306089055353807,0.19445450760237465,-0.30958833734253927,0.26763860133278955
144.3,-0.6033042256315365,1.4941287769714007,-3.7267189571550765,2.7812819947145977,0.9541960427987211,0.1757223630067477,-0.06117670465986454,0.09460450021719681,0.33049476755236196,0.24576394295138018,-0.36907969736724866,0.1707161876128603
144.4,-0.32240929652114675,1.5930504703594728,-3.7124371934527027,2.8319384036069493,1.0179296451699016,0.10399991623037956,-0.033169869525329056,0.055520631292841356,0.3450652781186502,0.29015914181564806,-0.4246378910712842,0.08419177866955022
144.5,-0.03785995441236391,1.6964180171513679,-3.707035711574331,2.854301981303046,1.0428144538342259,-0.0011795328730060143,-0.0022208226460979667,0.010848379480227346,0.35028219763879814,0.32203933489338366,-0.4682810708319475,0.005242212036952698
144.6,0.24749878115506413,1.8002831458342747,-3.7136274477385003,2.848105559237912,1.0278460168440435,-0.13495079268024668,0.03091817888826612,-0.037280896998732355,0.3463411345835565,0.3354471944600382,-0.4918287717571214,-0.07000225076670927
144.7,0.5308094793015772,1.90067650971201,-3.734779339476594,2.813368358784737,0.9736086884701912,-0.2912955597210662,0.06503619882494772,-0.08596909627258524,0.3331650760545961,0.3258358896016679,-0.48926262468285425,-0.14672271647589505
144.8,0.8092309725936351,1.9937659305518405,-3.7724086816423164,2.7503962259782293,0.8822523330845735,-0.4632826777462788,0.09863897202027196,-0.13188606873937164,0.3104038145684867,0.29185071060243484,-0.4591213133221645,-0.2309120126942555
144.9,1.0799669110018848,2.076009173781716,-3.82770541474291,2.6597789815669186,0.7574066170951077,-0.6433447950906352,0.13023855056796624,-0.17178917777634412,0.27741993890373706,0.2360134233830714,-0.4055443021529912,-0.3283066915101643
145.,1.3402939074469282,2.1442951645732706,-3.901083444276456,2.54238490886073,0.6040363058427112,-0.8235803907117648,0.1586327271726543,-0.20305058433421072,0.23326167063857794,0.1638562213700512,-0.3372620758038365,-0.44347776697122715
145.1,1.5875889910401,2.1960680149704346,-3.992162932368521,2.3993524307506484,0.42824333431691614,-0.9960691279134759,0.18306033740841737,-0.2240087709669322,0.17662304348844227,0.08219599321865584,-0.26517244415593183,-0.5796958845364866
145.2,1.819356090693915,2.229428917493823,-4.09978426821689,2.2320790557092463,0.23702354250571783,-1.1531879634285045,0.2032081338433917,-0.23406335576691945,0.10579312188162555,-0.0023215027919379506,-0.1998428449698988,-0.7395359030759053
145.3,2.0332512811470242,2.243211843044205,-4.222053160902666,2.042207700248059,0.03798777357366634,-1.287915409418647,0.21912614821931525,-0.23355183323154102,0.018599182200319638,-0.08380662595042607,-0.1498578646425246,-0.9256996794745282
145.4,2.227106535537181,2.2370300252685436,-4.35641505735707,1.8316105219286944,-0.16094154619597195,-1.3941118182543388,0.2311250828884147,-0.22350215859155487,-0.0876437681552819,-0.15696092676985388,-0.12109826086102764,-1.141522729021135
145.5,2.398951743343771,2.211291378203613,-4.499755919156374,1.6023704223268678,-0.35184624929561975,-1.466764515830247,0.23969667699308345,-0.2053423855429728,-0.21614832081875737,-0.21659703163462926,-0.11654263076907877,-1.390780385464056
145.6,2.5470347696599496,2.1671822325442895,-4.648525340954681,1.3567604030791953,-0.5271280991036087,-1.5021880105483572,0.24545443622746338,-0.18061181644924634,-0.37057053003235035,-0.25724208949248567,-0.13613169509157308,-1.6763274288657202
145.7,2.6698393511811407,2.106620038920215,-4.7988771026574275,1.097220980052545,-0.6798117073601846,-1.498171296090857,0.24905687232457913,-0.1506993402444904,-0.5546893475669347,-0.27314845279085465,-0.17639636162925307,-1.996637765226913
145.8,2.766100645810882,2.0321769237518645,-4.94682155239161,0.8263358805476799,-0.8038226206451383,-1.4540663753061822,0.2510563930512774,-0.11666045800869662,-0.7715885683561683,-0.2591106602292124,-0.22981315742570335,-2.338765107777706
145.9,2.8348182761771876,1.9469771452728732,-5.088383745654268,0.5468062660754195,-0.8942294894266162,-1.3708144758590104,0.25164929903132627,-0.07923918942682313,-1.0219760905697894,-0.2126255806175975,-0.284385366737321,-2.667493988805973
146.,2.8752667323878547,1.854572537823109,-5.219761036522472,0.2614237384424431,-0.9474406651658553,-1.2509089123259112,0.250462181156182,-0.039253188295915654,-1.3015692039008773,-0.13747837680388977,-0.3249497877829821,-2.918138601801479
146.1,2.8870030257789545,1.7588009100558069,-5.337473838633024,-0.02695760049574259,-0.9613473877709714,-1.0982960751235193,0.24673828866299033,0.0017798916002666216,-1.598830457187056,-0.0466416026917217,-0.3381603193983928,-3.013430398963706
146.2,2.8698715129656622,1.6636330422750838,-5.43850354592264,-0.31544975515584733,-0.9354078549684239,-0.9182184933423139,0.24007173099799878,0.04149023903563139,-1.896051849384211,0.04021501016257024,-0.3198956218655139,-2.913207079779029
146.3,2.8240058379081,1.5730143826372227,-5.520412114999853,-0.601159821274947,-0.8706688220113693,-0.7170062278884326,0.23097208626576674,0.0775022394622471,-2.175089179532437,0.10566443052672052,-0.2781753940277857,-2.6504593630170543
146.4,2.7498279686738583,1.4907077532886865,-5.581438542093809,-0.8812190581449189,-0.7697238706128602,-0.501824911242811,0.22051005993419898,0.10842438759722185,-2.423626345501001,0.14208014040447386,-0.2274805656224237,-2.304243352474961
146.5,2.6480443348199634,1.4201433372504038,-5.620568388647518,-1.1528117552389137,-0.6366100107895388,-0.28039047850686355,0.20956398684491945,0.13391676833244462,-2.637043765431406,0.15124750759998146,-0.18068219647264444,-1.9461333646991086
146.6,2.5196391005366374,1.3642819265982924,-5.637573584068148,-1.4132036021329142,-0.47664673777439437,-0.060661962318547785,0.19849232085331978,0.1541171443069735,-2.816293408143611,0.13932817655098656,-0.1454613484533256,-1.6163453775266565
146.7,2.3658646375966286,1.325496883803115,-5.633020919085205,-1.659769275270194,-0.29622396029134007,0.149475401256299,0.18723786963568723,0.1691588076017709,-2.9649792103164776,0.1127253021144836,-0.12497207596938166,-1.3290850948388813
146.8,2.188229290446244,1.3054795220586677,-5.608248891354026,-1.8900189626552037,-0.10254725482210958,0.34252412248118763,0.17552322907490456,0.17898673164225026,-3.0873885390895444,0.07635964008953756,-0.11973241639931125,-1.0846608384744412
146.9,1.9884825531707242,1.305171676785986,-5.565313826619392,-2.101623557929752,0.09664939822572266,0.5116729473615647,0.16297396969710745,0.18334925808435124,3.0956370637781903,0.03347588708409684,-0.1290932062060925,-0.8779022590554154
147.,1.7685978042878308,1.3247281564748035,-5.506907423620632,-2.292438268376281,0.29341194414795624,0.6510679870761574,0.14916830137645862,0.18184688981672126,3.0142935616105615,-0.013962420560146216,-0.15199705051973703,-0.7023548974017102
147.1,1.5307527701076808,1.3635105698288097,-5.436249010146075,-2.4605243970768647,0.47988335723978653,0.7560456785456369,0.13365217938575846,0.17399455147691995,2.9489776233569516,-0.06474042235781233,-0.18718769809589877,-0.5520110458068193
147.2,1.2773079104853877,1.420112775306786,-5.356956805811398,-2.6041690775849338,0.648616875851713,0.8233182889313608,0.11595161302574464,0.15929748164626722,2.89749074732142,-0.11784896996764524,-0.23304618172777453,-0.421892452191084
147.3,1.0107829419571865,1.4924169384667887,-5.272903324052925,-2.7219027598510417,0.7928728815118362,0.8511045687802383,0.09560350400600881,0.13735612023399218,2.858142387693641,-0.17193286246114206,-0.2871728908058703,-0.3081349856063473
147.4,0.7338317322708673,1.5776779622837542,-5.188060678126665,-2.812514268586133,0.9068875864806114,0.8392003452824592,0.07222014486205637,0.10801505124350629,2.829671328715997,-0.2247334001938463,-0.3458352606719817,-0.2078151985914341
147.5,0.44921581700203517,1.6726329244705036,-5.106341958379667,-2.8750632795200026,0.9861028180137418,0.7889862415077067,0.045594714813268884,0.07155791337382143,2.8111811317236386,-0.2726247560770986,-0.4034966104186724,-0.1185567687816129
147.6,0.15977680312372444,1.7736311588810523,-5.031445004667078,-2.908890084873542,1.0273477385589447,0.7033722140738234,0.0158371909939968,0.028921084349729554,2.8020919837412697,-0.31050398124660167,-0.452804020856792,-0.037911990207240176
147.7,-0.13159206408727236,1.8767797950614213,-4.966704802281291,-2.913622546555518,1.028965257276436,0.5866811205521548,-0.016501190097199483,-0.018143339962370712,2.802108422181958,-0.332396006715714,-0.4854902212401585,0.03736533737132477
147.8,-0.4219748856782177,1.9780989537452243,-4.914960385948046,-2.889180163840301,0.9908780932544431,0.44447595860543987,-0.05038701996243183,-0.06705768447482383,2.811201757256179,-0.3329348349854597,-0.49436564529101024,0.11181219847695212
147.9,-0.7084623541745199,2.0736804111391667,-4.878441558033948,-2.8357752113009043,0.9145918566879437,0.283337664484518,-0.0844127869409133,-0.11464588745846324,2.829606217550468,-0.30926230537672794,-0.4758323795623344,0.1910910668963711
148.,-0.9881809653033773,2.1598434065544825,-4.858679937159987,-2.753910932267753,0.8031350251835705,0.1106023295516359,-0.11705025519139572,-0.1575870172748156,2.857828327514932,-0.2622840302830943,-0.4316294724465481,0.28110046440350883
148.1,-1.2583219023380297,2.2332813818251136,-4.856447883419965,-2.64437680276131,0.660938208146199,-0.06593168862597298,-0.14695125402440373,-0.1929583776501143,2.8966695115027705,-0.19643775950783096,-0.3686948869491568,0.38690987417367206
148.2,-1.5161693020915281,2.291193802475469,-4.871727735030627,-2.5082409104051386,0.49365751259498597,-0.23831508386150307,-0.17316546425150284,-0.21867396358842256,2.94726219884906,-0.11819979826635195,-0.29721736819789735,0.5122727914397159
148.3,-1.7591276174997215,2.331397805343611,-4.903712582799931,-2.3468395219672575,0.3079490522563573,-0.39876493616883624,-0.19520865289107756,-0.23368653205028683,3.011119465493605,-0.03439896064540488,-0.22804590293966276,0.6599860541862753
148.4,-1.9847478005266126,2.3524152216213596,-4.950838551467049,-2.161763941606533,0.11120358954514742,-0.5399754124860178,-0.21300963102514467,-0.23794495217648193,3.0901968215892546,0.04876450478393648,-0.1706468087568676,0.8327378730952799
148.5,-2.190752040715173,2.3535315059774646,-5.010847300869088,-1.9548447893278895,-0.08874811058009152,-0.6554094464521719,-0.22680946183892356,-0.23218496261706717,-3.096224748065364,0.125837018689441,-0.13203753044453004,1.0338859606068647
148.6,-2.3750568089739588,2.334824222445378,-5.08087625510071,-1.7281338553008974,-0.2839474682745712,-0.7395597686925028,-0.2370694469331882,-0.21764387468640317,-2.9787390644245235,0.1917161147992561,-0.11644595160237241,1.26773232050524
148.7,-2.5357939730018737,2.2971599514333363,-5.157572962386514,-1.483883710299389,-0.4666253720415945,-0.7881688809670456,-0.24440039851722198,-0.19575874446271846,-2.8369211360893334,0.24116346104265865,-0.12522208294218218,1.538869572274015
148.8,-2.671329769934231,2.242159741164339,-5.23722902635124,-1.2245252753306404,-0.6295119084621498,-0.7983992043171979,-0.24948343943154858,-0.1678806783125258,-2.6667394581825907,0.26855310014075034,-0.15661007784613,1.8497422181701229
148.9,-2.7802814431573495,2.1721344808881797,-5.3159282691041625,-0.952643574305892,-0.766126190472656,-0.7689466177511772,-0.25292278829759535,-0.13505127561585842,-2.464289457670325,0.26819750828325584,-0.20517077658663618,2.194689821170738
149.,-2.8615313735714087,2.0899927723313403,-5.389703219157785,-0.6709519121464269,-0.8710347296527078,-0.7000928608509032,-0.2549805956993251,-0.09796109606412935,-2.2271589290913,0.23580779338578892,-0.2610033017112152,2.5486089549907556
149.1,-2.9142385606462398,1.9991249722595614,-5.454693685296779,-0.3822647368373498,-0.94006805203413,-0.5936947109866397,-0.2552786635849984,-0.057292951187167825,-1.9570095630021327,0.17168595817810742,-0.3098172828982486,2.853753967582223
149.2,-2.9378473351654644,1.9032680290099446,-5.507301094334925,-0.08946945746013035,-0.9704869216433132,-0.4531103664240103,-0.25285060753105604,-0.014470512190423758,-1.6627267504234968,0.08480570829348119,-0.33617318249419287,3.0243083744488835
149.3,-2.93209321331949,1.8063565015335434,-5.544332439559075,0.20450249897505413,-0.9610915449684552,-0.283065970011901,-0.24692938999837818,0.027885205528149517,-1.361141613137047,-0.006633253531993178,-0.3309434088932566,2.9931289924691784
149.4,-2.897005830511518,1.712365700349156,-5.563128100830319,0.4967051011321093,-0.9122694027143013,-0.08946759454805164,-0.237873532479274,0.06675998266783874,-1.0722072044189626,-0.08252255045097899,-0.2975429875930938,2.769657123968439
149.5,-2.8329089225925883,1.6251532038830687,-5.561668440280349,0.7842073016070963,-0.8259798019431966,0.12083381480980793,-0.22700347196561327,0.10019533262498855,-0.8113349832723342,-0.13082617737799007,-0.24920780509454393,2.4322226126904587
149.6,-2.740417351946632,1.5483050684386561,-5.538654923672743,1.0641225020232317,-0.7056757644599,0.340315170261913,-0.2155878080748809,0.12770573341083685,-0.5855659456237197,-0.15032258650494223,-0.20024648104310142,2.0655885314306928
149.7,-2.6204312056047288,1.4849928629185758,-5.493562533062811,1.3336375981159672,-0.5561663655037448,0.5610807705191208,-0.20423624010588506,0.1495940470904219,-0.3951003321107959,-0.14620261325717757,-0.1603400969177775,1.7215718583875168
149.8,-2.47412702207915,1.4378472278741483,-5.426661380896666,1.5900413119252799,-0.3834250108700232,0.775176688284547,-0.192969188735006,0.1662275852612379,-0.23662406929485083,-0.1250722340567917,-0.13410536978690532,1.4200849840688141
149.9,-2.3029462325744747,1.4088529996836137,-5.339006663514701,1.830751525137705,-0.19435129584705935,0.9749074826015511,-0.18149585130380969,0.1777317274543747,-0.10576317473489066,-0.09242633594523489,-0.122881070903083,1.163296277728775
150.,-2.1085809303607244,1.39927008092709,-5.232397354214582,2.0533413374396665,0.003504060099097206,1.1531426099198565,-0.16940646542048332,0.183963653806253,0.0017065144667898389,-0.05206483898992677,-0.12641568043947982,0.9462882615099415
150.1,-1.8929571091010613,1.4095832116068956,-5.109305282267648,2.2555635863542935,0.2022402369052722,1.30360031840698,-0.15625155019180761,0.18457735895838015,0.08942371316658279,-0.0063517512486821635,-0.14385079284168134,0.7623597244638808
150.2,-1.6582155365352729,1.439482643675921,-4.972777424883367,2.435373580320161,0.3939212948975535,1.4210977077042928,-0.141560963979937,0.17909969161578282,0.16036096032485433,0.04328965529256798,-0.17409937906468081,0.6051532164412153
150.3,-1.4066904538754677,1.4878764893196799,-4.826315307015788,2.5909498145708967,0.5708925558852826,1.501756985200308,-0.12484781850810038,0.16700769166523183,0.21687556970232494,0.09584832552442403,-0.21580643030103672,0.4693532108769417
150.4,-1.1408863133262843,1.5529342507048445,-4.673736316526897,2.720712459517428,0.7260857712465839,1.5431596961989087,-0.1056247335106355,0.14782305570123433,0.2607953855649958,0.150186815168757,-0.26701929231113075,0.3508115854935723
150.5,-0.8634527860730968,1.6321597958007361,-4.519022463182994,2.823339433617003,0.8533009109176098,1.5444427794745579,-0.08345028101944589,0.12124339464341063,0.29350239291842917,0.2044795663599343,-0.32466681848638246,0.24642172832873252
150.6,-0.5771582906909724,1.7224908709577327,-4.366162610520066,2.897779896908723,0.9474533392467378,1.506332618941844,-0.05801703544375523,0.0873213329839005,0.3160021404893501,0.255677399224342,-0.38400647190903187,0.15380271507500531
150.7,-0.28486230702598486,1.8204211829902623,-4.218994469812599,2.9432650272666283,1.0047765235931754,1.431115734064436,-0.02927983017311677,0.0466795623953987,0.32897642142220385,0.29919313034114253,-0.4383495306921395,0.07076315407374573
150.8,0.010513246956625097,1.9221401837369145,-4.081052654850438,2.959315968702775,1.022972194317526,1.3225472776387701,0.0024038778612553123,0.0007107838006853809,0.33281984257173763,0.3291612016804271,-0.47952480034186296,-0.005421765045249655
150.9,0.30601328820883406,2.02368498432815,-3.955428854586799,2.9457488694734213,1.0013019697593823,1.1857009890096164,0.036184982256654924,-0.048331264759800895,0.327661625729019,0.3395862648673282,-0.4994501880208427,-0.07867220260283016
151.,0.5986791976068904,2.1210983428195296,-3.844649697604172,2.9026769570135973,0.9406167934032845,1.0267665847582912,0.07076338825794311,-0.09745309671221487,0.31337376533188227,0.3262250561017891,-0.49260409733171795,-0.15425923829335958
151.1,0.8855785072027946,2.210586426721489,-3.750577177013871,2.830509626554095,0.8433230096660185,0.8528026644049891,0.10459277401250205,-0.14329442856578167,0.2895661315919563,0.2883097089137798,-0.4583253153597513,-0.23816550757264537
151.2,1.1638343471856805,2.288670060931796,-3.6743356049760725,2.729948550359689,0.7132864307566705,0.6714549821387823,0.13618708734596296,-0.1826654341049589,0.2555685121286843,0.22899964423072364,-0.40156331657539684,-0.33595693181298786
151.3,1.4306543562142504,2.352323431292727,-3.6162680083612755,2.6019808445639137,0.555678219160885,0.4906513163338638,0.16439503659087581,-0.21305972960871394,0.2103990787717277,0.15427513816891125,-0.33156435053421657,-0.4519529525226569
151.4,1.6833587639674845,2.399094714099732,-3.575923703334876,2.4478693602612944,0.3767687299286228,0.3182851015802135,0.18853613064112834,-0.23296774699300826,0.15271854437266458,0.07112712505246936,-0.2593254603522821,-0.5892537774687732
151.5,1.9194073628867354,2.4272038224439365,-3.5520775436268344,2.269140194550781,0.1836775316221524,0.16190043595611492,0.20838927373457483,-0.2419285566512888,0.08076977163934299,-0.01382587532233858,-0.19517709336085318,-0.7504953448859859
151.6,2.136425097062618,2.435613372549873,-3.542780074506099,2.067567545313827,-0.015910428198889326,0.02839102144211081,0.22409955125610853,-0.24037239183013062,-0.007695087975079025,-0.09480280706685067,-0.14729787060782587,-0.9387819545280669
151.7,2.3322260099553658,2.42407004090472,-3.5454365923525817,1.8451560603679786,-0.21405119736959943,-0.07627496009917312,0.2360743580626389,-0.22934940622501057,-0.11549086444770747,-0.16661239201947453,-0.12113886312235987,-1.158287389283606
151.8,2.5048353089813626,2.393114663400656,-3.5569119573322387,1.6041208569943963,-0.4028585192086843,-0.14729306692411293,0.2449001603958765,-0.21022078719712084,-0.2460510858171117,-0.2241367685571678,-0.11931032446616674,-1.414119374709347
151.9,2.652509323794182,2.3440606738694143,-3.573656979973112,1.3468654114358718,-0.5748182324706973,-0.18121441618701062,0.2512636273423643,-0.1843548494494668,-0.40337924872623865,-0.2619140618854065,-0.14147009819287457,-1.7107709714189894
152.,2.7737531561465687,2.2789417415964324,-3.591851342345052,1.0759575395599705,-0.7230878370284827,-0.17608345416765514,0.2558228397668216,-0.15286729714462835,-0.5917142366359802,-0.27412898164375216,-0.18389722060691857,-2.04763428447675
152.1,2.8673358423261037,2.2004306953418036,-3.6075573553504445,0.7941037092658699,-0.8417692825463399,-0.1315161853658836,0.2589631766374071,-0.11650201998221542,-0.8145276196220981,-0.25548314445611764,-0.2386756976354833,-2.409162734755406
152.2,2.932302874085926,2.111732966111285,-3.6168784216221703,0.5041219421775377,-0.9261441049211486,-0.0487157416029359,0.26045880116578607,-0.07585434783238178,-1.072321765752477,-0.20368572162675386,-0.29307026175521544,-2.7498062886653374
152.3,2.967985950486368,2.0164587967777976,-3.616115885913742,0.20891357654577924,-0.9728615363432517,0.06957532967200175,0.2593465732578148,-0.032090584553808546,-1.3592674247957424,-0.12369289920042148,-0.3310810196983804,-2.987440919929178
152.4,2.974009860861396,1.91847931315264,-3.60191801914321,-0.0885658250744207,-0.9800720896225781,0.21918415586193263,0.25454631937483474,0.012303635968275108,-1.6609181865607767,-0.030654952861604134,-0.33961310120094806,-3.0358938782701683
152.5,2.9502964279441732,1.8217721944981693,-3.5714151958473086,-0.3853361310167057,-0.9475012911946529,0.3946736594997512,0.24602149306159252,0.053945679445329436,-1.957053737973305,0.05435059943822777,-0.3166880589450297,-2.8727001441900994
152.6,2.8970654697384015,1.730263096112066,-3.5223358752176,-0.6784225603634021,-0.8764606233039519,0.5895590857316013,0.23506354169223842,0.09020639910300056,-2.229511330285231,0.1149923961603534,-0.2727111752212082,-2.5614295410669436
152.7,2.8148327687098535,1.6476691459638928,-3.4530987611813213,-0.9648855664325938,-0.7697952391345153,0.7965663048354259,0.22326291167665444,0.12018445426343037,-2.4681885771000696,0.14607711665627415,-0.22267314228244475,-2.195027598108084
152.8,2.7044050669919204,1.5773507546792551,-3.362877466645554,-1.2418503830455607,-0.6317705353204236,1.0079215921613809,0.21155740390945357,0.14416853761750054,-2.6709829078729874,0.15101175716057322,-0.1783745494013462,-1.839211572757974
152.9,2.566872136247651,1.5221776467398866,-3.2516351031886317,-1.506535935958443,-0.4679021038324711,1.21566133297128,0.20013223434555677,0.16270288619823056,-2.840456606187905,0.13627826792154918,-0.14626103942932298,-1.5228704949254217
153.,2.403596000304728,1.4844144538126154,-3.1201274164481667,-1.7562828280782543,-0.2847358425220961,1.4119493053093728,0.18873353864858372,0.176095644636921,-2.980866961435386,0.10791536455121646,-0.12877471492995926,-1.2520223594806135
153.1,2.2161974173843433,1.4656304312405046,-2.969874341433706,-1.9885801162581815,-0.08958699062206377,1.5893888919185226,0.1769362225453327,0.18433010249582885,-3.0965723620041743,0.07035359265748573,-0.1262122883831607,-1.0229012453690556
153.2,2.0065397563860516,1.4666368970143813,-2.803101110980318,-2.201090609499129,0.10975150696560165,1.7413177743773651,0.16426764017094758,0.18713013907509565,3.091771585205504,0.026450705653655072,-0.13796810284888789,-0.828894244847811
153.3,1.7767104279928214,1.487454887335646,-2.6226512643712856,-2.391674433143784,0.3053196799987288,1.8620733610077582,0.15024051488829038,0.1840482726209681,3.01462005339103,-0.02207507951886177,-0.16311580614559007,-0.6633888704173667
153.4,1.5290000560556791,1.5273143182408644,-2.431875023404808,-2.558410620994511,0.4893078719965577,1.9472183668503364,0.13435383618719418,0.17454721322853883,2.9526200720450744,-0.07413042285701306,-0.20051355546175526,-0.5207334386060373
153.5,1.2658795975543875,1.5846846867115854,-2.2344974851915054,-2.6996165170423563,0.6543680868060032,1.9937175526143642,0.11609764231937346,0.1580874208921839,2.9037862554381633,-0.12871634515606598,-0.24857611097915977,-0.3964581824711179
153.6,0.9899756401834572,1.6573360873128444,-2.0344718856100505,-2.8138647904591347,0.7939069302264317,2.0000585766405345,0.09498327092272807,0.13424308420357037,2.8665996072838897,-0.18436633352461834,-0.30480648576152436,-0.2872094832742875
153.70000000000002,0.7040441250628737,1.742428111819573,-1.8358237825242911,-2.8999978914640088,0.9023484680356598,1.96631214195072,0.07061395151425359,0.10286468312656559,2.8399337102366724,-0.23856361918127864,-0.3652038556532177,-0.19050950305167758
153.8,0.4109427580419429,1.8366230876831267,-1.6424923698628848,-2.9571398013819943,0.9753565210966744,1.8941290405674156,0.04280177637292602,0.0642892440333817,2.8229974604213206,-0.2872680729210235,-0.423789954700483,-0.10430896568859278
153.9,0.11360238638209516,1.9362191408779217,-1.458175248037749,-2.9847049574111106,1.0100075353411506,1.7866742129885902,0.011715872157315994,0.01956522908442083,2.815294048266379,-0.32486620516831743,-0.47268280793481254,-0.026305045855656795
154.,-0.1850023718560277,2.037297778331874,-1.2861828383816702,-2.982404261029421,1.0049071348484317,1.6485004517071296,-0.02198946523104503,-0.02938806028482549,2.81659484833691,-0.3449500197446644,-0.5032082771369678,0.046830156292819676
154.1,-0.48188295075267606,2.135880106295144,-1.1293082448031293,-2.950248108320153,0.9602457114170014,1.4853667838612923,-0.057149283447259974,-0.07979876784681453,2.826926991824453,-0.34204579128704404,-0.5081689035776793,0.11990005543947524
154.20000000000002,-0.7740668121489129,2.2280854567136457,-0.9897177500196619,-2.8885464104732623,0.8777908344474215,1.3040087735674106,-0.09223173950788363,-0.12832025572943437,2.846573905362024,-0.31366894624180736,-0.4845206445447857,0.19885982817939893
154.3,-1.0586272726389756,2.3102860976741986,-0.8688663110932606,-2.7979056030350624,0.7608167837309455,1.1118699012929512,-0.12563144443544444,-0.1715370751416091,2.8760887176679337,-0.26147759338282883,-0.4349911714722093,0.2897395630811057
154.4,-1.3327128820045255,2.3792518601044192,-0.767441422342745,-2.67922267281633,0.613974014448776,0.9168047293586985,-0.15599088696408092,-0.20653431812465595,2.916321021582857,-0.19072248411816203,-0.3675660955540821,0.39751575638232195
154.5,-1.5935760575549585,2.4322789149166537,-0.6853375827892221,-2.5336762614290516,0.4431037584009814,0.7267656874546953,-0.18240995482356734,-0.23132296008698383,2.968457888330102,-0.1084624538727046,-0.2931736062848065,0.5257363803010994
154.6,-1.8386006862177315,2.4672975666579386,-0.6216623851798985,-2.3627149338968456,0.25500515272869656,0.5494859650672592,-0.20448888686231972,-0.2450006876104066,3.034079953727467,-0.02179713255338667,-0.22295006137862253,0.6770685589043344
154.70000000000002,-2.0653284165037675,2.482954766273126,-0.574773982981764,-2.1680427293783278,0.05716417997263584,0.3921711529166624,-0.22225138224031568,-0.24766215295825417,3.115232039106376,0.06301593986020348,-0.1662729412143411,0.8542902510069064
154.8,-2.2714833755591646,2.478668053457635,-0.542348440794302,-1.9516021384664803,-0.14254477422726508,0.261211926705639,-0.23603005878481784,-0.2401519723933721,-3.068682250390403,0.1405355302467578,-0.1298527320970316,1.0611235977092999
154.9,-2.4549950622739383,2.4546487780884645,-0.5214742822699374,-1.7155546775016028,-0.3361728478392032,0.16192922758361328,-0.2463669367915472,-0.22375405923380667,-2.948088777878255,0.2056403519025187,-0.11751679372239246,1.30246417329218
155.,-2.6140191856886736,2.4118936749681303,-0.5087704653532518,-1.4622592546026145,-0.5160135982855678,0.09836209818761121,-0.2539304550355725,-0.19987501652198006,-2.802347414595337,0.25299991163459384,-0.13016735475650262,1.5834785675247707
155.1,-2.7469562385453576,2.352145127769947,-0.5005230806730745,-1.1942485444287836,-0.6749102337911864,0.07310663257215844,-0.2594060854401939,-0.169759321024783,-2.627204684962823,0.276834731041494,-0.16551276334903225,1.9063998103007516
155.20000000000002,-2.852467618554006,2.277821706335623,-0.49283532249088113,-0.9142036088123924,-0.8065409318891261,0.08721246058803467,-0.2632933894049815,-0.1343068834815817,-2.4186805331340286,0.2713520490674177,-0.2173662756393636,2.262798968851764
155.3,-2.929489134568783,2.191921746584013,-0.4817847524727174,-0.6249270181448013,-0.9056708703354488,0.1401408935485704,-0.26558465892002175,-0.09415973343138295,-2.1747898652429214,0.2325374563269343,-0.27475573159997146,2.619730711372901
155.4,-2.977241761136904,2.097903816995412,-0.46358158581001796,-0.3293147435730205,-0.9683609227562215,0.22978639977752313,-0.26551719290881065,-0.05026773409090008,-1.8986015076226805,0.16191732571603534,-0.32226666105443935,2.907110692833888
155.5,-2.9952395325344923,1.9995488370958119,-0.4347216884590404,-0.03032710252366134,-0.9921246989891648,0.3525605538659693,-0.26191605727413775,-0.004742459804198954,-1.601354644757919,0.07075604786453667,-0.3443616663169006,3.033184023790966
155.6,-2.9832944961608803,1.9008093448416887,-0.3921281851195708,0.2690409503204892,-0.9760276694176707,0.5035351128322779,-0.25431212147665094,0.03907337048382349,-1.3018269418402735,-0.02088850339319051,-0.3338105795986289,2.9457534563922234
155.70000000000002,-2.941518674733063,1.8056519221390568,-0.33327603163005354,0.5657898877968256,-0.9207244215225381,0.6766385151723433,-0.24368475341750878,0.07803996082864312,-1.0197794988185973,-0.09342280064924612,-0.29668989602043655,2.6807633640215807
155.8,-2.8703230168098326,1.7178990604941744,-0.25629458461224863,0.8569457283416301,-0.828432563350435,0.8648979689810057,-0.23174268947316978,0.11067293086926093,-0.7684818157280295,-0.1370724744822439,-0.24734616465437292,2.3284938362278162
155.9,-2.770413345475668,1.6410767711129337,-0.16004407838184698,1.139589904315271,-0.7028443142851898,1.0607174778304254,-0.21974197853124802,0.13702795767282475,-0.55264614683942,-0.1524408585212961,-0.1994364469610447,1.967194505726572
156.,-2.642783345223562,1.5782740147538545,-0.04416295937924264,1.4108885799640105,-0.5489793077191795,1.2561807203606725,-0.20810298359288615,0.1577095841887495,-0.3710762303958883,-0.14529700025642342,-0.16154570197555831,1.6375144570450093
156.1,-2.488704656887439,1.5320195554223903,0.09091580980446168,1.6681211238922384,-0.37298447391759637,1.44336670869663,-0.19666967697595744,0.1731758230208669,-0.21997727307974463,-0.12205900498232954,-0.1375710696897262,1.3518747848084645
156.20000000000002,-2.3097141795893306,1.5041811473612403,0.24398012764205623,1.9087074493750475,-0.18188898111430446,1.614665641349113,-0.1850352796469704,0.18353854507670095,-0.09500742679221888,-0.08782641025910741,-0.1285775154544084,1.1091051776165795
156.3,-2.10759870678992,1.4958910744331901,0.4130851999268801,2.1302339471912415,0.016675995435212698,1.7630823585009079,-0.17271937400387,0.18860394820714052,0.007828086124879756,-0.04604995093801138,-0.13430587481783568,0.9033520779469435
156.4,-1.8843770503781223,1.5075010104061464,0.5956292042450049,2.3304777497864086,0.21478150452108968,1.8825153018294205,-0.15922488873027651,0.18796530981516457,0.0919023915625372,0.00115212315181701,-0.1539974509596595,0.7280207893260747
156.5,-1.6422798320394005,1.5385679997184547,0.7884551569916259,2.507429082337534,0.40451692143282547,1.9679998575691167,-0.14404251881247793,0.18108901581316988,0.15994922408029633,0.05250525252783129,-0.18667429921698778,0.5772112894311922
156.6,-1.3837271446416792,1.5878721176269643,0.9879749226444033,2.6593114755244507,0.5783053197930301,2.0159063814428158,-0.12664796772985387,0.16739752468737207,0.21413038818448588,0.10705546898211454,-0.23103472646790008,0.446132541128808
156.70000000000002,-1.1113043078410914,1.6534651056834824,1.190310422259038,2.7845996363168286,0.7292055398910903,2.024085010777052,-0.10651827515093858,0.14637171519109105,0.2561196694898868,0.16361273358469297,-0.28506355564378943,0.3311327584001434
156.8,-0.8277359613172017,1.7327480435964637,1.391446412466399,2.8820347966471562,0.8511889110053346,1.9919514905406213,-0.08318504137035579,0.1176954992993715,0.28717889475000663,0.22014668343860377,-0.3454471887824229,0.22954314848044158
156.9,-0.5358587558037772,1.8225749609461515,1.587388744967798,2.9506373852213943,0.9393795956685822,1.9205105916304572,-0.056336169566885926,0.08145410626989448,0.3082190904562504,0.2732055783810922,-0.40697269664798574,0.13932923063516023
157.,-0.23859291622352222,1.919378258080621,1.774321798025235,2.9897168946614348,0.9902489741087984,1.8123161877256277,-0.025962381703712817,0.038369761545647856,0.319845826195614,0.3176076042406659,-0.46227820612618836,0.05848787204148992
157.1,0.0610870373891578,2.019310936057601,1.948758804449402,2.9988788444097874,1.0017563193712862,1.6713695822498071,0.0074878774119140614,-0.009987518428731468,0.3223896683950844,0.3468330142311994,-0.5024890494725983,-0.01576080473094736
157.20000000000002,0.36018211698966274,2.118399965372994,2.1076790837732675,2.9780287690676075,0.9734301548489308,1.5029601387523503,0.043022617220222985,-0.06112341000153922,0.3159228930335375,0.3544560638676108,-0.519120019566722,-0.08766238030886074
157.3,0.6556989419213103,2.2127046791486573,2.248646708381905,2.927373191790356,0.9063870507526184,1.3134545681955858,0.07917818631448836,-0.11178913587341324,0.300263239331479,0.3363295693020365,-0.5068839010256362,-0.16296459308009814
157.4,0.9446797603624906,2.298473876143257,2.369905873529977,2.847417572727282,0.8032871101657211,1.1100432735188022,0.11427476651652214,-0.15842425239373853,0.27496492737151035,0.29237646719645666,-0.46606347150229444,-0.24803609280407748
157.5,1.2242321150946112,2.3722953703842946,2.470449169912939,2.7389612529558973,0.6682279193133442,0.9004538638384665,0.14676463427582018,-0.1977511739786811,0.23929658720846328,0.22676022305032523,-0.4029399450700701,-0.3485496432457563
157.6,1.4915578554266558,2.431232025349771,2.5500560377395303,2.6030894446225177,0.5065811899143458,0.6926432594823713,0.17551448145961634,-0.22730218826786416,0.19220529824963375,0.14635497550015203,-0.3279688017803128,-0.4686743657905635
157.70000000000002,1.7439812036745872,2.472938849445731,2.6092998700131966,2.441162347749993,0.32477860617002036,0.49448066256892864,0.19991701826550726,-0.24570126263484834,0.13226587461499986,0.0586876607426308,-0.2528812833579697,-0.6112930645211727
157.8,1.978975594095015,2.4957564845524267,2.649523482578509,2.25480150311368,0.13005541399452414,0.3134340320015717,0.21984491918041305,-0.2526622456147308,0.057615481339765115,-0.02941749293204564,-0.18821806599565652,-0.7789423261128355
157.9,2.194189014516253,2.498777360545878,2.672783929596491,2.045873518422934,-0.06983802522551191,0.15627256203399031,0.23553149295356324,-0.24878185070241798,-0.03412279246133148,-0.11213109417694593,-0.1419887428650409,-0.9748029295957846
158.,2.387467595966564,2.4818818784225396,2.681768865203317,1.816471331500905,-0.2669452168997955,0.028797025548932598,0.24745246762839757,-0.2352356096228066,-0.1459136871842867,-0.184208251692288,-0.11925857078915104,-1.203193935262124
158.1,2.556877213226078,2.445743179520194,2.679687786461799,1.5688931989573822,-0.45342073338436023,-0.06439126768999959,0.2562320568437266,-0.2134541725449539,-0.2813409861842568,-0.2403886329383992,-0.1221138919292238,-1.4691085753628041
158.20000000000002,2.7007228792389286,2.391800310701134,2.6701424941072682,1.3056196217533091,-0.6218429862434867,-0.12007368701297505,0.262546196994237,-0.18482391083235242,-0.44449372710424145,-0.27498810428926695,-0.14952180197212345,-1.77594293059888
158.3,2.8175657385194586,2.3222008553171527,2.6569819361001996,1.0292884398271538,-0.7655101013802484,-0.13654236691039945,0.2669640154162872,-0.15046351320456416,-0.639474597019374,-0.2820255204466566,-0.19679041699047847,-2.1196801623989776
158.4,2.906237488845918,2.239715317078425,2.6441472215954205,0.7426683463819732,-0.8787071014286285,-0.11366805691524717,0.269681806395323,-0.11119717690406757,-0.8691054071061063,-0.25644621414425495,-0.25466841222666414,-2.477554656463746
158.5,2.965852086410589,2.147626670071508,2.63551298480004,0.4486310883378162,-0.9569337436874154,-0.052905030454061364,0.2702430258526591,-0.06791922670966134,-1.1324011700797019,-0.1971778073930529,-0.3090037929094147,-2.794250788979113
158.6,2.995814616930805,2.049599478218404,2.634731423700704,0.15012263266728088,-0.9970839304171727,0.04276714291667749,0.26763450947783696,-0.02234874290183923,-1.4213571032231185,-0.11155559743153287,-0.3433523206891907,-2.984531351553073
158.70000000000002,2.995827243740096,1.9495338019708492,2.6450852319885687,-0.14986641127118333,-0.997569538977603,0.16896264041248288,0.2611349414867533,0.02255910071493042,-1.719912714807966,-0.01694797001740353,-0.3462762116332516,-2.9777493563003525
158.8,2.9658921732886654,1.8514097165189813,2.6693552879558156,-0.4483308158174767,-0.9583837350885671,0.3200644980738544,0.2512723945979465,0.063535198656895,-2.0083528014588654,0.06562290941914428,-0.31866611755116964,-2.7771834433658715
158.9,2.906311608489487,1.7591286400822854,2.7097083758110205,-0.7422809034587307,-0.8811012451148186,0.4894488106811931,0.23959762554903616,0.09856431031448645,-2.270888978471417,0.12198188133928968,-0.2725336452237197,-2.4569454200557077
159.,2.817684690648457,1.6763577980236426,2.767609416218448,-1.0287725561623702,-0.768815576519314,0.6697490812605857,0.22755005319561417,0.12729125369601035,-2.4998131500082,0.14895790713790108,-0.22253937262435142,-2.10116211802214
159.1,2.700901461008673,1.606384023510941,2.843761705748514,-1.3049367637503055,-0.6260156893075487,0.8531501812705747,0.2157957225829551,0.15021332305457952,-2.6942931542831814,0.15073196907207032,-0.17947064120099418,-1.762846771204731
159.20000000000002,2.5571339029146487,1.5519827232326198,2.938077548286306,-1.568008414146199,-0.45840703518317016,1.0317002020726014,0.20432965160827143,0.16785369606182443,-2.857169032132636,0.1337087179825704,-0.14903851397279447,-1.463377637866324
159.3,2.387824154960441,1.5153072320905512,3.049680449800273,-1.815354035999255,-0.2726840990192972,1.1976277650162448,0.19280717924864782,0.18042469672560094,-2.9924974576306758,0.10359189776257013,-0.13337095741091445,-1.2061580677674721
159.4,2.1946700139288984,1.497802967949217,3.176938789528778,-2.044498214777715,-0.07626351069856963,1.343652139851334,0.1807676245877545,0.18781289799483505,-3.104308116987526,0.06449813155739874,-0.13270983475954695,-0.9872121156755996
159.5,1.9796078735744804,1.50014980882068,3.3175296257613853,-2.2531484168204665,0.12301163268839943,1.4632738078844452,0.16772164529933797,0.18966240036177154,3.087051358763021,0.019057043769626206,-0.14650368502393513,-0.8005108036225265
159.6,1.7447932710697316,1.5222349897248362,3.468530093008406,-2.4392179719096094,0.31718444654597894,1.5510338859030182,0.15316579638627462,0.18546156927590543,3.0122829340142254,-0.031159806185462158,-0.17389936869781372,-0.6401434952294794
159.70000000000002,1.492579236971131,1.563157599741663,3.6265327473552063,-2.6008469835083887,0.4985014748246215,1.6027320683102446,0.13657708705035698,0.17462186063759846,2.952220451485049,-0.0851300607078571,-0.21378925072150065,-0.5010743718192522
159.8,1.2254926666189587,1.6212644999720187,3.78778026204447,-2.7364209567156212,0.6597217960169348,1.6155943986602193,0.11741869407709815,0.15656758930990103,2.9050179600994386,-0.14183490817492736,-0.26452921214429714,-0.3793377702960498
159.9,0.9462089507449594,1.6942162304713708,3.948314103884538,-2.844586957007125,0.7944056960188486,1.5883841819242492,0.09517700357335611,0.13086128888744814,2.8692616934753614,-0.19965757610279944,-0.3234086311432731,-0.2719905020483179
160.,0.6575251205268593,1.779080278654692,4.104131263692519,-2.924267137730901,0.8971713993788433,1.5214516156168818,0.06944511183226904,0.09738295873070806,2.843907110685103,-0.25574989550125676,-0.3860018322639922,-0.1768732432186097
160.1,0.3623317772157222,1.872447990855645,4.251342792879746,-2.974669500850029,0.9639096238712739,1.4167201609942448,0.04005786570297902,0.05656091639133775,2.828229980547723,-0.3055395847791828,-0.44569061494222223,-0.09212043595173282
160.20000000000002,0.06358408863010533,1.9705704661450405,4.386327826265313,-2.995295783311666,0.9919474047796983,1.2776101975089593,0.00725739317439071,0.009611634391606252,2.821791775130024,-0.34276482397944413,-0.4938626289429214,-0.01539666586506066
160.3,-0.23572785586717176,2.069508014750636,4.505876951137684,-2.985946390384317,0.9801546577330409,1.1089030040233714,-0.028174713001828656,-0.04130709016860532,2.8244186868246643,-0.36049609359951573,-0.5213206961956243,0.05693222283698623
160.4,-0.5326090339119273,2.165287222643087,4.607319207301895,-2.9467223270548626,0.9289892317706842,0.9165504892638741,-0.06491440744588245,-0.09315482638468171,2.8361936028494426,-0.3531922126357371,-0.5209256958326383,0.13018176515294802
160.5,-0.8240895208185782,2.2540593606180295,4.688627655412612,-2.878024108811157,0.8404786565127919,0.7074382568059269,-0.10128666393051733,-0.14235558697863418,2.857460759313175,-0.31892504163126273,-0.4904580003464137,0.2108027917162589
160.6,-1.1072542606706424,2.3322538226044425,4.748499305294858,-2.7805476635511157,0.718139311118734,0.4891114502810874,-0.1356070676133456,-0.18537148727422095,2.888843283969049,-0.26034156240382805,-0.4340104609578485,0.3050683366318156
160.70000000000002,-1.3792722787843756,2.3967204760979155,4.786406218122815,-2.6552772666471616,0.5668362375120419,0.26947430833215175,-0.1665211583939574,-0.2193010443854967,2.931274238466024,-0.1836751719838163,-0.36094778873228195,0.4178944087188747
160.8,-1.6374250422087628,2.444855249656141,4.802615745518898,-2.5034755810512936,0.3925891866765195,0.056475406950606155,-0.1931937870060084,-0.2422820289773297,2.9860418266623636,-0.09662288214326795,-0.283133501037096,0.5526238368233828
160.9,-1.8791336835786017,2.4747039506796855,4.798179099032992,-2.326670903448121,0.2023326303449599,-0.14220886257316456,-0.2153135310206451,-0.25359840522641686,3.0548485897294917,-0.0065402806696520785,-0.21205731009244516,0.7117695695810617
161.,-2.1019848151500606,2.485040174590319,4.774888706012287,-2.1266417455606232,0.0036393056579751004,-0.31947996151463426,-0.23298257971902261,-0.2535364538399632,3.1398813629537545,0.0802676852065879,-0.1569925784607473,0.8980658075939083
161.1,-2.3037546741126036,2.4754141994140406,4.735206052244787,-1.9053989064984684,-0.1955816858056479,-0.4690998315483302,-0.24658289387440757,-0.2431028066101876,-3.0393048343171456,0.1583219850981103,-0.12427415582073384,1.1151550354499582
161.20000000000002,-2.48243135713319,2.446170916495881,4.682162888341102,-1.6651652172461306,-0.38740018878790994,-0.5859392152355875,-0.25666596822156196,-0.22370237356141578,-2.9130091530946993,0.2223565166515338,-0.11718494259737564,1.3674226151855433
161.3,-2.6362349213835437,2.3984360825054742,4.619239738707279,-1.408353161761693,-0.5641811444546718,-0.6661817695803106,-0.2638589654885674,-0.19683367470039081,-2.7605722822866476,0.2667844057512581,-0.13589059650410695,1.6583466843753663
161.4,-2.763635150832707,2.334071440822371,4.550226556817463,-1.1375406004608062,-0.7188889759366979,-0.7074758354580118,-0.2687427989591512,-0.16384472279647516,-2.5779985034083692,0.2855984975760863,-0.17704923631115418,1.986122003600487
161.5,-2.8633668101338507,2.2556005014699294,4.479071082250035,-0.8554448408850307,-0.8453680744166076,-0.7090278125185276,-0.2716547833076277,-0.12582927791484766,-2.3621190974645856,0.27317056736633966,-0.23301346928007055,2.334902894302518
161.6,-2.9344422337646803,2.1661079385174293,4.409720945225321,-0.5648953169001564,-0.938588203667401,-0.671633417170227,-0.2724476404229435,-0.08380706358458885,-2.11257970885427,0.22662671193158868,-0.2911966541290617,2.662662515791029
161.70000000000002,-2.976161124932422,2.0691166156584755,4.345965813633217,-0.26880515168055846,-0.9948450395377015,-0.59764557765872,-0.2704473397531434,-0.039258938256312194,-1.8346927095648575,0.14989190774912511,-0.33544694715712764,2.8973379418868075
161.8,-2.988117466860444,1.9684471425679058,4.2912858758283585,0.02985810913399191,-1.0119078495072622,-0.4908802463332732,-0.26496931073392616,0.005382397435386865,-1.541298138427194,0.056731303314182,-0.3516669746521796,2.963923788709499
161.9,-2.9702034781487745,1.868065561081575,4.248712699866016,0.3281022994841486,-0.9891084247950989,-0.35646388424011693,-0.25617802608267953,0.047139279487625696,-1.2505027981823944,-0.03248633025578632,-0.3357072412652232,2.83837890750251
162.,-2.9226105736514882,1.771925233470874,4.2207080164253155,0.622940670243336,-0.9273677195774246,-0.20062869852287163,-0.2452580538145459,0.08376284387479487,-0.979296561291785,-0.10035434548351857,-0.29572933112273847,2.5686827085783714
162.1,-2.845827322441315,1.6838092362270378,4.20906525808806,0.9114218597390932,-0.8291591352940961,-0.030463796041059366,-0.23359800531355737,0.11446649456483121,-0.7381716582481178,-0.13944468492992027,-0.24596548845578128,2.2337964275593016
162.20000000000002,-2.7406344246307706,1.6071795426178044,4.214837780400219,1.1906594961050367,-0.698409913782254,0.14636782590074499,-0.2220192702374254,0.1394804597614078,-0.5304889515173545,-0.15133370573296723,-0.1989959129927555,1.8956769243651923
162.3,-2.6080967587865462,1.545039006631984,4.238296626407391,1.4578611339617178,-0.5403445703820061,0.3219351688533809,-0.2106787808169888,0.1592601915207502,-0.35494449696081115,-0.14173671345163377,-0.16257404705016187,1.5859863444475526
162.4,-2.4495525811064756,1.499811650576149,4.278919518533231,1.7103562347585828,-0.36127660884158386,0.48835580753978336,-0.19933284835654647,0.17404607045021625,-0.20816886533870102,-0.11671376806035506,-0.1402297180553321,1.3148744107602057
162.5,-2.266599986132463,1.4732460288795741,4.335411516716725,1.9456229098642863,-0.16835682169215577,0.6381105281949889,-0.18757589006719116,0.18377500003542277,-0.08631605897618214,-0.08104276449793511,-0.1329360488495168,1.081839594466976
162.6,-2.061080766256733,1.4663455206871643,4.4057565192733,2.161313158078874,0.03071178943845787,0.7643434871194357,-0.1749532644450142,0.18813636114131213,0.014208826003419637,-0.037955704492701935,-0.14044526101818602,0.8823462170199481
162.70000000000002,-1.835061833369883,1.4793283302547957,4.487297553325272,2.355276344520634,0.22798110834554908,0.8611359228981628,-0.16098928929012749,0.18665076954063967,0.09649528642699344,0.010560289964919959,-0.16202208349491026,0.7109468358125365
162.8,-1.5908143904334793,1.5116187898049709,4.57684265388051,2.5255806856634972,0.41557477071105764,0.9237425100705534,-0.14518371566254318,0.1787421539411737,0.16308483938731116,0.0632892738738346,-0.196674722646668,0.562570475470471
162.9,-1.3307910632906679,1.5618703115704826,4.670792110482678,2.6705325254857906,0.5860021700457341,0.9487809314039068,-0.12701102293921446,0.16381486722054434,0.21600913303582944,0.1192582570676198,-0.2430097818409204,0.43299520259278934
163.,-1.0576012234345544,1.6280190740004057,4.765282008480838,2.788693210029353,0.7324570846828076,0.934367110949672,-0.1059441324556996,0.1413590874590606,0.2568509410660725,0.1771554982283472,-0.29879883347398717,0.3189603476930759
163.1,-0.7739847505234734,1.707366301828775,4.856338342334658,2.8788933919398865,0.8490890205081295,0.8801907163960135,-0.08151913123748188,0.11110592794441804,0.2868043824335998,0.23469315424190154,-0.36035658324822506,0.21805678193753153
163.20000000000002,-0.48278449899175624,1.796685859759216,4.940035556880266,2.9402446225122536,0.9312364518480977,0.7875279205048298,-0.053451537187732226,0.07323977710522755,0.3067254635626344,0.2880160955058188,-0.4219460014731084,0.12837276972045866
163.3,-0.18691774599429586,1.8923528703446326,5.012653195935813,2.972148116140137,0.9756126619371257,0.6591909127045497,-0.02179611489054664,0.028643360275755717,0.3171701305871386,0.33145974443457565,-0.4756357244695239,0.0478433228438915
163.4,0.11065309198607282,1.9904882284732834,5.0708244130636535,2.9743006005897463,0.9804367740919991,0.49941617348181105,0.012895388161615607,-0.020899452296929525,0.31841933876365786,0.3581300007730347,-0.5121815509769394,-0.02659777918796349
163.5,0.4069501793413029,2.0871132511241766,5.111670423718501,2.946697195893036,0.9455047497932234,0.31369596555084367,0.04950645750562233,-0.07266342468576131,0.3104913233084348,0.3615973506569434,-0.5232419658153822,-0.09965577481432018
163.6,0.69901011959977,2.178308296994339,5.132915538467185,2.889631294592477,0.8721975232042796,0.10855975954677682,0.08646652837992705,-0.12321274319730266,0.29314122494196715,0.3382300521332788,-0.5043500819482782,-0.17753164631336743
163.70000000000002,0.9839136517759239,2.260369032333827,5.132978191120101,2.80369144626249,0.7634259478309828,-0.10868569205644021,0.12204657575079068,-0.16890350098800858,0.265847927364804,0.28883171892011755,-0.45708986718764255,-0.26683524491194
163.8,1.2588148866385835,2.3299541131625476,5.1110343326045955,2.689755279379166,0.6235147501241309,-0.3302472705375393,0.15472132249268497,-0.20650259867606083,0.2277876783814081,0.21842121925784422,-0.38903520432837685,-0.3732151216272053
163.9,1.5209697895311987,2.384218396245251,5.067050663084957,2.5489805234045693,0.45803011642861846,-0.5481557983085725,0.18343035966410595,-0.23369036280502029,0.17779409730714282,0.13438502037044817,-0.31148184672426704,-0.5006910618901872
164.,1.767763624125095,2.4209263681229514,5.001786377270761,2.3827932230965327,0.27355778684388643,-0.754583367272192,0.20765076672781313,-0.2492879147651921,0.11430506928506211,0.04438736207809615,-0.23641698013907775,-0.6520486069505393
164.1,1.9967370821096244,2.4385412701435323,4.916763353118915,2.1928732652530956,0.07744050269278857,-0.9421550374397023,0.22731760201379336,-0.2532028591738054,0.03529995799490809,-0.044800985627408696,-0.17419504507686082,-0.8298120203667834
164.20000000000002,2.2056108372023484,2.4362863663576073,4.81420597218076,1.9811373650715938,-0.1225147252601324,-1.1042424795314494,0.24268584241535787,-0.24619261643102022,-0.06176194984992108,-0.12738319730902473,-0.13240380073444386,-1.0370437449879142
164.3,2.3923082778676843,2.414175911721942,4.696952970519914,1.7497196847735206,-0.3183478575482786,-1.235227855116618,0.254203401782487,-0.22955821085619477,-0.179973551594074,-0.19800159016527796,-0.11556140782369552,-1.2773874176722304
164.4,2.554976191600063,2.3730145860058114,4.5683448341631365,1.5009502808602195,-0.5022631675152753,-1.3307274143840861,0.2624112063790371,-0.20484411267095348,-0.3229172049513797,-0.2511292246479547,-0.12504841642259823,-1.553817149702638
164.5,2.6920031943658262,2.314365415968602,4.432091227993422,1.23733159808838,-0.6669400321940995,-1.3877658975643001,0.2678448853535406,-0.17358919455924074,-0.4943701671318773,-0.2807976957783115,-0.15882143020085765,-1.865236001110346
164.6,2.8020357216037635,2.2404874646501507,4.292123742981893,0.9615132477627683,-0.8058247823023129,-1.4048947873251083,0.27090088472914114,-0.13718048419202483,-0.6975329093148439,-0.281082532153988,-0.21073798363395171,-2.199799020395326
164.70000000000002,2.883991421818779,2.1542457719050985,4.152439831951382,0.6762653250489844,-0.9133919762147619,-1.3822496979465693,0.2716707218560329,-0.09689612278908499,-0.9334747204452046,-0.2479255912762179,-0.26984898616034086,-2.5253773900179772
164.8,2.9370698200221934,2.0589971365680135,4.0169441553342375,0.3844505345361776,-0.9853646817448448,-1.3215446135032782,0.2698704189258708,-0.054199375798779176,-1.198800810860303,-0.1825866640644796,-0.32102762718723055,-2.7841766328953987
164.9,2.960760145808993,1.9584562937535352,3.889293661627263,0.08899540508316534,-1.0188849837952998,-1.226003204911109,0.2651015143739498,-0.011096389629973108,-1.4836715653091905,-0.09513116696800968,-0.3490276337878048,-2.907583136961522
165.,2.9548462494373853,1.856547822380654,3.7727525783408415,-0.20713911604957558,-1.0126279202759343,-1.1002299641616218,0.2574250319308344,0.02997801715209928,-1.7725687922893976,-0.003642514090966277,-0.3456853433267701,-2.8564191437703674
165.1,2.9194085586035823,1.7572496869004142,3.670063094124426,-0.5009873937435133,-0.9668543040232856,-0.9500262933634923,0.2476482233420545,0.06695299570992655,-2.0488679327870454,0.07308777121379567,-0.3145642336186027,-2.6512459240057242
165.20000000000002,2.854823058385837,1.6644346507246617,3.5833368871777944,-0.7896088611482992,-0.8834003248787303,-0.7821588806871265,0.2368887958906769,0.09881327439505029,-2.3001915761273493,0.12374935099602377,-0.26783721513221415,-2.3547771315595565
165.3,2.7617573067684256,1.581715883702044,3.513971823967853,-1.070117502259483,-0.7656043464575808,-0.6040895974773388,0.22593769876775874,0.12547292781501265,-2.5205795814990255,0.14650188046801307,-0.2188995912502978,-2.0300155116713383
165.4,2.6411635279451744,1.5123029187835422,3.4625971487948917,-1.3397107647927875,-0.6181738159905901,-0.42367768482574986,0.21504553017100364,0.14718506610031193,-2.709279787085723,0.14548077992614794,-0.1774601875581773,-1.7173367881252166
165.5,2.4942688549452856,1.4588737004311734,3.4290493488990865,-1.5956976131522473,-0.4469975931229732,-0.2488661026257963,0.2040748052667549,0.16410577205694857,-2.8684664152014534,0.1266164546632342,-0.1487481400082045,-1.4351122431090615
165.6,2.3225628217240004,1.4234678257955746,3.412379656845593,-1.835525440165705,-0.25891117952916887,-0.08736454552156955,0.19270453583648833,0.17615426180015145,-3.001461534653847,0.09520777689202692,-0.13476551784801755,-1.1881807423830248
165.70000000000002,2.1277822324318283,1.407405234799922,3.4108928906357168,-2.056805567959258,-0.061424208897798316,0.053658236959363656,0.18054595036353313,0.18303263801783404,-3.111737639975343,0.055124449888074266,-0.1357418581189699,-0.9748611724748807
165.8,1.911893561840821,1.4112335906998643,3.4222160826409067,-2.2573370827484696,0.13757893859850262,0.16786054972949108,0.1671783466534557,0.1842858235507795,3.0807205009751684,0.008869741990202556,-0.15111125485791563,-0.7909775893512495
165.9,1.677073065599781,1.4347064488903878,3.4433941608572054,-2.4351287652904086,0.33015346179291083,0.24998088451425104,0.15214879305426296,0.1793605867246915,3.006834873485579,-0.042026266477343616,-0.17995793148828976,-0.63184338267414
166.,1.4256848018694956,1.4767930843004131,3.4710088674742554,-2.5884188980892553,0.5086108728074055,0.29604798355526235,0.13496864324827976,0.16766758748066543,2.947569731889697,-0.0965078958552631,-0.22103681301793074,-0.4931619729044118
166.1,1.160256786718123,1.5357195855877666,3.501316173340871,-2.715692751990106,0.6658255129334116,0.3035394599403559,0.11512785801617258,0.1486660205666327,2.9011583718638976,-0.15343991109150704,-0.27246824827386584,-0.3713900655111248
166.20000000000002,0.8834555242345277,1.6090395778386437,3.530396709524421,-2.815697578303962,0.7955186302888987,0.2714826507436072,0.09214323812526175,0.12199208561360259,2.8662395603682023,-0.21099548793940134,-0.3311974051017878,-0.26379741157430414
166.3,0.5980591684545481,1.693731754280533,3.5543132181984256,-2.8874549578479916,0.8925086939720606,0.20049368215698976,0.06565332968208618,0.08764412370704439,2.8418094340131215,-0.266036742379129,-0.39237800507661547,-0.16826776813203945
166.4,0.30692958773052237,1.786320328727203,3.5692687452414926,-2.930270385001947,0.9529179654767039,0.09275318909020246,0.035561118461802925,0.04621391814010179,2.8271817125472363,-0.3136977554254637,-0.44901163225454177,-0.08280283848974165
166.5,0.012983612979940665,1.8830136066964496,3.571759267350036,-2.9437399928017594,0.9743270920181633,-0.04808034289510824,0.0021966481809676083,-0.0008889291827733236,2.82195913413121,-0.3475788032370174,-0.49236407876105687,-0.004757096760168498
166.6,-0.28083624079150676,1.979855150807613,3.5587146683334594,-2.9277543539357223,0.9558715586222446,-0.21701615864772442,-0.03357056290302285,-0.05132245535439581,2.826017074283774,-0.360959526493013,-0.5136195184349174,0.06992146501984046
166.70000000000002,-0.57159128525184,2.072881513971379,3.527622443731052,-2.882499321982312,0.8982761537365375,-0.40792993373995223,-0.07036201621013173,-0.10192659723243538,2.839499665415114,-0.34892202425513924,-0.5066062303905454,0.14691163155519704
166.8,-0.856376105271751,2.158280252047125,3.4766292014451956,-2.8084539070363497,0.8038260743290868,-0.6138076725858316,-0.10651036803953617,-0.1491178521466311,2.8628286702940193,-0.3103778117869672,-0.4704116790292339,0.23281281025748285
166.9,-1.1323476456119939,2.2325419165021168,3.4046159112786927,-2.706385209709648,0.6762758224226861,-0.8270250810230978,-0.14040199057446529,-0.18947242537631911,2.896725444162058,-0.24865368977346647,-0.4102852492711488,0.33382579449541666
167.,-1.3967536460383785,2.292599967604315,3.311243902800908,-2.5773404670641815,0.5206995250728073,-1.0396512757581677,-0.17078533291546133,-0.22028717107612147,2.9422461471369976,-0.17024284836948078,-0.3361975127285427,0.4547405768758967
167.1,-1.646960139948422,2.335953030251606,3.196969777129215,-2.4226362930404925,0.3432886450590817,-1.243764722838444,-0.19691733611743711,-0.23992088917223348,3.000829344271675,-0.08272255853147586,-0.2600077088413405,0.5988924257098206
167.20000000000002,-1.8804777412640274,2.360764618483172,3.063028637507153,-2.243845224091422,0.15110514692672367,-1.431768809779454,-0.21853604822841544,-0.24784957177404537,3.0743521208605493,0.006810326970489488,-0.19280684572814982,0.7689010358997869
167.3,-2.094986456776661,2.3659363529713167,2.9113863065795815,-2.0427797077377305,-0.0482000411307818,-1.5966944705767063,-0.23573647226715863,-0.2445009770017485,-3.118001710824218,0.0922149298500222,-0.14332729421376972,0.9674745409845823
167.4,-2.288358776196984,2.351151752543467,2.7446624346588564,-1.8214736973552403,-0.24669204551225998,-1.7324777989906073,-0.2488329672821995,-0.23098319023717226,-3.0069763290755445,0.16796168651995744,-0.1173390519607266,1.1975876002421528
167.5,-2.458680809700832,2.3168888539043238,2.5660275637515135,-1.582162040430422,-0.43646838545689626,-1.8342015826268008,-0.25824791346920845,-0.20880032801573542,-2.8724193510213336,0.22851998665971174,-0.11748322650685436,1.4614857560728676
167.6,-2.6042712626070634,2.264401156449736,2.3790782504077206,-1.3272578695368296,-0.6099740198928769,-1.8982911286969704,-0.2644234189902609,-0.17961062401040356,-2.7108050659661527,0.26795803829118997,-0.1430239468950016,1.7578979019547962
167.70000000000002,-2.7236980587597985,2.195667651842288,2.1876952251721518,-1.0593282251748048,-0.7603025429626714,-1.92265657458764,-0.2677358641846451,-0.14506435785357452,-2.519071877427831,0.2801877277328121,-0.18926591516086985,2.0768255193236254
167.8,-2.8157924480003,2.113313930511806,1.9958902426855665,-0.7810681571794303,-0.8814715205096545,-1.9067760098434,-0.26841195430501696,-0.10676086214405425,-2.295876189603018,0.2603677391404395,-0.24685593704092987,2.392459395443825
167.9,-2.879660458559379,2.020507510315278,1.8076477273439044,-0.4952735664612342,-0.968660990729839,-1.8517160958302676,-0.2665026740624589,-0.06634129049892121,-2.043440725954157,0.20779156014713723,-0.3020101080239123,2.6589002353078177
168.,-2.9146915820197825,1.9208315602725277,1.6267675269027322,-0.20481306125727813,-1.0184056207195173,-1.7600893611115458,-0.2620164157825294,-0.025617781458078526,-1.769260388273738,0.12927835239167845,-0.3394225420000643,2.8188675045533396
168.1,-2.920564606422237,1.8181420536134758,1.4567150422337622,0.08740088829496404,-1.0287328582442978,-1.6359498751053887,-0.2551971414903394,0.01351071888867435,-1.4860401119096909,0.03984347187388315,-0.34829692547166147,2.8306127258016858
168.20000000000002,-2.89725054183214,1.7164140449942136,1.3004847073708277,0.3784412066768978,-0.9992415710541867,-1.4846314592532228,-0.24666874395244465,0.049464416610842575,-1.2087608960943752,-0.042165224345711794,-0.32782068534438147,2.694684455533723
168.3,-2.845012611959098,1.6195832003242892,1.1604822617436759,0.6653955861796609,-0.9311180386434977,-1.3125348857733452,-0.2372091668164623,0.08135459055150596,-0.9503255149268687,-0.10275040573298001,-0.2868705134898971,2.4520240901740964
168.4,-2.764403314931681,1.5313888969104146,1.0384305073031388,0.9453956814773048,-0.8270886589144382,-1.1268725477740642,-0.22737959508104955,0.10892102664680686,-0.7187505780673288,-0.13643519798878093,-0.23830554278253702,2.156767203634027
168.5,-2.656258585778547,1.4552251490192298,0.9353023069702888,1.2156458323947779,-0.6913112551806162,-0.9353807799815237,-0.21737193906646854,0.13216498242211228,-0.517070283137117,-0.14490274123175229,-0.19325709748602593,1.8524881024752484
168.6,-2.5216891222571847,1.3940053019860417,0.8512834948089052,1.4734510267402345,-0.5292093167571413,-0.7460112990005511,-0.207094411924682,0.1510438519186683,-0.3448145483962729,-0.13325150203725367,-0.1587772076499091,1.565139852518176
168.70000000000002,-2.3620689641110606,1.3500458890884977,0.7857671758294443,1.7162438230191286,-0.3472557814418831,-0.5666140644627895,-0.19631012422326954,0.1653577826356288,-0.19963950977355888,-0.10698065406493315,-0.13821588542751886,1.306377013842191
168.8,-2.179021443339419,1.3249742814451335,0.7373796419233501,1.9416099636095183,-0.1527149797983583,-0.40462420443517083,-0.18471974621053308,0.17475488286850513,-0.07849219300367999,-0.07054101767709767,-0.13253470264278475,1.0790476295513907
168.9,-1.974402649353868,1.3196638126456668,0.7040368699854277,2.147312422441978,0.04664697089343578,-0.2667654864282887,-0.17198551983002522,0.1787694853154639,0.02172000441366531,-0.027015512340791255,-0.14146569406861595,0.8814627415556889
169.,-1.7502825777126954,1.334198964489462,0.6830293490629632,2.331313647249815,0.2428717773379362,-0.15878215572181692,-0.15772749855703525,0.17686051126942767,0.10380363028349095,0.021647884689212984,-0.16418918525418996,0.7100437786071101
169.1,-1.5089241542137202,1.3678720017666848,0.6711318539771202,2.4917957748803232,0.4281262423758274,-0.08520983180352212,-0.14151755350007006,0.1684530165265029,0.17015300363131144,0.0741938909890644,-0.19954925989332759,0.5607922233542365
169.20000000000002,-1.2527603472642896,1.419211190242807,0.66473378832222,2.6271786187884367,0.5950145499470145,-0.04919459659241962,-0.12288764404040349,0.15299966743217702,0.2227267124599127,0.1295380419171679,-0.24590167495093446,0.4300359969086444
169.3,-0.984369600419279,1.4860394728843036,0.6599848997077638,2.736135250465611,0.7368731130485301,-0.052367486858611256,-0.10136550931541398,0.13008136281078628,0.2630701493068608,0.1861888575905836,-0.3006872064896554,0.3147376086672177
169.4,-0.7064498335948435,1.5655612650897575,0.6529505572637639,2.817605020957557,0.8480362300304375,-0.09477939445831535,-0.07655006161164202,0.09956152909301155,0.2923535095677244,0.2416389947215057,-0.35985724671330926,0.2124846136434978
169.5,-0.42179127556850493,1.654473908674036,0.6397704002085448,2.8708038945441134,0.9240619583505912,-0.17489896973064553,-0.04823273537720203,0.06179278776959098,0.3114097819011987,0.29185724264450946,-0.417401220823697,0.1211719594081911
169.6,-0.13324840181659023,1.7490993412870568,0.6168140318842261,2.895231993834964,0.961909200915165,-0.28967361166161015,-0.01655107303576188,0.01784170759230884,0.32076539923792774,0.3311955285712414,-0.4654094655780129,0.03838057315617223
169.70000000000002,0.1562887395849071,1.8455307320228085,0.5808275514490399,2.8906782836957903,0.9600589451310736,-0.4346511133474657,0.01787532802323817,-0.030349175127817492,0.32066029880280467,0.35312845543260957,-0.49516981855184217,-0.03938394966282513
169.8,0.44392352544974806,1.9397882373194029,0.5290650806894188,2.8572223502793137,0.9185748212519406,-0.6041571131503358,0.05390947983327237,-0.07997531901357047,0.31105598851542904,0.3519727791169617,-0.49943185000455603,-0.11716611837407954
169.9,0.7267817869050843,2.0279776676542958,0.4594000416094398,2.7952332607012864,0.8391005657474225,-0.791521277139706,0.09003180621803547,-0.1276438735390406,0.291630930972705,0.3249848072529029,-0.4751030663404846,-0.20126875249168127
170.,1.0020405793135079,2.106445739493624,0.37041174772864316,2.7053655182781307,0.7247944908233607,-0.9893431956459489,0.12462897574695593,-0.16987812502937627,0.2617628255164712,0.2735932630738966,-0.42490739711669384,-0.2981814332900112
170.1,1.2669564042146004,2.1719257230907147,0.2614438561810496,2.588552157434163,0.5802035725862196,-1.1897873934737682,0.15631551506767905,-0.20368917456205587,0.22049775152812048,0.20291508594823346,-0.35690908314030995,-0.41341037757173504
170.20000000000002,1.5188926006570154,2.221667679615425,0.13263234953085823,2.445995051098407,0.41108217755928855,-1.3848956926495264,0.184143677383946,-0.22700731221363063,0.16650732594231327,0.11998870586751575,-0.28221100553619116,-0.5510130121266978
170.3,1.755345631979011,2.2535480954708684,-0.015098069025847649,2.279152531355516,0.22416265435270794,-1.5669044747821594,0.20764086027028705,-0.23885262367806195,0.09803820135591504,0.03199395299098163,-0.2122073343618573,-0.7139880565893553
170.4,1.9739700055278417,2.2661545430234034,-0.18006902414644865,2.089724451010186,0.026886936272763784,-1.7285541947830043,0.22671800513318674,-0.23926147939948272,0.012865549226060268,-0.05463120991351177,-0.15658036257262625,-0.9049653782882157
170.5,2.1726015768628866,2.2588419925893946,-0.359913564023367,1.8796348393034745,-0.17289014497160493,-1.8633788065984394,0.24153226753816795,-0.22906917760321802,-0.0917226183441474,-0.13413215079579813,-0.12231972867513724,-1.126443828525709
170.6,2.3492790065279685,2.231758530697718,-0.5516687088855696,1.6510123290214025,-0.36721400651950675,-1.9659635624524547,0.25236348403755693,-0.20965362417992606,-0.21885501015377404,-0.20090333361478332,-0.11336269819873711,-1.3799535651518757
170.70000000000002,2.5022631563264754,2.1858394593218406,-0.7518917634825273,1.4061685544262525,-0.5483474383730966,-2.0321609079401783,0.25952471558045026,-0.18271004581024267,-0.3718200880538502,-0.24900744419627643,-0.13031068949287755,-1.6636285096982992
170.8,2.630054233001681,2.1227700113265344,-0.9567957573185851,1.1475747395951976,-0.7090790614428794,-2.059255865896465,0.26330751244134404,-0.15009198572648536,-0.5534727500740069,-0.2722280273899907,-0.16988735201430882,-1.9679238326146788
170.9,2.7314065100991876,2.0449181685464186,-1.1623986138391975,0.8778367146676401,-0.843010822375204,-2.0460743156838226,0.2639693972056814,-0.11372530619690589,-0.7651632859570097,-0.2651563742477183,-0.22425106619216745,-2.2704093567688277
171.,2.805340483333209,1.9552402608277384,-1.364680102437744,0.5996686130098337,-0.9448130636493959,-1.993029851119414,0.2617859367671807,-0.07555990175193508,-1.005255317143046,-0.22563750681367073,-0.28100096655541484,-2.5334592617015534
171.1,2.8511523407495174,1.8571631095014258,-1.5597403168736925,0.3158655152412047,-1.0104370001054535,-1.9021073489341214,0.2571649900664756,-0.03746821146646053,-1.2678177351371995,-0.15788883032136264,-0.32534499336374695,-2.7112254655742074
171.20000000000002,2.8684206561066277,1.7544474138552486,-1.743953362835485,0.029275316312862946,-1.0372761311333434,-1.7767839028042662,0.2507252202656711,-0.0010161348293101803,-1.5425805546989415,-0.07385089388402506,-0.34505422812608527,-2.7677402037759387
171.3,2.8570102419123176,1.6510378269553727,-1.9141101283738773,-0.2572299007195733,-1.024270153529303,-1.6218902750307533,0.2431914520243226,0.03278794491482566,-1.816842770358208,0.00978996622579463,-0.335822421639814,-2.694858306765646
171.4,2.8170731271701968,1.5509056978207365,-2.067544446161663,-0.5407826960014026,-0.9719472323415709,-1.443418389310005,0.2351339630653007,0.06351164666538772,-2.078533013129814,0.07788381234237114,-0.30278391185854076,-2.514395049434252
171.5,2.74904665382209,1.457890749323983,-2.2022376186435757,-0.8185490193522459,-0.8824029445001675,-1.248282539210571,0.22679184484961423,0.09102733363789407,-2.3186719991112925,0.12183903497418415,-0.2569772366481911,-2.2644638384881968
171.6,2.6536487148253594,1.3755480036209586,-2.31689713974166,-1.0877565832400513,-0.7592167346819011,-1.0440438321736258,0.21811692427342944,0.11519849898270712,-2.5322333275829756,0.14035036375002316,-0.21002115268262186,-1.9834870765047463
171.70000000000002,2.531870185487836,1.3070060577089093,-2.4110064754779046,-1.345722577730298,-0.6073092140515068,-0.8386088545366848,0.20892556333927936,0.13573773613447437,-2.7176676707226552,0.13689543897888046,-0.1706081243523302,-1.700981604896767
171.8,2.384964627809331,1.254842359219663,-2.484843919659757,-1.5898804498865813,-0.4327459909280766,-0.6399145708034225,0.19900627116502864,0.15222017231093515,-2.8758428393549837,0.11666260109841552,-0.14368831716386032,-1.4353087219458063
171.9,2.214435374863821,1.22098045480799,-2.5394697736495604,-1.8178054798852235,-0.24249585402839646,-0.4556120191753184,0.1881457640293771,0.16414172687631026,-3.008975293756805,0.0845006867486461,-0.13127046690713687,-1.1953489381673577
172.,2.02202012843003,1.2066133075179701,-2.576682362051337,-2.0272388985700474,-0.04415294875904252,-0.2927614133490633,0.17610984955131612,0.17095881651719136,-3.1198162515643015,0.04408114093834175,-0.13359709358693406,-0.9834765134030221
172.1,1.8096732278739254,1.2121557402215994,-2.598944638556172,-2.2161103061939107,0.1543659774888801,-0.1575508058467815,0.1626168710961108,0.17210550458963356,3.0720487142245716,-0.0021464545403607894,-0.15003481602394272,-0.7983399891162686
172.20000000000002,1.5795457714612653,1.2372279010597684,-2.60928430865885,-2.382558169506931,0.3451371911674659,-0.05504952882034203,0.1473220039673135,0.16700778790809595,2.9977334278805805,-0.052622725856969345,-0.17951121382244795,-0.6368930566067933
172.3,1.3339637925985603,1.280670410066137,-2.6111714517505664,-2.5249481939845224,0.5205458669148539,0.010993758200333076,0.12981968401852287,0.15511671435106897,2.9382801264014193,-0.10620017525074882,-0.22054185164684173,-0.49566249433434273
172.4,1.075404712753525,1.3405905831258784,-2.608378522114844,-2.641889389639589,0.6735896667034127,0.03830036248662397,0.10967045623264804,0.13597894519823392,2.891946415607291,-0.16159735276127632,-0.27093884695803705,-0.37142840050831716
172.5,0.8064723098057027,1.414437890465707,-2.604828310842829,-2.7322476723082034,0.7981579010495373,0.02615224240284611,0.08646111480142356,0.1093589956376746,2.8573761796541377,-0.2168117971319377,-0.3273129919459937,-0.261474473027672
172.6,0.5298704551483756,1.4991056413833699,-2.60443593063904,-2.795156867304048,0.8892751430093935,-0.02457953340981192,0.05990612214256887,0.07541692978159185,2.8335700700546336,-0.2685702435079796,-0.3845606300827662,-0.16347996095731815
172.70000000000002,0.24837588486904844,1.59105484136722,-2.6109511237673275,-2.830027008643637,0.943299582839045,-0.11146968645640126,0.029986391046100055,0.03492128935616629,2.8198556956048524,-0.31203945365865376,-0.4356809286317877,-0.07507515783195313
172.8,-0.0351897203440148,1.6864552838131788,-2.6278071804973524,-2.836549854389047,0.9580682155445921,-0.23063559696679975,-0.0029064107206036296,-0.010562590644574857,2.815864942861889,-0.3411680640022262,-0.4723954250394823,0.006842800280839023
172.9,-0.31798806537809027,1.78133825145788,-2.6579824918634714,-2.8147015667591417,0.932983073153071,-0.3768922787012569,-0.037887061557451016,-0.058608117249646506,2.821521973890172,-0.3499474536496454,-0.486885410394455,0.08672272552296159
173.,-0.5971926960525034,1.8717547398031624,-2.703880256849319,-2.764742534239597,0.869035063895284,-0.5439592815388586,-0.07363225883642806,-0.1060857844877579,2.8370435917335235,-0.3343480881403248,-0.47431506959569564,0.1704262738691723
173.1,-0.8700172939165598,1.9539328946636065,-2.7672311403423455,-2.6872143416890473,0.7687644679078309,-0.7247112732062624,-0.10859850792962013,-0.14956709215577582,2.862952785142373,-0.29395817599353374,-0.43497150774426185,0.26450068617807415
173.20000000000002,-1.1337435267834681,2.024428387298695,-2.8490227632197507,-2.5829339231019857,0.6361596643658839,-0.9114623101513813,-0.14132679367037246,-0.18586797796227383,2.9001055545938015,-0.23225202142555848,-0.37470915316935965,0.37503243433772093
173.3,-1.385748176178993,2.080261732147498,-2.949458836204025,-2.4529849599614177,0.4764981274765947,-1.0962724644841568,-0.1706959494102147,-0.2125392692636318,2.9497297256682176,-0.15535416605247118,-0.30339103952083896,0.5068584294112921
173.4,-1.6235292705649542,2.1190370727413232,-3.0679495673148924,-2.29870661570989,0.2961360303205366,-1.2712645826390867,-0.1960260532393387,-0.22814522978069282,3.0134710910814486,-0.07025929316895059,-0.23230280736435088,0.6635643863320877
173.5,-1.8447309635892335,2.1390377001744105,-3.2031337259528945,-2.1216797235122575,0.10225484437282084,-1.428938547490235,-0.21703286048703663,-0.23229307559741222,3.0934346863191675,0.016394810733715265,-0.17184902447105152,0.8479630782455726
173.6,-2.047166909616302,2.1392944961129072,-3.352931484591915,-1.9237105699066792,-0.09742496301920522,-1.5624705151781095,-0.23370244620846242,-0.2254851312813632,-3.090991591665344,0.09860799080097005,-0.13017040788345088,1.062317921727068
173.70000000000002,-2.228841904261259,2.119624571735112,-3.514625932039817,-1.706812440891269,-0.294951719223444,-1.6659851969152997,-0.2461578936393523,-0.20890140640319185,-2.970474142859079,0.17063636211347577,-0.11251574950263007,1.3075924388161986
173.8,-2.3879715754324238,2.080638562190442,-3.68497000917087,-1.4731851192319334,-0.48245955433598364,-1.734790330647226,-0.25456068014200606,-0.18419834492507436,-2.8251065094992116,0.22647885955575117,-0.12085396330669634,1.581209117129083
173.9,-2.522999930299157,2.0237162857698205,-3.860314604511128,-1.225192542079404,-0.6524819885112179,-1.7655639948135133,-0.2590702717035406,-0.15336584409019674,-2.6522417627304335,0.25977114872803936,-0.1533169632646967,1.8732777654742367
174.,-2.6326145854357446,1.9509517381796688,-4.036752703466754,-0.9653388461541511,-0.7982495968707629,-1.7564872964892235,-0.2598865728502548,-0.11863041249134514,-2.450656421930136,0.2646236097663649,-0.20348804859079797,2.162629916464555
174.1,-2.715759530932343,1.865069614824036,-4.210273844969464,-0.6962430436090604,-0.9139598850314318,-1.70731714393477,-0.25738847803857934,-0.08232208057300504,-2.2217987317764853,0.2377514152585716,-0.260250255839597,2.4164156272860193
174.20000000000002,-2.7716453042642946,1.769316689088005,-4.376922728375258,-0.4206125850633593,-0.9950086161662806,-1.6193962022262958,-0.25229887975681375,-0.046583021541527936,-1.9707363779597182,0.18135186166044145,-0.3094963652961233,2.5977048451095186
174.3,-2.7997564759219067,1.6673323770275381,-4.532955647983751,-0.1412160770818698,-1.0381733673187454,-1.4955996349489284,-0.24567764416244442,-0.01292194146355932,-1.7059901951231033,0.10471806579353904,-0.338324994048202,2.6795393539583507
174.4,-2.7998563759569928,1.5630036486426326,-4.674988519141166,0.13914457055372423,-1.0417419971591795,-1.3402207550726692,-0.23859341366148257,0.018090061227916773,-1.4380131253062347,0.02242165371700665,-0.33996423402375364,2.654904012276848
174.5,-2.7719890184247564,1.4603100699639682,-4.800130595091613,0.4176622871412359,-1.005580903579289,-1.158800143628066,-0.23166861874629524,0.04663184431933864,-1.1771324940773513,-0.05053149438282257,-0.3161037588039194,2.534996823279068
174.6,-2.7164782089106887,1.3631651536355753,-4.906098544197283,0.6915529898254643,-0.9311403499099412,-0.9579050485560012,-0.2249043560876226,0.0730454988202525,-0.931987036736396,-0.10348013037625517,-0.275161369592822,2.3413275447554196
174.70000000000002,-2.6339238486456553,1.2752603428452294,-4.991306340103064,0.9580834561320958,-0.8213966474226546,-0.744867858277455,-0.21790116986923355,0.09733687594313806,-0.7087359239626395,-0.13215770852623837,-0.22815133784601793,2.0996469792605397
174.8,-2.5251954768448073,1.1999178484709674,-5.054927381671043,1.2145986408002654,-0.6807334991162209,-0.527494076089079,-0.2102036394550517,0.11906883749359748,-0.5108381508156355,-0.13776484605491077,-0.1848585775595574,1.835866189802667
174.9,-2.3914231205731733,1.1399582063618998,-5.096926366609784,1.4585481634908253,-0.5147672352367465,-0.31375143739313416,-0.20149229916601533,0.13753682826792782,-0.3392837928141559,-0.12452337648149615,-0.15189890273645074,1.5720167264019553
175.,-2.2339855483672646,1.0975878348269652,-5.118059648532639,1.6875117027288575,-0.3301229078400561,-0.11145256354680792,-0.19158436054014202,0.1519742325149295,-0.19318726988792026,-0.09733782272021352,-0.13265028295004883,1.3233353271256556
175.1,-2.0544960497553006,1.0743110750593368,-5.119844063634758,1.899223042873655,-0.13417017079923466,0.07205619621363157,-0.18034803486233394,0.16165918110092053,-0.07052759653934178,-0.06039548724336887,-0.12815800470266261,1.0978585210572886
175.20000000000002,-1.8547858874622662,1.0708702211672363,-5.104495470180619,2.0915925348681856,0.06527052511196096,0.2301873300176007,-0.16762142273974992,0.1659329449502375,0.031196014080856333,-0.016707226603875566,-0.13814166261485555,0.8979961844749642
175.3,-1.6368855922130854,1.0872159306244988,-5.074839451434932,2.2627277478640826,0.26023970898463916,0.3573744722566914,-0.15316757847995907,0.16418550431591872,0.11450837517211664,0.03176322887652385,-0.16166234579930838,0.7226975919509253
175.4,-1.4030042914261098,1.1225091947828019,-5.0341977424125774,2.4109521073780664,0.4429562088343346,0.4492939988434267,-0.1366644131182932,0.1558529415108117,0.18170029657991207,0.08369669767473432,-0.19735966530174706,0.5692747709053949
175.5,-1.1555072825124737,1.1751547908873892,-4.986254908623253,2.5348213362169183,0.6061273624439147,0.5030370746666253,-0.11772378872831517,0.140452693765885,0.23471307217720944,0.13790446341219026,-0.24331884121082173,0.43460252641848246
175.6,-0.8968920787654254,1.2428648819698922,-4.934910592263813,2.633137536806761,0.7432397528633035,0.5172252943954622,-0.09594083091285673,0.11767158376549089,0.2751068095532666,0.19275976987421736,-0.29667170290347655,0.31574755428032963
175.70000000000002,-0.629763170774477,1.3227502290912496,-4.88412321667709,2.704960777543038,0.8488188778588027,0.49206530653964614,-0.07097957897249847,0.08751270113003924,0.30406950694293133,0.24562720338268726,-0.35308697004829986,0.21013419936001035
175.8,-0.3568057587816696,1.4114353795901462,-4.837751380413923,2.7496180711002864,0.9186474011103959,0.4293402432198269,-0.04269680743142948,0.05049035748286161,0.3224403967870464,0.2924406413955928,-0.40642388049525097,0.11531182582073195
175.9,-0.08075872128943527,1.5051932391453793,-4.799399264328961,2.766709659047315,0.9499332841709592,0.332338297460302,-0.011286434260554253,0.007830605077371456,0.3307329759659364,0.32773314722163355,-0.44896986949586626,0.02839928657099439
176.,0.19561290755778307,1.600093662688096,-4.772272215139316,2.7561125443344148,0.9414210962961329,0.20572129554717383,0.022605552627462035,-0.03840547570210499,0.32915025971720085,0.3454637723351988,-0.4726718830129957,-0.05457289461865875
176.1,0.46954567484010307,1.6921601403134745,-4.759048263157167,2.7179812409821493,0.8934420645736739,0.055338504203544775,0.05786956587137095,-0.08537832098818068,0.3175885974815283,0.34066845393243544,-0.47134755468322986,-0.1390018803880576
176.20000000000002,0.7383053813304385,1.7775283316187818,-4.761770696647329,2.652745738322613,0.8079008690113461,-0.1120069043508205,0.09307551782034601,-0.1297672384590443,0.29562832938846495,0.3112850417824081,-0.44306615608377486,-0.2313460769005397
176.3,0.9992144120542942,1.852600128203875,-4.781765975785295,2.5611067051434833,0.6881997090217196,-0.2888294190057046,0.12674005466074656,-0.16825968589753862,0.26251081694874817,0.25906245861219657,-0.3913779147832372,-0.33813311491004494
176.4,1.2496784513559804,1.9141871023487194,-4.819590258965802,2.4440279867792185,0.5391026685331284,-0.4672599613808722,0.15760251360396135,-0.19807201180521644,0.2171030617065694,0.1889591765339731,-0.3245901814649747,-0.46497148715346176
176.5,1.4872123155494943,1.9596376230212864,-4.875006673513598,2.3027264753059584,0.3665457870622686,-0.6393599512282404,0.18478810100792756,-0.21732209565751706,0.15785469067933078,0.10755344652901354,-0.25354952109320567,-0.6161727305491583
176.6,1.7094646455716547,1.9869425715020157,-4.946994237150405,2.1386594592527386,0.17740040861508655,-0.7974381446695472,0.20781586521173342,-0.22516537280181662,0.08275988303657417,0.02157549121806999,-0.18917517588803828,-0.7949555989494036
176.70000000000002,1.9142412139621805,1.994815442076317,-5.033788074741284,1.9535095843810621,-0.0208007570514529,-0.9343576137775673,0.2264953081505213,-0.22172727303343592,-0.010647488580577399,-0.06272655634411353,-0.14068752328855885,-1.0035927875568953
176.8,2.09952661485165,1.98274363443323,-5.132949327184351,1.7491675808554938,-0.2201639397333645,-1.043820629041758,0.2407868880932941,-0.20793343009481452,-0.1252093886184325,-0.13941739539640685,-0.11465857814756453,-1.2426959352038722
176.9,2.263504122294216,1.9510088929041072,-5.2414619655610855,1.527712934291707,-0.4127490084254511,-1.1206200872017997,0.25068850775488005,-0.18533793067603063,-0.26387442807742695,-0.20237317075278502,-0.11446080020198005,-1.5090440869974784
177.,2.4045735210616943,1.9006760776932872,-5.355852651020308,1.2913926985094433,-0.5908860192260114,-1.1608474606613721,0.2561952628561433,-0.15600523717393533,-0.42912068975513845,-0.2450392845332585,-0.13964521901913104,-1.7920122761688213
177.1,2.5213667347336184,1.8335507157563413,-5.472328862094143,1.0425986661280509,-0.7474809917352523,-1.1620489780426948,0.25737995260074203,-0.12242611893436975,-0.6220050406685748,-0.2610554598101575,-0.18516025435418562,-2.070285586528252
177.20000000000002,2.6127610983547616,1.7521070236383092,-5.586929782863296,0.7838431292475931,-0.8762987236070265,-1.1233238093024016,0.2546152670454027,-0.08734490680870527,-0.8410320762955106,-0.24616504925778002,-0.24103880652655293,-2.312947653036786
177.3,2.6778901468634198,1.6593892717742902,-5.695683936638945,0.5177334761972535,-0.9722113683300486,-1.0453603409245606,0.24882839572194962,-0.05332577877558402,-1.0814632343587185,-0.20095803709211976,-0.29380091826295746,-2.4886865058108274
177.4,2.7161518156756124,1.5588904225461064,-5.794767280891408,0.24694588157019834,-1.0314028662274064,-0.9304090948591403,0.24149668094220783,-0.022080041304490743,-1.3357930372664057,-0.1326132230286667,-0.33020752787903007,-2.5791313487844034
177.5,2.7272139759851,1.4544128804130634,-5.880655460750524,-0.025801644602547767,-1.0515210786548088,-0.782193370688942,0.23417244944948484,0.006014674016914946,-1.595328852792727,-0.05369450814335762,-0.34182846995323257,-2.584052815698242
177.6,2.7110172542449607,1.3499169055693432,-5.950264151268092,-0.2977765767484583,-1.0317715602877393,-0.6057611732853299,0.2277956520526951,0.03170115192614124,-1.8517684070913054,0.021682164465339458,-0.32759833087513884,-2.5135371578646257
177.70000000000002,2.6677751126577838,1.249362734397112,-6.0010718934797325,-0.5662592877319279,-0.972949231092084,-0.40728432897608857,0.2223561877669984,0.05601006120920475,-2.097877556002516,0.08192675126386723,-0.2931471462283583,-2.3783176858314494
177.8,2.597971195045091,1.1565527008748426,-6.031220527205589,-0.8285702815023563,-0.8774066853168726,-0.1938127986760203,0.2171428805227814,0.07943922581948504,-2.3275756570629653,0.12039521607658522,-0.24797273648323634,-2.18893234613784
177.9,2.5023539699130324,1.0749796530614981,-6.03958921666119,-1.082096971347537,-0.7489604009293089,0.027006017414052896,0.21128843681193188,0.10166309974680755,-2.5361627314796547,0.1357218640158135,-0.20211584696467907,-1.960045953479528
178.,2.3819287296067557,1.0076877078136017,-6.025839117705438,-1.3243197357736443,-0.5927385886262745,0.24723179325673872,0.20417527196859303,0.121764691705357,-2.720753298905719,0.13048688635662106,-0.1636183574995618,-1.7109931908549174
178.1,2.2379470308764686,0.9571508950046644,-5.990426905963047,-1.552836991809415,-0.4149767462018505,0.4589474687396041,0.19552108667145301,0.13863685878807763,-2.88045711907669,0.1091335912987779,-0.13745793054072036,-1.4611283746885462
178.20000000000002,2.0718936877012557,0.9251745293190904,-5.934586626461778,-1.7653890359060485,-0.22276906887308706,0.6545745143342688,0.18525008516298158,0.15125634986246425,-3.0160691349884545,0.07616463395579985,-0.12583008692176342,-1.2249296094307798
178.3,1.885471451576681,0.9128232416158901,-5.860280588331029,-1.9598804154723457,-0.023785626050175313,0.8271747001979508,0.17332738820199292,0.15876819759784627,-3.1294569854238463,0.03516667450878753,-0.12905901152429985,-1.0103128944840891
178.4,1.6805835374248925,0.9203785390243869,-5.7701212621683995,-2.1344006093115855,0.1740334201801248,0.9707263392890098,0.1596505778785318,0.16046100854264028,3.060235258614022,-0.011392689312732886,-0.14645251865601597,-0.8197348641024592
178.5,1.4593141746074303,0.9473275857171326,-5.667267293698363,-2.2872428126505002,0.3627943643126001,1.080363991705714,0.14400809049919622,0.15572386944876002,2.984286684629916,-0.06190652520475292,-0.17677820177565692,-0.6522587705595164
178.6,1.2239073819938295,0.9923836516349849,-5.55529777923326,-2.4169206418991234,0.534964654604059,1.1525720741446375,0.12608548995637267,0.1440373690631189,2.923763213775551,-0.1151619037218514,-0.21832340592638733,-0.5053627964911557
178.70000000000002,0.9767441834771704,1.05353741393823,-5.438069815065329,-2.522182595545987,0.6836731921923815,1.1853246560307498,0.10550638276489963,0.12502152342932546,2.876889273412598,-0.16978567752318466,-0.26862120217377533,-0.3761094503544493
178.8,0.7203184955563403,1.128137065956614,-5.319564999719238,-2.602024130463312,0.8029842601757371,1.1781658692384442,0.08190692103830335,0.09854858863093756,2.8422648801228316,-0.2236590304687331,-0.32397723186754124,-0.26170138988907937
178.9,0.4572119314742804,1.2129940399474304,-5.203731008393508,-2.6556972371368692,0.8881341619646249,1.1322277258708249,0.05504714246865097,0.06491561066005323,2.818859036075711,-0.2734013191564166,-0.379019755383291,-0.15952546864827574
179.,0.1900677767927132,1.3045101288285603,-5.094324555361813,-2.68271742269658,0.9357211348815546,1.0501846339066585,0.02495188042138568,0.025047361196256588,2.805990832859613,-0.3141578582217828,-0.42663770662023304,-0.06677700755318602
179.1,-0.07843560091154828,1.3988209389442587,-4.994762004755589,-2.6828680368526854,0.9438409677531113,0.936146424180115,-0.00795302971576504,-0.019337127371200438,2.8033125206384706,-0.3400408043180771,-0.4587535916110155,0.020168363166442563
179.20000000000002,-0.3456116403901482,1.4919499548545248,-4.9079835852187275,-2.6562019026690518,0.9121629158486877,0.7954941535161988,-0.042774471809512764,-0.06569351609455484,2.8108018166374005,-0.34543671430166134,-0.46815277076420225,0.1062813501284458
179.3,-0.6087925028173599,1.5799670740708665,-4.836336621566582,-2.603040241261241,0.8419428866769657,0.6346652301785614,-0.07822259502792321,-0.11084386818145454,2.828766959146577,-0.32684784776297027,-0.45091812140366294,0.1978514176774458
179.4,-0.865355745617123,1.6591452914591436,-4.781482438419271,-2.5239689067169317,0.7359733709638909,0.46089642814345844,-0.1128275847175403,-0.15139462033008183,2.8578658141389064,-0.2843024774824523,-0.4082875443272884,0.30173422352607115
179.5,-1.1127504869848026,1.7261092867962509,-4.744330647038087,-2.4198319745272867,0.5984721149062256,0.2819350355540022,-0.14521975962736822,-0.1842630324680954,2.8991382135231225,-0.22142041017675704,-0.3467885403246549,0.42428287198461967
179.6,-1.3485227997272313,1.777969991763927,-4.725003434897468,-2.2917227533175106,0.434913971986507,0.10572965309555632,-0.1743435984742056,-0.2071285997079206,2.9540469135118017,-0.1441682903415226,-0.27655345852937613,0.5706390440401844
179.70000000000002,-1.5703400813164783,1.8124397716181622,-4.722831281396481,-2.140972315408571,0.2518126378869112,-0.059887030673614894,-0.19952335431467932,-0.2186756521578589,3.02451452642143,-0.059266251919373736,-0.2088327567700511,0.7446261391469973
179.8,-1.7760141578520363,1.827923629604364,-4.736380270238904,-1.9691356664718884,0.056460970042544856,-0.20751084015033056,-0.22039035344122493,-0.21861452220244745,3.1129275363483706,0.02679204139239669,-0.15386777664380796,0.9487679127433437
179.9,-1.9635228928384976,1.8235827980861972,-4.763509909337431,-1.7779756980069419,-0.14335975552668584,-0.330461627127049,-0.23674140777358227,-0.20756695237963932,-3.061135825551503,0.10783296019688947,-0.11957881195077404,1.183573333587269
180.,-2.1310300871687198,1.7993681812101616,-4.801459152845323,-1.5694450883479585,-0.33969005909195965,-0.42304991747924936,-0.24840586856842956,-0.18692801615891563,-2.9284409116432055,0.17755725201465897,-0.11079847191195985,1.4453596985400199
180.1,-2.2769034743035452,1.7560223158525452,-4.84695719557504,-1.3456663381669296,-0.5247095765117951,-0.48080405960301853,-0.25519270834327595,-0.15877921346226448,-2.769801273783889,0.229176771822586,-0.12854351620506413,1.7226511131182405
180.20000000000002,-2.399730634168795,1.6950497726718055,-4.89635462245351,-1.1089101447909986,-0.6910488324294235,-0.5006488187775399,-0.25699287935622783,-0.12583556372476778,-2.5843043366696525,0.2558359646875322,-0.16912091549648822,1.9931025639989377
180.3,-2.4983326705532773,1.618657177283108,-4.945769684158778,-0.8615723359093302,-0.8320830379575443,-0.4810282973266147,-0.2540788099928072,-0.09126953836955917,-2.3736043593485183,0.25235465413237146,-0.22361586352420945,2.225584710239483
180.4,-2.5717755195692473,1.5296652427211732,-4.991243867037276,-0.6061495972477678,-0.9421962000645875,-0.42196828000990205,-0.2474717560504757,-0.05817602119321072,-2.142473210737721,0.2179494102271794,-0.2790374162608052,2.3912737221113836
180.5,-2.619378780794708,1.431396320179828,-5.02890055485327,-0.3452142404081193,-1.0170050134537596,-0.3250755190007636,-0.2389994743666428,-0.028681374912416596,-1.8980345909832446,0.15813084569055433,-0.3218563353576316,2.4782089770535785
180.6,-2.640721987814771,1.3275419510251312,-5.055100456648803,-0.08138826618257523,-1.0535336090729068,-0.193473986829497,-0.23074399782689595,-0.00322809641891938,-1.6478958470549712,0.08382070507903529,-0.34245413339651176,2.494679358250892
180.70000000000002,-2.635648260757964,1.22201570036532,-5.0665876039040425,0.18268301481548177,-1.0503321925832574,-0.03168063856042658,-0.22415136303856165,0.019310771102592123,-1.3985902211787695,0.008035352321647789,-0.3377272323206385,2.4564652741347435
180.8,-2.604265309824186,1.118797139238885,-5.060620096147808,0.4443575384801275,-1.0075348430457514,0.1545743639504772,-0.21946791699637513,0.0406884724067311,-1.155423149555953,-0.057578939842335385,-0.3108442763407786,2.372049139488839
180.9,-2.5469437854557646,1.021773195358031,-5.035080382187427,0.7010229535755704,-0.926854167573694,0.35857579874817286,-0.21586328335662247,0.062171090362312,-0.9232457830886732,-0.10490319943613613,-0.269307705375961,2.2405821237251833
181.,-2.4643129974440168,0.9345831972533338,-4.988560679964705,0.9501227326882135,-0.8115130250538722,0.5728908060515254,-0.21204939577947557,0.08391024570457314,-0.7068775473100712,-0.13021871896418732,-0.2225111674120989,2.061504006294924
181.1,-2.357254051622564,0.8604737894199814,-4.920420129177678,1.189181666474997,-0.6661160408959348,0.7896649249430049,-0.20693206165167777,0.10501427212493772,-0.5105998997731898,-0.13397550032346342,-0.1793301214278155,1.8435755315837241
181.20000000000002,-2.2268904786112866,0.8021695025410591,-4.830811397721704,1.4158304866801723,-0.4964660351114467,1.0009349425419667,-0.19992664658437792,0.1240614577704433,-0.3372569585381779,-0.11951033403882357,-0.14633841531147262,1.6045447288163577
181.3,-2.074576454083052,0.7617641387445564,-4.720675680771534,1.6278293727035014,-0.3093326821561171,1.1989460834656935,-0.19089258156571154,0.13961610613280703,-0.1877886874559553,-0.09125727062266573,-0.12721394167419045,1.3638994970533795
181.4,-1.901882733978419,0.7406373020209381,-4.591706291400775,1.8230901082596278,-0.1121826253365188,1.3764608943476344,-0.1798923104495404,0.15048974550050134,-0.06145683828828813,-0.053296995131908234,-0.1232221938107651,1.136344662536635
181.5,-1.7105804507558038,0.7393994014703117,-4.4462822937797215,1.9996966687425863,0.0871181947308125,1.5270475092703135,-0.16697915776163552,0.15576704444936987,0.0435381739874369,-0.00868388393035287,-0.1341122606034155,0.9297475226731223
181.6,-1.5026229379067808,0.7578673199259403,-4.287374824290575,2.155924036162354,0.28061813038362254,1.645335803987685,-0.15208763669685366,0.15473324097082092,0.12943373647938933,0.04055681233978385,-0.15883245053696488,0.7463991868030572
181.70000000000002,-1.280125769383358,0.7950717179692925,-4.11842983473386,2.2902550567754965,0.460596834047061,1.7272312269812422,-0.13500980844686292,0.14681127822390927,0.19846416673959386,0.09305787714922767,-0.19582779386520624,0.5852510485043426
181.8,-1.0453452180826843,0.8492956821485025,-3.9432319317674644,2.401395176606304,0.6198730441614024,1.7700777826830625,-0.11542509550960643,0.13155842182339406,0.2526160241174788,0.14757698451898937,-0.24293155856845586,0.443774047639338
181.9,-0.8006553529418916,0.9181431766178052,-3.765754740341804,2.4882849117412142,0.7520908794514614,1.7727636693397386,-0.0929670485294406,0.10873736562619919,0.2935222253376582,0.2023987083881539,-0.2969659871653419,0.31908015298314385
182.,-0.5485240073666509,0.9986345692468548,-3.5900037561316944,2.5501099333534207,0.8519732278876099,1.735765360166623,-0.067325514316117,0.07846006453926084,0.32243386918630373,0.25474905133768405,-0.3532405465097194,0.20836055672572792
182.1,-0.2914878625161403,1.087325423875471,-3.419857951395186,2.5863086716458064,0.91553212852092,1.6611283705117939,-0.038382770783227466,0.04138394206816953,0.34022657584566823,0.30039504316695387,-0.40526038045536283,0.10876625577845751
182.20000000000002,-0.03212689729924444,1.1804438228413974,-3.2589164483766933,2.596577368037334,0.940227758932243,1.552385477875437,-0.006363131367631987,-0.001092004876322229,0.3474158155782934,0.33374833129007164,-0.44509105197496746,0.016885912516782002
182.3,0.2269615372808404,1.2740407451650635,-3.1103563723371614,2.580872530709294,0.9250696899673857,1.4144156551852676,0.028056895911951596,-0.046722076798360226,0.34416760508652217,0.3487996783184842,-0.464763647548452,-0.07188379168594904
182.4,0.4831887586165259,1.3641475052879382,-2.9768075505858596,2.5394107748106753,0.8706563710516926,1.2532493413011367,0.06375073962886925,-0.09250290513679266,0.33029779467913944,0.3408360584345855,-0.45860372622223083,-0.16360979153281538
182.5,0.7340006464461216,1.446933975778319,-2.8602490522859783,2.4726660549326653,0.7791512719290105,1.0758278120855838,0.09929827726094391,-0.13500596987143587,0.3052570185560863,0.3082015696055709,-0.42555021273951715,-0.26536942117722195
182.6,0.9769031309648452,1.5188612861648094,-2.7619316930723117,2.3813643236357747,0.6541966319787418,0.8897262452392614,0.13325233332100186,-0.17088576235176672,0.2681012808400451,0.2530229355553702,-0.37013485176151306,-0.3842185875218845
182.70000000000002,1.2094870204668562,1.5768229102767528,-2.68232959337803,2.2664756755862863,0.5007682556534347,0.7028515195129974,0.1643925355646947,-0.19739252574090096,0.21745225151043682,0.18044870585067718,-0.3014808286511634,-0.5262173258541257
182.8,1.4294519211066148,1.6182685173843945,-2.6211227210778953,2.1292040619735526,0.3249771428848708,0.5231267961667336,0.1918510160621691,-0.2127195817898841,0.1514595748476219,0.09706365133351755,-0.23095767427850622,-0.6959892947649443
182.9,1.6346290110551767,1.6413056495848992,-2.5772111138029663,1.9709746840839875,0.13382586282771086,0.35817545749160395,0.2150796540807,-0.216121739515857,0.06779426294386154,0.009588393367318518,-0.16975362923708648,-0.8965627435871345
183.,1.8230024433755851,1.6447751718772325,-2.548760213303906,1.7934191979625265,-0.06507061644840612,0.2150170028428272,0.23371219581591177,-0.20786445927951872,-0.03626708404986058,-0.07552816153387808,-0.12716635848000316,-1.1286274495582216
183.1,1.992729166233007,1.6282974869698144,-2.5332755038947066,1.5983588837648945,-0.2637885126797355,0.09978702591805999,0.24740871421759783,-0.18912372707594263,-0.16356273395392742,-0.15177160012788207,-0.10956738300623317,-1.3883090616519183
183.20000000000002,2.1421569654322985,1.5922876723821457,-2.52770347874075,1.3877859534830939,-0.4544111255772727,0.017492436971041192,0.2557776001284869,-0.161935128166881,-0.31643362636055344,-0.21209322832329722,-0.11953047481455904,-1.663365519493451
183.3,2.269840552574127,1.537938936372013,-2.5285549081392045,1.1638431890120957,-0.6293444506599117,-0.028188311456884607,0.2584828565693734,-0.12918792947630883,-0.4957112609036485,-0.24911616087227398,-0.15478880552576987,-1.929917131282032
183.4,2.3745555421510938,1.4671750522480191,-2.5320454948252373,0.9288021188368725,-0.7816199282251639,-0.03505203085635378,0.25561264531785083,-0.09447864603078848,-0.6995593967089166,-0.25672258135680504,-0.20746933013750646,-2.1550289649318284
183.5,2.4553101824591828,1.3825736673614284,-2.534248308163817,0.6850399558011052,-0.905172257810273,-0.0024587823564541367,0.24817708911933087,-0.06151085932515143,-0.922953476521752,-0.23283956984443413,-0.2649582595885573,-2.3096886776959744
183.6,2.511354728062358,1.2872635442056146,-2.531251919495603,0.4350155303271197,-0.9950812025586753,0.06864246614613245,0.23827192883462459,-0.032994475509503934,-1.1586663775580244,-0.18159271021142426,-0.31334565991072727,-2.3857017023536287
183.70000000000002,2.542188365480841,1.1847998302962053,-2.519317933611551,0.181244462983889,-1.0477677435144472,0.17575153425768297,0.22849668768994358,-0.009664056830040502,-1.3995098245714042,-0.1126536197259893,-0.34200392497997695,-2.399229106928845
183.8,2.5475636285370222,1.0790223294282408,-2.495031635401749,-0.07372617264810118,-1.061136763792012,0.31491657205627777,0.22089809036980437,0.009767657311899445,-1.6401633356363523,-0.03807430741733003,-0.34632422153131076,-2.374911510894215
183.9,2.5274882651349335,0.9739024245876463,-2.455439745193243,-0.32734344135507415,-1.034660574253713,0.4808914833430822,0.21619268538327013,0.027656231752230337,-1.877209913402428,0.030900302826025457,-0.3275601318540311,-2.3261320183923324
184.,2.4822245429133196,0.8733847552179426,-2.398169790225535,-0.5770741345144182,-0.9693999507897814,0.6673449532518725,0.21369764096577681,0.04613729675297504,-2.1077454231172212,0.0855676782424922,-0.2912235016531587,-2.2483575278957746
184.1,2.412286006940932,0.7812299606695176,-2.3215263326116937,-0.8204300984283343,-0.8679618445109719,0.8671127469880395,0.21186392915023294,0.06617281847133406,-2.3280498432588654,0.12051277443763282,-0.24537616741172583,-2.128061748995632
184.20000000000002,2.318431728155793,0.7008647591539365,-2.224560216790856,-1.054993049264105,-0.7343954508148846,1.0724832213812658,0.20905686716185518,0.08727768211560284,-2.533479494680245,0.13397321860811134,-0.1988858861277356,-1.9580226251044446
184.3,2.201658106332853,0.635245339082359,-2.1071080750991453,-1.2784386268741335,-0.5740307807245877,1.2755046668430843,0.20416804740787534,0.10791903131868946,-2.719562933761988,0.12756439339552333,-0.15955231476706144,-1.746155944629741
184.4,2.0631883157442354,0.5867395089438936,-1.969800515799799,-1.4885594480212925,-0.39326617015026166,1.4683022270092247,0.19678167738883667,0.12622215051323615,-2.8833016331883283,0.10506724888876913,-0.13271231870440522,-1.5119351976990254
184.5,1.904459505112359,0.5570323040367733,-1.814038666440112,-1.683286930170187,-0.19931319840980682,1.6433917615098041,0.1869551378105543,0.14051869024937944,-3.023734266416776,0.07080041462639108,-0.12095534015780772,-1.2763301311594342
184.6,1.7271078857119595,0.5470588132136427,-1.641940006973989,-1.8607116699180477,0.00009081469850624746,1.7939781391772203,0.17489125615194787,0.1495431379683945,3.1415438471573394,0.02842301815620687,-0.12476702583133799,-1.0544309986774982
184.70000000000002,1.532951862335049,0.5569669036268274,-1.4562556514059373,-2.019102175186313,0.19699127143674539,1.9142260697068572,0.1607092681806823,0.15238271413553126,3.044336662171574,-0.019486056301762006,-0.14340090159993188,-0.853789243510668
184.8,1.3239733810851861,0.586111329520171,-1.260262374968541,-2.15692176732398,0.38353342085299746,1.9994926765881231,0.1443543295327854,0.14836141681339698,2.965616777173851,-0.071251951166165,-0.1754493523084266,-0.6762326837189644
184.9,1.1022976854236974,0.6330794599313592,-1.0576336906569497,-2.272843488109541,0.5522755029307881,2.046512539375867,0.12560254443621885,0.13697005539766188,2.903223578302207,-0.12562417279036361,-0.21895874775956395,-0.5203851216492261
185.,0.8701716873840986,0.6957475996223201,-0.8522951141813457,-2.36576286708264,0.6964854280920715,2.053527828265444,0.10411980853092763,0.11788161735921483,2.8552794764428464,-0.18117353183858553,-0.27115583601361687,-0.3835632903344198
185.1,0.6299411742442356,0.7713656578999127,-0.6482693867527902,-2.434808426485372,0.8104091643790755,2.020358342929558,0.07955803453355197,0.09105560201271896,2.8202833815311323,-0.23565676924003026,-0.3279504606185316,-0.2627974045231656
185.20000000000002,0.3840270820763971,0.8566667898481337,-0.44951782546587105,-2.479349824117424,0.889500132564685,1.9484086633987108,0.05168649433463633,0.056916133873176164,2.7971321708382444,-0.2854745168664786,-0.383484045631992,-0.15509315873645527
185.3,0.13490107637376406,0.9479976389217855,-0.2597841254241875,-2.4990035583783805,0.9306004639321575,1.8406121279088834,0.020548291573916157,0.01656284648136108,2.7851133835197226,-0.32548845755271605,-0.4301425495120592,-0.05711423658972883
185.4,-0.1149393137058633,1.0414639885406145,-0.0824468400060877,-2.4936361844394512,0.9320668945487929,1.7013138711461036,-0.013396493038263286,-0.02806504896634044,2.783893562860668,-0.3495705580727941,-0.4595119109574519,0.03545245459036209
185.5,-0.36299575708310955,1.13308601601405,0.07961358029635043,-2.4633650156056395,0.8938362770257061,1.5360975857849595,-0.04921076057143027,-0.07418069830147384,2.7935148151728546,-0.35206662212037887,-0.4644477183314509,0.1284052828271603
185.6,-0.6067941267646749,1.2189569593127292,0.22412789044166587,-2.4085563092452076,0.8174280980169355,1.3515629137891967,-0.08556873589269556,-0.11838368647426482,2.814405442910293,-0.32972846785375615,-0.4416544496972484,0.2289122111067378
185.70000000000002,-0.8439091995940834,1.295398871143187,0.3495267864792593,-2.3298209619199106,0.70588390109295,1.1550623421754627,-0.12098918070051229,-0.15712251023673174,2.847406226935201,-0.2830406558861299,-0.39344223206543844,0.3446419540389908
185.8,-1.0719888029382725,1.3591092509021219,0.45500173737025396,-2.228007763294087,0.5636460300076688,0.9544080923678819,-0.15411289810152734,-0.18724429355984915,2.893809305708714,-0.21607028642312984,-0.3275471194673953,0.48262448702209004
185.9,-1.2887771676866984,1.4072927087571552,0.5405354885319487,-2.104194282782006,0.39638052648178584,0.7575606885278833,-0.1838875131839285,-0.20643971974168018,2.95539821069176,-0.13506306654652445,-0.25513445181456207,0.6484762263055522
186.,-1.4921372555197598,1.4377724128222669,0.6069010217369458,-1.9596754864693475,0.2107512430095398,0.5723116206441634,-0.20958499577485298,-0.2134667300757193,3.034460456836605,-0.046889550453098075,-0.18817784373350163,0.8460089944254524
186.1,-1.6800718392955776,1.4490768763809168,0.6556290135448193,-1.795950204378263,0.014154176098040983,0.4059727535861015,-0.23067704606240513,-0.20817454848068764,3.1337116538700025,0.04172160230173209,-0.13733727214744978,1.0764264841394593
186.20000000000002,-1.8507431284846974,1.4404986252240006,0.6889450903055653,-1.6147055894151934,-0.18557738876533808,0.2650848643818642,-0.2466570327381064,-0.1914476466870513,-3.0271651566206814,0.12402604161861427,-0.11059750360812612,1.3360278372474403
186.3,-2.0024907467191384,1.412122406220973,0.7096793818865721,-1.4177997291345015,-0.3804851654775158,0.15515692739749154,-0.2569251365348859,-0.16519501784440427,-2.8794071017276432,0.1927200696105039,-0.11221482897439553,1.6120755389021146
186.4,-2.133847885557268,1.3648218125373446,0.7211519806358961,-1.207242589572718,-0.5628031390654324,0.0804465412678308,-0.26088100231663763,-0.13240574170724922,-2.705357862165549,0.23990879212592786,-0.1414979617339172,1.8789612189593878
186.5,-2.243555477319642,1.3002244600404613,0.7270388726740655,-0.9851754866842167,-0.7252671721885333,0.043790251236868305,-0.2583485247253375,-0.09706670423973221,-2.5069947249750535,0.2585051431401965,-0.19172849250688417,2.1007594751659457
186.6,-2.3305742501363422,1.2206471032003026,0.7312236871087713,-0.7538492951741408,-0.8614046033646172,0.04649053138828996,-0.2502194168375027,-0.06353724761177838,-2.2897053963915797,0.24512064022933772,-0.25066420963944147,2.245985051574817
186.70000000000002,-2.394094549949404,1.129003277209527,0.7376411741609491,-0.5156016166466469,-0.965792291551351,0.08826393239403274,-0.2387651649689308,-0.035245671884704614,-2.0611666146783696,0.20260176360749377,-0.30390990638154913,2.3076450652311933
186.8,-2.4335438369182265,1.0286871483400453,0.7501186529265595,-0.27283313884622173,-1.034272819660187,0.16725246192929222,-0.2270600118597957,-0.013408425332253143,-1.8287132052750221,0.13965560229945692,-0.33982214429866225,2.3081859958618316
186.9,-2.448591787249078,0.923438203055491,0.7722217504402811,-0.027983425273186403,-1.0641202376512735,0.28009774401307697,-0.21777418471586865,0.0032101899548741698,-1.5970875073972302,0.06763858215025276,-0.3525785825927428,2.281631493488817
187.,-2.439152955671849,0.8171921702980868,0.8071105826226613,0.21649362046236703,-1.0541487375546033,0.4220750007325179,-0.212212475186944,0.017370765753529326,-1.3682398614222977,-0.0026999904689021235,-0.342039094646813,2.2501492499326443
187.1,-2.4053869783754727,0.7139241202074784,0.8574121114018117,0.45815436857411995,-1.0047599278877164,0.5872815148771907,-0.21007583017373005,0.03199562592571465,-1.1429773286686302,-0.06270255324803328,-0.31206981843952164,2.212949541754056
187.20000000000002,-2.347696320937441,0.6174899944305596,0.9251137674042357,0.6945899082211068,-0.9179268227878815,0.7688720600247865,-0.20982903012809798,0.04902079346567552,-0.9230246744772647,-0.10610773951911125,-0.26912983734584484,2.150747839945059
187.3,-2.266721600395712,0.5314728857088189,1.0114825798125509,0.9234500790765934,-0.7971151841617288,0.9593319121724526,-0.20942256458135097,0.06876403293989891,-0.71210330668247,-0.12935656928424324,-0.22125535348211334,2.0410230243660847
187.4,-2.163334534864642,0.4590401950905622,1.1170130380926262,1.1424668494158632,-0.6471453526922145,1.1507765587488772,-0.20709690384953072,0.08997362005876182,-0.5153816793639081,-0.13201565024090964,-0.1767276201788129,1.8747980404048634
187.5,-2.038628597749343,0.4028173614596023,1.2414057648383048,1.3494768080004234,-0.47400007606514466,1.3352661564973896,-0.20189739825677414,0.11049091865363547,-0.33778556130538867,-0.11652757411192154,-0.14238083491498538,1.6630004043146105
187.6,-1.8939074764270911,0.36478319738526105,1.3835778506335896,1.5424425465650724,-0.28458599569708587,1.5051222017286339,-0.1936688651257173,0.1280818557695893,-0.18245162097678735,-0.08695379027342293,-0.12243924508710283,1.4287713626905634
187.70000000000002,-1.7306714570149029,0.3461910039231145,1.5417044395626744,1.7194727214556111,-0.08645830073622046,1.6532337882374553,-0.18268946017104326,0.14095415532229388,-0.0502395570385214,-0.047426207329233694,-0.11851332903730333,1.1949326155906048
187.8,-1.5506018773130126,0.3475186092703984,1.7132899081253208,1.8788405967999002,0.11248047348745555,1.7733412432832267,-0.169284538480778,0.14785174710255417,0.05979559056832463,-0.0011774952942743297,-0.13039055674141617,0.9766145741977753
187.9,-1.3555438090011225,0.36844932307710915,1.8952658005151566,2.0190008873779557,0.30429549460814187,1.8602858338962498,-0.1536090189306105,0.14792271394846626,0.1495900007020276,0.049636856352573616,-0.15685792793189393,0.7806126052269196
188.,-1.147487147485353,0.407884565704362,2.084111616517598,2.138604736920256,0.4813359699500761,1.9102155884379663,-0.13559342061063337,0.14057178243676868,0.22138115817279025,0.10359052224984602,-0.1961055661856712,0.6079777418669945
188.1,-0.9285463032733495,0.463987668941176,2.2759936372170353,2.2365126867321337,0.6365401594870427,1.9207390278880903,-0.11498578307225318,0.12539927512296367,0.2772810171401115,0.15940125501669622,-0.24564966592352536,0.45681815104271706
188.20000000000002,-0.7009387022484916,0.5342571019833826,2.466916254584641,2.3118055101126496,0.7637169051310835,1.891020678003129,-0.0914437361569828,0.10224874685538984,0.3190678180418134,0.21526415996451428,-0.3019081846070933,0.32416348809266127
188.3,-0.46696231358814766,0.6156262033857018,2.6528797725193383,2.363792809801935,0.8577924526659335,1.8218145545018272,-0.06466235863344456,0.07135170207194325,0.34811003360866816,0.26821210547658375,-0.35966807120588834,0.20680678325084487
188.4,-0.22897243321651728,0.7045854429891253,2.830038388912564,2.392019298428676,0.9150127263141186,1.7154342862499496,-0.034532259856183696,0.033535540022535365,0.3653535763021495,0.31370756218393125,-0.4118212032233822,0.10133160748934071
188.5,0.010642042480992299,0.7973223396258446,2.9948520610795932,2.396268705406292,0.9330929918883113,1.5756610674579656,-0.0013037747704701269,-0.009572843327530275,0.371330091582653,0.3458232394837371,-0.4498760434917662,0.003596903305670643
188.6,0.24948261349787432,0.8898734565246682,3.1442262007461106,2.3765652777073627,0.9113089419299565,1.4075931084635207,0.03430143274471909,-0.05545372027881549,0.3661637289150726,0.3583440560209425,-0.4656302427199757,-0.09190837942190934
188.70000000000002,0.48516520236963934,0.9782824148395974,3.2756336299645814,2.333172866185423,0.850525571557872,1.2174425869354364,0.07110730554382622,-0.10082186341842968,0.3495653688265633,0.34665470715283775,-0.45376245067788007,-0.1922837166913059
188.8,0.7153439688090427,1.0587576258006353,3.3872139365291827,2.266591613369236,0.7531626938380259,1.0122881943263717,0.10766256815478556,-0.1420131306159277,0.3208100554545043,0.3095185925124027,-0.4141998038792042,-0.30563566673037323
188.9,0.937734674760651,1.127823453204072,3.477846268458911,2.1775522826817584,0.6230984694675967,0.7997931426754662,0.14251748118557944,-0.1755357536782729,0.27869899768145084,0.24961124288427491,-0.3528392763034953,-0.4399260167645474
189.,1.150137366997681,1.1824587798702078,3.5471926660093542,2.0670082925947115,0.4655147967407218,0.587899873848803,0.1744581292509447,-0.1985937071132982,0.22151609128438698,0.17251318692344395,-0.2801482496596625,-0.6019146877077636
189.1,1.3504581518869867,1.2202174538614527,3.5957102042416818,1.9361255420829475,0.2866907256098774,0.3845136421017754,0.2025826605008927,-0.20941835232858694,0.14700623967094556,0.08504967264388946,-0.20854777533524718,-0.7964909361815822
189.20000000000002,1.5367298466878911,1.2393258126499695,3.6246314625909855,1.78627013566432,0.09375213177236164,0.1971875844320945,0.22620406980622043,-0.20737995947704282,0.05243674336620774,-0.005841359348851041,-0.14992094641963297,-1.0257633009810936
189.3,1.707131303628301,1.2387533972540508,3.6359141005694093,1.618994137082414,-0.10561236951356434,0.0328218338766153,0.2446557945421056,-0.19298494671356914,-0.06514102878931745,-0.09321633000930049,-0.11387815848594271,-1.2866808292926983
189.4,1.8600052168911274,1.21825403719369,3.632161550371333,1.4360195001044216,-0.30345794426404704,-0.10261132894585967,0.25713117350205367,-0.16790957234727305,-0.20825497381996966,-0.16956906613468842,-0.10648026619702097,-1.566488268175199
189.5,1.993874238396678,1.178375668337781,3.6165179886140155,1.2392203427772372,-0.49190027523699753,-0.2043053288061527,0.2627384834589232,-0.13512952206618425,-0.3778685605035757,-0.22654668254158639,-0.128825604179678,-1.8379736618659193
189.6,2.107455245725076,1.1204384922362929,3.5925417748485735,1.0306037476305887,-0.663429884788685,-0.26881067100838896,0.26096008947655147,-0.09893996753152019,-0.5719543952939283,-0.25608913100149927,-0.17560259306765227,-2.061376223813151
189.70000000000002,2.1996716245003483,1.0464823476558893,3.564062402925522,0.8122892845850334,-0.8112115140588881,-0.2941722092881748,0.25245141495295687,-0.06435875234720151,-0.7847343076305036,-0.25340241235378597,-0.235101179991645,-2.200682733656613
189.8,2.2696634478636426,0.9591853924498512,3.535026668580385,0.5864874655737429,-0.9293566231810539,-0.2800068341352324,0.23954984823060158,-0.03563675371481664,-1.00784521628472,-0.2199960557928864,-0.2924207014112924,-2.2476567297124483
189.9,2.3167954570883986,0.8617573376591436,3.509340186508823,0.3554773500022776,-1.0131581487946226,-0.2275184844618643,0.2257412541403491,-0.014635082435658314,-1.2333549666669112,-0.16373023487923763,-0.334815349170957,-2.2292996500830826
190.,2.3406627697152076,0.7578114902645167,3.490710575590204,0.1215835280594129,-1.0592781598174743,-0.13944988426028893,0.21430016262575993,-0.0003522575365077927,-1.4565168244466478,-0.09551172298712189,-0.3553314279813826,-2.188362730597162
190.1,2.341094264584783,0.651220705840914,3.482498564404991,-0.1128472855261109,-1.0658809302356866,-0.01997292846925014,0.20715106840413233,0.010171919072199283,-1.6762757123008947,-0.025716553767059624,-0.35279075093678125,-2.156832477643065
190.20000000000002,2.318153616587855,0.5459629938273888,3.487582953421148,-0.3454698114548199,-1.0327061237181234,0.12547791186635626,0.2045164213979,0.020447192434789516,-1.893622302822201,0.037326255686916984,-0.32986973897765226,-2.142083746858976
190.3,2.2721379775963593,0.4459629306432325,3.5082448177928973,-0.5739636828692593,-0.9610791724163417,0.2904225234158404,0.205149097946093,0.03332669100720595,-2.1091599830094316,0.08724451018605468,-0.2915623190166812,-2.1271228549022223
190.4,2.203574323651895,0.3549352030085204,3.546075567640268,-0.7960566042540005,-0.8538584361796498,0.4675937747793783,0.20687562051121483,0.0501691492450977,-2.321175594872339,0.1194491294614485,-0.24456361286343842,-2.0809476427170184
190.5,2.1132135118287407,0.27623651890362677,3.6019125315438725,-1.009546960946086,-0.7153212487808458,0.6492275204497322,0.20736616921052237,0.07047212286736883,-2.5251470023755407,0.13162943269003316,-0.1967308566252135,-1.9763932853804262
190.6,2.002022113025451,0.2127317900099816,3.675804631713473,-1.2123256541740979,-0.5509933941299032,0.8273724228564766,0.20492616058612753,0.09218367428544699,-2.7150087223969352,0.12435757270711972,-0.1557917110989889,-1.8068842697494438
190.70000000000002,1.8711721090440174,0.16667992051597724,3.767009519616905,-1.4023969449772242,-0.36742881072082295,0.9942072407435432,0.19888887856179874,0.11259358469663681,-2.8853516071961263,0.10073876755160492,-0.12764655695606994,-1.5891770023729601
190.8,1.7220285634688672,0.13964375552791097,3.87402228661405,-1.577898100940752,-0.1719483068004875,1.1423529344704677,0.18941795122303176,0.12923604817280218,-3.0330479509315644,0.0650007899121419,-0.11543263368572451,-1.3510200473899583
190.9,1.5561353958488342,0.13242777915840537,3.994634605333056,-1.7371176523081076,0.027652297139588,1.2651671454602567,0.17700724580706723,0.1403158021800287,3.125675503836134,0.021015867637262327,-0.11982555201652567,-1.1167515940159287
191.,1.375199407319538,0.14504604607317312,4.126021944334996,-1.8785120785550664,0.2234129631097263,1.3570093097010743,0.16207082746697324,0.14467240735752668,3.023217872728339,-0.028416679794409747,-0.13995247399180116,-0.900868000303967
191.1,1.1810727228935103,0.17672162496381844,4.264855379407694,-2.000720762794089,0.4075267772017755,1.4134658359371781,0.1447655884118642,0.1415718476157295,2.940651564441644,-0.08149906512696954,-0.17411908604459575,-0.7088922805156487
191.20000000000002,0.9757338310286756,0.2259175761338197,4.407433544226773,-2.1025790692403645,0.5726511865944044,1.431526371277084,0.12498827695420558,0.13054658370531771,2.875685691908405,-0.13692386569176226,-0.2200154753738245,-0.5408080048353804
191.3,0.7612674146103373,0.29039822821884836,4.549829460215428,-2.1831294182359335,0.7122007239465545,1.409704126936743,0.10245970746212205,0.1113615254004265,2.8262493207867827,-0.19319743142655635,-0.27444836508948844,-0.39404646235083957
191.4,0.5398431790168428,0.3673183111322098,4.688046392236126,-2.241630253795697,0.8206095491819102,1.3480954669802592,0.07685170716980054,0.08410492711434442,2.7906676366335184,-0.24794116729017265,-0.33281562528587094,-0.265206115913341
191.5,0.31369389237915835,0.4533363917857422,4.81817651690133,-2.2775628200977835,0.8935533419510063,1.2483763843122884,0.04794438355216509,0.04937277730986887,2.767716878029032,-0.29732711933378814,-0.38866115156169184,-0.15063070346501573
191.6,0.08509286039409755,0.5447480902621553,4.936556078148386,-2.2906356855758694,0.9281216986194508,1.1137360042816973,0.015799969339570157,0.008488252604164869,2.7566280265551852,-0.3359457978449112,-0.4337962609360459,-0.046173135232722456
191.70000000000002,-0.14366893694915434,0.6376337655303147,5.039910844751418,-2.2807869760529442,0.922934160858073,0.9487497667654577,-0.019089393890537903,-0.036340059598617,2.7570789288096758,-0.35749296622686055,-0.4594907265134964,0.053444666580945085
191.8,-0.37030581666682866,0.7280147829398027,5.125486071061136,-2.2481843014567473,0.8781952501413374,0.759197342429968,-0.05575276028974119,-0.08204105535981655,2.7691948794182437,-0.35639776729441325,-0.458819010317588,0.15511511406530612
191.9,-0.5925602416551484,0.8120121336032996,5.191155780057809,-2.1932223838425156,0.7956863141021984,0.5518325421393322,-0.09284976371660489,-0.12496595982905011,2.7935664842619503,-0.32980421841467544,-0.4293572540487132,0.2671329343292247
192.,-0.8082253186185157,0.8860010820119384,5.235507012142773,-2.116518417485853,0.6786945098035244,0.33411439236263485,-0.12891632801629624,-0.16139729488598606,2.831286111481997,-0.27873728962778777,-0.3747503555841536,0.39821978411599435
192.1,-1.0151667207436947,0.9467556765715854,5.257895681117894,-2.018905214466375,0.5318817551389621,0.11391009761937482,-0.16262611205495417,-0.1881147957736558,2.8839952268664937,-0.2076903036594053,-0.30413536994045426,0.5563200183925994
192.20000000000002,-1.2113438172617248,0.9915773618808492,5.2584718107203905,-1.901422211214896,0.36109887285727804,-0.10081826822255396,-0.19292555393400018,-0.20282454968619998,2.9539176840188857,-0.1230955100634228,-0.2298212174837741,0.7476562048648446
192.3,-1.3948298006557296,1.0184025653849766,5.238173145767638,-1.7653044327238243,0.17315233670173003,-0.30233085130302495,-0.21897975525805957,-0.20436726006667108,3.043819022560933,-0.03190884118803272,-0.1645747910227314,0.975664081688559
192.4,-1.5638306129628718,1.0258849692654795,5.198687392757184,-1.6119695313103626,-0.024467081240919675,-0.4834182465654011,-0.23997562170185438,-0.192780110284971,-3.126415442053743,0.05882893367620621,-0.1195101792443827,1.2385238273663308
192.5,-1.7167024852645845,1.0134491876445209,5.142384595398458,-1.4430030357780708,-0.22388294400689196,-0.6376885780183552,-0.25491340941871,-0.16937909100753754,-2.9876691837201657,0.14151781441799777,-0.10254985809907237,1.5241662898610213
192.6,-1.8519679189348879,0.9813137091634887,5.072222341164655,-1.2601419643537477,-0.4171471584641696,-0.7598219856177719,-0.2625997598849481,-0.13697082374641936,-2.821914838939336,0.20748014175251983,-0.11681100765755684,1.8042760753869034
192.70000000000002,-1.9683299533640712,0.9304821902873979,4.991627578081301,-1.0652569707156838,-0.5965568407270301,-0.8457823733172415,-0.2621066712623065,-0.10001428586961804,-2.631095086436135,0.2477487178496136,-0.15875895838979862,2.034788600164599
192.8,-2.0646845825314264,0.8627034464436629,4.9043597534302155,-0.8603332066188482,-0.7549614058519287,-0.8929779766982642,-0.2537222527032727,-0.0641264007716798,-2.421335989673828,0.25602445291851283,-0.21756985725149958,2.173218457491821
192.9,-2.140131201783264,0.7804017360220126,4.814360730669618,-0.6474500969245138,-0.8860476391183875,-0.9003643489936511,-0.23971239225153293,-0.03444862392323749,-2.2018416830162613,0.23229171726419592,-0.27797238612863406,2.207556629510618
193.,-2.19398098628422,0.6865801165927161,4.725597467969177,-0.4287602331429692,-0.9845913840014913,-0.8684856599141961,-0.22388984636057002,-0.013634357948062972,-1.9815018206241988,0.18349868966683497,-0.3260386969078388,2.167691463210564
193.1,-2.225763123649544,0.5847007262254601,4.641903730315386,-0.20646759979412566,-1.0466658128315547,-0.7994526609629764,-0.21009473378411617,-0.0010765892343840469,-1.7655580049735033,0.12023892764784887,-0.3536192977420732,2.1043271166902193
193.20000000000002,-2.2352288450153943,0.4785467627149263,4.566827145658114,0.017194646086761814,-1.0697979770466757,-0.6968581958286834,-0.20085111271673992,0.006207542567390503,-1.5547249132882852,0.05270850087088165,-0.35864926351662935,2.058886716769179
193.3,-2.2223532210453487,0.3720716631658909,4.503487702505111,0.23998661818011988,-1.0530673958736647,-0.5656336243303005,-0.19693591353850431,0.012089610785520613,-1.346730060379668,-0.01109594604537066,-0.3429914315069596,2.0481144835688467
193.4,-2.187334711878565,0.2692414966713863,4.454453330222696,0.4596841412035327,-0.9971427530178278,-0.41185188397458894,-0.19756368823685594,0.020122206381609147,-1.1388314428622683,-0.06511684436123581,-0.31054176823256313,2.062588232644539
193.5,-2.1305924825714637,0.17387685339099934,4.421637522254211,0.6741009634153722,-0.9042552383802469,-0.242485040579209,-0.20076702175167843,0.03268584643400933,-0.9301965969649657,-0.10452963090301776,-0.26658948600848165,2.0718889761121937
193.6,-2.052761517944628,0.08950053341236591,4.40622308367172,0.8811105193897444,-0.7781095975842943,-0.06512599378988793,-0.20394762484185408,0.050364370910627974,-0.7233998092219415,-0.12578757487669157,-0.21785550496486436,2.0368065632716226
193.70000000000002,-1.9546855926951965,0.019197107560377902,4.408615042968443,1.0786670263636011,-0.6237364354859483,0.11231456764808023,-0.2046836092377493,0.07175390016743491,-0.5242713845755909,-0.12750918336075512,-0.17204313155624032,1.9292806592822132
193.8,-1.8374081739543566,-0.03451005097845555,4.428424605299314,1.2648257048282265,-0.4472916618611541,0.2819238792900004,-0.2015126954408474,0.09403037275369933,-0.33991297966169676,-0.11115338822413635,-0.1363213718705752,1.7487456361317342
193.9,-1.7021613539460883,-0.06975936185578452,4.464484786838841,1.437761923487058,-0.2558110747371195,0.4361028964307868,-0.19416466783397937,0.11405814979005405,-0.17608050291166136,-0.08039458546084675,-0.11559134795715288,1.5198715200361854
194.,-1.5503529298370118,-0.0854252491717915,4.5148971068855985,1.5957890801243564,-0.05692986535653949,0.567869581678319,-0.18314707497249025,0.12929876526574235,-0.03565993323419147,-0.039510366394211356,-0.11186476936832355,1.27510210249155
194.1,-1.3835517660625896,-0.0811630109137515,4.577107476154828,1.7373750432104649,0.14142177277396528,0.6711375934078527,-0.16913703927008777,0.13808216741159152,0.08122060922992459,0.007966397510575972,-0.12489717156935053,1.0393748521035013
194.20000000000002,-1.2034715911968534,-0.05742255741985214,4.648008255727208,1.8611569940628654,0.33133479564432666,0.7409592645331315,-0.15259108957389778,0.13942555928311656,0.17618047256389563,0.05966298902595068,-0.15316795064015923,0.8256661310258698
194.3,-1.0119533966357215,-0.015430471159108006,4.724062417766717,1.9659545259363966,0.5052366173371285,0.7737231846628783,-0.13363588491582412,0.13276776059664025,0.2515494353127273,0.11404511248711585,-0.19445059634085507,0.6377084827298402
194.4,-0.8109466178392336,0.04285889695270145,4.801444857979863,2.050780874358617,0.6561930051014203,0.7672985085323317,-0.11212586611162655,0.11782171166821451,0.30967778723827055,0.16976579510272313,-0.24580052624774917,0.4741747285846097
194.5,-0.6024892905002537,0.11484134506532767,4.876195225988612,2.1148521721703597,0.7781845252992575,0.7211202374546476,-0.08777062720234557,0.09458414017868977,0.35258584185560216,0.22493439395613996,-0.30313111928195513,0.3316755207853411
194.6,-0.3886873836592709,0.19736664540932353,4.944376180593979,2.1575946428852784,0.8663465191982768,0.6362120737580287,-0.06029335293259881,0.06347332137469576,0.38182765668805074,0.27645678923989664,-0.36069231008173935,0.20620216374634578
194.70000000000002,-0.17169351938268934,0.28686413763851293,5.002230760620487,2.1786496669354127,0.9171630415324211,0.5151459369428686,-0.029607291762003208,0.025539279797131463,0.3984588412842564,0.31967269955430017,-0.41089660356133784,0.09337966021119246
194.8,0.04631470590776835,0.37948508348920323,5.046332597277242,2.1778766769124998,0.9286070301124016,0.3619397553915299,0.004016480081354653,-0.01733952459598287,0.4030404824257926,0.3486481637531043,-0.44502595196827544,-0.011994571443393377
194.9,0.2631565800725988,0.4712561075255137,5.0737229793455425,2.1553538598276254,0.9002211183660458,0.18189760822304157,0.039848848638088304,-0.062389960276485586,0.3956435423906626,0.3573990589377508,-0.45513747824727513,-0.11656562802681836
195.,0.4766700943799232,0.5582376067718813,5.082029306624991,2.1113766664732885,0.8331358690672817,-0.018601409795655277,0.07673855760209675,-0.10611514707658945,0.3758370775331759,0.3417889345366582,-0.4367558687991779,-0.2285745337171182
195.1,0.6847335047512306,0.6366808139410014,5.069560209049918,2.0464541499610025,0.7300247023327695,-0.23235718311998027,0.11330017007066,-0.14471985293096315,0.34265475346095386,0.30112646633120216,-0.3910653313408186,-0.35722204309643424
195.20000000000002,0.8852864200541108,0.7031772526417253,5.035373539140454,1.9613031772024994,0.5949973147645701,-0.4516353042320062,0.14817068795098418,-0.17467070622320968,0.2945441546477748,0.23842769786849183,-0.32525375591462563,-0.5115208339335363
195.3,1.0763502078098528,0.754794626259276,4.979314526895063,1.8568405782876185,0.43343583878156433,-0.6684751055310403,0.18018997261216704,-0.19319480311777357,0.2293203088318394,0.1592820929504424,-0.25080377481617955,-0.6991649315499293
195.4,1.2560475152102615,0.7891937230472446,4.9020225757479015,1.73417331917478,0.25178027394946095,-0.8750067141761103,0.20840003641962293,-0.1985833777112169,0.1441800474332309,0.07034362548581594,-0.1808164575534316,-0.9252968667160086
195.5,1.4226207128631216,0.804721676793781,4.804906428383961,1.5945868026495205,0.05727174448591599,-1.0637644900260144,0.2318646799269295,-0.19032776075471625,0.035900922345337406,-0.021439383408880484,-0.12760593568470313,-1.1899555776200892
195.6,1.5744490801144013,0.800477865053803,4.690088692186424,1.4395314209269676,-0.14233618154671157,-1.2279843510179398,0.2494200908238994,-0.1692533548669089,-0.09855639580887318,-0.10853810178329783,-0.10088540151655624,-1.4826594850139854
195.70000000000002,1.7100645639993939,0.7763498177924751,4.560321935613871,1.2706075003968451,-0.33908660256800643,-1.3618731326799025,0.25958470408052464,-0.13781431059871677,-0.26079190680562464,-0.18215477622530593,-0.10596045497294497,-1.7749126219114482
195.8,1.828165958720676,0.7330177048757138,4.418879700169736,1.089548794665666,-0.5251365000719852,-1.4608392433822273,0.260970921836713,-0.100429952158749,-0.449124815505433,-0.2325771701952934,-0.1414922746156481,-2.018375875439189
195.9,1.9276313688828512,0.6719272235054525,4.269426772650789,0.8982046960869193,-0.6930694150617419,-1.5216754199490088,0.2533621523079473,-0.06318523752194834,-0.6571926371722153,-0.2519500333594648,-0.19806483839928976,-2.1622631194022124
196.,2.0075288373611464,0.5952319664921499,4.115873889177945,0.6985213482546463,-0.8361911189023958,-1.5426862978553273,0.23878400100634223,-0.03213665429422401,-0.8748626587193693,-0.2384681365746713,-0.2603550693145546,-2.187928629721742
196.1,2.0671250374663654,0.5057075689595788,3.962222663155215,0.4925218523454052,-0.9487964911293183,-1.5237557103043335,0.2212663310252774,-0.01087124292299626,-1.0919844108033796,-0.1979418874879361,-0.31323775502752477,-2.126382545828519
196.20000000000002,2.10589194879523,0.406641056181723,3.8124069190339034,0.28228576863586174,-1.02639696463528,-1.4663510332949414,0.20517133062549525,0.0006703198050744309,-1.3024060191992617,-0.14065400479057988,-0.34721820165459494,-2.035867567651709
196.3,2.1235114566251396,0.30169980390455836,3.6701367570366035,0.06992812091670791,-1.0658994707145997,-1.3734644035676429,0.19358926292060555,0.005352858088947575,-1.505285405913846,-0.07679251762962065,-0.3593188851053052,-1.9667449064702156
196.4,2.1198778357166415,0.19478533529064457,3.538751565108661,-0.1424218841895964,-1.065729749990379,-1.2494931529930673,0.18781835377413314,0.007224091025131533,-1.7036470924239666,-0.01417331637534929,-0.3507973925098661,-1.9444508765082045
196.5,2.0950981007126903,0.0898777831415061,3.4210878376585616,-0.3526422088508246,-1.0258951132068423,-1.1000642262151779,0.1875791634043659,0.01027516848297083,-1.9018843517282802,0.0415634191211415,-0.3248349518490215,-1.9686584328793502
196.6,2.0494902267572406,-0.009122781802241325,3.319367070335554,-0.5586391924411122,-0.9479841498123981,-0.9318095815699019,0.1913399750129302,0.017678776631487356,-2.103304868931915,0.0858971964850699,-0.28558821630577247,-2.016258432209158
196.70000000000002,1.9835792652799893,-0.09855183074304916,3.2351081997154614,-0.7583684047612286,-0.83510339595111,-0.7521015294404314,0.19662686658236722,0.03115485436269154,-2.3080758113678974,0.11486156704227175,-0.23837612751601264,-2.0463014638220804
196.8,1.898091400897085,-0.17512646639843435,3.169068078226715,-0.9498549363490658,-0.6917534867101321,-0.5687585593769926,0.2005784244779087,0.05040994213341947,-2.512142595495323,0.12558619907999832,-0.19000406879396953,-2.0139339432759584
196.9,1.7939460158481557,-0.23607629813309694,3.121212356962161,-1.1312129245125937,-0.5236497300416754,-0.38973338382563705,0.200846822872397,0.07310294341210595,-2.7080548179637876,0.11753690941755658,-0.1480698181982708,-1.8937112424102105
197.,1.6722458481267644,-0.2792538850721327,3.090717936745258,-1.3006641220589188,-0.33749425551166834,-0.22279563527851987,0.1963594030073155,0.09571805597369389,-2.8877132222326045,0.09305104907722944,-0.11908665252902255,-1.6946007318982186
197.1,1.5342653482661546,-0.3032203441773641,3.076006889283657,-1.4565553259461743,-0.14070882158501097,-0.07522186680525175,0.18732313076426885,0.11487111749204743,-3.045287665044131,0.056279741373135524,-0.10681395981369893,-1.4505795901269987
197.20000000000002,1.3814373574319123,-0.3073027103628164,3.0748104956190465,-1.5973744951332003,0.05886106642209393,0.046494785238313005,0.17457628269595274,0.1281313117889821,3.104760685044451,0.011410303385955898,-0.11208072215715663,-1.1979817772641113
197.3,1.2153382458731439,-0.2916207618826432,3.0842608483929217,-1.7217654006226855,0.2532589318388961,0.13690370139900682,0.15892058503945558,0.1340758788017394,2.9955473445310155,-0.03843954994872394,-0.13374066931292733,-0.9609287782951369
197.4,1.0376716657329792,-0.25708224154793025,3.1010063655548246,-1.8285406659425893,0.43473452621475184,0.1918143126151431,0.1408017194340538,0.13196847423742195,2.9081767413482686,-0.09128980715750405,-0.1696293365471705,-0.7498996972291133
197.5,0.8502510855761045,-0.20534666428746293,3.1213466098574334,-1.9166930729270053,0.5960528072244848,0.20846339454149523,0.12028998592485204,0.12146869019161163,2.840093344992093,-0.14574781289806377,-0.21691849371325558,-0.5663884563613482
197.6,0.6549812856218166,-0.1387591539307815,3.141381038813587,-1.9854050254748636,0.7307823769312581,0.18562545312706255,0.09720048649212326,0.1025233751546703,2.788905033495286,-0.20026351333968773,-0.2718950573131713,-0.4075812528282727
197.70000000000002,0.4538390024702315,-0.060256946932287586,3.1571657544175276,-2.034056082794681,0.8335518812833163,0.12366180063558886,0.0712582150215347,0.07543037448070085,2.7526684634136425,-0.25241002282820313,-0.3294625907906339,-0.26913905740734695
197.8,0.24885291998195763,0.02674770956203483,3.164872002999131,-2.062228493297145,0.9002641490056855,0.024506365519995257,0.04227770965543946,0.04101538372225208,2.72998055942884,-0.2983677635496012,-0.3827802378129525,-0.14624675672394782
197.9,0.0420832088447106,0.11850359682096055,3.1609401057998596,-2.069710680573157,0.9282595328453856,-0.10841119821475984,0.010340018616360072,0.0008404465713934916,2.719989124434711,-0.33289723134670357,-0.42355257040361843,-0.03353563631399968
198.,-0.164399178813382,0.2110700773571535,3.1422226830129016,-2.0564986535871013,0.9164219412695799,-0.2703020368516333,-0.02407326392162672,-0.042664442925099945,2.7223850698685257,-0.35012081883452234,-0.44341262277689025,0.07549439735767657
198.1,-0.36853325166321615,0.3004741992799268,3.106111460859072,-2.022795334115724,0.8652233334679215,-0.45520881522637247,-0.060051517365711904,-0.08626314745721504,2.737406477489171,-0.3451176431532644,-0.43633065084464473,0.18890296615244873
198.20000000000002,-0.5682885505139605,0.382869088916822,3.050642605754854,-1.969007815360245,0.7767049037835453,-0.656243024155964,-0.09637208580984885,-0.1262291135515881,2.7658668126056543,-0.3156725097436154,-0.40111301737811317,0.3160847272529233
198.3,-0.761685343428855,0.4546873170897559,2.974576385677696,-1.895742586344504,0.6543957056902674,-0.8658594164039563,-0.1317216536043162,-0.1588527198793781,2.809207284868435,-0.2631250189170792,-0.34258281378530997,0.4668787792923384
198.4,-0.9468142437743392,0.5127831248166979,2.877447982322015,-1.803798776977466,0.5031719595208273,-1.0761566303569328,-0.16489774498045212,-0.18096864090232795,2.869556702163645,-0.19181006498147266,-0.2707023513284629,0.6504215148646132
198.5,-1.1218550568333825,0.5545578383483843,2.759587427757826,-1.6941594983035657,0.32906265290356806,-1.2791920165610007,-0.19486050531987908,-0.1903392150209202,2.9497478333335727,-0.10769821346277925,-0.19824140536601498,0.8738074280133656
198.6,-1.2850946690172285,0.5780634736386892,2.6221078702071803,-1.5679813712925288,0.13900918400433654,-1.467298116043324,-0.2205862550585062,-0.18586674448196117,3.0531689612548254,-0.017387364569555048,-0.13825037853414143,1.1395029171759075
198.70000000000002,-1.4349438039442148,0.5820803998651594,2.466862636164359,-1.4265823553470736,-0.059411370160873,-1.6333881734889397,-0.24079204677046875,-0.167778531656914,-3.0999707603664124,0.07187112636987146,-0.10200746347145719,1.4396160455970073
198.8,-1.5699524816152521,0.5661659658002336,2.2963728000720325,-1.271428004356247,-0.2582883279231087,-1.7712385054863689,-0.2537492843264177,-0.13799465067001113,-2.9411718060119028,0.1514140512004056,-0.09704839441418246,1.7468013531988071
198.9,-1.6888240304763622,0.5306721504531421,2.1137281485289385,-1.10411629343012,-0.449692776923336,-1.8757364667694585,-0.25759334615786744,-0.10065581819516178,-2.7548197690315717,0.21104427684551882,-0.12460099085245455,2.009125485984446
199.,-1.790427517174811,0.47673153430703025,1.9224654866769282,-0.9263611732726883,-0.6259936748751977,-1.943084128878115,-0.25147323570489344,-0.062118643706594194,-2.54732413502101,0.24139622768087834,-0.17726883393236773,2.1659417087669826
199.1,-1.873808475136357,0.4062121504337992,1.7264291377038772,-0.7399750213456224,-0.780162075188595,-1.9709495512659112,-0.23697808474309348,-0.029332911070412283,-2.3297641795370723,0.23860001994778396,-0.24016211509331228,2.1885794568220795
199.20000000000002,-1.9381978305434198,0.3216430154301769,1.529619196298982,-0.5468501694343776,-0.9060513489382145,-1.9585596142028132,-0.21821884389515647,-0.0069618657522192845,-2.113824361603559,0.2069877169261748,-0.2970312563695471,2.1069620782047442
199.3,-1.9830189427019713,0.22611330902170487,1.33603358510382,-0.34893969584855017,-0.9986422316112656,-1.9067307125659583,-0.20004152283133986,0.0043431520002707785,-1.9069491081409309,0.15641792904352755,-0.33684479197878653,1.9868682178974375
199.4,-2.0078926949598306,0.12314922172527812,1.149510210250912,-0.1482376771897491,-1.054242925394395,-1.8178360868991112,-0.18608656938208729,0.007215771903703082,-1.710491030912121,0.09719080338928655,-0.35556022894058575,1.8877395977396672
199.5,-2.0126405920847112,0.016573380265736314,0.9735755081299516,0.053240900653453146,-1.0706362795523452,-1.6957110941910973,-0.17812478920137642,0.0057612534953587384,-1.5211089771655233,0.037146098976567385,-0.35387547435781097,1.8426371563940118
199.6,-1.9972858401291216,-0.08964754498884023,0.8113054207163187,0.25348036991993267,-1.047168181281672,-1.5455001949685676,-0.17633568430996568,0.004203428688882606,-1.3333018903778981,-0.018380460650368226,-0.33452914421307345,1.8592468477816972
199.70000000000002,-1.962052405095598,-0.1915609751624169,0.6652043413077151,0.45048454376759656,-0.9847736331748556,-1.37345175688236,-0.17969350300103773,0.006209128797585256,-1.1417644074703523,-0.06537142607189193,-0.30093682139941663,1.9241235622678197
199.8,-1.907362066967633,-0.28538599622790545,0.5371068560859273,0.6422966127801297,-0.8859394776687743,-1.186668855356384,-0.18615171874863468,0.014414872286662914,-0.9434951695131557,-0.10008870741277127,-0.25717998881921283,2.003462619533703
199.9,-1.8338295056848244,-0.3676640886337122,0.42810619812041983,0.8270185769148789,-0.7546052545358546,-0.9928260061224811,-0.19285750431648432,0.029799877960941395,-0.7396459515676932,-0.11896791157370662,-0.20868709360526805,2.0470585878157483
200.,-1.7422554752168251,-0.4353970040847769,0.3385122654867804,1.0028300199781905,-0.5960061439172154,-0.7998631226521327,-0.19680484880275503,0.05111074164624572,-0.5362356618137206,-0.11970391622768017,-0.16250554822922803,2.0064548126474366
200.1,-1.6336181408333472,-0.4861662927664359,0.26784087654199673,1.1680060409932955,-0.4164642562632143,-0.6156688994630442,-0.1958884385185019,0.07505713506078354,-0.34250693886897565,-0.10269287191893944,-0.12610851340207338,1.8629535447654326
200.20000000000002,-1.5090626727905336,-0.5182297158377791,0.21483469006855116,1.3209341659361173,-0.2231365897928711,-0.447766243834041,-0.18957691437917415,0.097568125844378,-0.1673435370642124,-0.07117015266100198,-0.10514981344416521,1.6386720626517477
200.3,-1.3698892067783137,-0.5305906995325801,0.17751495561944852,1.460130074162525,-0.02372970361321125,-0.3030122967955024,-0.17859651718991532,0.11523201219037324,-0.016250343171336376,-0.02962474998910814,-0.10206931803834865,1.3772972710306046
200.4,-1.217539297429674,-0.5230380619522093,0.15326203029092045,1.5842519863208508,0.17380751841996261,-0.18732500263064453,-0.16406008095830169,0.1259069337340371,0.1092725064172914,0.01801066377878313,-0.11648432239165397,1.117247320736665
200.5,-1.053581005828598,-0.4961544287684601,0.13892145132100053,1.6921135745020834,0.36160076456345325,-0.10544712771669049,-0.14681430641316082,0.1285154546728736,0.21053105835599825,0.06909002880298944,-0.14639295619954465,0.8800516858539889
200.6,-0.8796927751221565,-0.45129300232897956,0.13093133508073274,1.7826952706867922,0.5321642190931779,-0.06075713654363071,-0.12724043498369264,0.1226135919971871,0.2900953673831767,0.12196101439116626,-0.1889953353503929,0.6727728615938131
200.70000000000002,-0.6976462599216643,-0.3905236103077152,0.1254660228070663,1.8551538660388445,0.6786989981000163,-0.055134464698924524,-0.10533480639700242,0.1081168509756763,0.3507204221004299,0.17523844110910095,-0.24079511532486153,0.494359795796794
200.8,-0.509288285055233,-0.3165501847705573,0.11859024571994345,1.9088303111050382,0.7953641994814046,-0.08888455996811065,-0.0808841853073025,0.08525253762346248,0.39479926016042627,0.2270335009374909,-0.29721865588328034,0.34042387415224606
200.9,-0.3165221173159279,-0.2326029615052242,0.1064176627890091,1.9432556453267245,0.8775097612214614,-0.1607266799326117,-0.05365681031984386,0.054678298301957855,0.42415612598628966,0.2743312321250823,-0.3521644792738801,0.20557450913528394
201.,-0.12128824006575366,-0.14230969728828075,0.08526745009372243,1.958155003266047,0.9218618446340194,-0.2678449325398877,-0.023587269503256493,0.017679296328411132,0.4400002506971615,0.31272721673433845,-0.3979720209421607,0.08400364290911452
201.1,0.07445517515616994,-0.04955103925022665,0.05181269839453126,1.953449664405205,0.9266533519243151,-0.40600052482069865,0.00906843146242771,-0.02365942721748611,0.44293227968739113,0.3368142756088804,-0.4262989601096484,-0.03086767344944879
201.20000000000002,0.2687519035421305,0.041694187694200566,0.0032147021149367266,1.929257133092689,0.8916943747457403,-0.5697007447500823,0.04365516089541741,-0.06642207282443516,0.43294947112803606,0.34137609046387923,-0.43008827402876004,-0.14695297121075862
201.3,0.45966721160853075,0.1275076074484378,-0.06276221460017734,1.8858892549891157,0.8183797651901521,-0.7524179394742491,0.07916640944757042,-0.10706112974800144,0.40942605136005866,0.3230439322029026,-0.40607571644379825,-0.2736604766746678
201.4,0.6453071162607079,0.20418750942750577,-0.14765991316004942,1.823848396007274,0.7096335273800579,-0.9468497599266883,0.11441185289198846,-0.14181846962143038,0.3710623280761873,0.28153185261293134,-0.35659110017510487,-0.4213866272296023
201.5,0.8238371666843878,0.26839642747525805,-0.25226331709315963,1.743821729050879,0.5697922465946281,-1.145210296691828,0.14821445076835663,-0.16724005548584442,0.31581312016020174,0.21968106715102154,-0.28957038413982505,-0.6005404246942664
201.6,0.9935005628950632,0.31729419750012516,-0.37656746708958727,1.6466736926408978,0.40443220324229073,-1.3395405004370486,0.17950367976443954,-0.18061283203539702,0.24083845591913433,0.1424503982561375,-0.2168227657428937,-0.8202300780847964
201.70000000000002,1.1526354320947112,0.3486511892411214,-0.5197760685851198,1.5334367035916148,0.2201470641002351,-1.5220255114155166,0.2072135257767783,-0.1802463689049468,0.14259018976045135,0.05582319136802023,-0.1516022997414883,-1.0857557340049249
201.8,1.2996910930688443,0.36093719797084106,-0.6803315904430127,1.4053002230820804,0.024285013569893432,-1.6853062470968072,0.2299995900954916,-0.16570312289993683,0.01727929460543838,-0.033438243347013924,-0.10640431027919699,-1.3927794571691925
201.9,1.433243149608076,0.3533824523039343,-0.8559757154434924,1.2635982915922863,-0.17534419530508616,-1.8227728258911358,0.24595419079939312,-0.13821840202255678,-0.1378852369687797,-0.11707257983955736,-0.09088482271117965,-1.7167549919374996
202.,1.552007266239868,0.32600830592193547,-1.043837733259662,1.1097956630822443,-0.3707805911058668,-1.9288281290662233,0.25275879937032175,-0.10141141634924167,-0.3224386610237643,-0.18473271170854694,-0.10908147700218868,-2.003622762039237
202.1,1.6548514932847762,0.27962638963243824,-1.2405473526160815,0.945472682337311,-0.5542313230385949,-1.999110993451211,0.24882197971204842,-0.06166475174424095,-0.5302068904224541,-0.22571179431355126,-0.15622762416372857,-2.1818810581954686
202.20000000000002,1.7408070232585298,0.21580625756718344,-1.4423674358087266,0.7723090614576278,-0.7183813373629431,-2.0306701369114952,0.2350795732342689,-0.026754072598074812,-0.749237591741883,-0.23384761601225898,-0.21847595707711437,-2.2088479775686203
202.3,1.8090772767754073,0.1368128173631568,-1.6453413645199708,0.5920667219161544,-0.8566850055599918,-2.022081882705166,0.21555839856148593,-0.002570491929696666,-0.9660592704743022,-0.21158295318180617,-0.27861596899012203,-2.110239453208288
202.4,1.8590452332028067,0.04551603878757893,-1.8454491625569944,0.40657187734900896,-0.9636270779453691,-1.9735069893905366,0.19556017578623924,0.009332054351579981,-1.1715388185895967,-0.1681532055709127,-0.3238633247993781,-1.9595649869151637
202.5,1.8902789391953692,-0.054723459560644144,-2.0387661520255613,0.21769653919640622,-1.0349425593296384,-1.88668432062103,0.17929697210284876,0.011252965093152026,-1.3634722963718127,-0.11404864254224863,-0.3488706218722412,-1.8264408737867246
202.6,1.9025351467203564,-0.1601883841761545,-2.2216178184488586,0.02733963241316835,-1.0677867409779338,-1.7648616071559635,0.16898765853856101,0.007300068593340676,-1.545197900251824,-0.0573419769759142,-0.35370440229674965,-1.751070468520235
202.70000000000002,1.8957610510836933,-0.26695296008144,-2.3907247114753973,-0.16259208832340533,-1.0608486102308714,-1.6126660613478179,0.16519262067938437,0.0018207357621935988,-1.7228789260228807,-0.0032738215441792964,-0.3408000687288808,-1.7471588038688157
202.8,1.870094118589587,-0.37103943576541604,-2.5433316050632833,-0.35020313019226235,-1.0144031165031235,-1.4359200022566116,0.16733664210829896,-0.0012625108141815855,-1.9032160528523103,0.04458409322194262,-0.3131732989871515,-1.8097250708022614
202.9,1.825860012622197,-0.46857666026882305,-2.6773157685512694,-0.5336281705160365,-0.9303002099791644,-1.2414088417913633,0.17391605857068718,0.0012703473358203195,-2.0915842791864,0.0830383303195198,-0.27405483609861314,-1.9160717960298288
203.,1.7635686459342312,-0.5559544104478508,-2.791270032803652,-0.7110505932261351,-0.8118910899988367,-1.0366106814932903,0.1824804743552066,0.011496598800354776,-2.2900767185003645,0.10858588141425118,-0.22750771526947441,-2.022451198560451
203.1,1.6839084055743554,-0.6299673158754834,-2.8845573404535414,-0.8807204694038838,-0.6638946033768689,-0.8293983000341172,0.18984435459619917,0.029578390146161055,-2.4956585374517,0.11785516010615404,-0.1793146817899276,-2.0692585118409386
203.20000000000002,1.5877386149977413,-0.6879426435488053,-2.957334606101667,-1.0409718040500104,-0.4922091189336732,-0.6277254121964695,0.1929702433830864,0.05319362216664689,-2.6999112897528534,0.10920438863501268,-0.136909826151916,-2.007136947211929
203.3,1.4760803153027169,-0.7278468480291963,-3.0105449358394036,-1.1902388792475536,-0.30367737820652474,-0.43930970714737444,0.19019151740600262,0.07811954841550452,-2.891782358306166,0.08413431917197287,-0.10749507779649631,-1.8296625729666944
203.4,1.3501054640486796,-0.7483666391978292,-3.0458785168718334,-1.3270715335677168,-0.10581369700046367,-0.2713253022120175,0.18165674606194626,0.09993458431582827,-3.0620262515704857,0.046750823655924166,-0.09556601238538642,-1.575444085652558
203.5,1.211124665576564,-0.7489613357106071,-3.065703737035815,-1.4501492288175581,0.09349560660680734,-0.13011687298824418,0.16859954812658617,0.11545002899156487,3.0772086715747258,0.001669188285992203,-0.10208450235420995,-1.2967250612204633
203.6,1.060573561018808,-0.7298844169857356,-3.072971280842042,-1.558293767929697,0.2863066148166545,-0.020946856470826378,0.15230826400949785,0.12297024769525618,2.9598883308796418,-0.04760547795633098,-0.12549209885990323,-1.0311887421960166
203.70000000000002,0.8999980191158731,-0.692173414514168,-3.0710950260049272,-1.6504805418088573,0.4649345089800655,0.05221419466308494,0.1335834096306468,0.12182228186607488,2.867011527075921,-0.09892020564242146,-0.16301284025297258,-0.7958823507253392
203.8,0.7310382804248619,-0.6376085454945614,-3.063814489308839,-1.7258481981363243,0.6222599390021986,0.08684574875897033,0.1126947020232515,0.11187299252527252,2.7955475062046693,-0.15085588326554908,-0.211224963217148,-0.593761130125553
203.9,0.5554122174024785,-0.5686417379390306,-3.055044306222341,-1.7837066413338234,0.7520128493003342,0.08197761853619809,0.08955595394728168,0.09331451067375604,2.742604344187134,-0.2019021592687378,-0.26590903021693135,-0.4211252278215432
204.,0.37489788108002237,-0.4882988767950457,-3.048716745588888,-1.823543289934956,0.8490224460689272,0.0382284715787079,0.06394013936582069,0.06669112191750184,2.7058504667339447,-0.24973780776849938,-0.3215936511597708,-0.27202468660876966
204.1,0.1913155115404857,-0.4000591682219171,-3.0486235383854976,-1.8450275353345493,0.9094233404465019,-0.04221900725508982,0.035680796495294965,0.03306364973215589,2.6836371186352515,-0.2907904029977925,-0.37129433713535426,-0.13995529380558416
204.20000000000002,0.006509194104312475,-0.3077164313876317,-3.0582633268783526,-1.8480133641002612,0.9308096493065309,-0.15570531123395043,0.0048443397352992594,-0.005798433475025474,2.675004396987911,-0.32030401390254826,-0.4069510747056584,-0.017965366259811703
204.3,-0.17767165401238466,-0.21522784764445696,-3.080700816430896,-1.8325401245548854,0.9123309101601008,-0.2972401886859175,-0.028156066305571686,-0.04731310166741857,2.679666169517759,-0.3331314481440897,-0.42090455192162995,0.10188579117727947
204.4,-0.3593907808073389,-0.12655619697610881,-3.118443245663444,-1.7988314369837843,0.8547259863459378,-0.46070177775796367,-0.06254905805300771,-0.08817455467383267,2.698016845096811,-0.32515189336113404,-0.40820318135240236,0.22898414852802426
204.5,-0.5368433954735388,-0.04551187125194606,-3.1733391002279427,-1.7472922654031562,0.7602936108147381,-0.6390808600488433,-0.0973135437485777,-0.12467146822661648,2.7311759176970214,-0.2946794758393501,-0.36877757515267606,0.3740759522263393
204.6,-0.7082740810714795,0.024399037279067892,-3.246503108670727,-1.678504187155183,0.6328007428342931,-0.8247604954129454,-0.13135288875377066,-0.15315655780903517,2.781067279610636,-0.24302395113745598,-0.30826691776550913,0.5486088348675505
204.70000000000002,-0.8719941462359766,0.08011451602222819,-3.338270511063733,-1.5932189144931002,0.4773323911442673,-1.0098198896948638,-0.16361489335475768,-0.17050870575965996,2.8505005656198925,-0.1739354404564173,-0.23703201067812757,0.7636010483871903
204.8,-1.0263982445476996,0.1191387080097287,-3.4481824240638765,-1.492350139605212,0.3000888906378337,-1.1863503810617848,-0.19303778263406393,-0.17447102316531685,2.9431542596852664,-0.09258020213353121,-0.16803023132035955,1.027375412883293
204.9,-1.1699800981778123,0.13964141702853178,-3.57500288633488,-1.3769637910304855,0.10813871450846219,-1.3467709474699245,-0.21827879623957575,-0.1639167434918597,3.063219340553041,-0.005060788734628141,-0.11457493645139039,1.3399420722512019
205.,-1.3013471719943142,0.1405310749477201,-3.7167669052606307,-1.2482668049792043,-0.09086332353759963,-1.4841306568884371,-0.23734006717867787,-0.13929174522582358,-3.0689292228318026,0.08099971426517229,-0.08820920683482836,1.6813725917408777
205.1,-1.4192341554044834,0.1214982622683688,-3.8708575899475433,-1.1075945295349394,-0.28898124261526315,-1.5923860024553136,-0.24751695779838956,-0.10347086446570769,-2.8863734582692486,0.15547587938354876,-0.09586517807066605,1.9978306699443455
205.20000000000002,-1.522515121676798,0.0830280468689138,-4.034109295924905,-0.9563968929414624,-0.47831427724296877,-1.6666420659955672,-0.24641059093230838,-0.0625795836280306,-2.67784815999087,0.20661783209732448,-0.13594988372560723,2.2069834657095964
205.3,-1.610214248211122,0.026380649039182136,-4.202932669938686,-0.7962234790405792,-0.6513118559980499,-1.7033478953795789,-0.23407091043646275,-0.025098690245160506,-2.4559712731027146,0.22583254109971507,-0.19636558490603284,2.2476629522260847
205.4,-1.6815149960650548,-0.04645879637302608,-4.373456610137826,-0.6287076633102691,-0.8010746190408706,-1.7004383065479525,-0.21423299253502298,0.0016885031356339536,-2.236218787071971,0.21321269733824297,-0.25920601342734506,2.1367396420258533
205.5,-1.7357676628422385,-0.13285937787792912,-4.541681482578237,-0.45554997176204115,-0.9216294738878948,-1.6574164569062608,-0.19263041850122176,0.015079661467977158,-2.0298635391226325,0.17709274785406143,-0.3096954651695352,1.955401350209825
205.6,-1.7724952396468379,-0.2296492903435457,-4.7036374862068095,-0.27850083210465015,-1.0081677238288091,-1.5753738980510121,-0.17411637151917542,0.01692149885224083,-1.8403192108376831,0.12820491392757263,-0.34086303049694205,1.7855658830953152
205.70000000000002,-1.7913975200345051,-0.3332422817249947,-4.855541853223727,-0.09934289200847725,-1.057236775558849,-1.4569473082878184,-0.1613809833882607,0.011313376666473677,-1.6644858914703193,0.07506257688389184,-0.3519915840380335,1.6751621282649642
205.8,-1.7923534265713423,-0.4397806224911865,-4.993948618141343,0.08012691703974029,-1.0668777832479879,-1.306213629778499,-0.1553036275930607,0.0027087632037702276,-1.495832942304885,0.023045745383709633,-0.3452519639589171,1.6422215339422543
205.9,-1.7754215385692869,-0.5452888980093935,-5.115884985110531,0.258115389948489,-1.0367037416124887,-1.128527790764858,-0.1556498291603176,-0.0048385437948977655,-1.3267807164665564,-0.02453574001531478,-0.32349137460522476,1.6874163685819692
206.,-1.740838822617712,-0.6458324926701757,-5.218968857358665,0.4328509519117536,-0.9679149146642145,-0.9303094822684417,-0.1614092285077881,-0.007813552028745504,-1.1502738359457465,-0.06505893126737491,-0.2894910591512183,1.798351604740845
206.1,-1.6890175854967817,-0.7376744474911461,-5.301502843581988,0.6026012773551043,-0.8632509850423886,-0.7187874897002111,-0.17072507086464492,-0.0034024363272622438,-0.961373333277678,-0.09554727654672407,-0.24629086669939296,1.9443834641795998
206.20000000000002,-1.6205406867577952,-0.8174244377817546,-5.362540993912326,0.7656904488573876,-0.7268818315827875,-0.5017117719654179,-0.18073445744272662,0.009898186893393043,-0.7594028560542047,-0.1124073187277807,-0.19819320754911143,2.0701697849691794
206.3,-1.5361550655140763,-0.8821739315997442,-5.40192560525401,0.9205154862497407,-0.5642412894782893,-0.2870447664533399,-0.18792609824597442,0.03128736622164687,-0.5498961241590902,-0.11246609036846775,-0.15163608693324887,2.106201875680797
206.4,-1.4367636526310963,-0.92961214065834,-5.420292629015784,1.0655620830550183,-0.38181052048796504,-0.08264422649753717,-0.1893911392455315,0.057228455108495314,-0.34406613134854036,-0.09501111723932415,-0.11448523621823252,2.0071511208390858
206.5,-1.3234157553737,-0.9581181410871641,-5.419045465974894,1.1994193959916535,-0.18685962954163743,0.10404976453323168,-0.1841420283476717,0.08264702435903419,-0.1545493678460762,-0.06283365380540089,-0.09335266876872356,1.7860742814475672
206.6,-1.1972960165038178,-0.9668254914830279,-5.400298193303851,1.3207937433404464,0.012842171330052832,0.26631112486518294,-0.17310880220690295,0.1030584158479962,0.00972276460743606,-0.020767455865472108,-0.0912205740741823,1.500035804704272
206.70000000000002,-1.0597120636798736,-0.9556567721328657,-5.366790487424034,1.4285210794478578,0.2093362968904366,0.39839563797654,-0.15794994839750623,0.11575392526060149,0.14550493953169322,0.02673045158402618,-0.10749232587089547,1.2065213597053759
206.8,-0.9120809776541873,-0.925326668438963,-5.321777634735509,1.5215781253986083,0.39479207230320756,0.4957696695161592,-0.13999446856051204,0.11959387970507224,0.2538642855522082,0.07673392837816426,-0.13954924563388596,0.9389028845810415
206.9,-0.7559147190740404,-0.8773134756200487,-5.268900015429292,1.5990920498000831,0.5618189173550996,0.555290619377252,-0.11990638473328387,0.11432412606983847,0.33786469787524204,0.12755379502043512,-0.18394239332535273,0.708100624004075
207.,-0.5928046635612544,-0.8138001607059879,-5.212037263920717,1.6603486085354946,0.703760985493941,0.5753319149865738,-0.09780946146459517,0.10011738681845388,0.40090753258010275,0.17788000067909845,-0.23662901576637901,0.5126592561943372
207.1,-0.42440540307602787,-0.7375873314983319,-5.155152920324788,1.7047986681123986,0.8149625113542629,0.5558475628381419,-0.07353596125631641,0.07745435554260172,0.4459260451402765,0.22594659656354713,-0.2926098910345151,0.34635765477454444
207.20000000000002,-0.2524179782909803,-0.651981582149649,-5.102135766475429,1.7320630536929078,0.8909932882016495,0.49837368492276485,-0.046861674291829664,0.047228081785842,0.47511028811995987,0.26893749285752583,-0.34551660384693716,0.2017901954926002
207.3,-0.07857271174719749,-0.5606636666711994,-5.0566441721555995,1.7419356798769106,0.9288252862216092,0.4059669789192728,-0.01770151455700963,0.010937402496394442,0.4898647702574547,0.3028005823609932,-0.3876825939837061,0.07130391938546901
207.4,0.09538818510869866,-0.46754175587487334,-5.021959657185191,1.7343849396467468,0.9269533704394379,0.28308255566412344,0.013746881258944965,-0.0291539121364949,0.49083138570236706,0.3226829827926695,-0.4111385197030175,-0.05333299241861222
207.5,0.2677280563215269,-0.3765956279325193,-5.000855507595171,1.7095533443960258,0.8854553056281282,0.13539602425397038,0.0469432559830642,-0.07000725388654024,0.4779006530942386,0.3240480831986175,-0.40959619767924116,-0.1815699783945184
207.6,0.43673312274414877,-0.29171800418310834,-4.995485683945213,1.6677554254813456,0.8059886559983535,-0.030423082192951895,0.0810567976425832,-0.10801959005304668,0.45018032710582845,0.30409238204926137,-0.3807811795313349,-0.3243869338560087
207.70000000000002,0.6007295076714386,-0.21655935562847217,-5.007298450846201,1.6094739250775714,0.6917247032699183,-0.2069775071958348,0.11510717184266367,-0.13942594754224394,0.40591499593186997,0.2626900876427488,-0.32793513167946414,-0.4940353937327941
207.8,0.7580997978208165,-0.15438236719306092,-5.036978171180405,1.5353543211127287,0.5472220176028709,-0.38643748528861777,0.14809809892784412,-0.16076217863288325,0.3423775242053014,0.20231313285823005,-0.25962855619609715,-0.7032247996428934
207.9,0.9072989759960386,-0.10793186179811837,-5.084417585662817,1.4461977475381937,0.37824472171578094,-0.5608532007284885,0.1790111375935372,-0.16924585522480998,0.2558139931428602,0.12719548311577847,-0.18809966175120915,-0.9632656595412693
208.,1.0468695686912937,-0.07932536996743533,-5.148721683019766,1.3429523869921636,0.19153269342793217,-0.7224720336695026,0.20656446139808674,-0.16306878513269749,0.14166524823072033,0.04267938032205954,-0.12708769835444556,-1.279032673194939
208.1,1.175455860356069,-0.06996870760879448,-5.228243006631094,1.2267034278820834,-0.005467132075554215,-0.8640479460751613,0.22877110838515172,-0.14182956895881008,-0.004456738078859805,-0.044420021209591765,-0.08971441666670353,-1.6370041441405103
208.20000000000002,1.2918170359510008,-0.08049992761879265,-5.32064699019691,1.0986616919001353,-0.2048976481247834,-0.9791306730063698,0.24265413563522642,-0.1074682375797474,-0.18437931211522451,-0.12456717908277308,-0.08573845552419809,-1.9868020273313112
208.3,1.394839124679921,-0.11076387978362318,-5.423004717815202,0.96015105085837,-0.3988048146888192,-1.0623231900168153,0.24499765977126636,-0.06553389980266361,-0.3936740988226924,-0.18539564412712686,-0.1171837102992874,-2.2369300416906754
208.4,1.4835456302649856,-0.15981839319237762,-5.531909410519747,0.81259476336128,-0.5794547609274243,-1.10949719211984,0.23472443861340814,-0.025009431470651947,-0.6194585549234869,-0.21587461518646286,-0.17451383775906498,-2.303251623583281
208.5,1.5571067467081863,-0.2259718346894916,-5.643611995415647,0.6575008721152729,-0.7396421102916091,-1.117957993735451,0.21499985006699604,0.0052676884388368084,-0.8441228563517227,-0.2132369804422051,-0.23954971680069273,-2.186914688427873
208.6,1.614847073017546,-0.30685054602948403,-5.754170352775151,0.4964468115045805,-0.8729772362250537,-1.086552275453105,0.19194474177169,0.02111830386497278,-1.0537228334649866,-0.18452471324841704,-0.295277579933793,-1.9756936332921977
208.70000000000002,1.6562517557167422,-0.3994934712273983,-5.859606291146403,0.3310633823637398,-0.9741409964877624,-1.0157143819621526,0.171172197139062,0.02376592381027692,-1.2431908430220755,-0.1407315184205712,-0.3326877382587902,-1.7669347022497084
208.8,1.6809710039486183,-0.5004702016110268,-5.956063992423811,0.1630182565783494,-1.0390967906482218,-0.9074493252731703,0.1559272892248594,0.017307190709479774,-1.4151801949290506,-0.09102815312279854,-0.35005190869334535,-1.6181997376815347
208.9,1.6888229384629803,-0.6060177324915813,-6.0399636102141505,-0.006000821802519301,-1.0652514866814502,-0.7652531707130468,0.14738776740076368,0.006350657377605445,-1.576429511449581,-0.0411720683924044,-0.34924711866577623,-1.5510475961579815
209.,1.6797947525796715,-0.7121904793954017,-6.108143898041713,-0.1743029698873956,-1.051558801036724,-0.5939739795290344,0.1455533610872457,-0.004935748869118212,-1.7350595500135835,0.005569115067318865,-0.33308499070158126,-1.568951305778568
209.1,1.654042180171414,-0.8150175731834096,-6.157988181270264,-0.3402110639735757,-0.9985610107383742,-0.3996188517561818,0.14977371980101561,-0.012910967179609508,-1.8991633559521055,0.04700482412265086,-0.30420835670688373,-1.6664343206463113
209.20000000000002,1.6118872826457251,-0.9106611631980952,-6.187528650639811,-0.5020784335933517,-0.9083673345895984,-0.18911476181602688,0.15876849119424274,-0.014382692501359786,-2.075730186997222,0.08082814495774891,-0.26507444917684125,-1.8262858348228186
209.3,1.5538145836531718,-0.9955694173910585,-6.195524819552784,-0.6583051855918878,-0.7845698453526755,0.02996727854759823,0.17030946064259947,-0.006874248362766136,-2.268907770884611,0.1038700194392918,-0.21873377212084644,-2.00824543104521
209.4,1.480465596642839,-1.0666181197992295,-6.181513017241718,-0.8073539966142047,-0.6321002652211971,0.24971373336717462,0.18102833224282952,0.010447701437065842,-2.4773483349706535,0.1123029411813905,-0.17009280019794926,-2.141821148072264
209.5,1.3926318062637733,-1.121235220324743,-6.1458249446458275,-0.9477652183351428,-0.45703335369743325,0.46218371133147995,0.18712017876232642,0.035559381569022414,-2.6922682296135334,0.10336423955689855,-0.12652838897614593,-2.1485015422062883
209.6,1.291246179815267,-1.1575033714121798,-6.089574553184016,-1.078171147257831,-0.26634472617936383,0.659725225782508,0.18607101636455287,0.06356238001008897,-2.8994076413397445,0.07766465908888712,-0.09618719576117453,-1.9958935183034516
209.70000000000002,1.1773732993311963,-1.174236363809301,-6.014613769465424,-1.1973093198461466,-0.06763275826613169,0.83527993766423,0.17784719427531026,0.08874225586370942,-3.0851653293918972,0.03938198566585372,-0.08457761500889051,-1.7245610741505868
209.8,1.0521982183032754,-1.1710264141587257,-5.923458830980705,-1.30403470405324,0.13118433741999808,0.9826642324059516,0.16417924700705663,0.10692734987045381,3.041331156651934,-0.006231495781711299,-0.09283196380985363,-1.4087889833498266
209.9,0.917014159373891,-1.148260419213594,-5.819190169452083,-1.397330669852455,0.3221841853048492,1.0968154252148599,0.1469860867999278,0.11611709536411798,2.914981848005101,-0.055201491308535355,-0.11884402596396042,-1.1056167485137722
210.,0.7732091804451124,-1.1071045286728212,-5.705329833079884,-1.4763186340460406,0.4977560868965326,1.1739932794706844,0.12748271888459148,0.11577214239819021,2.816401760117175,-0.10527066161819276,-0.15911565583756024,-0.8404169796543011
210.1,0.6222519464461493,-1.0494576516684568,-5.585701334363944,-1.5402662882938603,0.6509044352380073,1.2119288044418763,0.10612120982344496,0.10603119377560577,2.741763247143092,-0.15511973515858782,-0.20961012381551936,-0.6169912433185686
210.20000000000002,0.46567675238850587,-0.9778757504547146,-5.464277510803397,-1.5885943338238953,0.7755276076009536,1.20991440034827,0.0828631236113887,0.08735606577364786,2.6874418026333418,-0.20339094377938283,-0.26562343115908915,-0.429652752461765
210.3,0.30506795023588595,-0.8954699394705486,-5.345022463654964,-1.6208816615129003,0.8666612178492149,1.1688317570912796,0.05747139897007125,0.06053069989194277,2.6505835311959953,-0.24792852009038446,-0.32129948612026965,-0.26999405784367575
210.4,0.14204393746122468,-0.8057824522443158,-5.231733876006412,-1.6368689318031242,0.9206760307682149,1.0911163945366067,0.02974518941450902,0.026834591362523186,2.6292323119212857,-0.2853778517109784,-0.36939967180723615,-0.12930727251306748
210.5,-0.021759131087621748,-0.7126454209489924,-5.127891996289295,-1.6364605250890147,0.9354226481398815,0.9806602581349821,-0.0003052655520804542,-0.011758440475247612,2.622307271820135,-0.3113135721802441,-0.4018456992716486,0.0012616820992019024
210.6,-0.18470374427557953,-0.6200280986212293,-5.036521307611507,-1.6197248496044494,0.9103171983864148,0.8426562532042958,-0.032357509126734386,-0.0524834055344757,2.629568160635719,-0.3210413793950368,-0.41130853706712367,0.13140017744041757
210.70000000000002,-0.34516738450877055,-0.5318786148123079,-4.960070397535974,-1.5868930103000678,0.8463646136069517,0.6833909159175644,-0.06577746526396804,-0.09188670947429987,2.6516246935169607,-0.31090930978664977,-0.393523981198911,0.2722855787777005
210.8,-0.5015586632593253,-0.4519665733739901,-4.900314817325601,-1.5383558585579717,0.7461185660253072,0.5099934866666302,-0.0997221700469146,-0.1261462374555602,2.690008486045326,-0.2795045254095821,-0.3493155025755112,0.43676168863824943
210.9,-0.6523330820354294,-0.3837327675084845,-4.858286803144981,-1.4746594586836086,0.6135796610558903,0.33015138956945966,-0.1332762255471973,-0.1515140306508462,2.7472995811651266,-0.22802468315035312,-0.28520589907702504,0.6389352519661456
211.,-0.7960082629254406,-0.33015200346975876,-4.83423466079726,-1.3964990227833083,0.4540359457093589,0.1518034611704765,-0.16549148450838227,-0.16472836285043696,2.8272482179300003,-0.1597199142075279,-0.21234654727482188,0.892859120994544
211.1,-0.9311784987672613,-0.2936145017019464,-4.827613432971084,-1.3047113807246085,0.27385209076431816,-0.017176841549793487,-0.19519475251837862,-0.1633287509760613,2.9347012501050616,-0.07913749754471472,-0.14452797771662484,1.2084226768277926
211.20000000000002,-1.056528480387659,-0.27583060357741385,-4.83710722082635,-1.2002660662379192,0.08021565134665148,-0.16929562424610656,-0.22051302846261042,-0.14605138743275795,3.07486032978232,0.007801925805950298,-0.09609652611831115,1.5800002225974157
211.3,-1.1708460671446224,-0.2777625827761073,-4.860682269777945,-1.084255113711338,-0.11914947829322764,-0.2977376037619436,-0.2383558516089539,-0.11375347567870935,-3.0321411898456447,0.09248043301819518,-0.07942398964272221,1.9645899864584007
211.4,-1.2730339770952206,-0.29958627977128804,-4.895668702853851,-0.9578816727234456,-0.31629099215223355,-0.3966380999332561,-0.2447651238896458,-0.07105303914676676,-2.82266619105204,0.16246794545908802,-0.10045304625935714,2.2655488688607335
211.5,-1.3621202843932165,-0.34068408893370855,-4.9388676429048814,-0.8224475587334905,-0.5033452059018905,-0.46131712707784783,-0.2373116853691684,-0.027096942813165065,-2.592389858773477,0.20449313384712858,-0.15313679055470514,2.372445108596443
211.6,-1.4372676238816673,-0.39966957783626467,-4.986679452758666,-0.6793398684916699,-0.6728505572495609,-0.48846625257412546,-0.2182072517156711,0.007619447532799371,-2.3609935638285893,0.212390588563797,-0.21972229234070728,2.260979991147468
211.70000000000002,-1.4977810161537348,-0.4744427572651253,-5.035247980494697,-0.5300167975517821,-0.818045074963238,-0.4762807729606567,-0.1938411018252135,0.0270091419002226,-2.14569850011313,0.19132999226788372,-0.2807700287452004,2.022010690438035
211.8,-1.5431142404758065,-0.5622737984963652,-5.080615058932053,-0.3759928046794815,-0.9331359574084253,-0.4245319380071639,-0.1707416736106001,0.031398981974747754,-1.953830006430958,0.1525066054918397,-0.32469481590887467,1.7722197911086512
211.9,-1.5728746977559551,-0.6599118602947799,-5.118879099608744,-0.21882327388316902,-1.0135305133521328,-0.3345763433071563,-0.15286182860692643,0.02487116746764021,-1.7834344825400317,0.10597803292437151,-0.34842903566960076,1.58230930785857
212.,-1.586826721046123,-0.763714687045449,-5.146351458286115,-0.06008882920123669,-1.0560192581520935,-0.20930211683656674,-0.14170981345281905,0.012276876757937507,-1.627636297739708,0.05812611610988692,-0.3534687338484451,1.4777143298537743
212.1,-1.5848933067353856,-0.8697938113498466,-5.159704337844531,0.09862053978402975,-1.0589038658645578,-0.05301404474925886,-0.1374455600157354,-0.0020426322417782983,-1.4779296639152633,0.012394190011702888,-0.34265239632284644,1.462592090229279
212.20000000000002,-1.5671562554640968,-0.9741695723171399,-5.156104331803029,0.25572138248565157,-1.0220648762236302,0.12873778401862224,-0.139633612355887,-0.01437063986474954,-1.3256287462371117,-0.02926468799741372,-0.31868922823012624,1.5345375324850885
212.3,-1.5338547277068881,-1.0729297694604563,-5.133326284149895,0.4096525630298114,-0.9469664572286675,0.32937898303444946,-0.1474283300775021,-0.021379817315287375,-1.1625106225132875,-0.06513843126030758,-0.2838360411480744,1.686065154969426
212.4,-1.4853822347763774,-1.162385627168363,-5.0898429258869715,0.5588907502094589,-0.8365980334702275,0.5415727128595215,-0.15929333911961996,-0.020063506428110615,-0.9818354571747772,-0.09278874489690277,-0.2403383014715249,1.8946537660997373
212.5,-1.4222821015323184,-1.2392188519397058,-5.024886714387286,0.7019654682188563,-0.6953551072892122,0.7575119259248371,-0.1724933404172143,-0.008273911120354686,-0.7806674582657217,-0.1085828814112975,-0.1915806113850699,2.1057708621110143
212.6,-1.3452414521882223,-1.3006139196744053,-4.938481409842369,0.8374735597231668,-0.5288640240533746,0.9692303610057722,-0.18302852249094542,0.013901506280845063,-0.5632593723354651,-0.10849396694877907,-0.1435113876249773,2.2293179417373885
212.70000000000002,-1.2550837851406995,-1.3443703191431684,-4.8314421295525065,0.9640929192850758,-0.34375766760661025,1.168919889019375,-0.18695117982928366,0.042837301097363875,-0.3425075627150362,-0.09061386505776363,-0.10461429068269934,2.183027485933628
212.8,-1.152760216562945,-1.3689902768432167,-4.705343877494158,1.0805953630300342,-0.14741102820595697,1.3492415586588848,-0.182561620363761,0.07223074655506688,-0.13557960389921384,-0.057320067531548724,-0.08285034880145503,1.9615109040412417
212.9,-1.03933948546728,-1.3737384659270475,-4.562459803378926,1.1858585095985101,0.05235281498261252,1.5036179415475095,-0.1710258988227504,0.09615132560532297,0.044118958715623734,-0.014049231266044555,-0.0819519006743745,1.638793790577431
213.,-0.9159968249286665,-1.358671318797409,-4.405671652201987,1.278876557808089,0.24757457527848376,1.6264951221185753,-0.15475128654025583,0.11117277210787137,0.19122220487670274,0.034012397589160887,-0.10100040463532495,1.3000294547467477
213.1,-0.7840018150526831,-1.324634774768063,-4.238355973944213,1.358769857926238,0.430476070044574,1.7135638875987391,-0.135677817089233,0.11615282783558155,0.3068093874635978,0.08366718090096037,-0.1365838291578397,0.9945002128210646
213.20000000000002,-0.6447053429666727,-1.2732305525838838,-4.064250629451769,1.4247931859124,0.5937703121986244,1.7619313000308365,-0.11475828437384039,0.1111236423491668,0.3948547992209213,0.13331433171405088,-0.1845263147134178,0.7367553409075405
213.3,-0.4995258035179223,-1.2067522924086582,-3.887306914036655,1.4763426433002458,0.7309520193074021,1.7702358103833018,-0.09218634881548345,0.09656475657749276,0.4597279693773969,0.18183930129445147,-0.24022940192562126,0.5234534464679415
213.4,-0.3499346813987848,-1.128094113097741,-3.711533193710333,1.5129611194203476,0.8365569585836541,1.738701325589934,-0.0677679890205237,0.07321464763379229,0.5050876022558811,0.22764905720371229,-0.29822623594607683,0.3453180820989112
213.5,-0.19744166102405122,-1.0406352302889013,-3.5408362873191503,1.5343422672659337,0.9063797885182727,1.6691280731158724,-0.04122254107731215,0.04219056013635859,0.5335743679204858,0.2680649828259576,-0.35171261176882984,0.1922132609448557
213.6,-0.04357941460567324,-0.9481052352237488,-3.3788669177060453,1.5403329593340807,0.9376417124899482,1.5648206273271679,-0.01239924201801805,0.005210212319067026,0.5468114536929953,0.2991833106916136,-0.39266839037823725,0.05425657095488112
213.70000000000002,0.11011177852600301,-0.8544354052080594,-3.2288753927963696,1.5309342050773884,0.9291012605316598,1.4304559670998207,0.018582745884635963,-0.035235650227015664,0.5454667485988394,0.31636590773990053,-0.413001563997818,-0.07873289910083808
213.8,0.2620994272396284,-0.7636019734939106,-3.0935832696639416,1.5063005270247583,0.8811037827346457,1.2718968248677824,0.05128777232891078,-0.0758795251242931,0.5292764980720446,0.31536407407952355,-0.40669203585556274,-0.2181613963811132
213.9,0.41087408492112776,-0.6794676069184377,-2.975076117433921,1.4667378080191114,0.7955676811439705,1.0959577683643904,0.08502487048281177,-0.11290183588793165,0.49699434989402214,0.2936430966413366,-0.372165572928985,-0.3772778727887235
214.,0.5549643151606674,-0.6056274110860584,-2.874721653730467,1.4126996372217393,0.6759079290366059,0.9101333407092923,0.11897694504057693,-0.14233322922116778,0.4462604903648031,0.251156612678291,-0.31366675391894555,-0.5712377811801302
214.1,0.6929512186892224,-0.5452656023811981,-2.7931165178046906,1.3447821973962237,0.5268999266270555,0.7222990971037868,0.15228196200134655,-0.1604863142592086,0.3734266793969758,0.1901392324540313,-0.24089085082704598,-0.8163989925012356
214.20000000000002,0.8234823784196021,-0.5010285608462537,-2.730063801819595,1.263717750362885,0.35448912084385564,0.540397456922761,0.18390675466493564,-0.16429512130187843,0.27348424433585744,0.11434224381024242,-0.16728719301209954,-1.1273837082607046
214.3,0.9452850858293091,-0.47491932490599514,-2.68458223553065,1.1703667912661668,0.1655539790359889,0.3721208953517918,0.21218531747990324,-0.15166019199557956,0.14052247172048515,0.028782954923000186,-0.10802132310330297,-1.5073208453467988
214.4,1.0571787196439415,-0.4682177341006156,-2.654946657674239,1.065708955286845,-0.032368233901186705,0.224605104778688,0.23410924143765507,-0.12226875996244743,-0.03036315510193542,-0.059088042526320834,-0.0777073011875228,-1.9246293826983485
214.5,1.1580861567547829,-0.48142940348496194,-2.638758160067167,0.9508327725339916,-0.23138194257888695,0.10414435868597427,0.2451698093958976,-0.07944104777173097,-0.23870692329704274,-0.13743584035068415,-0.08628291147316454,-2.284314887434189
214.6,1.2470441054426973,-0.5142655639234202,-2.633041107458274,0.8269243779483787,-0.42354803287688775,0.015940425643065304,0.24144180770630327,-0.031958338477286935,-0.47335738326416155,-0.19126219493547347,-0.1321806468263041,-2.4495771956751238
214.70000000000002,1.3232122621718587,-0.5656545719844,-2.6343631647153494,0.6952552930357068,-0.6012003594574795,-0.036104956540607525,0.22367584681989025,0.008099428446022785,-0.7129772955253979,-0.21053865751693973,-0.19920642340071948,-2.358272280226784
214.8,1.3858812053482283,-0.6337846305711416,-2.6389735456960572,0.5571694050282371,-0.7572513708753632,-0.04954577304895258,0.19824808347709943,0.032222112834363804,-0.9364591710165667,-0.19771072921757354,-0.2655341758640194,-2.0962390220941396
214.9,1.4344789523835215,-0.7161760171523799,-2.6429539717050385,0.41406927656397113,-0.8854746679755489,-0.023489383671399633,0.17275528183115668,0.03939896771200442,-1.1333832587877175,-0.16393348544649422,-0.31634814420507035,-1.8034508105277829
215.,1.4685761200319005,-0.8097799400809128,-2.6423763207437134,0.2674019251071147,-0.9807532308665914,0.04136775931560677,0.15208638642472136,0.03362039177613941,-1.3046166228446423,-0.12037312550370961,-0.34676565732992864,-1.5692595777333753
215.1,1.4878896421375993,-0.9111000819108981,-2.6334606820133835,0.11864421605193298,-1.0392834184438304,0.14276775100223138,0.13817382002361991,0.020079036708121025,-1.457128774864105,-0.07430335583035991,-0.3577403604952037,-1.424712567746762
215.20000000000002,1.492285013501057,-1.0163319841652558,-2.612727513972467,-0.030711983282178463,-1.0587266076450916,0.2769811295635698,0.1313067557951173,0.003394302868589688,-1.5997966114916344,-0.02955585649869598,-0.35214532751589556,-1.3734972194126394
215.3,1.4817770433935884,-1.121514716722268,-2.577137839316033,-0.17917473977282072,-1.0383024270602843,0.43895544402484754,0.13114626899513654,-0.012607223803402056,-1.7416784525271793,0.011958232988234965,-0.3328742599806603,-1.4131132970022593
215.4,1.4565291171767822,-1.2226887852419954,-2.524215887173046,-0.3252669314522549,-0.9788198679651543,0.6225165711848359,0.13710526278604018,-0.024574111087832386,-1.8916212754690853,0.048949740879840345,-0.3022519633505154,-1.5409511889022944
215.5,1.4168509793634583,-1.3160539813610956,-2.4521492925865913,-0.4675409172160369,-0.8826450324803414,0.8206147558628041,0.1482111342642698,-0.029320413058342796,-2.0579240673372157,0.07972757258566067,-0.2621695313112376,-1.7485992394574579
215.6,1.363195066144022,-1.3981208826674516,-2.3598628580585914,-0.604592853869441,-0.7536068046349688,1.0256055656556127,0.16255703102878002,-0.023915077513656208,-2.2469172376404405,0.10138490819779368,-0.21488540187142305,-2.004537639423418
215.70000000000002,1.2961514297498575,-1.465849962628455,-2.247062935935119,-0.7350765192061183,-0.5968442049316868,1.2295545594572055,0.17667234338584908,-0.006670497879175218,-2.45960844525225,0.10966661689919732,-0.1645637454327326,-2.232193214144478
215.8,1.216441310892363,-1.5167727645991202,-2.114250661659794,-0.8577165053135457,-0.4186015139052496,1.4245535235974391,0.18585416089906012,0.020932690261269454,-2.687557281636577,0.10062831601352192,-0.1186632315943243,-2.3189412317003364
215.9,1.124909428765663,-1.5490903090849297,-1.9627035097356749,-0.9713206531316292,-0.2259793324511355,1.6030356682916844,0.18640838403585833,0.053248513203126915,-2.9130073232402265,0.07391357926552904,-0.08664221559585002,-2.1926903145836727
216.,1.0225150706047932,-1.561744811072063,-1.7944259071101003,-1.074791607377913,-0.026651503364220896,1.7580772185373275,0.1780016179092051,0.08282198003476919,-3.1168008310199973,0.03397818006171734,-0.07539344262911489,-1.8927701221514595
216.1,0.9103220744254986,-1.5544618482816364,-1.6120708722746073,-1.1671373802140468,0.17144082046819448,1.8836733760035984,0.16308008738638838,0.1041767891974809,2.995745640716736,-0.012966057123835282,-0.08620012359667656,-1.5254114922434765
216.20000000000002,0.7894878092264894,-1.5277612992326595,-1.4188358034846809,-1.2474808223615457,0.36040576468309266,1.974977650205209,0.1444195790281756,0.11502354906726488,2.860343866858448,-0.062381288830534155,-0.11615936330945918,-1.174730680981285
216.3,0.6612512665068837,-1.4829366150476786,-1.218336570095296,-1.3150679116760402,0.5327153574788029,2.028495017599304,0.12370779062358701,0.11510040950823067,2.756709656146365,-0.11201335300133289,-0.160884225212649,-0.875305218999569
216.4,0.5269203853488882,-1.4220032513687462,-1.0144649259914589,-1.3692747813408064,0.681505646005722,2.0422212079783417,0.10152728477256168,0.10491824089453881,2.679776442605847,-0.1607783956045017,-0.2156775067601642,-0.6298531887303276
216.5,0.38785874046263724,-1.3476183162406379,-0.8112349289886717,-1.40961342271636,0.8008503404161926,2.0157225652630495,0.07780754565027047,0.08524134735359672,2.624933112564432,-0.20753847291457703,-0.27531452262053857,-0.42888765694651304
216.6,0.24547172841601378,-1.262974637346539,-0.6126244883731395,-1.4357360113547175,0.8859970762496171,1.9501532989093147,0.0522311487632979,0.057092881693606455,2.588692206423673,-0.2502654829244062,-0.333416280813808,-0.26049143203301417
216.70000000000002,0.10119239172892433,-1.171673471801274,-0.42241835697616564,-1.447437818614961,0.9335568761167646,1.8482094381786167,0.024513580685432714,0.02197607246220174,2.568760174284305,-0.2856599406741498,-0.38218732842525766,-0.11325034733278529
216.8,-0.04353297644234394,-1.0775809331610766,-0.2440588265887586,-1.444658685562353,0.9416392574437936,1.7140213249767668,-0.005414559097373105,-0.017890386166150324,2.5639478848395716,-0.30934473125178064,-0.41308081898282667,0.0238687241831013
216.9,-0.187259302694222,-0.9846738594516035,-0.08051007841141414,-1.4274830502523252,0.9099275999567725,1.552988931236087,-0.03731705503085908,-0.059465953318289536,2.5741012762354405,-0.3167389056331511,-0.41862279568077265,0.16261118958878995
217.,-0.3285571343334147,-0.8968812669699857,0.06585840414608599,-1.3961385339489758,0.8396917682426549,1.3715665662198588,-0.07066939288941226,-0.09900577562122129,2.600115944800897,-0.3043832348422132,-0.39493657506728147,0.3164763391161038
217.1,-0.466026827672556,-0.8179277105972245,0.19336471295857094,-1.350993106161392,0.7337374861652679,1.1770055567887114,-0.10476960630519609,-0.1323996260376235,2.644054872348228,-0.2710382270668655,-0.3437843469983086,0.501281089624745
217.20000000000002,-0.5983123831276705,-0.7511847953510258,0.30107998084672327,-1.292550862457699,0.5962944814184468,0.9770651591521327,-0.13885157118834257,-0.15560707390783696,2.709355474581665,-0.21788200210531922,-0.2729955977628865,0.7350885141137345
217.3,-0.7241147906650509,-0.6995367589450596,0.3888638261017424,-1.221446462697263,0.43284785954027044,0.7797032271367026,-0.17203608825960437,-0.16502581090646412,2.8010272358213917,-0.14785999917695278,-0.19521483715609317,1.0365277324076623
217.4,-0.8422047545724084,-0.6652654841534803,0.4573683634183515,-1.1384382904709234,0.24991942997371847,0.5927589690429104,-0.20293304605544119,-0.15779251942061698,2.9254923106047768,-0.06512936184736504,-0.1259384096936845,1.417407063426157
217.5,-0.9514346732373595,-0.6499595251753234,0.5080106219361309,-1.044400407029896,0.054807702014423476,0.42364044056516226,-0.22882446885264726,-0.13242558870996168,3.08916307499069,0.024159889773629543,-0.08147220456371551,1.8607975480913888
217.6,-1.0507497575381324,-0.6544507748302377,0.542914470599669,-0.9403133846926479,-0.1447030838139683,0.2790292324333745,-0.24497674216696474,-0.09063582191105499,-2.9889023038168547,0.1094559969569646,-0.07547540106351024,2.282452894218353
217.70000000000002,-1.1391981804982025,-0.6787812974647139,0.5648243666908,-0.8272541155340772,-0.3406532889558041,0.16461412593416935,-0.2460144478226021,-0.040110260305653955,-2.7509657226329693,0.17496631114737782,-0.11171237004853725,2.525131188198325
217.8,-1.215940160936601,-0.7222016498361876,0.5769943667088273,-0.7063847009778078,-0.5252252025852967,0.0848643346092589,-0.23064696320289932,0.005916624713684592,-2.5022388519330496,0.2066522462671777,-0.1772148118281901,2.475966466042481
217.9,-1.2802558948539189,-0.783200756916106,0.5830568249821168,-0.578940536636244,-0.6910547091583334,0.0428513722497994,-0.20468011638961667,0.03602023912993917,-2.2681435437147726,0.20309124863993872,-0.24833968608716103,2.20024532087874
218.,-1.3315522601152305,-0.8595661515578974,0.5868760151812589,-0.4462177142943029,-0.8315248725513535,0.0401266487273626,-0.176841382321138,0.047180173163055304,-2.0633135003558114,0.17481001886278108,-0.3063540927978516,1.8632880943015557
218.1,-1.3693682325074978,-0.9484721764644702,0.5923925109756343,-0.3095598692373386,-0.9410297325149618,0.0766596735058197,-0.15325652158828273,0.04307932700509357,-1.8886045114729488,0.13423305012348463,-0.3438836122521665,1.581061139912942
218.20000000000002,-1.3933789643298464,-1.0465926321211259,0.6034645304786805,-0.17034460612797264,-1.0151977967098162,0.15083933043992404,-0.13645049129347353,0.02932890555393076,-1.7370421539126233,0.08981833862873949,-0.3610636868584037,1.3938213063663094
218.3,-1.4033984901898886,-1.1502333797761257,0.6237125701668872,-0.029969640293696864,-1.0510663184025344,0.2595381730106099,-0.1268593403701249,0.010952597409714077,-1.5993021610383997,0.046004121973071174,-0.36075051290150706,1.304653475846601
218.4,-1.3993810384911152,-1.255479613006995,0.6563735228155069,0.11016120643388884,-1.0471994119201364,0.398237176719356,-0.12416250602055474,-0.008029448822643916,-1.4659857942985661,0.004839855224709714,-0.346072788716443,1.3087796904954685
218.5,-1.381420941066228,-1.3583519266193627,0.7041700958913171,0.24865201530038963,-1.0037452969721712,0.5612059751249087,-0.12787619215095455,-0.0242513715892692,-1.3279607236703705,-0.03261848783598111,-0.3195817565573257,1.4042656406444782
218.6,-1.3497511474002604,-1.454964960904297,0.7692007368596498,0.3841286461157874,-0.9224303896903836,0.7417313940464343,-0.1373889733911964,-0.03454719995101802,-1.1762059949009378,-0.06528058066959148,-0.2831545317711099,1.5907940625789707
218.70000000000002,-1.3047403637552586,-1.5416822966080754,0.852854454313439,0.5152523410300872,-0.8064904759573442,0.9323851729591591,-0.15154411961554562,-0.035697804868502055,-1.002276589447339,-0.09112327688591804,-0.2384376342566724,1.8572556001560931
218.8,-1.2468888511183664,-1.6152614254406807,0.9557539313093611,0.6407329222399152,-0.6605417109264693,1.1253202003365175,-0.16782696452677986,-0.024827734295856108,-0.800619591920589,-0.10648966875292053,-0.18804957227362318,2.1554926746718577
218.9,-1.1768229291123116,-1.6729830166066255,1.077729199372723,0.7593414538528134,-0.49039658757496973,1.3125834529306815,-0.18175496818806886,-0.0010846212037113074,-0.5734298996578275,-0.10651276745090581,-0.13752943539460713,2.3764367358992167
219.,-1.0952882457026045,-1.712759325909055,1.21782292326971,0.8699222439907327,-0.3028322110434318,1.4864331630460863,-0.1880721659579783,0.031941888456258685,-0.3349937556675554,-0.08799319581192667,-0.096196492282162,2.3892595993073664
219.1,-1.0031418845837048,-1.7332174254985429,1.3743270864205326,0.9714040702807052,-0.10532011693238863,1.6396475693035995,-0.1840898568660735,0.06637174520721506,-0.10799864551232297,-0.052973361047683847,-0.07376897077232049,2.158560921904287
219.20000000000002,-0.90134339341098,-1.7337539361590741,1.5448496149780488,1.0628105200787776,0.09427159515208955,1.7658129419294724,-0.17134816140995632,0.09435398380381073,0.0884687525681454,-0.0078563042261283,-0.07483734268779892,1.782348109763565
219.3,-0.7909448264568446,-1.7145590801276869,1.7264082850304572,1.143269346019816,0.2879919378079124,1.8595793998606354,-0.1533202926659588,0.11166815034229782,0.24676806281485258,0.04122747847754892,-0.09786371220751079,1.3855621475982356
219.4,-0.6730799047071946,-1.6766090955377653,1.9155481696915293,1.2120207476839253,0.46812401652182895,1.916874320995131,-0.1326927246981833,0.1173634367814388,0.36858338317995315,0.09088593319175477,-0.138358994119461,1.0366698076755279
219.5,-0.5489524047906409,-1.62162731489821,2.1084779443731776,1.2684245012128266,0.6274926778088878,1.935064837540762,-0.11066812101055311,0.11193330453577316,0.45940057560458214,0.13976485273249226,-0.19132256100688064,0.7515377150410656
219.6,-0.4198238953654744,-1.552015459286699,2.301219616715873,1.3119658704865491,0.7597505598468663,1.9130629382307298,-0.08742158726480291,0.09624193069137642,0.5249050131877272,0.18703896466114836,-0.2515829357444479,0.5222547423021022
219.70000000000002,-0.2870009456140097,-1.4707578873407323,2.489765712446259,1.3422602458587203,0.8596311416692434,1.8513689872554528,-0.06265809656560817,0.07130330908868758,0.5696220987484921,0.23128895302034794,-0.3131424121453343,0.3349208861364412
219.8,-0.15182193525394555,-1.3813026163371735,2.670237651182477,1.3590564693241365,0.9231587026438434,1.7520519248892914,-0.035992678689454376,0.03846327606574973,0.5966734900814319,0.2698875235364252,-0.3685882881313652,0.17598002388122796
219.9,-0.015643598929061368,-1.287423858674035,2.839038998761938,1.362238818224367,0.9478068218157059,1.6186669390897004,-0.007185937464857488,-0.00031969510292576827,0.6078823423344245,0.2989212540599074,-0.40927178594578095,0.03304852513483293
220.,0.1201725600391443,-1.1930715539916708,2.9929974869158964,1.3518276330524786,0.9325990982449851,1.4561138901799968,0.023723593163195802,-0.04227382729532437,0.6039018040659928,0.31377562712640766,-0.42668350976017505,-0.10618495914585542
220.1,0.2542738507917698,-1.102213895612519,3.129490138921467,1.327978588462958,0.8781480769383047,1.2704421327120619,0.056392728297928414,-0.08381686866269353,0.5842548724987987,0.3103333161794211,-0.41489246026844806,-0.2553815260816581
220.20000000000002,0.38532983580339186,-1.0186791292734692,3.2465465133644678,1.290980620091301,0.7866308285192973,1.0686095155790796,0.09025505520368593,-0.12080677548689228,0.5472502140696177,0.2862703654439484,-0.3730744554833052,-0.4306278727695304
220.3,0.512045498250574,-0.9460029311362201,3.342925950502459,1.2412525331066278,0.6617021562000188,0.8582051682154519,0.12465051084575633,-0.1489551714071907,0.48976964451473814,0.2416681490131226,-0.30676889839715277,-0.6509848568702727
220.4,0.6331740058916142,-0.8872874496324483,3.418165742145184,1.179338331427451,0.5083488902169747,0.6471471244524712,0.15885316591590537,-0.16422352726243009,0.40698036918811825,0.17861834123719708,-0.22725392967075161,-0.9379940809452678
220.5,0.7475289459954373,-0.8450776307010353,3.4725983051491736,1.105901319098616,0.3326910785533206,0.4433668387418277,0.1917804349725901,-0.16310290463566776,0.29222039740166655,0.10047101834118076,-0.14975400346659504,-1.311012861342208
220.6,0.8539959116140422,-0.821259756939555,3.5073366743447436,1.0217170373318396,0.14173799984539798,0.25449317201533006,0.22118301029827434,-0.14305330198293092,0.1378455245541032,0.012081481813647503,-0.09153633086575265,-1.7691230053291445
220.70000000000002,0.9515433264148236,-0.8169862455939656,3.52422889371039,0.9276651120376355,-0.05689127453084575,0.08754844559250252,0.24252967537129147,-0.10402392221825976,-0.06125067193759232,-0.07784744675593984,-0.06926222344389411,-2.2483033230371055
220.8,1.0392324033056985,-0.8326297034534066,3.5257831245305153,0.8247200972122168,-0.2552716288854312,-0.05133131956894532,0.249346924605342,-0.051792769650994226,-0.3001724130175468,-0.15405100364141125,-0.09238434007880152,-2.5847335158556675
220.9,1.1162261411129653,-0.8677680703363786,3.5150664566862533,0.713941409187373,-0.44548785266157215,-0.15714082518061256,0.23782751358398216,0.00020558864780864157,-0.5578682100216281,-0.1990193047491238,-0.1532184924253917,-2.6070279659165836
221.,1.1817972735132973,-0.9212014434507068,3.495581457594281,0.5964624554140823,-0.619950194995996,-0.22620483522185497,0.21229408735546662,0.037421782093033776,-0.8047047870036557,-0.20620207827860135,-0.2278006015878999,-2.334910344159608
221.1,1.2353350951783284,-0.9909999118931114,3.471125380830265,0.47347906904656517,-0.7716969442286706,-0.2563244858707415,0.18241604792113525,0.05390789706500365,-1.0204689700065372,-0.18436352384618293,-0.2930149498570748,-1.9550087512777632
221.20000000000002,1.2763511015491769,-1.074580494277882,3.445637647768907,0.3462373670546586,-0.8946719694714266,-0.2468647329350726,0.1558975274666092,0.052581149174581565,-1.201547500797292,-0.14713088356528975,-0.3380871862005011,-1.6203631149818818
221.3,1.3044833907045796,-1.1688101122340566,3.423041683081931,0.21602115485746912,-0.9839661595288259,-0.19877945061500457,0.1361177186227013,0.03947696196268019,-1.3546836410434346,-0.10445019196054145,-0.3618837484873538,-1.3867832699968914
221.4,1.3194997882974255,-1.2701304945430698,3.407087410020802,0.0841390044924108,-1.0360131337639087,-0.11457318107483161,0.12373573715602808,0.020149907394523426,-1.4897599540169324,-0.061605001708630175,-0.3671104443807033,-1.257840744870063
221.5,1.3212996693834644,-1.374700032382621,3.4012006850988152,-0.04808886392109725,-1.048731422533502,0.001798940164669749,0.11841480442889106,-0.0010782949265154575,-1.6166185470195997,-0.02095332777237922,-0.3571204238231577,-1.2251984604712818
221.6,1.30991446402536,-1.4785469303561816,3.408345675126295,-0.1793437662213815,-1.0216074489083569,0.14508909326564978,0.11966218269163861,-0.020775515603557226,-1.7445761495221042,0.01650859671184541,-0.33476079730173386,-1.2845976353866202
221.70000000000002,1.2855068466928639,-1.5777275476597645,3.430905663572717,-0.30832167241031483,-0.9557160034585437,0.3089662221191245,0.12703350437134167,-0.035862240700112784,-1.8828632664524612,0.0500921405520092,-0.3021003634817261,-1.4382786667230376
221.8,1.2483686225660586,-1.668483616823224,3.4705870385019755,-0.43374612885807573,-0.8536773958391923,0.48626867127285334,0.13989846975469475,-0.0431558201929033,-2.0408960698541834,0.07855558874469541,-0.260607266811263,-1.6882352790290993
221.9,1.1989173367528614,-1.747392072211375,3.528350290140915,-0.5543808567990154,-0.7195529914073341,0.6692899398120421,0.1567356886358136,-0.039268771029196466,-2.2272585810419674,0.09922190309604821,-0.21190504218512413,-2.0153962781127968
222.,1.137691645027537,-1.8115015150948648,3.604370769343644,-0.6690419031265693,-0.5586832974956487,0.8500861599922602,0.174058955759363,-0.02154819363336982,-2.445842244151117,0.10746808286288585,-0.15950889521253137,-2.3419090385630827
222.1,1.0653454968591047,-1.8584498748595073,3.698030771731081,-0.7766092244300759,-0.37747505433217793,1.0207930423272717,0.18617559284261267,0.009274735185626588,-2.6891628827364467,0.09816784819459261,-0.1110443316739236,-2.516487904753389
222.20000000000002,0.982641193109043,-1.8865585755727827,3.807943263420594,-0.8760375913119535,-0.1831458186192001,1.1739396514344507,0.18790657454746248,0.04669613843311224,-2.935499395336154,0.07000616281192462,-0.07756121805646375,-2.4118794884961834
222.3,0.8904413917230929,-1.8948994537836625,3.93200630279942,-0.9663667072175517,0.016563777581719452,1.3027465032872836,0.1786028598997988,0.08103246454079371,3.124454070833192,0.0280304150790082,-0.06751783929612233,-2.065386003052582
222.4,0.7897001449156291,-1.8833317597543613,4.067485989032818,-1.046730444226011,0.2136986213291011,1.4013960995800205,0.16177747470165627,0.10531058737416284,2.940202023977166,-0.020273847925409327,-0.08203525439411175,-1.6303322660437956
222.5,0.6814530606509459,-1.8525077670015078,4.2111246307154175,-1.116365107400955,0.40040626395617945,1.4652651137524464,0.14128627919807268,0.1171880643089715,2.7972153043713055,-0.06984837872541931,-0.11699237070641594,-1.2253208950375163
222.6,0.5668066895719965,-1.8038467665121811,4.359269822617851,-1.174616649293756,0.5692499733251032,1.491108972050598,0.1192623734597533,0.11695208432762952,2.690319574697657,-0.11864047398642458,-0.16694206983866317,-0.8917764072083502
222.70000000000002,0.44692724583746635,-1.7394784824032703,4.508019284930725,-1.2209467669233387,0.7135052127749406,1.4771914708567788,0.09630994955423029,0.10562121161392574,2.6127325357121527,-0.16592929708878468,-0.22652709900379336,-0.6274064189689029
222.8,0.32302877653243905,-1.6621581648633876,4.653375690996038,-1.2549378249178924,0.827427727083245,1.423354262752405,0.07224165842595398,0.08430134076210909,2.558681178403086,-0.21082574198276222,-0.29002101215519244,-0.41659695507927913
222.9,0.19636089935868942,-1.5751567453535256,4.791405311297277,-1.2762965603796168,0.9064825477004914,1.3310234410199677,0.046615982022463615,0.05426000668972148,2.5240242586020014,-0.2514052058895593,-0.35050039100600744,-0.24297372591206892
223.,0.06819623214502268,-1.4821304332323288,4.918394149325899,-1.2848565373030367,0.94752478754053,1.203152959976231,0.019049845983475682,0.01722791558291279,2.5061683495699425,-0.28439056794880424,-0.3995691917728445,-0.09213892400206163
223.1,-0.06018235969150103,-1.3869749525767945,5.030995344923409,-1.280579330918847,0.9489250176099312,1.0441071466840937,-0.010606257390121733,-0.024320699915043285,2.5038685402169456,-0.3054456761041205,-0.42820452853693536,0.049174484582585366
223.20000000000002,-0.18749457027275507,-1.2936702303164047,5.126361968824784,-1.2635544350215608,0.91063422710538,0.8594869878243714,-0.04220052660859082,-0.06705728435139074,2.517113666485202,-0.31014016224927726,-0.42887398155,0.19482737089912633
223.3,-0.3124753874559292,-1.2061217274748566,5.202259914525863,-1.233997898045115,0.8341857772251673,0.6559071170150443,-0.07532409587429156,-0.10694039257070649,2.547154536468649,-0.2952790522098635,-0.3982742573432613,0.36084799966550024
223.4,-0.43388762778837586,-1.1280047391416688,5.257156387043328,-1.192249706249409,0.7226342708022835,0.44073239328154934,-0.10943705654062867,-0.13957458894911912,2.5966927358674816,-0.2598590041893774,-0.33932418668942876,0.5665715954265337
223.5,-0.5505341483660536,-1.0626178704429692,5.290280460999428,-1.1387699447484902,0.5804337748341593,0.22178457235603688,-0.14395763154540914,-0.1606202155319459,2.670213285244423,-0.20504174433469227,-0.2613248187652047,0.8351583481248879
223.6,-0.6612696154191854,-1.012751529961763,5.301653293961511,-1.07413377912538,0.41326025079236606,0.007030764785604493,-0.17810006925622796,-0.1660799652848037,2.774311872775409,-0.13339244476958345,-0.17852110348363448,1.191510937536305
223.70000000000002,-0.7650117143041117,-0.980576683360167,5.292086790704112,-0.999025311922306,0.22778527185546255,-0.19573389906752814,-0.2101832386703358,-0.15256716913629095,2.9174174721397548,-0.04859732240612004,-0.10828196159626369,1.6495764853100874
223.8,-0.8607516915625908,-0.9675583022456209,5.263150771812691,-0.9142303792555442,0.031410048245156974,-0.3791967460984779,-0.2363049638653607,-0.11836453973365661,3.107249342549433,0.04275835877144441,-0.06914625783647146,2.1723338955617404
223.9,-0.9475641267549457,-0.9743969588015993,5.217109955669776,-0.8206283630741764,-0.16802963576449337,-0.536818801975064,-0.2495774516999789,-0.06669775919262462,-2.939626993926388,0.12736558559420685,-0.07574999667969035,2.6097803398048334
224.,-1.0246158398054992,-1.0010008946206996,5.156833266298116,-0.7191831040646725,-0.36257580993348,-0.6630951863255363,-0.2436082558996599,-0.009740099346329616,-2.6746309490261,0.1857609142236392,-0.12757313535032447,2.7376882478772964
224.1,-1.0911738485376636,-1.0464896772675039,5.085679082805375,-0.6109330088045494,-0.5444655773114049,-0.7537742805765573,-0.22004831548396311,0.035302897719246835,-2.4136588616066184,0.20540118008772887,-0.2030099106536695,2.498199139680472
224.20000000000002,-1.1466123008262032,-1.1092292987956318,5.007361005295885,-0.49698045240949384,-0.7064405965365925,-0.8060269310225507,-0.18884419656345225,0.05852585048389327,-2.1838669437514975,0.1914921918058841,-0.2748050502290343,2.082030635846377
224.3,-1.1904183162579378,-1.186897316951783,4.925799488851085,-0.3784805845256761,-0.8420364490958996,-0.818558941646025,-0.1595658012852714,0.06125721918054603,-1.9932197532261697,0.15838097563883347,-0.32769944691808284,1.6906257018835997
224.4,-1.2221966832625943,-1.2765754420927766,4.844965260564089,-0.25662965203082255,-0.9458403553863987,-0.7916623720675604,-0.13681974785125736,0.0498130750897828,-1.8357422445711105,0.11777020321062392,-0.35859115174584577,1.4057623848465681
224.5,-1.2416733692394597,-1.3748658786670465,4.768720762186988,-0.13265295617608397,-1.0137069652519048,-0.7272035956502622,-0.12164185156278641,0.030383283042318788,-1.7009162301333844,0.07606343540511855,-0.3697833333494962,1.234399628499362
224.6,-1.2486978131483353,-1.47802678309313,4.7006659396501815,-0.00779256508301281,-1.042923620107326,-0.6285485939573736,-0.11369151399916129,0.007708937152593822,-1.5782680341394464,0.03610334068350584,-0.36477912598149936,1.1641670224250589
224.70000000000002,-1.2432439822332668,-1.5821214377568895,4.643994527405889,0.11670509551682734,-1.0323184981711544,-0.5004284659497978,-0.1124012230634876,-0.014627510086587156,-1.458222847077229,-0.001021091827486099,-0.3467218037397845,1.1865440501100624
224.8,-1.225410186883934,-1.683175194030828,4.60136655714151,0.2396016496651947,-0.9823073313970424,-0.34875051376090094,-0.11734702042840489,-0.03361146538433698,-1.331550798691848,-0.03483322783002018,-0.31796388165193584,1.3023431215641026
224.9,-1.1954176599891229,-1.7773339274930013,4.574802173582056,0.35967905353113055,-0.8948768316477467,-0.18036243657477802,-0.1281815459902127,-0.04623842853476279,-1.188626101931855,-0.06466003860783588,-0.2800730881868153,1.5192217765230238
225.,-1.1536079193771127,-1.8610176882354044,4.565600990644049,0.4757516312821705,-0.7735054868576471,-0.0027790335679076517,-0.144150109327129,-0.049111861183104816,-1.0193774419621524,-0.08879490098159436,-0.23422898675353154,1.838954397559519
225.1,-1.1004389439480313,-1.9310634207093351,4.57429020297801,0.5866777459180496,-0.6230248847908766,0.17611768848214648,-0.1630346431682743,-0.03864283379544101,-0.8154354684472093,-0.1035817423375594,-0.18241960583504668,2.223632871447753
225.20000000000002,-1.0364802057651925,-1.9848510633177545,4.600603521539196,0.691370990572671,-0.44942709297915334,0.34839304704447316,-0.17992512801729726,-0.012925465790372867,-0.5764117728616844,-0.10340315282167757,-0.12985394614288795,2.5465353262335286
225.3,-0.9624066115721106,-2.0204080005617175,4.6434917729580105,0.7888107909706049,-0.25962577399365083,0.5063763156338255,-0.18809793632772676,0.024550584351100857,-0.31796791857641754,-0.08383960486767641,-0.08681695960080714,2.6163844948738615
225.4,-0.8789914178291913,-2.0364877035637017,4.7011647401346535,0.8780523159689267,-0.061180559630419795,0.6429668323379751,-0.18376277716927777,0.06399632421510698,-0.06956514561954313,-0.04686313402094955,-0.06492385145961418,2.3584835617768123
225.5,-0.7870981933176934,-2.032619423817963,4.771162575982025,0.9582356003558584,0.13800432765821258,0.7519173813792543,-0.16914978008096757,0.09538339781522316,0.14303568802297925,-0.00022171183920597875,-0.06930058817466365,1.908955999634721
225.6,-0.6876719125398391,-2.0091269590351852,4.8504539432417975,1.0285937922424975,0.3299951910745216,0.8280835500697762,-0.1491027870872497,0.11396923344070624,0.31044812455753606,0.04901809480511967,-0.09721417682482086,1.445570616530444
225.70000000000002,-0.5817292714672422,-1.9671157429463253,4.935556967803066,1.0884604463848877,0.5071451508353926,0.8676291199733005,-0.12703015702588652,0.11938739433649116,0.4360211374005561,0.0975400279134167,-0.1428292517156067,1.0543352224743832
225.8,-0.47034832457465087,-1.9084287737544596,5.022678183439249,1.1372757945209246,0.6623990010428127,0.8681793038644141,-0.10422895577336924,0.11279524340498423,0.5274103443326513,0.144421100044681,-0.2003399939109546,0.7467528987004581
225.9,-0.3546575484721738,-1.835573138228082,5.107863928607265,1.1745919342001232,0.7895744783841858,0.8289157192998206,-0.08074309963098392,0.09549492620995775,0.591831676516216,0.18917089023423442,-0.2640972717451782,0.5068988189675971
226.,-0.23582444275983008,-1.751620060688547,5.187158159516602,1.2000768885179005,0.8836087293659859,0.750609312393987,-0.056132019666738406,0.06877576665129868,0.6346710380520035,0.23054131835439678,-0.32767420805040715,0.3149801144766451
226.1,-0.11504378292085442,-1.6600824616230023,5.25676038786917,1.2135175005313639,0.9407601502106788,0.6355899191216835,-0.029903572261097595,0.03420028067281592,0.6594563085929129,0.2659936936670656,-0.3832022021546008,0.1537666471736323
226.20000000000002,0.0064743568887775885,-1.5647749072745365,5.3131774466891155,1.2148211378145612,0.9587575526968587,0.48765367753199357,-0.0017405807086047966,-0.006054895703979175,0.6681313009148467,0.29173381261097286,-0.42167536739979167,0.00845729828932309
226.3,0.12751669143580532,-1.469661533577583,5.353363033705474,1.2040161944923622,0.9368907091713122,0.31191198194744246,0.02839501961291019,-0.04898554274781987,0.661267552868365,0.3033902098590283,-0.4345698255365196,-0.1352322230141891
226.4,0.24687880200387144,-1.3786980072309853,5.374839469010209,1.1812513900546509,0.8760386669891648,0.11458800075791234,0.06026773014859757,-0.090782185729544,0.6381157606719735,0.2972165699637514,-0.4164780163827182,-0.29309797279682726
226.5,0.363377084126227,-1.2956738244225177,5.375796812763622,1.1467938761779415,0.7786347035746306,-0.09723113010469409,0.09347321904407943,-0.12710220884961698,0.5964696507320566,0.27124565627672625,-0.36760211812147103,-0.48413432989066324
226.6,0.4758604473109519,-1.2240612342567185,5.355165391292051,1.1010261745518908,0.6485693192336066,-0.3158765588554444,0.12756261423030152,-0.15346487461154995,0.5323357640813151,0.22565965427407234,-0.29474327405405537,-0.7318541383204354
226.70000000000002,0.5832216514894628,-1.1668768098322968,5.312658840035651,1.044441980207803,0.4910351350884501,-0.5334031623315754,0.16200218764269939,-0.1655614622950789,0.4394764778558925,0.16222143402460396,-0.21043987140698447,-1.0642863800109192
226.8,0.6844081689282662,-1.126561185693536,5.2487859471931015,0.9776408759623323,0.3123198795651213,-0.7419060062528688,0.1956735459697654,-0.15942540159641333,0.3092155569486269,0.08363063334012229,-0.13128239084743967,-1.5068631568956388
226.9,0.778432465441581,-1.1048817561437305,5.1648308257175755,0.901322014213309,0.11955571640749257,-0.933835205101649,0.22559313187838081,-0.132011059409652,0.1318750063593152,-0.005534914223571616,-0.07638070949392654,-2.050981725744453
227.,0.8643816008719091,-1.102862213532183,5.0628022039563945,0.8162768323539384,-0.07956509227925324,-1.1022966292563177,0.2453148477899729,-0.0838080027457078,-0.0971662219940451,-0.09496646875316292,-0.06412075172593269,-2.5811666898762358
227.1,0.941426055906286,-1.1207417356006428,4.9453538563585155,0.7233808774076442,-0.2770968523396027,-1.2413264712388445,0.24646893343666787,-0.02413425731611507,-0.3658164599870426,-0.16559528723497388,-0.101952935313363,-2.845733387432285
227.20000000000002,1.008827700290162,-1.1579654489610245,4.815679346218079,0.6235848240407664,-0.46515720741479144,-1.3461287250891962,0.22694835954057385,0.028639454881242265,-0.6408979952218562,-0.19919575528522696,-0.1741777551765089,-2.6820306433779044
227.3,1.0659468263087426,-1.2132065488953383,4.677385276510201,0.5179047778014613,-0.6362413837115324,-1.4132661114156413,0.19564771490105387,0.05990898418809328,-0.8875728486573446,-0.19516945538203498,-0.25100900905290824,-2.246670879984462
227.4,1.1122481809365945,-1.2844191936314084,4.534348101678936,0.40741196218710163,-0.7835213817459075,-1.4407968366433512,0.16403369767994014,0.06814583966650217,-1.0912962801210804,-0.1673822150372088,-0.31168779617932507,-1.7960079910038842
227.5,1.1473059402122514,-1.3689200643662878,4.390560208601458,0.2932218938982939,-0.9011181872306836,-1.4283517344013825,0.13842418311906346,0.05953736791570558,-1.2562046550014618,-0.12942191937363387,-0.3501288775976961,-1.4536172111632166
227.6,1.1708075800750324,-1.4634953394967882,4.249971402745057,0.17648315533842013,-0.9843361489177932,-1.377148713764222,0.12049218710220784,0.04095996707591061,-1.3933896883552388,-0.08913523157595739,-0.3678133687556197,-1.2357762277446245
227.70000000000002,1.1825566089964152,-1.5645288183320722,4.116332118705353,0.058365877024382284,-1.0298501794907007,-1.2899439384400686,0.10996099438744349,0.017695962080850378,-1.5141827447948173,-0.050054267514687716,-0.36825006577033814,-1.126562969879234
227.8,1.1824741391384141,-1.6681460864000475,3.993044605558311,-0.05994995494678321,-1.035838316397823,-1.1709216833349665,0.10616527361728688,-0.006420244764143205,-1.6286076202687858,-0.013503192773863838,-0.35482730335113244,-1.1120074949667298
227.9,1.1705992843620732,-1.7703689749321954,3.8830280195177633,-0.1772862499001092,-1.0020543578450578,-1.0255272596596858,0.10860909011760514,-0.02836863016142576,-1.7459070337727594,0.02009422317062988,-0.33019481722792327,-1.1889714470355364
228.,1.147088385075072,-1.8672741567139783,3.788602801941336,-0.29247850540253567,-0.9298376781793571,-0.8602496694235353,0.11703449671453031,-0.04533205159432709,-1.8755458244096297,0.05041464998327208,-0.29615591941041397,-1.365287500491596
228.1,1.112213071533182,-1.9551495555852143,3.7113989518714163,-0.4043873262298562,-0.8220598313551964,-0.6823626542878485,0.13114835433387584,-0.054157481040580144,-2.0279587284140765,0.07651000048043397,-0.253834538157087,-1.6535139020424474
228.20000000000002,1.0663571886807715,-2.0306423340370348,3.6522918496888295,-0.5119096559293884,-0.6830100712350847,-0.49963446243689275,0.14982823988761748,-0.05107042644087145,-2.2139713659588325,0.09587232202407221,-0.20436294288665352,-2.048437076589102
228.3,1.0100126168181904,-2.0908925591068646,3.6113681900722803,-0.6139896106621133,-0.5182243526687416,-0.32001790423663956,0.16963954528828165,-0.03248885714806225,-2.4405759436215875,0.10357521165686069,-0.15075654461559104,-2.4732655626916475
228.4,0.9437740332082912,-2.1336472177343015,3.587923382083911,-0.7096288093230928,-0.3342646305376874,-0.15133305327339813,0.18390306820028537,0.0016343963688721153,-2.7013790356276353,0.09346112646933835,-0.10092718074556335,-2.732532687509147
228.5,0.8683326700759967,-2.1573500361450084,3.580490519697971,-0.7978960992852436,-0.13845725541665882,-0.0009552425703195158,0.18589367478857605,0.04376207346544886,-2.9697756744543575,0.06355232783282963,-0.06759887779122487,-2.631353403128139
228.6,0.7844691342114712,-2.1612035224475794,3.58689976746657,-0.8779365834363486,0.061399104809279126,0.12447920532551518,0.17492772277507065,0.0817407817368637,3.0717706440455292,0.01994175329196443,-0.060460815353596875,-2.214145922553271
228.70000000000002,0.6930453624663552,-2.1452007590006605,3.604365793452012,-0.9489798614127781,0.25734437312834224,0.2193377826863045,0.15597315859640024,0.10741489385951603,2.8767813091117613,-0.028551595689987132,-0.07972958288235603,-1.7002835757764596
228.8,0.5949957957453669,-2.1101256770890386,3.6295997633913353,-1.0103474060035325,0.44157440645791235,0.27921657837901903,0.13394426461775683,0.11894076943619639,2.729558256887424,-0.07671746606258677,-0.11966006399068378,-1.243233258361551
228.9,0.49131786156242113,-2.057521802958159,3.658941430870976,-1.0614590045218513,0.6067521221073211,0.30111607565037235,0.11118151070521501,0.11744108438996913,2.622301586056898,-0.12299166552732715,-0.17379063095037767,-0.8831192611912632
229.,0.3830618617824351,-1.989630721204123,3.6885060571166255,-1.1018382044276716,0.7463000040161697,0.28356095733619513,0.0881393611747927,0.10449372500402584,2.546249047745741,-0.1670859846445115,-0.23628313424172365,-0.6074850986920509
229.1,0.2713203677423274,-1.9093027087895529,3.7143403027861996,-1.1311167125391695,0.8546623274683595,0.22665914216001712,0.06445360729779831,0.08152121844200129,2.4945224921607725,-0.20834552478064897,-0.3010959742904396,-0.39291807614720886
229.20000000000002,0.15721722948884037,-1.8198831024251167,3.732580876458931,-1.14903770769164,0.9275266482096577,0.13209769845096742,0.03956340319756895,0.050001488690153036,2.462464524762076,-0.24498365436944652,-0.3610168961814861,-0.21844879503994255
229.3,0.04189630934353972,-1.725078929490735,3.739609614606729,-1.1554580375834727,0.9619957258965914,0.0030757981115303,0.013012235748006761,0.011848565572618734,2.4473070688539695,-0.273905427795093,-0.4074713210120217,-0.06698843918792588
229.4,-0.07348994762433902,-1.6288111195004162,3.732198810090656,-1.1503492816825074,0.9567030278315765,-0.15582261632708927,-0.015412948718276854,-0.030287774077996092,2.447840910134218,-0.2911072164802883,-0.43156642362611414,0.07660036052756108
229.5,-0.18779199238573271,-1.535058187973737,3.7076409949787394,-1.133797673340881,0.9118672082144466,-0.33881137527260813,-0.04565245818998887,-0.07292871348534044,2.464260029449871,-0.29264746915458983,-0.4263607246364082,0.2279314993420036
229.6,-0.2998745860502354,-1.4476976245443358,3.663858003231516,-1.1060028855713586,0.8292833909948797,-0.5391325588988792,-0.07744717518823448,-0.1119302599301426,2.4982181521804425,-0.27582726672212055,-0.3895416248083822,0.4052715820510934
229.70000000000002,-0.40862803633210276,-1.3703513086611465,3.599484964840657,-1.0672756961607737,0.7122516038507037,-0.7493257189193501,-0.1104702301001529,-0.14282971842043865,2.553113772102068,-0.23988576835986475,-0.3251295460496816,0.6314668593267043
229.8,-0.5129791455618107,-1.3062411156706415,3.5139258824027384,-1.018034558826792,0.5654452164037731,-0.9615251123528209,-0.144378827493036,-0.16117627838128096,2.6345913878552536,-0.18576117597825725,-0.24335564028458875,0.9353827907392885
229.9,-0.6119017626318783,-1.258060469809593,3.407378574021889,-0.9588011178539205,0.3947246276260611,-1.1677730975772995,-0.17852223220783606,-0.16268004017058701,2.7510532370338145,-0.11533855672965256,-0.15926820160639518,1.3494194515359739
230.,-0.7044268355282306,-1.2278669648856215,3.280827987697408,-0.8901947139697405,0.2069036301318084,-1.3603371986244432,-0.21090176926175794,-0.14343087456680437,2.9132221944945917,-0.031589206437443874,-0.09137076911567181,1.8890752777348374
230.1,-0.7896518663710927,-1.2170003335198296,3.136008153273078,-0.8129259390408748,0.009477765673646887,-1.5320181974264395,-0.23623657402819628,-0.10155750328727833,3.1299343513740077,0.05845095153452399,-0.059850887724185765,2.4860064068496275
230.20000000000002,-0.8667496771130534,-1.2260290352590542,2.9753342883420144,-0.7277893063864513,-0.1896744985480328,-1.6764369714111718,-0.2454273715973265,-0.04244348907011785,-2.8866464504810145,0.13851264984962747,-0.07922157697173328,2.902132523530936
230.3,-0.9349764011542655,-1.2547275929211386,2.801807764361191,-0.6356551120352107,-0.3826058596046024,-1.7882886411959928,-0.23225467689036375,0.016790190396883058,-2.599771436400261,0.18673143138051124,-0.14293427630377453,2.868312382857553
230.4,-0.9936786240623878,-1.3020855807016338,2.6188977212017788,-0.537460570008698,-0.5616170128225051,-1.8635538963724065,-0.20264609468240305,0.05705566213165195,-2.334219195113666,0.19479316104360597,-0.22209310363308793,2.4476943940092455
230.5,-1.0422996052452698,-1.366347905714441,2.4304040493096597,-0.4342003116251779,-0.7195635988581331,-1.8996590745452449,-0.16941253189155142,0.07235147111097777,-2.1137280073160847,0.17393068442653165,-0.2900491053220424,1.940828702551792
230.6,-1.0803845217324488,-1.4450847770685038,2.2403072014584637,-0.3269163448186944,-0.850141026853874,-1.8955786118354623,-0.14111609630410696,0.06790173332304783,-1.9379076802653787,0.13940242102049288,-0.3363895504680372,1.5340362320910423
230.70000000000002,-1.107584685080491,-1.5352885730342782,2.052610821135461,-0.21668757450191398,-0.9481358186745862,-1.8518757805208077,-0.12047326875039394,0.0512134563856313,-1.7954782428356346,0.10086719753067984,-0.36112008375043836,1.2639221439925448
230.8,-1.123660692729814,-1.6334937445115736,1.8711834609731115,-0.10461898902190048,-1.0096334539228689,-1.770680089784297,-0.10741195065825865,0.02823498548428663,-1.674048593279135,0.06280998452269841,-0.36753067832974795,1.113074662774702
230.9,-1.1284844858030592,-1.7359149746262588,1.6996057009113081,0.008169379271810034,-1.03217442960865,-1.6556022505800336,-0.10118528879898143,0.003170423111573489,-1.5628817646246689,0.026942508858979086,-0.3591694799414702,1.061453745606863
231.,-1.122040296240609,-1.8385980864682068,1.541028760500637,0.12055360943092677,-1.0148523128659854,-1.5115900947462622,-0.10117803791565833,-0.020858489236854457,-1.4525610713807449,-0.006232354689590857,-0.3389537474656683,1.100429344651704
231.1,-1.1044244772100487,-1.9375776827555147,1.3980502415166902,0.23141705256427128,-0.9583498776651126,-1.344731192460881,-0.10709488318527911,-0.041156667691968296,-1.3338576238249606,-0.03656106938916951,-0.30896492703018197,1.234617019878992
231.20000000000002,-1.0758442217927489,-2.029035232828967,1.272611954119753,0.3396613873156781,-0.864911884862867,-1.1620100371018438,-0.118843584020276,-0.054868552527184374,-1.196588342637881,-0.063602470682474,-0.27048343777222905,1.479469998755576
231.3,-1.036615185934008,-2.109451304546977,1.1659238993890022,0.4442174611125549,-0.7382555907651654,-0.9710294778273858,-0.1360318011834345,-0.05846406690020025,-1.0291187418160397,-0.08583380251159,-0.22432802221767123,1.8493173063412147
231.4,-0.987158042434395,-2.1757458720761425,1.0784174382838603,0.5440558105845795,-0.5834225519423379,-0.7797075055184959,-0.15672259945299138,-0.04773975647666855,-0.8202997250670837,-0.09955644122678967,-0.17203778394616512,2.3168266257295485
231.5,-0.9279940032541879,-2.2254011059480634,1.0097295135107167,0.6381967580450827,-0.40657763437219596,-0.5959614803096659,-0.17559486360407564,-0.019845135307376197,-0.5672336333505315,-0.0985036563820147,-0.11870158825762142,2.735001856066969
231.6,-0.8597393574964112,-2.2565617501306967,0.9587185527882592,0.7257199854290934,-0.21476323978166212,-0.4273923895942892,-0.1844809475228667,0.021631057568157346,-0.2877198508614695,-0.07735387111889043,-0.07572445204550018,2.8416050812316094
231.70000000000002,-0.7830990820295435,-2.268109084397045,0.9235114189640504,0.8057734925403472,-0.015618547407223293,-0.28098172417522443,-0.17879750555716215,0.06473047018322943,-0.019380870636992852,-0.03857708288267777,-0.05635593770082735,2.5266268571405472
231.8,-0.698859590715066,-2.2597055233449375,0.9015795346909758,0.877581852820464,0.18292503588045422,-0.1628130571833614,-0.16198536081295276,0.09757386655261499,0.20549966364986674,0.008505767384651109,-0.06538041573265929,1.9884541970348235
231.9,-0.6078806965300458,-2.2318080740457464,0.889841146272641,0.9404536870511236,0.37296007564612094,-0.07782942556271191,-0.1402882270729481,0.11565122756766755,0.377549991023755,0.05632803535238688,-0.09826236544891583,1.4621421429034323
232.,-0.5110868684426808,-2.1856501158079973,0.8847856491972343,0.9937882833593374,0.5469183542536838,-0.029636186584682367,-0.1174896996841933,0.11959486602572116,0.5031018237125564,0.10208805836252126,-0.14787986702986575,1.0397009528963599
232.1,-0.4094578716341528,-2.1231922284392533,0.8826150183462491,1.0370813005388946,0.6978725917269577,-0.020357208904753843,-0.09471302621380231,0.1112657754347748,0.5923192444129235,0.14541620459955054,-0.2079073025010364,0.7203526326041177
232.20000000000002,-0.3040188855020055,-2.047044029328241,0.8793967039539359,1.0699295009376748,0.8198126144485417,-0.05055013139372985,-0.07177477996464443,0.0923276267449954,0.6538079627766562,0.18612115980297347,-0.27247394130025737,0.4779116257965374
232.3,-0.19583019877216284,-1.9603601354562201,0.8712218972870065,1.0920344688998456,0.907884961722166,-0.11918406812752537,-0.04809068786431278,0.06427188479665347,0.6935786119706796,0.2231105379973336,-0.33499615936991084,0.2868202471602042
232.4,-0.08597658494294691,-1.8667143980035907,0.854362855938002,1.1032052808960402,0.9585863778414844,-0.22368064838641344,-0.023095225984256607,0.028813892856500132,0.7153705116741087,0.2540296524141746,-0.3875566240194387,0.12682017161516804
232.5,0.02444353584805945,-1.7699574234214797,0.8254230161152167,1.1033601039218859,0.9699034757464413,-0.3600167555452649,0.0035766526508843755,-0.011736793307907984,0.7211165356859452,0.275427122427142,-0.42138206254762917,-0.01868658046104224
232.6,0.1343290406337171,-1.6740630611532694,0.7814739068690775,1.0925267093930067,0.9413930043185096,-0.5228848689944621,0.03203010263790733,-0.05427928835595127,0.7112278499543103,0.2834634034980461,-0.42859961228508064,-0.1654121976748697
232.70000000000002,0.24258704446195975,-1.582969978056266,0.7201734073593317,1.0708419005063332,0.8741995193107865,-0.7059046167779709,0.062150353103950624,-0.09497010849615378,0.6846411858633041,0.2749855128874862,-0.4048062871401774,-0.33079639606273625
232.8,0.3481437299677509,-1.500424635451485,0.6398606320603171,1.0385498617680984,0.7710097534289044,-0.9018771050229248,0.0937211047666506,-0.12949310569346154,0.6386133398136936,0.24841924431976656,-0.35125961650565224,-0.5363834623060788
232.9,0.4499549587674958,-1.4298319288106898,0.5396236605701102,0.9959994500020787,0.6359455046833247,-1.1030718848584689,0.12653062293563025,-0.15339152871991338,0.5682482318112161,0.20389261337876294,-0.2755289484455401,-0.8101239648836829
233.,0.5470165602232077,-1.3741194446055351,0.4193374112897865,0.9436404565440851,0.47439931321678425,-1.3015351163639663,0.16025710045035832,-0.16224742480494214,0.46583171573548754,0.1426047382095496,-0.19057986379152822,-1.1870421962281472
233.1,0.6383741966019725,-1.3356207459694744,0.2796701485071802,0.8820188803979716,0.2928194776529674,-1.4894066440277518,0.1937500195698602,-0.15171712680980803,0.3205390553224515,0.06641544274669889,-0.11348466265059229,-1.6988592905908664
233.20000000000002,0.723132708119505,-1.315982340204926,0.12205836290679095,0.8117712617771853,0.09845298168620581,-1.6592333429207207,0.22323258723894823,-0.11830990379033532,0.12069221874071202,-0.020426342069659306,-0.06443883052546381,-2.324108887171715
233.3,0.8004648467604122,-1.3160980370476032,-0.05134897362086839,0.7336181345901246,-0.100943420381849,-1.804266243461819,0.24031037511295605,-0.06339706705964755,-0.13673804821554741,-0.10592110482060313,-0.06265121711665642,-2.878459049056681
233.4,0.8696193140560003,-1.336073314616787,-0.2377745570480167,0.6483566649584457,-0.29741244105147774,-1.9187295893477319,0.23551444923660364,-0.00029934511699881115,-0.4300795709284027,-0.16797507477636092,-0.11209539217103784,-3.0260599204007343
233.5,0.9299280251069252,-1.375221113668751,-0.4339219499588435,0.5568525507044584,-0.48311349165932105,-1.998051102151502,0.2098969717187108,0.0491951447707153,-0.7146113763792264,-0.19021977804616194,-0.18959007770284478,-2.676149478460182
233.6,0.9808125289933247,-1.4320892278230888,-0.6361054771314636,0.46003126382915505,-0.6506352619986652,-2.039044272662133,0.1761213353731022,0.07311920426741539,-0.9553548812617639,-0.17826753058428985,-0.26369091931194466,-2.1282228613746974
233.70000000000002,1.0217895242368493,-1.5045181978001025,-0.8403956399858441,0.3588687242612182,-0.7932911859622462,-2.0400354115765915,0.145376969827752,0.07430371657728943,-1.1459653128058511,-0.1481505493239104,-0.3181287998495498,-1.6514884160567131
233.8,1.0524754170833033,-1.589727401608577,-1.042774253240951,0.254381498528978,-0.9053860139246079,-2.0009303944242447,0.12201259812688199,0.06061451853294884,-1.2968932934605626,-0.11170356245177829,-0.35044785848884286,-1.3216162161602205
233.9,1.0725898799697315,-1.684425908540112,-1.2392931195318526,0.1476166214411107,-0.9824428644649377,-1.9232184398022762,0.10640901927306834,0.03878535246712034,-1.4216573294015415,-0.07472224619878177,-0.36338340638816363,-1.1247656483761175
234.,1.0819583775291028,-1.7849436775706853,-1.4262299166863275,0.03964114231917592,-1.021381703593881,-1.8099127702817832,0.09779706520249515,0.013531508728632008,-1.532004505758127,-0.039496954129849764,-0.360535197761684,-1.0349134546144758
234.1,1.080513637771288,-1.8873778697034667,-1.6002350834826773,-0.0684685002289391,-1.0206421360814157,-1.6654305216310383,0.09542743919590264,-0.011807989843341898,-1.6377797152578324,-0.006731173179745349,-0.3450443596803878,-1.0369529689410837
234.20000000000002,1.0682960565571697,-1.987748441241417,-1.7584638485719926,-0.1756371695886309,-0.9802456135827491,-1.495416687978096,0.09889522202536634,-0.03455986022894188,-1.748091683895717,0.02345521746252932,-0.31926857902420097,-1.130360762593717
234.3,1.0454530340508912,-2.08215681497671,-1.89868813953823,-0.28080168269042594,-0.9017945795207143,-1.3065191216438703,0.10813191910969361,-0.052107272646134024,-1.8726614103672214,0.050917041942722494,-0.2847364860488671,-1.3285678449441252
234.4,1.0122372523884717,-2.1669413035778273,-2.0193839111873797,-0.3829213167215167,-0.7884085848152926,-1.1061235576694848,0.1231248887232304,-0.06130403894216322,-2.022929667811346,0.07484281518254693,-0.24228538134379252,-1.6538364247517732
234.5,0.9690039142359838,-2.2388230889337275,-2.1197904121070414,-0.4809880675840689,-0.6445999213247657,-0.9020592267508288,0.1430590079534253,-0.058038910040124965,-2.2118486460161795,0.09275987021956497,-0.19270182838455452,-2.113257994597118
234.6,0.9162069721242017,-2.295036937719763,-2.1999390272729737,-0.5740365594026302,-0.4760937311005875,-0.7022867928368515,0.1644579344916962,-0.03795620809029566,-2.4491927662571795,0.09938892942307831,-0.13875704164573424,-2.627455798069348
234.70000000000002,0.8543943883396483,-2.3334414419680387,-2.2606505473796377,-0.6611535080806104,-0.2895997631322976,-0.5145810563071012,0.1796216150609616,-0.0005546159235759748,-2.7287441821216087,0.0877349961619015,-0.08896456883833426,-2.9476385175936093
234.8,0.7842024746275816,-2.3526043896985134,-2.3035009742981734,-0.7414866465492109,-0.09254487692111357,-0.34622107232182525,0.18058544936834026,0.04515085519964607,-3.0174248352008584,0.0557759996533025,-0.05771143500864195,-2.8120561414819836
234.9,0.7063493699279563,-2.3518598621533493,-2.330757226425892,-0.8142530248929531,0.10722304288021628,-0.20370003831551922,0.16734772413025087,0.08471546978934881,3.0106632646161224,0.01116669250075661,-0.05505912579804991,-2.301353286511171
235.,0.6216277227353812,-2.331334781347713,-2.345285307685624,-0.8787466049155306,0.3017479567712871,-0.09246651647128255,0.14654274832908887,0.10975149316849937,2.810823495622224,-0.036308902576237485,-0.07944870641384172,-1.713069010149624
235.1,0.5308966523654348,-2.2919438495701336,-2.350434601716341,-0.9343450758662581,0.4832828525007205,-0.016707307782811126,0.12370724571862399,0.11953827391227634,2.6642464971781674,-0.08189546411060408,-0.1235186438854772,-1.2198241109348342
235.20000000000002,0.43507307035065185,-2.235353082578453,-2.349902904606168,-0.980515825905471,0.6445985939061306,0.02081936620726632,0.10098888514774794,0.11607876093490728,2.560027567787134,-0.12472737474433637,-0.1801968035753522,-0.847889160002903
235.3,0.3351224493124551,-2.1639133903078975,-2.347587577409363,-1.0168210123698058,0.7792721236685327,0.018893723514588484,0.0785398544239749,0.10136282105265484,2.4876899819197624,-0.16490150343717905,-0.24349745529419345,-0.5713969729900321
235.4,0.23204913190169077,-2.0805668530185635,-2.347428753044116,-1.042921682920019,0.8819425302475324,-0.02211705606854046,0.055808615888051444,0.07699903617904015,2.4396317586762537,-0.201922605358242,-0.30731482726140896,-0.35971026541355194
235.5,0.12688627672297348,-1.988729429356878,-2.3532508489312605,-1.058580909124007,0.948524770415735,-0.10027358102828894,0.032149554606138206,0.04458542216209693,2.410972889244067,-0.23413680287771813,-0.3644356712687276,-0.18846839054820666
235.6,0.02068554151308847,-1.8921547723902474,-2.36860870427414,-1.063665903853478,0.9763725269500745,-0.2121416823745948,0.0070690930418604095,0.006138750645373915,2.398958467715302,-0.25870853506788255,-0.40650041954488836,-0.03887983549154808
235.70000000000002,-0.08549339379599223,-1.7947845828398883,-2.3966444765057457,-1.058149103955231,0.9643837088575405,-0.3529294449708799,-0.019685192178167374,-0.03561702772549804,2.402521701702402,-0.27208745301729353,-0.4252004578337259,0.10532763210934104
235.8,-0.1905933601561415,-1.7005914654563525,-2.439961002489137,-1.042108209898729,0.9130443881743209,-0.5166783728926743,-0.04813359285191667,-0.0771878819235042,2.4221110027055412,-0.27090894244753644,-0.41453711333707277,0.26093156229304626
235.9,-0.29357018433641274,-1.6134205533577415,-2.5005166736569056,-1.0157251843990807,0.8244094217167485,-0.6965010676056462,-0.07815824586447377,-0.11448612333679882,2.459790640850959,-0.2529584178994295,-0.37324597802637693,0.44794078021881983
236.,-0.3934030221352418,-1.5368362142689989,-2.5795460165746396,-0.9792842222677729,0.7020205303337634,-0.8848559434312664,-0.1096303056331666,-0.14313915675578534,2.519633333929494,-0.21761086957036857,-0.3061380810247103,0.6923385231829534
236.1,-0.4891044380293986,-1.47397995000036,-2.67750914561601,-0.9331687138516823,0.550765101582554,-1.0738480282080398,-0.14242129354271302,-0.15871730818722746,2.608403104829938,-0.16546276141775682,-0.22380155989774864,1.0284965741199201
236.20000000000002,-0.5797301321486846,-1.4274451542644582,-2.7940721033905875,-0.8778572342853861,0.37668134491906924,-1.255543857119425,-0.17598684313343668,-0.1567376169449523,2.736261322049065,-0.09768007257945703,-0.1414414058888407,1.4960408601968573
236.3,-0.664388219167349,-1.3991737218427505,-2.9281188731630508,-0.813918600306362,0.18671756725140576,-1.4222879058076483,-0.2079770970932702,-0.13286072008050326,2.9160887787163845,-0.016597328895853043,-0.07809047577778548,2.109526106271058
236.4,-0.7422479683372313,-1.3903786309673123,-3.077794584834081,-0.7420060454741333,-0.011544834220654221,-1.5670079475256022,-0.23173185926326986,-0.08529559403943283,-3.126034959913631,0.0701317376573836,-0.05489091061451348,2.7590224262114686
236.5,-0.8125479194041025,-1.401495585314405,-3.2405781924584747,-0.6628505732058714,-0.2101936184776234,-1.6834971606391116,-0.23644327271570925,-0.022004162816614166,-2.83451746908501,0.14357575556470578,-0.08504070971686338,3.113952761796749
236.6,-0.8746032954945221,-1.4321656434907006,-3.4133817263326267,-0.5772535550075918,-0.40130113685148616,-1.766661739682325,-0.21741822080872136,0.035798245314216444,-2.534101899291653,0.18146101217304617,-0.15566902458821083,2.909655585588227
236.70000000000002,-0.9278126411682395,-1.481249528519834,-3.592672163233415,-0.4860786485669785,-0.5772403834511108,-1.8127241384306816,-0.18468088727830775,0.0697521369482187,-2.2706704280042875,0.18079295557682348,-0.23391713032337416,2.357224579336988
236.8,-0.9716636216311825,-1.5468730468550813,-3.774611056668337,-0.39024311691013375,-0.7309890599085442,-1.819373842266249,-0.15185548763685347,0.07823487167251066,-2.061160720790683,0.15637219917784623,-0.29644500778805516,1.8106948881401537
236.9,-1.0057379275177432,-1.6265018062056877,-3.955206360957477,-0.29070863554730875,-0.8564095323450193,-1.7858596589501265,-0.1256813517694295,0.06877668676095841,-1.8980421822473685,0.12239374357149065,-0.33689870268815014,1.412661179751078
237.,-1.029715238593339,-1.717042253412587,-4.130470396827437,-0.18847167938974432,-0.9484935195549007,-1.7130198483915589,-0.10740688099549357,0.04896768343450947,-1.766947677560972,0.08644702011447349,-0.3569296990982753,1.1635008915878309
237.1,-1.04337620911186,-1.8149650043124517,-4.296577661351651,-0.08455358516215038,-1.0035617574625912,-1.6032488901651325,-0.0963624372734191,0.02420811992597337,-1.6548513042215154,0.05167078323669495,-0.360049065722595,1.0326972645964079
237.20000000000002,-1.0466044472925058,-1.9164455488175183,-4.450016191267055,0.020009611970300115,-1.0194106798602696,-1.4604022135789014,-0.09167627231595034,-0.0018056091049457458,-1.5511702397067026,0.019105885820366146,-0.349581625794951,0.9980640807902385
237.3,-1.0393874713615867,-2.017516721743519,-4.58772644569824,0.1241774668244593,-0.9954002677283686,-1.2896426883323207,-0.09279683905981277,-0.026304001468969784,-1.4466862240658735,-0.011053397869258276,-0.3281503901472955,1.0528246905889131
237.4,-1.0218166347379134,-2.114226860855365,-4.70722217187356,0.2269154359130403,-0.9324795648636532,-1.097234995622395,-0.09957431706718055,-0.04680207714392152,-1.3320897230183786,-0.038804046945430194,-0.29756499058449454,1.2057356365516725
237.5,-0.9940860231256115,-2.2027973468678237,-4.806688435691899,0.32720511067012753,-0.8331488425872313,-0.8902960773982234,-0.11212436698750416,-0.06050417682947687,-1.1965701911651339,-0.0637951943656054,-0.2588510112544245,1.479364689037811
237.6,-0.9564903364154557,-2.2797732447789256,-4.885052909356641,0.4240542713894961,-0.7013599219062914,-0.676511612487248,-0.13030317930801996,-0.06370308274246951,-1.0269887418653494,-0.08452886827033905,-0.21255290601443863,1.898485671501966
237.70000000000002,-0.9094217782854614,-2.3421610409413516,-4.942027574441621,0.5165066630445609,-0.5423586269703247,-0.4638298227172747,-0.15226316698888465,-0.05165143103454293,-0.8098080948399464,-0.09708918009975742,-0.15997001439122766,2.441065150492958
237.8,-0.8533659861358552,-2.3875479847293244,-4.978119178189445,0.6036513970942025,-0.362475650705662,-0.26014481593874017,-0.17205670297927747,-0.020896073701101286,-0.5407663516625185,-0.09451838618675767,-0.10647443557119023,2.9289163964437837
237.9,-0.7888970433968724,-2.414198277025621,-4.994608026544997,0.6846318872509213,-0.16887417015481831,-0.07298208997996614,-0.18019645337213186,0.024179131774903568,-0.24183662172638623,-0.07105968838295414,-0.06493245170949921,3.0252243729897885
238.,-0.7166716252195936,-2.4211222707968796,-4.993495959732442,0.7586542319549486,0.03073572669847735,0.09080126458050897,-0.17215668238580284,0.06920866849655209,0.04049134110722747,-0.03048088828597031,-0.04965806150706773,2.61801714932432
238.1,-0.6374223370111828,-2.4081159249489152,-4.977425584771006,0.8249949619147311,0.22840441771792303,0.22528971093915506,-0.15316253524163087,0.10145470366866263,0.2700904630167249,0.016409015612685422,-0.06398292078563216,1.9939296952763725
238.20000000000002,-0.5519503131261343,-2.3757689385612046,-4.949573985212056,0.883008077480527,0.4162596728741643,0.32574487248438566,-0.1304335266695055,0.11756846782085253,0.44051591974309195,0.06226877551646143,-0.10139611013595234,1.426257435239549
238.3,-0.46111715019762206,-2.3254412412143433,-4.913525145882803,0.9321313077513944,0.5868204951250857,0.3887942063060261,-0.10757463859425784,0.11929022659317952,0.5618624086789112,0.10514130777460047,-0.1539878333665954,0.9927710825546857
238.4,-0.3658362560182238,-2.25920877666678,-4.873126178980502,0.9718915311048155,0.733295364072138,0.41256522206708035,-0.08530815833412775,0.1089647334630783,0.6463769941532498,0.14516380999703773,-0.2153365031336188,0.675189276915292
238.5,-0.26706370049740613,-2.1797807413147092,-4.83233308363994,1.001909305203849,0.8498529923582301,0.39675989544179807,-0.06319728561098124,0.08841952879607494,0.7034675998746931,0.18232125296945373,-0.2795825892538013,0.43825188817903943
238.6,-0.16578865997751718,-2.0903915768764367,-4.795052188356661,1.021902463397913,0.9318548006048266,0.34266630958036204,-0.04054674548687319,0.05922534548001221,0.7393412736134048,0.21558704834076373,-0.34013905740155753,0.2526533308852771
238.70000000000002,-0.06302355003857346,-1.9946720232120452,-4.764983597749493,1.031688743700193,0.976039842845809,0.2531070605810454,-0.016754145978679507,0.023171891130444426,0.7576879155997431,0.24273042269499598,-0.3891873084317639,0.09660874781032931
238.8,0.04020605517301965,-1.8965043719956804,-4.745472885231044,1.0311874261070122,0.980654810064619,0.13232648397177427,0.008563525495469397,-0.017361223994489233,0.7602858597270414,0.2605785151878647,-0.418326415472963,-0.04729183268049006
238.9,0.1428716171225004,-1.7998676918193481,-4.739376944406604,1.020419963827252,0.9455239290040723,-0.014178801783541611,0.03555016731987673,-0.05923694192949589,0.7473198474844784,0.26572392024717173,-0.42040889890867894,-0.19551711999362725
239.,0.243951839653708,-1.7086791951154503,-4.74894934754975,0.999509603916537,0.8720559696036219,-0.17987927896520695,0.06417584756764051,-0.09863570804480523,0.7174031352047726,0.25547088325438383,-0.39198310705187916,-0.3666310252394051
239.1,0.34244278747548734,-1.6266380710978292,-4.775749781807166,0.9686800027642287,0.7631880816998754,-0.35747309523660453,0.09436175592998833,-0.13131743466595358,0.667296998095633,0.22851349546154,-0.33517877396776735,-0.5842356301991397
239.20000000000002,0.4373678165373768,-1.5570780106093045,-4.8205811738733875,0.9282528517632765,0.6232687000437471,-0.5391774212575537,0.12606726229085147,-0.15289041623919608,0.5913018771540426,0.18488771324380585,-0.25809310482596265,-0.8801096894508262
239.3,0.5277872184849544,-1.5028343022447017,-4.883457010014595,0.8786445382074083,0.4578841858419656,-0.7170389856683211,0.15910722878204506,-0.1588744185864796,0.48040492508012245,0.1253305307390707,-0.1739036621797714,-1.295277732737912
239.4,0.6128074843653534,-1.466130798207244,-4.963600154517646,0.8203618759114935,0.2736361160769994,-0.8832514072996418,0.19222557118088,-0.14463779127005333,0.32195038178802765,0.05110868336363437,-0.099977630413288,-1.865491588845314
239.5,0.6915900966602773,-1.4484912562133196,-5.059473213888414,0.7539969491480691,0.07787809937820495,-1.0304666734773242,0.22082141665499627,-0.10646296481812749,0.10292205929600948,-0.03349882446433467,-0.05728008721749444,-2.5505232586752236
239.6,0.7633597635208026,-1.45067859196376,-5.16883923648396,0.6802211221460592,-0.12157738923568423,-1.1520883466682514,0.23484676436082774,-0.04701809069176688,-0.17686461447229068,-0.11463509263820845,-0.06500651811290836,-3.0930315821873355
239.70000000000002,0.8274120147133489,-1.472664463994038,-5.288850327875714,0.5997782745239473,-0.3167704671688792,-1.2425348101459313,0.2248355894354255,0.01664177313392113,-0.4859100111827387,-0.16832843162016986,-0.1227981057079674,-3.1080193916052954
239.8,0.8831200852048499,-1.5136304034593477,-5.416160649318531,0.5134773305497082,-0.49991117973539617,-1.2974620578032434,0.1953831638271574,0.06145524576477755,-0.7720120431002169,-0.18159706358180994,-0.20194216877397322,-2.6173792076331037
239.9,0.9299410194527242,-1.572000443813687,-5.547059294613683,0.4221841569605398,-0.663690061156822,-1.3139371460871279,0.16117355677624806,0.0790932442776984,-1.0042430767703672,-0.1646920517066379,-0.27217239164396917,-2.014968236361727
240.,0.9674209372492429,-1.645503949540474,-5.677617748154375,0.32681291017280717,-0.8015695399829363,-1.2905553929738431,0.13207945193830753,0.07532912474516383,-1.1836557776631715,-0.13376539387008912,-0.3213327537566846,-1.5417456969297854
240.1,0.9951994103251083,-1.7312661391515491,-5.8038460456272905,0.2283169190052405,-0.9080445715214791,-1.2274966515321022,0.1108727237271839,0.058503890487502416,-1.3244647021864013,-0.09879293615655821,-0.3491064849602682,-1.2322053518942329
240.20000000000002,1.01301290775831,-1.8259226935882347,-5.921851411885967,0.127679193478596,-0.9788621066842492,-1.126518414523992,0.09721480522326482,0.034901947965393476,-1.4410922553698444,-0.06416262844049071,-0.3586932382094432,-1.0558562917210168
240.3,1.0206972774755405,-1.9257538809490016,-6.027993051744584,0.02590265379891931,-1.0111906477191628,-0.9908860248408737,0.0901572704138204,0.008752516864429748,-1.5451859332523934,-0.03144035961704466,-0.35356399265336635,-0.9834276513736314
240.4,1.0181892406828257,-2.0268328504144977,-6.119026922802012,-0.07599982375429208,-1.0037331311765767,-0.8252427739623924,0.08898675222225788,-0.01694336153586581,-1.6463692864307857,-0.0009994242563844827,-0.3366059286215988,-1.0011635587492702
240.5,1.0055268858251147,-2.125182183358576,-6.192234718780088,-0.17701544565130714,-0.9567786378218259,-0.6354250671018377,0.09341337299877622,-0.03970925332820049,-1.7537396113208965,0.027188238289778916,-0.30992592956252984,-1.1118087475722427
240.6,0.982849158555852,-2.216932460446919,-6.245531921327205,-0.27614152557077254,-0.872190867983278,-0.42823002371826724,0.10352657436038873,-0.056992753757589575,-1.8774181991898706,0.0530451796836295,-0.2748183332858328,-1.334086067094168
240.70000000000002,0.9503943540991472,-2.298476523153304,-6.2775506127025125,-0.3723953956973663,-0.7533338417872163,-0.2111447783272165,0.11949744840313034,-0.06553356025326203,-2.029897525605718,0.07576064527954915,-0.2318822191514825,-1.6982016908404627
240.8,0.9084976282124745,-2.366613279773504,-6.287693747949345,-0.4648241073116761,-0.6049377863769758,0.007951726569450313,0.14060478939591792,-0.06082713046474894,-2.225959325332236,0.09268275762700366,-0.18168537441858557,-2.2180152991171433
240.9,0.8575875526098894,-2.4186753228452136,-6.276158722976877,-0.5525138253312025,-0.43291055676915646,0.22110256696332992,0.1629675657867442,-0.03794925867850206,-2.4769760600407453,0.09793963090257218,-0.12711469926564561,-2.798377878386791
241.,0.7981817500910084,-2.4526352702696923,-6.243929299033469,-0.6345988245983141,-0.24410210840294883,0.4205897720590322,0.17766108170317327,0.0032719193308197725,-2.774383626967399,0.08384612902929547,-0.07787857197321421,-3.1256934011645305
241.1,0.7308816536464556,-2.4671865906505355,-6.192736205576159,-0.7102699997504808,-0.046031411118304666,0.5992417321502115,0.17621639106489548,0.05153980661846331,-3.0768748318465766,0.04921979348905182,-0.04996740319283479,-2.9032820730246915
241.20000000000002,0.6563664423892012,-2.461795690598211,-6.124987992223602,-0.7787828054059608,0.15341330835900852,0.7507188243728065,0.16034157150170783,0.0908305761127452,2.947091900587234,0.003655939067004117,-0.052635917358056866,-2.2950078111372703
241.3,0.5753862152090573,-2.4367231874439366,-6.043674886544922,-0.8394645491073257,0.3462890450389756,0.8697658694409083,0.13811654286732739,0.11379872286156963,2.7503469772992797,-0.04281377295937845,-0.08204184948511686,-1.659815249507448
241.4,0.4887544704857826,-2.393013519286864,-5.952249490598324,-0.8917209659284682,0.5249146781261282,0.9524213548156439,0.11499333717286248,0.1211258477553845,2.6095579364191455,-0.08637256020105837,-0.1297297163527501,-1.1575546997628354
241.5,0.39733996695429113,-2.3324533065892394,-5.854489072489612,-0.9350420108024284,0.6821771929814863,0.9961750833417005,0.09260181793955691,0.1154193504053165,2.5112964498037744,-0.12682341327918714,-0.18854323965622877,-0.7913973606757049
241.6,0.3020580468252636,-2.2575001253113003,-5.754344942958289,-0.9690068123989936,0.8118152544852132,1.0000679625014892,0.07075078614183673,0.09881375040587986,2.444235406564231,-0.16448696876488417,-0.25258690634930275,-0.5239117963655814
241.70000000000002,0.2038615074705324,-2.1711845311762294,-5.655784921868211,-0.9932877406932226,0.9086688266245709,0.9647299561069835,0.048736963721262294,0.07294693925793598,2.400655625719106,-0.19888451282186564,-0.3157494043320689,-0.3203759556291141
241.8,0.10373111233341857,-2.076989241048665,-5.562635174953177,-1.007653549138403,0.9688848867618288,0.8923546855178551,0.025866660383161166,0.03945553074274012,2.3758063991003557,-0.22835217767331062,-0.3707749074584498,-0.1552243495754813
241.9,0.0026658351777322704,-1.9787102880835683,-5.478427726262992,-1.011971561502479,0.990071033403827,0.7866116930576903,0.001638613254808071,0.00042226941007572177,2.367133145868686,-0.25012631394830837,-0.40939163590525646,-0.009273047208735641
242.,-0.0983270656852116,-1.8803056859519822,-5.406259725474042,-1.0062088828554119,0.9713908636156067,0.6524998655114913,-0.024206231862846393,-0.04135794058932074,2.373798872656729,-0.2608621045370167,-0.42366759503450946,0.13410019985416202
242.1,-0.1982420449817161,-1.7857376354230579,-5.348670080587748,-0.9904326238143788,0.913597317682047,0.4961478613492706,-0.05172002129900463,-0.08234814939930153,2.396526649739181,-0.2575039594307793,-0.408303178007008,0.2923143670002942
242.20000000000002,-0.2960852410586016,-1.6988145640280876,-5.307538374227539,-0.9648091368689347,0.8190026616708581,0.32456949811424124,-0.08085622415910784,-0.1184642148731531,2.4377518884030662,-0.23812455110870864,-0.3628970402420634,0.4866378519423787
242.3,-0.39088432101794784,-1.62303929618677,-5.2840100933578915,-0.9296022733247414,0.6913863045976274,0.1453838520104393,-0.11159319609050573,-0.14536305222425064,2.5021072898882575,-0.20220130618689772,-0.2930236071113558,0.7454625839058755
242.4,-0.4816981032944398,-1.5614694067732664,-5.278451153205496,-0.8851706790264873,0.5358441252312311,-0.03348877146354423,-0.14390961076490608,-0.1585993557873233,2.597243607298718,-0.15015633715005636,-0.20978722250048973,1.1072575401836964
242.5,-0.5676258628548357,-1.5165953253851814,-5.290433528285641,-0.8319641564548464,0.3585853154049319,-0.20414287504162865,-0.177249551809722,-0.15353395797520927,2.7346420647797425,-0.08278613762225119,-0.12881055394081,1.6160917142380558
242.6,-0.647816227419915,-1.4902410509131934,-5.318752563284109,-0.7705191299456616,0.166684839048877,-0.3590032158594128,-0.20881574765266334,-0.12559227341105217,2.9285475440097883,-0.002296050839995939,-0.06980103092497482,2.2806578301175406
242.70000000000002,-0.7214755772261615,-1.4834914346082813,-5.361475273559535,-0.7014532595635228,-0.0321986243787033,-0.49112708432210195,-0.23069598780506895,-0.07349196393060498,-3.0957221160122965,0.08251961541288035,-0.054465853648880624,2.9467400017625835
242.8,-0.7878758658182756,-1.496648930641147,-5.416017709562327,-0.6254592574905943,-0.2301280073559634,-0.5944813646668348,-0.23119773480472036,-0.007921854449542383,-2.7890307818295783,0.15037958945991814,-0.09367833962859487,3.2176089154065073
242.9,-0.8463617851444908,-1.5292215383725152,-5.47924830077031,-0.5432979685833226,-0.4192042802159296,-0.6641833315909214,-0.2079059568692798,0.04731232773323965,-2.4844153686501835,0.18004028966665214,-0.16881595572199914,2.881292876927733
243.,-0.8963572047556387,-1.5799424170379686,-5.547613059009327,-0.45579078393041944,-0.5918813606150503,-0.6966955830450683,-0.17368086566939284,0.07596817558804612,-2.2270197355556625,0.17324967813868833,-0.24553689749612226,2.2624404674076986
243.1,-0.9373708221238147,-1.6468203908716754,-5.617277649553193,-0.36381146274306714,-0.7412669521058939,-0.6899673377392341,-0.14171628686701718,0.07970776568445592,-2.0270543225019364,0.14644851228730904,-0.30392488841289306,1.7135576170312754
243.20000000000002,-0.9690009689232914,-1.7272193311891455,-5.684280665921977,-0.26827744366209655,-0.8613973183291439,-0.6435164641779099,-0.11722964657447528,0.06706311908985832,-1.8727192978866425,0.11253273353847047,-0.3402259711774322,1.3348621959838662
243.3,-0.9909395264794356,-1.8179632507157004,-5.744691997632253,-0.17014073151991538,-0.9474750384448284,-0.5584489708899776,-0.10063677587027678,0.04537115996120383,-1.7484754267438356,0.07772320184771864,-0.356903396588273,1.1064325508000974
243.4,-1.0029749124077658,-1.9154629203817848,-5.794769977103208,-0.07037844969913486,-0.9960602652445045,-0.437415180742998,-0.09102297283479632,0.01961113622407014,-1.641335914537915,0.04439861694013602,-0.3575108471661816,0.9933470482040808
243.5,-1.0049941096476214,-2.0158589607725608,-5.831111040584059,0.030016848552170808,-1.0052078610863389,-0.28450433643914713,-0.08751901107588539,-0.006823191432989369,-1.5409438629582137,0.013243544445005483,-0.34521060508771373,0.9744466301811769
243.6,-0.9969837185538527,-2.1151757036275796,-5.850785936401257,0.13004701419101247,-0.9745449444766373,-0.10508183884453692,-0.08966225480049352,-0.031331774665208666,-1.4381362251483267,-0.015708400847494964,-0.32242794149815296,1.0457493099616202
243.70000000000002,-0.9790300223513545,-2.2094796894179427,-5.851457050130729,0.22871818481938366,-0.905285755760084,0.09442439314713291,-0.09742721983968985,-0.0514769978906988,-1.3233274534544524,-0.04252160092248994,-0.2907705175832563,1.220171888146133
243.8,-0.9513180659872563,-2.2950364822025797,-5.831472169099178,0.325050618071469,-0.800183249270715,0.30677992415094657,-0.11106695313772749,-0.06436114066162119,-1.184939216341882,-0.06683736724187447,-0.2510500518016953,1.5262387088919478
243.9,-0.9141297581380717,-2.3684595500505585,-5.789930947899101,0.41808837907715024,-0.6634193418114739,0.5242319593463547,-0.13050477403249477,-0.06595216127227363,-1.0084647926918637,-0.08699033200021283,-0.20360158907750828,1.9945297998185907
244.,-0.8678410157492882,-2.4268452756362646,-5.726721424917815,0.506908786630236,-0.5004381929095307,0.7388181692290402,-0.15358506803437277,-0.050983781102008074,-0.7789748506145427,-0.09852388553690754,-0.14973719316710826,2.594913781763082
244.1,-0.8129179799077539,-2.467888714561455,-5.642525133842679,0.590631525125854,-0.3177291634371967,0.9426838702816658,-0.17324661648426495,-0.016042873294208625,-0.49354332549246704,-0.09362144500638715,-0.09575839797676487,3.0984088822757867
244.20000000000002,-0.7499123409810953,-2.4899754864850148,-5.538790606115505,0.6684273326760348,-0.12256810535334606,1.1283949166596077,-0.179035525329744,0.03246454091054398,-0.1813532009820427,-0.06679445142650507,-0.05645071942313292,3.113729601397769
244.3,-0.6794558197136249,-2.4922461356510337,-5.417676320453172,0.7395261800345339,0.0772727034727318,1.2892338289753247,-0.16784097701747425,0.07786101484302528,0.10411167462896229,-0.023971639089490626,-0.04621878115183579,2.5955000699364614
244.4,-0.6022538592586267,-2.474630394964123,-5.281965373591455,0.8032248600192606,0.27383441537266573,1.4194673545488599,-0.14688838694467574,0.10808374330297729,0.32856182406763174,0.023067508585947062,-0.06598315637725687,1.9171425078494433
244.5,-0.5190785908729487,-2.4378499876112643,-5.134955273787058,0.8588939129617458,0.459288906939065,1.5145747924264004,-0.1235493540029799,0.1215426107818366,0.4910554420050851,0.06788648657699002,-0.1076757488113877,1.3438443597626613
244.6,-0.4307611431235695,-2.383389854538473,-4.9803272503799025,0.9059838202829736,0.6262508615222409,1.5714279806546352,-0.10078526641645878,0.12078960690367138,0.6048215014209849,0.10939576095954373,-0.1632435670786627,0.9221260154923386
244.70000000000002,-0.338183370889901,-2.3134389548518945,-4.822000289341061,0.9440304055261821,0.7680721984189831,1.5884157703693726,-0.0788563176725224,0.10831097879930712,0.6829845614283095,0.14804331192996978,-0.22644731540054477,0.6183869735502783
244.8,-0.2422690861260291,-2.230802999244649,-4.663975713648486,0.9726593900005014,0.8791071107905923,1.565508024392175,-0.05711963963727068,0.08590616799706924,0.7349205201118103,0.18381432871628867,-0.29145695619805395,0.39290415441318
244.9,-0.14397487721823843,-2.1387925954919855,-4.510178504273559,0.991590058527305,0.9549371460853331,1.504256588994019,-0.034812338919350934,0.055137191283767525,0.7665704884858225,0.21557393458377969,-0.3515451896068281,0.2156982865113256
245.,-0.04428060778963973,-2.041091265301261,-4.364301687494811,1.0006379995513002,0.9925473557183443,1.4077332001650753,-0.011324508366338769,0.017842959336965575,0.7813390329326151,0.24098226753051233,-0.39872187120625613,0.06517275687087963
245.1,0.05582031107676474,-1.941608594268142,-4.2296599920015625,0.9997168929960198,0.9904464914777664,1.2804067999507027,0.013713977918946092,-0.023501426526633243,0.7807400863060212,0.2568317488311731,-0.42457885737666323,-0.07595844120547689
245.20000000000002,0.1553307790296336,-1.844324369386917,-4.109058609686432,0.9888393286177046,0.9487264568053979,1.127965153941647,0.04043760565134623,-0.06564867809620278,0.7646984056070407,0.2598017140853481,-0.4222964446147801,-0.22437593043930257
245.3,0.25325989763991513,-1.753129917860677,-4.004682291880422,0.9681166471516947,0.8690586428170698,0.9570878815430344,0.06882779123453325,-0.10468940486620922,0.7315316774444516,0.24738595917891779,-0.389116555964745,-0.39932845912816706
245.4,0.34863279688537985,-1.6716729725318822,-3.918009202067322,0.9377578061574191,0.7546272951338405,0.7751799476633803,0.09884521888416538,-0.13633074618348592,0.6776090277473553,0.2184699576859003,-0.32806853959489374,-0.6257984050947206
245.5,0.44050029989358286,-1.6032122486595868,-3.8497529591441246,0.8980672820581554,0.6100025679784125,0.5900762407436952,0.13050164326711028,-0.15614235613494704,0.596656283443913,0.173156459603434,-0.24812097237835642,-0.9379453057563603
245.6,0.5279483305334418,-1.5504875296078628,-3.79983518141843,0.8494420293456694,0.44095832646919897,0.4097290147401066,0.1636088234354301,-0.15955909016366485,0.47882261956107247,0.11208783537995376,-0.1632051483547941,-1.3797645904478668
245.70000000000002,0.6101069710074482,-1.515610440719213,-3.7673896255585846,0.7923675271852818,0.25424196075960903,0.24189065583309755,0.19665851285168748,-0.14180662905109165,0.3104862023820604,0.03648964491928954,-0.09147788658474454,-1.9857567445686752
245.8,0.6861590800712959,-1.4999802658739556,-3.7507977551142155,0.7274129526231745,0.05730538880674968,0.09380442102345243,0.22421856638773463,-0.09935755218520771,0.07861734890813803,-0.04863221842242602,-0.05469792765755287,-2.6931841429528154
245.9,0.7553483868608797,-1.5042281628635537,-3.74775432022043,0.6552255281765996,-0.1419920281605217,-0.02808452204141676,0.2351665738008004,-0.03658785478172947,-0.21340726813398941,-0.12727471093384687,-0.07118632675825609,-3.191564962365348
246.,0.8169869804935702,-1.528192001535098,-3.7553603336403696,0.5765240996966369,-0.33569681365034965,-0.11838623401268755,0.22099026658704585,0.026614104401755635,-0.5272860581606706,-0.17461221587673637,-0.135841383860286,-3.099878222096899
246.1,0.8704621215832503,-1.5709228278305458,-3.7702397360894055,0.4920920079508955,-0.5160784559952738,-0.17298107017413356,0.18912991665916873,0.06756073516233557,-0.8091857315719323,-0.1813017195991542,-0.21625511025029537,-2.5394087403644923
246.20000000000002,0.9152423085050773,-1.6307226960199364,-3.7886750993602476,0.4027693243082204,-0.6759375995355177,-0.18918410008470532,0.15484918389650773,0.0809516655096214,-1.0334208862873662,-0.16056795151688896,-0.2840156642003403,-1.9304455898932518
246.3,0.950882538602383,-1.7052123608767022,-3.8067569567854567,0.3094445271501721,-0.8088930602880373,-0.16585232557522,0.12679249277238555,0.07406916304074466,-1.2054202817853024,-0.12819725355772751,-0.3297469623050576,-1.4760352323511339
246.4,0.9770287124718259,-1.7914261311219017,-3.8205408072880394,0.21304570112342652,-0.9096362236930026,-0.10343042259518975,0.10684418578843975,0.0552723613747461,-1.3407333607023209,-0.09300505395672351,-0.3543294939869078,-1.187505178168609
246.5,0.9934211379150126,-1.8859301026295325,-3.826205533344211,0.11453134603165677,-0.9741426824014442,-0.003933183267545326,0.09436109040209177,0.030530853244996197,-1.4537621814201311,-0.058633520174702705,-0.3612353964698926,-1.0290191702754101
246.6,0.9998970990239135,-1.9849590578083587,-3.8202069168068022,0.014880885995951419,-0.9998326767740356,0.12913464192653112,0.08836270828124249,0.0038272421446150016,-1.5559140492815273,-0.0262789917697579,-0.3539083833625532,-0.9722515875013658
246.70000000000002,0.9963924650846878,-2.08456657341383,-3.799420131966574,-0.0849150275448896,-0.9856739418343262,0.2909179062495302,0.08819936508683379,-0.021968799689371883,-1.656733352808406,0.0038607514892050627,-0.33512272518181546,-1.0060691628345744
246.8,0.9829423234506878,-2.1807823524651555,-3.7612655346646706,-0.18386432339936754,-0.9322228604930456,0.4754044692498891,0.09367973732346964,-0.04440262792052486,-1.7655290858358745,0.03189245342843488,-0.30683588238914794,-1.136738716792832
246.9,0.9596806301569779,-2.269770507940894,-3.703812732198073,-0.2809833320740373,-0.8416022823942051,0.6756647294490745,0.10499988197334416,-0.06081287624072337,-1.893027214230774,0.05773838809823931,-0.2701591810722686,-1.3876259998062384
247.,0.9268388817314931,-2.3479824879810325,-3.625858784632136,-0.37530652429286443,-0.7174168926756862,0.884127737811244,0.12237632701457828,-0.06764033826498221,-2.0527808763008983,0.08043764842608758,-0.22548983645816484,-1.7934683921111032
247.1,0.8847438213068184,-2.4122985459507307,-3.526977419425974,-0.4658960705825644,-0.5646095046247277,1.0928828842730969,0.14482944964007627,-0.059886998944855926,-2.2606946137249837,0.09684124063523457,-0.17333326965878962,-2.363266124607566
247.20000000000002,0.8338142016568764,-2.46015211540056,-3.407537296882271,-0.551851127676443,-0.3892640053865913,1.2939951300914196,0.16746431409776164,-0.032465547116635685,-2.5272659688243246,0.10012638662625208,-0.11725305733363557,-2.9624114111320825
247.3,0.7745566370812226,-2.4896321314859957,-3.2686885977719475,-0.6323167601700381,-0.19836281065947337,1.4798212187353494,0.18003050367784845,0.01313000217906184,-2.8376076596996342,0.08229439250381697,-0.06894591468403351,-3.2137466569357804
247.4,0.7075605850443717,-2.4995592196142313,-3.1123184673757525,-0.7064924094420066,0.0004915021091840277,1.6433142590381036,0.17494276473278503,0.06266715395123079,3.140896960298087,0.04419393668355049,-0.045473786904097785,-2.8632712258453914
247.5,0.6334925070616316,-2.489532713917118,-2.9409770917767304,-0.773639826296436,0.19937928441795594,1.7783045378806877,0.15644628630573754,0.10010012070846706,2.889365253876071,-0.0027338983555142563,-0.0538705493575937,-2.188056130579849
247.6,0.5530892664201816,-2.459946631072276,-2.757777353032675,-0.833090389047791,0.3903795480294506,1.8797453673337887,0.13322800471371618,0.1202118202721789,2.703385583272119,-0.049110599972610344,-0.0881184659807723,-1.5509886907222517
247.70000000000002,0.4671508278568264,-2.4119739626464267,-2.566272063179764,-0.8842517348025001,0.5658857496995299,1.943914165147067,0.10998010196985314,0.12484161347951035,2.5723078322307624,-0.09221797163044826,-0.1394397354920645,-1.0689371326224713
247.8,0.3765323312070008,-2.3475199121757266,-2.3703136708778954,-0.9266136384347893,0.7189090399768592,1.968560752178599,0.08770925429795086,0.11677023658849474,2.4817545579367426,-0.13230508172340139,-0.2009646903753014,-0.723362834124871
247.9,0.28213561722501024,-2.269145941272922,-2.1739020332619434,-0.9597530811424877,0.8433568865008398,1.9529969546499473,0.065947084366382,0.09804028450828849,2.4206580680455363,-0.1697097494237072,-0.2669165537585929,-0.4716577474671287
248.,0.184900289194255,-2.1799676528035903,-1.9810263213654633,-0.9833384584280068,0.9342759639652858,1.8981239391011924,0.04389887048349849,0.07022092954540242,2.3817740815010606,-0.20379067712175392,-0.33102681491039465,-0.27920358802031303
248.1,0.08579439854185063,-2.0835305822067864,-1.7955073613544317,-0.9971328858045214,0.9880496274922361,1.8063961903199042,0.02085854646731221,0.03496410737420073,2.3607699863317952,-0.2326498236584392,-0.3857068302600986,-0.12142872806961223
248.20000000000002,-0.014195153597669529,-1.9836688487681873,-1.620846696430188,-1.0009965693930352,1.0025420967753462,1.6817235683605622,-0.003652818740785051,-0.005550671007695361,2.3554230915156684,-0.2532910774437652,-0.42236680260919024,0.02012841697595678
248.3,-0.11407240409863917,-1.8843523019735855,-1.4600883863288194,-0.9948882177670703,0.977183602826105,1.5293153493606342,-0.029857322744854108,-0.04837576798281823,2.3651719215025775,-0.2622258483265863,-0.4330181033423789,0.16185187753602107
248.4,-0.21284220817556904,-1.7895282567348025,-1.3156990535297837,-0.9788654808277085,0.9129931027908419,1.3554724677800336,-0.05777117331223172,-0.08980631032070376,2.3909992994666265,-0.25641569503471895,-0.4127634210094671,0.32139654295787423
248.5,-0.30952011471943525,-1.7029641270056879,-1.1894709578496154,-0.9530844110604957,0.8125376572703656,1.1673362427357303,-0.08732620761707201,-0.12561706532979133,2.4356288288972276,-0.23410353423852914,-0.362067305078059,0.52071930890027
248.6,-0.4031421390459285,-1.6280972314888973,-1.082451963021083,-0.9177979521437151,0.6798300896403976,0.9726036059421961,-0.11849276835918826,-0.15136972107052932,2.5040580988911,-0.19498527663543005,-0.287620942259245,0.7893594610435569
248.70000000000002,-0.49277433643843604,-1.5678977592060852,-0.9949051867604155,-0.8733534694504037,0.520169007372649,0.779220184242321,-0.1512168195323317,-0.16255198013847652,2.604414998217126,-0.13963775086192584,-0.20164257760106882,1.167084011815382
248.8,-0.577522081796041,-1.5247503580618478,-0.9262999424341459,-0.8201893464206553,0.3399275632019181,0.5950634725794434,-0.18476729864095634,-0.15447156308580218,2.7486916844587643,-0.06900248180279041,-0.12078476406574355,1.697092503997058
248.9,-0.6565389635574138,-1.5003590670914382,-0.8753343329393283,-0.7588306799832223,0.14629937756418088,0.42762872832092613,-0.21580674343052628,-0.1226950036166428,2.951133696029738,0.014137650653282482,-0.06567822424556084,2.3764144851336546
249.,-0.7290352038356113,-1.495679382443857,-0.8399885955342964,-0.6898841170870544,-0.052988248422814965,0.28373010935216225,-0.23554376640055094,-0.06700081814665361,-3.06493569771669,0.09925708849957006,-0.057951637748927774,3.017829282236893
249.1,-0.7942855213331144,-1.5108801654149113,-0.817607070413306,-0.6140318828753818,-0.24998239614365997,0.16922897063502673,-0.23243936795371178,-0.0004241093289102655,-2.7549666176190932,0.16330088333202572,-0.105186959853752,3.2108881125879494
249.20000000000002,-0.851636359062639,-1.545336911136868,-0.8050055246780615,-0.5320250590156334,-0.43682158732688686,0.08880015120182772,-0.2062959890562673,0.05244361480963861,-2.4541447779983474,0.18692795012614455,-0.1841297587204698,2.8122009155705694
249.3,-0.900512405126232,-1.5976566462806914,-0.7985995525182266,-0.4446761781085929,-0.6060491964481922,0.0457455689949442,-0.17122872817261278,0.0776196751693989,-2.2038027404917955,0.17538338118634314,-0.26031523177503363,2.187702824285949
249.4,-0.9404223417417645,-1.6657334631781953,-0.7945489321712897,-0.3528512068663741,-0.750910722932568,0.041862554945516606,-0.13965465884031442,0.07853701840302486,-2.010073404048913,0.14582532098894255,-0.3162874312355244,1.6594597919748955
249.5,-0.9709637652833891,-1.7468324763936884,-0.7889121840832349,-0.25746099680625645,-0.865623071849689,0.07737217540281949,-0.11594658349748875,0.06399746050545954,-1.859892306966427,0.11039087303079911,-0.34978215280780145,1.3029260505087934
249.6,-0.9918272282487283,-1.837698854661667,-0.7778051680032934,-0.15945228649342347,-0.9456051077317912,0.15091040047696325,-0.1001943646718006,0.04113793029054366,-1.7378494170092447,0.07465357806471908,-0.36377108969934696,1.092609086957012
249.70000000000002,-1.0027993626988523,-1.9346875814312232,-0.7575573957242048,-0.05979834383080177,-0.9876602900605623,0.25958247038806403,-0.09143221908714234,0.014757129467439543,-1.6312679647483415,0.040644638839253594,-0.36193450317217113,0.9949625518033516
249.8,-1.0037650537542997,-2.0339087708735737,-0.7248598272502762,0.040510659507477564,-0.9901041093225269,0.3990782924076427,-0.08883580812647554,-0.011837786742514504,-1.5299035805256624,0.008871753888989876,-0.34742502735191877,0.9916218524994981
249.9,-0.9947086410825184,-2.131382746062459,-0.6768982577048471,0.14047744670702508,-0.952831243159692,0.5638442678797396,-0.09202032275898234,-0.03603986698740063,-1.4244191910028983,-0.02072004933617461,-0.32258655583573703,1.0818503483888937
250.,-0.975714135887418,-2.223198696849167,-0.6114669767392951,0.2391075109488886,-0.877319755311416,0.7473046991170982,-0.10104443471006513,-0.055291625739525355,-1.30471563884421,-0.04820868257603785,-0.2888856555518738,1.2824168992752907
250.1,-0.9469644506166475,-2.305670592243776,-0.5270581686803111,0.33541896967195883,-0.7665721699491457,0.942123949373783,-0.11619298151513958,-0.06641001897935542,-1.158338097547811,-0.0731103807621892,-0.24694833519161954,1.6254335066104695
250.20000000000002,-0.9087396483411289,-2.3754841315678163,-0.42292348879313957,0.42845230072015755,-0.6249957705842002,1.1404989043966745,-0.13716978728080062,-0.06488761119466172,-0.9698490728828341,-0.09331524161978988,-0.19699718746289524,2.138138946259868
250.3,-0.8614142284389852,-2.429828875899534,-0.2991053602885281,0.5172798642246419,-0.45822689565369124,1.3344700760278894,-0.16091449547514056,-0.04514879583147905,-0.7249362633584899,-0.10340294452658486,-0.14079635020987044,2.7592333904155537
250.4,-0.8054534747366554,-2.4665102921482602,-0.156436743841456,0.6010151161094357,-0.27290623556447635,1.51623894512976,-0.17881980818843968,-0.00502196176792393,-0.42623793607581045,-0.0947623233374553,-0.08648914078982375,3.1933099020189015
250.5,-0.7414089015309888,-2.484037242913805,0.003490611707873903,0.678821422071943,-0.07641408939371169,1.6784788923580967,-0.18060017575961068,0.04579440634949217,-0.11209686784897982,-0.06345490664028688,-0.0507823613392266,3.061637347461933
250.6,-0.6699128418447835,-2.4816814341865676,0.1783881722434908,0.7499203847527243,0.12342386427467272,1.81462732094186,-0.16601612902065496,0.08957334037370739,0.16312027693284478,-0.018084940713881666,-0.046457876587704575,2.453773664399673
250.70000000000002,-0.5916722307678763,-2.4595064508959954,0.36536040350925414,0.8135996015313118,0.31864855238914785,1.9191473254397473,-0.14363502528146657,0.11663134069322238,0.37328985809695586,0.029654971723307732,-0.07154952263643098,1.7744462528702527
250.8,-0.5074616447219609,-2.41836522275176,0.5610187595543417,0.8692197759232418,0.5014848104861365,1.9877484745483802,-0.12001457179334939,0.12708625467168486,0.5232885616224101,0.07467206054778178,-0.11728281184489862,1.2320671081066472
250.9,-0.41811566488041285,-2.359866021406439,0.761615330641404,0.9162211118539871,0.6646513538912463,2.017557906029246,-0.09726504654340161,0.12376885106665352,0.6275878930473506,0.1165301499679212,-0.17599202245726273,0.8401373304517572
251.,-0.32452063970316486,-2.286308344525633,0.9631908230056061,0.954128927085761,0.8016510594914553,2.0072349127177915,-0.07526771777816027,0.10900425288554796,0.6987721190148471,0.1557422958221492,-0.24170471578967812,0.5580044773449467
251.1,-0.22760592754155606,-2.2005912428652157,1.1617309714878123,0.9825584297074975,0.9070299854608679,1.9570244514095008,-0.053261236918429385,0.0844487030129943,0.7454485854794901,0.192110809688539,-0.30850301349519627,0.3469956094261925
251.20000000000002,-0.12833470547222417,-2.1060977450658354,1.353325149867469,1.001218609790123,0.9765948026406364,1.8687474413675842,-0.030466740274540775,0.051629563180073314,0.7729487913488177,0.22420003348170392,-0.36929075744384515,0.17920794751317398
251.3,-0.027694434879035328,-2.0065599877835374,1.5343208561057544,1.0099152069802821,1.0075799692700345,1.7457282391937465,-0.006302327659232334,0.012459314743409939,0.7842406703363356,0.24931234629798896,-0.41559535541464343,0.03453848106893623
251.4,0.07331292222618191,-1.9059104279921706,1.701467914158858,1.008552723870846,0.9987579843399779,1.5926621813814674,0.01954821057774257,-0.030426762136509626,0.7805186687806781,0.2639166714961029,-0.4386725777465156,-0.10353482945105627
251.5,0.17368083960253264,-1.8081250691540682,1.8520466439877743,0.9971354643571199,0.9504883241153113,1.4154284751825659,0.04715059003439416,-0.07357412074328248,0.7614519454360871,0.2645277016941492,-0.4318066984274933,-0.25151410755514864
251.6,0.2724082177567529,-1.717064951336436,1.9839748905241268,0.9757675857726573,0.8647031108814772,1.2208558972057206,0.07641641364438657,-0.11287292812184908,0.725125565007853,0.24871439041425764,-0.39294259004803656,-0.42885665076843027
251.70000000000002,0.36850933071934183,-1.6363222245624225,2.0958896451761277,0.9446521633035292,0.7448300852572274,1.0164506405709717,0.10724385500228177,-0.14388468452788006,0.6676709330349789,0.21563449493594647,-0.32629502631492596,-0.6609080361526952
251.8,0.46102363017836084,-1.5690769419667006,2.1872000063697046,0.9040892749102463,0.5956559529244461,0.8100971604604992,0.1395711228344112,-0.16210802678804015,0.5825690057298493,0.16572526450643496,-0.24218344181044454,-0.9819040625733225
251.9,0.5490253098365678,-1.5179702819601824,2.2581093682388627,0.8544731246463009,0.4231355537091964,0.6097439443718148,0.1730524349513504,-0.16298705543633696,0.4598006755688658,0.09996633718839924,-0.1557860433786715,-1.434152809781924
252.,0.6316325351220183,-1.4849992536365346,2.309605953352215,0.7962882317574442,0.23415446084121294,0.4230867343843323,0.20580005054654293,-0.14193679759279826,0.28599600639946265,0.020159244817233017,-0.08626611829753518,-2.044223421151547
252.1,0.7080162465859768,-1.4714370831832786,2.343422067381448,0.7301047221818583,0.036254474809709725,0.2572618303269092,0.23175943625437667,-0.09621298555013445,0.04961578701522493,-0.0673087383308467,-0.055629873639869445,-2.7293764668430613
252.20000000000002,0.7774084494310758,-1.4777824552401717,2.3619637005721756,0.6565727679584055,-0.16266704449064667,0.11856170083962903,0.23972909787421162,-0.03196249769812405,-0.24286153517885234,-0.14452761745450635,-0.08005570056152128,-3.167295994390888
252.3,0.8391099065899189,-1.5037396327916637,2.368213283050769,0.5764162285000349,-0.35467202064476694,0.01218423997615603,0.22277877446798797,0.029815561240102463,-0.5515975271178544,-0.18714208378341649,-0.15003854600094182,-3.0246618439718276
252.4,0.8924971585715441,-1.5482302481506005,2.3656094712707567,0.49042555561820084,-0.5320981268417289,-0.05797433435109356,0.189767981899632,0.06799303829788333,-0.8261302491461557,-0.1889448984620818,-0.23154471194041537,-2.466219438389701
252.5,0.9370287998528909,-1.6094362949638157,2.357908758590914,0.3994500315150535,-0.6878642587320845,-0.08947468364325739,0.15550742706664822,0.07903003469588218,-1.0446810081333917,-0.16466344716302117,-0.2979368661518077,-1.8849467542108314
252.6,0.9722509488535633,-1.6848726072840083,2.3490344275895616,0.3043894156178259,-0.8157528357798804,-0.08143146638904764,0.1278733894895837,0.07056733323420873,-1.2136579807543582,-0.12979178072423073,-0.3414048048750854,-1.4564401010086199
252.70000000000002,0.9978018564216591,-1.771485936196035,2.342918866357772,0.2061850820506214,-0.9106576766450251,-0.03454849821871331,0.1084611937078113,0.050801652863354675,-1.3481370174664087,-0.092679602748356,-0.3634873268269585,-1.1870889616139662
252.8,1.0134156062010702,-1.865776674125018,2.3433455355675745,0.10581073466211706,-0.9687875665866379,0.048909447034950704,0.096600065983515,0.025563170489555417,-1.462007788281568,-0.0567004780226664,-0.3679052209520011,-1.0438644374911215
252.9,1.0189248691636306,-1.9639383740625784,2.3537968870278276,0.004262790801908986,-0.9878174012977806,0.16520707111327348,0.09135775566132429,-0.0012126330352594437,-1.566480990442722,-0.022904542521968933,-0.35818688780044416,-1.0019848209918805
253.,1.014262683885289,-2.062009501519414,2.3773142971683807,-0.09744947157764709,-0.9669808815433055,0.30928761458218634,0.0921523333305537,-0.026621885415633866,-1.6712342670974518,0.008593334592955247,-0.33709329354014955,-1.0536461675594138
253.1,0.9994632437340697,-2.1560313693331037,2.4163755998904093,-0.1983139064611429,-0.9071010631585492,0.47497460681948445,0.09886068751790474,-0.04808049160492848,-1.7860336127693683,0.03792153011248052,-0.3064866728837471,-1.208552629678316
253.20000000000002,0.9746616819240417,-2.242205958968589,2.472795101583619,-0.2973255334122927,-0.8105575444766195,0.6552182595463476,0.11170118741790903,-0.06265569441634931,-1.9223728122708483,0.06490155658745489,-0.26731713459006806,-1.4930762567561462
253.3,0.9400928552785178,-2.3170473364740087,2.547650064812548,-0.39349651324157914,-0.6811915993182177,0.8423766809115554,0.13070502129833256,-0.06633928701726345,-2.0946266802743145,0.08818528218902484,-0.21984438944917115,-1.9395969816370122
253.4,0.8960891374395351,-2.3775206266158513,2.641236591945819,-0.48586596705935775,-0.5241530375918844,1.0285206989510427,0.15410927067015243,-0.053738307154164576,-2.3183053543108545,0.1037099136702544,-0.16484790157429566,-2.5324573911740846
253.5,0.8430772420626109,-2.4211630047327493,2.7530566679130235,-0.5735095414813232,-0.34569489868982894,1.2057501420108911,0.17541626747678493,-0.02058382769114549,-2.599138170966006,0.10354766136079373,-0.10745420715540874,-3.072733291152146
253.6,0.7815741061483699,-2.446181882744838,2.881836879051815,-0.6555486251212328,-0.15292416260537806,1.3665089669693644,0.18379892635615877,0.028349521328652396,-2.912414513125891,0.08054829169448524,-0.06182641902113292,-3.163005724465261
253.70000000000002,0.7121818729917675,-2.4515263749521727,3.0255780621758546,-0.731159124809502,0.046481582866796434,1.5038866720257675,0.1744765103199636,0.0765855697594144,3.0781056301561147,0.03877084896204373,-0.04438624909453041,-2.68832685444895
253.8,0.6355820231827399,-2.436929194506356,3.181633904896489,-0.7995797141868878,0.24458022326273327,1.611893977613878,0.15401806518353556,0.11035844902412975,2.8447446648564387,-0.009486570972044,-0.058659338058593524,-2.004371465832416
253.9,0.552528710579947,-2.402917310275245,3.3468153640311487,-0.8601194723997504,0.43348174442553344,1.685701784845644,0.13043087441075854,0.12694346585925811,2.6747672911094784,-0.05636830022683369,-0.09721465528911181,-1.409482596678279
254.,0.46384136811921184,-2.350790939245131,3.517516739637049,-0.9121648365172469,0.6056627824065018,1.7218338848973223,0.10724423345676072,0.12871836641588028,2.5554496376663915,-0.10013296208935579,-0.15170153011059248,-0.9691261254643646
254.1,0.3703966556287985,-2.282571711967034,3.6898583788618176,-0.9551857979473329,0.7542665561799896,1.7183057365543697,0.08492285459928864,0.11823962401877254,2.473191988428268,-0.1411867042359091,-0.21572275116017028,-0.6529775781959254
254.20000000000002,0.273119828434271,-2.2009220775271414,3.8598403208169656,-0.9887412804807197,0.8733762258007765,1.674703779221568,0.06284188134372783,0.09731360960583339,2.4180690995670178,-0.17968282176065697,-0.28355735014769,-0.4202293079707569
254.3,0.1729756113787943,-2.109039161111004,4.023500757488541,-1.0124836455705695,0.9582507780767658,1.5922021193675024,0.04019189471227643,0.06741010060594707,2.38370666171897,-0.21465317862265357,-0.34864080094584354,-0.23969742869786015
254.4,0.0709586679012668,-2.0105273057250974,4.17707299369321,-1.026162278982871,1.0055140357400838,1.473515925094469,0.016303762844991274,0.030213069664471178,2.3663572962554946,-0.24378892526198429,-0.4028963341102973,-0.08928635035067849
254.5,-0.03191624204393444,-1.9092543794355168,4.317134648916834,-1.0296262219446164,1.0132892549167103,1.322793386771639,-0.009234866846029895,-0.011961047272539611,2.3641912081062295,-0.26367448226411794,-0.4372951006349787,0.04806339266408595
254.6,-0.13462431822126458,-1.8091975767004038,4.440743153159,-1.022825819287674,0.9812739449188039,1.1454505508448767,-0.03655650332952711,-0.055961786170504714,2.3769249561120716,-0.2705279055340056,-0.4437710015993692,0.18811410189440075
254.70000000000002,-0.23614089122811693,-1.7142848612104695,4.545552135312978,-1.0058133667428948,0.9107519275304593,0.9479556114018872,-0.06557518382013121,-0.09787197579953594,2.4057537717050073,-0.26127826420169636,-0.4179549205271268,0.34834146224077894
254.8,-0.3354516079211559,-1.628238371411309,4.629904064357022,-0.9787427493879424,0.804542155021415,0.7375712590305776,-0.09611949881854263,-0.13330629656941773,2.4535707689040054,-0.23442252933255556,-0.36142994700650954,0.5505764413614587
254.9,-0.43156253028505726,-1.5544260316347676,4.692895450351853,-0.9418680731965208,0.6668863273526604,0.5220653586294779,-0.12804979682506396,-0.15776234490322322,2.5254867893966226,-0.19008336328669787,-0.2822954839029391,0.8237176750924297
255.,-0.523510047565132,-1.4957272846357972,4.734412006183819,-0.8955413015789983,0.50327978892171,0.3094014904548931,-0.161149999771961,-0.16678495889077902,2.6295953356547193,-0.12931572614230066,-0.19409652807909633,1.2051627142882084
255.1,-0.6103705031686673,-1.454418298354419,4.7551323685562235,-0.8402089186464837,0.32025244646040407,0.10742169147586134,-0.19438872285171055,-0.15593281403790862,2.777434049779066,-0.05368034343514578,-0.11448149235098566,1.7311886067233555
255.20000000000002,-0.6912694404967432,-1.4320812233470945,4.756500230167251,-0.7764076505757662,0.1251084421973382,-0.07646595494302089,-0.2239844430330162,-0.1214741297674906,2.9818284134812103,0.0328891132840241,-0.06437462330540404,2.3842660156768427
255.3,-0.7653903754765575,-1.429541118507339,4.740665994350033,-0.7047592858057729,-0.07436503930525279,-0.2355824262989923,-0.24108407633113652,-0.06461812262780593,-3.036463322835474,0.11816244607409875,-0.06388203597423724,2.968435328530431
255.4,-0.8319830080897964,-1.4468330596479442,4.7104002784864045,-0.62596464376425,-0.270208221688487,-0.3642438002371814,-0.23544338186718286,0.0005321526676136639,-2.7340886553586716,0.17882583864316928,-0.11678038534936136,3.1133297357957206
255.5,-0.8903707905907254,-1.4832007422219682,4.668982714797004,-0.5407967503187826,-0.4546060680233762,-0.45798761980146185,-0.20832810968867493,0.050723463669933626,-2.442567802091228,0.198063699085197,-0.19753087931395358,2.7255913300318526
255.6,-0.9399577763296924,-1.5371266338874505,4.620070481919695,-0.4500932860823176,-0.6201998417331298,-0.5137505602666254,-0.17343324426503381,0.07385680557779531,-2.198578256539331,0.1829113471766104,-0.27295492164393187,2.142919383423645
255.70000000000002,-0.9802346800808813,-1.6063924748283136,4.567551808745976,-0.35474838100307904,-0.7603804762601443,-0.5299903146214354,-0.14228382755895827,0.07365535457422447,-2.0073199784812368,0.15045799739454613,-0.3271348678409445,1.6496376394349643
255.8,-1.0107840884518964,-1.6881677138744164,4.515390291089041,-0.25570383525791107,-0.8695520577546726,-0.5067468385985757,-0.11899460506723047,0.0585957957593466,-1.8567982638653782,0.11252182235635264,-0.3584458493097584,1.315632082863786
255.9,-1.0312847672521968,-1.7791223547520172,4.467466228008627,-0.15393985228004772,-0.9433549165624148,-0.4456405136925549,-0.10371094371379534,0.0356168577688622,-1.732553966690355,0.07453682318442137,-0.3701199717974344,1.121017129431352
256.,-1.0415150215362048,-1.8755597136403312,4.4274213034275665,-0.050465374730526716,-0.9788394335566355,-0.34980730148716344,-0.09556386385622417,0.009475097591963159,-1.6223070556404313,0.03846784434841199,-0.3659634901963524,1.0375705377825424
256.1,-1.04135507333031,-1.9735637954096443,4.398512805300489,0.0536918816871583,-0.974583632205427,-0.22377347457350083,-0.09381097024522775,-0.01647167217916298,-1.5157598396282768,0.004776525213437288,-0.3491596159679601,1.0508711844141962
256.20000000000005,-1.0307884317088174,-2.069155413115161,4.383483194352046,0.15749559850541223,-0.9307498683492443,-0.07327491822969334,-0.09813174768932101,-0.03948163126065395,-1.403170514854002,-0.026604088378018878,-0.321992511305475,1.1635440830856383
256.3,-1.009902239808563,-2.1584508267552804,4.38445022245676,0.2599111285982487,-0.8490783576462926,0.09497179317616661,-0.10860237399654427,-0.05674249422181082,-1.2737437633007558,-0.055664764354087334,-0.2857914786230533,1.3950557087490105
256.40000000000003,-0.9788865934675774,-2.2378165768675893,4.4028219814724014,0.35991577263059493,-0.7328177987257078,0.27353741850932,-0.1253513386569794,-0.0646584773134416,-1.1142622039629795,-0.08158574442075589,-0.2410370645524645,1.775941507287151
256.50000000000006,-0.938032836341154,-2.304014340235101,4.439240269432238,0.4565089561473356,-0.5865958578852895,0.4545764856217391,-0.14742000833949281,-0.058297485410685315,-0.9094688368503527,-0.10142597069607417,-0.18809817572342638,2.3141712734000395
256.6,-0.8877308464877691,-2.354330032763791,4.493554532068036,0.5487222063835306,-0.41623467869933045,0.630140322488719,-0.17022573446907968,-0.03254977293097607,-0.6489523657959284,-0.1085203925611408,-0.12998347718276318,2.8903995643058225
256.70000000000005,-0.8284653394286918,-2.3866820126064527,4.564827418685998,0.6356288296562294,-0.2285187715863332,0.79249420407246,-0.18398869280929728,0.011815978944928605,-0.3451270961663304,-0.09437531469951328,-0.0774865091744917,3.16146091162937
256.8,-0.7608112224694181,-2.39970406981568,4.651371731041581,0.7163531929607534,-0.030924536848429218,0.9344259711758542,-0.18069219917164625,0.0618056778093874,-0.04314261220889316,-0.05830841159336109,-0.04785946351296714,2.864874994322382
256.90000000000003,-0.6854280445294026,-2.392799893990941,4.750817292313603,0.790079517114982,0.16867779575718556,1.0495338175363087,-0.16342539438338605,0.10129812387235664,0.2103369315484239,-0.011019045049222222,-0.050159834764821463,2.225488420610741
257.00000000000006,-0.6030535947696333,-2.366166848465935,4.860205070445336,0.8560600934333811,0.3623379281829984,1.1324817719014182,-0.14058445476273151,0.12399670073393174,0.400397844131528,0.037237410176921226,-0.07992682695742676,1.5960415473518268
257.1,-0.5144967118385058,-2.3207881032347992,4.976104803568354,0.9136228414343326,0.5423424473272959,1.1792126897315618,-0.1172138003766862,0.13109101671268591,0.5357132200067225,0.08281160791814322,-0.12865726459471957,1.1093159629105696
257.20000000000005,-0.42062937349680557,-2.258393440252192,5.094751438259954,0.9621781314274941,0.7015223344151578,1.1871102631280843,-0.09461560481394414,0.12517468868724232,0.6299892015312275,0.12560508720819547,-0.1894028330954283,0.7569409225191288
257.3,-0.3223781436487849,-2.1813902936767535,5.2121949413673665,1.0012248029382371,0.8335387710948094,1.1551035900690183,-0.072443124735753,0.10822385516701041,0.6942575521444625,0.16596057490458313,-0.256453100162579,0.49972718939414695
257.40000000000003,-0.2207150603238544,-2.0927677742649906,5.324457512962489,1.0303553177338107,0.9331358480645259,1.0837101340137676,-0.04992219308104755,0.08171350932106661,0.7359249900737828,0.20334313160115672,-0.3237374595826656,0.30392582340632607
257.50000000000006,-0.11664805386336857,-1.9959775041611734,5.4276919329187825,1.0492599946422163,0.9963501015319629,0.9750153611186942,-0.026326622247870312,0.04714929814988531,0.7595388371336833,0.23589973022743968,-0.3837785694447304,0.14531590669467484
257.6,-0.011210989400628348,-1.8947960128231218,5.51833472840191,1.057730282323803,1.0206685239506499,0.8325898667694147,-0.0011557479895479455,0.0065392367181153705,0.7675681729445573,0.2604951563457399,-0.4277247845871047,0.005970850102937562
257.70000000000005,0.09454656835944386,-1.7931741799244136,5.593248056027625,1.05566103557447,1.005128749642963,0.6613472952392122,0.025802713698203406,-0.037314345175667604,0.7608822413590437,0.2732585003233073,-0.4467435511049605,-0.12950485245219917
257.8,0.19956976709872948,-1.6950797274699982,5.649844642342388,1.0430517705203852,0.9503574212253328,0.46734871667495315,0.054494040762900396,-0.08077573070951141,0.7389312234504154,0.27060764421761757,-0.43457273475493774,-0.2770616859841006
257.90000000000003,0.3028089526588011,-1.604339040466113,5.686190801684942,1.020006884109505,0.8585452072873384,0.2575612601866124,0.08470306794816765,-0.1196042448190562,0.6996588134551956,0.25032513143292356,-0.39018487623338544,-0.4556895284627654
258.00000000000006,0.403230124751494,-1.5244846222568582,5.701083424461388,0.9867348335172831,0.7333594672912502,0.0395806254854949,0.11619519050634501,-0.14933323482663446,0.6391467269831757,0.21201495432373196,-0.31913234922492,-0.6897222582139403
258.1,0.4998252588091948,-1.4586142660003647,5.694097866576181,0.9435462813621183,0.5797980454664737,-0.17867146444019033,0.14874128427300626,-0.16556958718504813,0.5510045245218318,0.15665559091049827,-0.23298469627453086,-1.0107618269022784
258.20000000000005,0.5916223912771953,-1.409267556674036,5.665604830829789,0.890851222869437,0.40399002247477567,-0.389262808098907,0.18173676247998954,-0.16406023251792917,0.4257504655050225,0.08586424922962513,-0.1477788915816003,-1.4547450924163663
258.3,0.6776953677713926,-1.3783246270844034,5.61675556727755,0.8291551212310222,0.2129513682499518,-0.5845666880370068,0.21294697010667923,-0.14089648800283877,0.2513958836258055,0.0024317828848700036,-0.08284965049799699,-2.035844726663291
258.40000000000003,0.7571731566470097,-1.3669312041592048,5.549435982557322,0.7590540872763001,0.014305237359746537,-0.757565654815426,0.23627190987325447,-0.09460495000747116,0.01884390629136403,-0.08579850999694986,-0.05892043013652656,-2.6615981958909423
258.50000000000006,0.8292486346129299,-1.375452933690248,5.466191487686145,0.6812291491111101,-0.1840219421657977,-0.9021310216040324,0.2416815974023828,-0.03244618463283582,-0.26383506615991226,-0.1603648035989707,-0.0887952637497624,-3.041365831224629
258.6,0.8931867560538853,-1.403460804454838,5.370125580380645,0.596439666486074,-0.37411647056275155,-1.0132669269228667,0.2240042101461303,0.025822823497434956,-0.5602152836725883,-0.19907210050920238,-0.16034664548115568,-2.90699545708462
258.70000000000005,0.9483320236313064,-1.4497482528104593,5.264776205068834,0.5055159532462691,-0.5483928706257086,-1.0873092356111382,0.19180187081869737,0.06158879579187914,-0.8260594461992379,-0.19774967965992826,-0.2408058315981321,-2.407534128447914
258.8,0.9941151844736447,-1.5123792658560369,5.153974819685425,0.4093511791970199,-0.6998962968013065,-1.1220713485635874,0.15850028714099346,0.07179482836261952,-1.041573101607532,-0.17090135882853533,-0.30543079372105403,-1.8781254384614834
258.90000000000003,1.0300590837723465,-1.5887655654391082,5.041693787757448,0.3088926300154918,-0.8225798029891496,-1.1169311083542715,0.13152214540189483,0.06338279463987812,-1.2115725477459762,-0.13353938666899462,-0.3469676624789762,-1.4801909733700618
259.00000000000006,1.0557836157944767,-1.6757697959252997,4.931888179714416,0.20513241037763205,-0.911545415254992,-1.0728553361868336,0.11261498583348804,0.044088383301962686,-1.3494456602247769,-0.09395859219209286,-0.36704551620688924,-1.2287856575279918
259.1,1.0710097211341445,-1.769830601960095,4.828338290231608,0.09909768117806331,-0.963239398650215,-0.9923610220537036,0.10131392649341465,0.019615627939450018,-1.4682774084899701,-0.05559273112226761,-0.3694403795033928,-1.0995094293104617
259.20000000000005,1.0755623883605412,-1.867104609767027,4.734499149861712,-0.008159473451226104,-0.975593933464401,-0.8794147154218285,0.09682472437559336,-0.0060630295805587705,-1.5791597277226057,-0.019527804870669286,-0.35770042618301523,-1.0730325619999421
259.3,1.0693726279939941,-1.9636196516352646,4.65336303036074,-0.11557244972535292,-0.9481095527260892,-0.7392741275135678,0.09864858483340828,-0.02991245555883689,-1.6920956706798984,0.014094241660068736,-0.3345356842064666,-1.1452849196541444
259.40000000000003,1.052478396855315,-2.055433125021178,4.587340425085177,-0.22207069588139408,-0.881875054429053,-0.5782782600901866,0.10668552766758736,-0.049112148690863194,-1.8174839115574462,0.045309212257376295,-0.30168330825493545,-1.3286038053978217
259.50000000000006,1.0250244611890018,-2.1387891729845863,4.538164249288965,-0.3265903475169889,-0.7795240946462743,-0.4035944277335346,0.12102462755261302,-0.06035647097224364,-1.967540955106756,0.07363924288479481,-0.25994470835674777,-1.6484371283126737
259.6,0.9872611974561781,-2.2102684196730733,4.506821079431901,-0.4280848212867096,-0.6451301920271741,-0.2229322591385755,0.1411449581196283,-0.05921980258031541,-2.1566474772276627,0.09699376888457485,-0.20963663595546012,-2.1223093976014553
259.70000000000005,0.9395423402246512,-2.2669242913724346,4.493512172645115,-0.5255352618045356,-0.4840443295171051,-0.044236079372753645,0.16392182027013238,-0.04051866022336937,-2.3972686136477397,0.11004967921532212,-0.15248499237963717,-2.6851480655397015
259.8,0.882321697047834,-2.306400488432891,4.497645820247377,-0.6179607377976161,-0.30268162760732087,0.12463206305803148,0.18133347125973145,-0.002398084402890258,-2.6861324719177686,0.10438693799056493,-0.09614943841876235,-3.0743954398133515
259.90000000000003,0.8161488605158468,-2.327024924836908,4.51786134000814,-0.7044280857863706,-0.10826559377759604,0.276206087540174,0.18395744284710858,0.04644925187387047,-2.9890930412213508,0.07564516628593575,-0.05643986798651535,-2.965196484506797
260.00000000000006,0.7416639576825327,-2.327876390333553,4.552083750507802,-0.78406130280267,0.09145985589818179,0.4037137851052326,0.17099760947183543,0.08990335817111463,3.025468595863702,0.031195895516228155,-0.04652329555827819,-2.4193876107487817
260.1,0.6595914867161874,-2.3088212775311407,4.597606947736894,-0.8560503938830745,0.2885391221959977,0.5013470580366668,0.14983316816562317,0.11823333215107004,2.8164931408108527,-0.017498167864665435,-0.06617135687060742,-1.783249481430314
260.20000000000005,0.5707332997985453,-2.270518909754385,4.651202067775442,-0.9196595852376653,0.47512208732514194,0.5644937216425869,0.1267367632781255,0.13066658034872417,2.6647311385582473,-0.064550227458117,-0.10768215349900949,-1.2578279079614452
260.3,0.475960799911054,-2.214395257261564,4.709246715292215,-0.9742348200556605,0.6437770742988583,0.5899216269020855,0.10404180043329626,0.1294762612188827,2.557660660459961,-0.10889042564547176,-0.163637715281787,-0.8692727517532874
260.40000000000003,0.3762064271113307,-2.1425860896726947,4.7678699057440825,-1.019210460807874,0.7877871243923865,0.5759077635122478,0.08184376834863956,0.1167541361913115,2.4835717323003066,-0.15081041863944764,-0.22816512213589035,-0.585744036776053
260.50000000000006,0.2724545171422074,-2.0578518309426466,4.823106942688613,-1.0541151295730216,0.901417781038015,0.5223071963186867,0.059491406163141886,0.09402237526885932,2.4341211435359247,-0.19011815876453586,-0.29557417011597636,-0.3725633509713916
260.6,0.16573162164732952,-1.9634675113420437,4.871058055534926,-1.0785766262834335,0.9801457044608481,0.43055908676828875,0.03624648358029196,0.06266340983331117,2.4039697633281145,-0.22543404800068859,-0.3590706701924181,-0.20360214114541456
260.70000000000005,0.05709638483517376,-1.8630922037133704,4.908044473131792,-1.0923258737677806,1.02083900290984,0.3036295592440119,0.011539908257996462,0.024407829889893467,2.39001088568449,-0.2540327938972086,-0.41033754285348084,-0.0598627126779411
260.8,-0.052370923925872455,-1.7606231491673487,4.930755710808295,-1.0951998479820264,1.0218820912469735,0.14589368993915405,-0.014923425703010194,-0.01830814190887336,2.390812170987955,-0.27217334410050714,-0.44036254453340207,0.07400655199198114
260.90000000000003,-0.16157911843432782,-1.66004038776636,4.936382198767991,-1.0871434617701599,0.9832400991773999,-0.037038677080650145,-0.04314553517766455,-0.06220378390400983,2.4063379834659306,-0.27596854123608217,-0.4415755133657927,0.21282741025158328
261.00000000000006,-0.2694369391001139,-1.5652480882809243,4.92272796412089,-1.0682103807858816,0.9064602613669763,-0.23854634254253373,-0.07290413207686205,-0.10328573471074776,2.437924477546793,-0.2625384205541821,-0.41060846874428,0.3733277580159539
261.1,-0.3748639240939498,-1.4799189026996316,4.888298874029597,-1.0385627607359773,0.7946102340280043,-0.45126048668238533,-0.10388746474034845,-0.13719817858670738,2.488493817284,-0.23081302537465223,-0.35029701097948224,0.576141263512226
261.20000000000005,-0.4768012002352697,-1.4073475505877373,4.832362921739518,-0.9984699057705312,0.652155797095696,-0.6673582118187112,-0.1357920943215179,-0.15960480473083558,2.563002572875441,-0.18145662160076556,-0.26984510027795244,0.8475764544041504
261.3,-0.5742220861698443,-1.3503194704243227,4.754980151815842,-0.9483058585410121,0.4847828176248102,-0.8788741902450934,-0.1681736670343541,-0.1663941400977189,2.669017833398612,-0.11613148557848682,-0.18344415290971133,1.2193786544792347
261.40000000000003,-0.6661424019744733,-1.3109997743736193,4.657001031292538,-0.8885459430665777,0.2991705721621365,-1.0780179931027216,-0.19970767766535802,-0.1537725727309669,2.8168180433771703,-0.0372406986387254,-0.10871061263701881,1.7170501827432445
261.50000000000006,-0.7516303819609261,-1.2908469335145487,4.540033331392313,-0.8197622919899205,0.10272546501886864,-1.2574844494047808,-0.22652917698423808,-0.11915746476583676,3.0169311762177657,0.05005181672828644,-0.0653523357360347,2.3114347064609038
261.6,-0.8298160911231243,-1.2905546346249859,4.4063788398534385,-0.7426183999583019,-0.09671424174708132,-1.4107446622552586,-0.2407353849388358,-0.06500417636757426,-3.012087443287126,0.1327833533904689,-0.070392288259649,2.8240992228732305
261.70000000000005,-0.8999002503352322,-1.3100241265078507,4.258942426649755,-0.6578627546363149,-0.29119091515422574,-1.53230608043631,-0.2341512658234801,-0.004665166634167418,-2.7248830697378286,0.18945373872732735,-0.12448580776858814,2.9555364066191685
261.8,-0.9611623810280279,-1.3483681583234544,4.10111708806685,-0.5663216061442614,-0.4729447970613333,-1.6179312572027889,-0.20846220604252672,0.04179467068925673,-2.4458026484832165,0.2059263930102731,-0.2031222531962601,2.633700660920693
261.90000000000003,-1.012968186592329,-1.4039463529194016,3.9366495517561533,-0.4688909444247499,-0.6347233612872338,-1.6648065751341374,-0.17550346072381118,0.06375011169823527,-2.207047321683034,0.1890283294257855,-0.27604219149319004,2.1260949516690393
262.00000000000006,-1.0547760951146383,-1.474430604934617,3.769491800355897,-0.3665277620888853,-0.7700704489912519,-1.6716542105848242,-0.145685903111409,0.06400038438651064,-2.0150329722780005,0.15471661692971972,-0.3282085694959917,1.678848015772675
262.1,-1.086142896178803,-1.5568978964618698,3.60364443264021,-0.26024068759100344,-0.8735836554017552,-1.6387828741346306,-0.12321419588885836,0.0500571030642328,-1.8603255266123406,0.11456774130177347,-0.35779492486701336,1.368816793905703
262.20000000000005,-1.1067284132822397,-1.647946830001168,3.4429981065659403,-0.1510800800626498,-0.941129706694817,-1.5680753042439552,-0.10858234859972109,0.028487278404565573,-1.729968864070562,0.07418839492330033,-0.36785444827715386,1.1892731901878588
262.3,-1.1162991628360301,-1.743833232902231,3.2911793850474904,-0.0401276827299704,-0.9700092406262988,-1.462913012770291,-0.10116827118551462,0.004008388378249645,-1.612141103542183,0.035707599580071483,-0.36211492269917583,1.1203153445184852
262.40000000000003,-1.1147309606514428,-1.840619427176085,3.151407129758941,0.07151406351497695,-0.9590644216346653,-1.3280412825691363,-0.10036575649805751,-0.019912474990237107,-1.4963675823827076,-0.00030797377254516056,-0.34367697795905,1.1523446144405918
262.50000000000006,-1.1020104471631615,-1.9343312137579112,3.026365167743026,0.18273294116002628,-0.9087251001388686,-1.1693797993645476,-0.10590122953405989,-0.04031725978590431,-1.3723556486105588,-0.03380172125054274,-0.3146927877990383,1.2908816258925366
262.6,-1.0782355133026806,-2.021116312755254,2.918096306851011,0.29241800388779593,-0.8209916758065299,-0.993786467460759,-0.11775271610698827,-0.05405747260498342,-1.228629621988292,-0.06448246464652786,-0.2763350300552021,1.5550602633148105
262.70000000000005,-1.0436146198067937,-2.097397943168314,2.8279219249233507,0.3994706417485596,-0.6993553479791353,-0.8087838252791012,-0.13559501357785314,-0.05714244467197393,-1.0518237587446964,-0.09086700269892531,-0.22907441865617542,1.9640717182321747
262.8,-0.9984650137207712,-2.1600174193430397,2.756390338070709,0.5028155537992889,-0.5486589326191565,-0.6222589677309601,-0.15729728844357888,-0.04467522978298526,-0.8289697049216099,-0.10880842217085773,-0.17397025330691893,2.4855097933676142
262.90000000000003,-0.94320985682286,-2.2063600792875815,2.703256006073439,0.6014115189266163,-0.3749037945666387,-0.44214893863146565,-0.17663389001352822,-0.013392439962008361,-0.5574285920942023,-0.11072315138441363,-0.11626091583652941,2.9324730389600857
263.00000000000006,-0.8783742915505791,-2.2344595244861676,2.6674904035391958,0.6942618572608931,-0.18501059210893045,-0.2761241356259903,-0.1842962987653679,0.03192709570222696,-0.26043307558878265,-0.09009384770527402,-0.06915778940436042,2.9866819608736987
263.1,-0.8045804806378191,-2.243076015499024,2.647324123032606,0.7804244773564032,0.013456627779298902,-0.13128234932988558,-0.17627474185877112,0.07714136252370099,0.017240994878038617,-0.050326497502838054,-0.047803843074311084,2.5692685953413688
263.20000000000005,-0.722541666973077,-2.2317458979625187,2.640318531269658,0.8590214081228459,0.21259198407304203,-0.013865634431388434,-0.15774476193708817,0.1101343675308079,0.24260699412364403,-0.002470022564409424,-0.05654421964248531,1.960136094439079
263.3,-0.6330553100580187,-2.2008000885310706,2.64346412127437,0.9292477193186786,0.4044629441778529,0.07098869973248534,-0.13552728143918683,0.12766395938815242,0.41052748184535737,0.045517387416828745,-0.08962148502283855,1.4098277035409084
263.40000000000003,-0.5369953647809651,-2.1513508837845454,2.6533016391072604,0.9903797402119743,0.5814265689265783,0.11945305185693914,-0.1130238024293378,0.13121226387138893,0.5308611487989026,0.09116880715683419,-0.139505493967555,0.9881805667317959
263.50000000000006,-0.4353037769339475,-2.085247617988578,2.6660611558188982,1.0417824927191879,0.7364342123985708,0.1291622733393585,-0.09092469448743304,0.12284100132355273,0.6153406687177743,0.13442117835953057,-0.20006858748930206,0.6778062222733872
263.6,-0.3289812778971704,-2.005002937492698,2.677813539857844,1.0829162628920137,0.8633125291439132,0.09930810544266358,-0.06880200098763033,0.10412270398580217,0.6730378887357892,0.1752776321189492,-0.2658471079338455,0.44577067378656116
263.70000000000005,-0.2190775681188263,-1.9136926309732425,2.684628290791055,1.1133422429560078,0.9570095859400309,0.03067154399176028,-0.04596143608349786,0.07636360572462081,0.7100310002172279,0.21279037383489863,-0.3306929837008938,0.26472960130166595
263.8,-0.10668098535185952,-1.8148330089738793,2.6827314415827566,1.1327271851376914,1.0137962663812117,-0.07440815872083431,-0.021795319397020622,0.04106161976155722,0.7300484573396439,0.24470767514885813,-0.3870163344107201,0.11460768234652563
263.90000000000003,0.007092240994053512,-1.7122407212331927,2.668657233942376,1.1408470181602433,1.031414938937102,-0.21212661906933447,0.004066061543357677,0.0002993546684904766,0.7350636971844641,0.267591521586136,-0.42608786717572444,-0.020146924612131915
264.00000000000006,0.12110904361566092,-1.6098806004416306,2.6393875194942824,1.1375893874460283,1.0091694615522764,-0.37736586170581826,0.03169671339969896,-0.04303608251758973,0.7256489878433415,0.2774740802645293,-0.43963891182249365,-0.15357267949134945
264.1,0.23423077005786686,-1.5117075984157204,2.592473328850951,1.1229550906415917,0.9479529345886853,-0.563898232284845,0.0609019169649083,-0.08528142145474718,0.7010934234610112,0.2709541147549964,-0.42242926165419786,-0.30062072868700257
264.20000000000005,0.3453245229991285,-1.4215091161959956,2.526133761576767,1.0970583909702543,0.8502120956878707,-0.7646345539845463,0.09132701018105095,-0.12227658814175929,0.6593054228655486,0.24623029184296963,-0.3746550727917679,-0.4789923604457048
264.3,0.4532744754497129,-1.3427540138706116,2.4393282541704324,1.0601262020147997,0.7198497760183296,-0.9719066346439316,0.12258443571868083,-0.1497690192241281,0.59650808225484,0.20342776272868632,-0.3028823716445717,-0.7106297296315762
264.40000000000003,0.5569930481538181,-1.2784543196251719,2.331799344522909,1.0124961487263313,0.5620693066684131,-1.1777728618881018,0.15424646811831064,-0.16373501666273002,0.5067750082638364,0.1440798224609175,-0.2191647770250452,-1.022338013690487
264.50000000000006,0.6554318375223499,-1.2310451512439873,2.2040842275199815,0.9546135206368511,0.38316707821248713,-1.374334703160066,0.18545521829835504,-0.1605264664337518,0.3816993482923866,0.07050389401597361,-0.13933640759342059,-1.441060235470617
264.6,0.7475921845786,-1.202287637212399,2.057494640649686,0.8870271443085488,0.19028152344430738,-1.554051492838381,0.2138399852672766,-0.13724017417183082,0.21131350766260512,-0.013490742653186467,-0.08155616142242778,-1.9690149029790867
264.70000000000005,0.8325352786436937,-1.193198707650045,1.8940658810572861,0.8103842128752251,-0.008891469455680534,-1.7100409569024588,0.2339216098632884,-0.09368848176942296,-0.010971478153555321,-0.0991980606058785,-0.0637995121493819,-2.5175131718079165
264.8,0.9093916938016767,-1.2040105540889827,1.7164769861184859,0.7254241210110239,-0.20640536773880674,-1.8363534942052513,0.23765624457904375,-0.03716516238358544,-0.2772049755709825,-0.1693257461559861,-0.09532078707559802,-2.852673569922219
264.90000000000003,0.9773702615250552,-1.2341613743070607,1.5279452592153606,0.6329713636919154,-0.3943797973160603,-1.9282092796557961,0.22134517601117834,0.015591295579094852,-0.5572037931399456,-0.20491160834614253,-0.1638706328225945,-2.767218241245756
265.00000000000006,1.035766189154661,-1.2823177711910276,1.3320993451787966,0.5339275666008891,-0.5653147084471253,-1.9821887367806188,0.19201519365324443,0.04893907768414442,-0.8139438414199467,-0.20250792111428112,-0.24046778955724749,-2.361973084271177
265.1,1.0839683411630325,-1.3464279126572931,1.13283591500761,0.4292627248642712,-0.7123893790987671,-1.9963687861519128,0.16104635906124815,0.059470467925618296,-1.0284910583221194,-0.17480267057961596,-0.3024610546378886,-1.9019162140223798
265.20000000000005,1.1214656082093017,-1.423803333312227,0.93416567292482,0.32000573491276835,-0.8297343356509017,-1.9703994379103715,0.13548303464569378,0.052637886220307926,-1.2027019098166625,-0.13588551887044562,-0.34233592846622113,-1.5402277836369067
265.3,1.147852297844842,-1.5112261166773475,0.7400548245120141,0.20723431154887856,-0.9126653503293229,-1.9055176749033906,0.11748592932003518,0.03535675644886163,-1.3475173072409425,-0.09416735794900612,-0.36116874371765606,-1.3079470118869492
265.40000000000003,1.1628324902652951,-1.6050771849632828,0.554268325610673,0.09206438869596538,-0.9578701866276615,-1.8044980729822688,0.10698454032050328,0.013111388110804329,-1.4749770193111502,-0.05338887407938584,-0.3624446608845905,-1.1933064456416893
265.50000000000006,1.1662233126311246,-1.7014805818828165,0.3802211606882958,-0.024360892254719962,-0.9635406477659705,-1.671542127090885,0.10341427581662503,-0.010072114030576573,-1.5960736243255842,-0.014860966188386036,-0.34954687395569056,-1.1839776137764408
265.6,1.1579570961012786,-1.7964579964036052,0.22084357925156117,-0.14088249816388404,-0.9294446638320915,-1.512110695382308,0.10637154878533835,-0.03096672045901743,-1.7212282824351257,0.02108906478885518,-0.3250266454583259,-1.2795776897705835
265.70000000000005,1.1380823907343325,-1.8860873670658131,0.07846566242639019,-0.25633701223372973,-0.8569355437179609,-1.3327062413033337,0.11569876725916635,-0.04644526109818425,-1.861456782077315,0.054210904668977516,-0.290450316849171,-1.4927702328794068
265.8,1.106763824704072,-1.9666592438103572,-0.04527417880970286,-0.36956822050941435,-0.7488980230060814,-1.1406135549833012,0.13112065511610194,-0.052829541076678414,-2.0292165180671757,0.08342565002722037,-0.24655523679321872,-1.8404235940006164
265.90000000000003,1.064280805737889,-2.034824673666435,-0.14949312633937428,-0.4794386617017563,-0.6096332587058311,-0.9436092905571345,0.15113174323435297,-0.04560973604634382,-2.237212776563161,0.10552124404690201,-0.19413620573844576,-2.3078768956102698
266.00000000000006,1.011025074205501,-2.0877287145610994,-0.2340977506482167,-0.5848410252419244,-0.4446873557377396,-0.7496518992667117,0.17100912448921307,-0.02093002444439753,-2.4914966127389477,0.11400418630745925,-0.13676758175782477,-2.766764814882659
266.1,0.9474971287455991,-2.1231242544778617,-0.2997863327537236,-0.6847092836313391,-0.260630261272515,-0.5665643197357495,0.18242034286932593,0.019392793968986376,-2.777883303445129,0.10151506862668029,-0.08487924707164954,-2.9419606312369564
266.20000000000005,0.8743015566073977,-2.139461598352953,-0.34801962023722965,-0.7780294474328215,-0.06479384171000924,-0.4017220755641148,0.17934579597550085,0.06421698879920004,-3.0585049627108627,0.06786901526889641,-0.05365240797800317,-2.665151019814121
266.3,0.7921413118889471,-2.1359502511623996,-0.38096118373084187,-0.8638498346516159,0.13502041565619988,-0.26175921481288406,0.1642174787432409,0.10055362401593823,2.9865463279020505,0.02226870448144698,-0.05136085866635338,-2.1153690812377635
266.40000000000003,0.7018109954620813,-2.1125904341035056,-0.4013897521441605,-0.9412907507462774,0.3308524232790891,-0.15230381464652096,0.1435296358657176,0.12268083849812915,2.803592818459682,-0.025938524027642382,-0.07514761674510508,-1.558980329911063
266.50000000000006,0.604189200483989,-2.0701730774197187,-0.4125870220351494,-1.0095534810420965,0.5149008368886536,-0.07775359573248569,0.12157330203939251,0.13082887698686047,2.6699546343719693,-0.07264132269053382,-0.11797481562821391,-1.1107497642211883
266.6,0.5002299968971703,-2.010248290155103,-0.41820541429991853,-1.0679285038527246,0.6798340704302073,-0.04110059194252988,0.09973178234980604,0.1268026109475956,2.5747013592877788,-0.1170973188959365,-0.17350716939564653,-0.7746896610507173
266.70000000000005,0.3909536371249123,-1.9350635638494942,-0.4221210507908579,-1.115802840076896,0.8190825832251359,-0.043811865221631635,0.07789879811873515,0.11217895817831028,2.5083619166116167,-0.15931141596367804,-0.23636651106052484,-0.5231593976709003
266.8,0.27743657318358683,-1.8474741737985951,-0.4282778127083016,-1.1526664633624917,0.9271007867866272,-0.08577102114334605,0.05548484037008075,0.08821447514801391,2.4642293805754734,-0.19867491563636452,-0.3009342553314584,-0.3288236783568933
266.90000000000003,0.16080088257242703,-1.7508293498970153,-0.4405286981538761,-1.1781177040380946,0.999588129894211,-0.1652828567373001,0.031878929942369794,0.05622033570084777,2.437992142456435,-0.2334049044770867,-0.36038315300645213,-0.1707821691821653
267.00000000000006,0.0422032065002315,-1.6488387550747525,-0.46248080390242063,-1.1918675898117104,1.0336605479605614,-0.2791409552885624,0.006653252254730231,0.01795976323892982,2.427162521879803,-0.26046366232726287,-0.40654370268090395,-0.033158927204065165
267.1,-0.07717669081046027,-1.5454245944093923,-0.4973501119684307,-1.1937430766377872,1.0279654415471684,-0.4227555333100227,-0.02034192567723994,-0.024075285116269152,2.4306736531513073,-0.2759854101726709,-0.4309492118342219,0.09758491309947723
267.20000000000005,-0.19614762888020795,-1.4445652508573286,-0.5478318706506669,-1.1836891340503601,0.9827356001971677,-0.5903364428233626,-0.04896424102483443,-0.06659728821335133,2.448687964911046,-0.27622209551791715,-0.42701883860617007,0.23503268460816762
267.3,-0.3135188679203754,-1.3501366813547089,-0.6159917380381096,-1.1617696605491445,0.8997799218128436,-0.7751240332128569,-0.07885141978532795,-0.10570980727428843,2.4826007851273952,-0.25867550698575925,-0.3925967255315946,0.39458726319083015
267.40000000000003,-0.42811199823917906,-1.2657578963234999,-0.7031820282247592,-1.1281672161938405,0.7824112975664844,-0.9696586689080174,-0.10954778860900052,-0.13728393655882945,2.535226080046586,-0.22277916502039916,-0.3315419008388446,0.5947519626743459
267.50000000000006,-0.5387727436712054,-1.1946466828288362,-0.8099863997127613,-1.083181571296607,0.635314537346364,-1.1660781580584958,-0.14057733995414753,-0.15734997706757367,2.6111391587161226,-0.1697212547911032,-0.2535360121850283,0.857892006225385
267.6,-0.6443825610774918,-1.1394913232486665,-0.9361951915822685,-1.0272270818866251,0.46435960113272867,-1.356431234645065,-0.17127852981771327,-0.16234443195651127,2.7170339619164716,-0.10176054161037387,-0.17254860183537296,1.2085594950519454
267.70000000000005,-0.7438699196151703,-1.1023434236282084,-1.0808123911751317,-0.9608289143378861,0.2763675821794795,-1.5329945964656042,-0.200158010578807,-0.14932149837587833,2.8615185676602084,-0.022134149449852328,-0.10514029577018379,1.6615593312942842
267.8,-0.8362211462936611,-1.084536124314571,-1.2420939559888642,-0.8846181530850041,0.07883877151497654,-1.6885808596717227,-0.22365718915706168,-0.11687920618632491,3.0527056806791384,0.06309155313794389,-0.06871036947290084,2.183094956492136
267.90000000000003,-0.9204907282934269,-1.0866309535549168,-1.417615962481207,-0.7993258365841729,-0.12034635503041091,-1.8168251526623003,-0.23538769788299194,-0.06813579206127333,-2.992155248606676,0.14133120316049275,-0.07676050863262592,2.6278219406374883
268.00000000000006,-0.9958109675810305,-1.1083954428379525,-1.6043698653801264,-0.7057759775002448,-0.3132413065632687,-1.9124389237143247,-0.22927175598996719,-0.014508600983097187,-2.723885375547513,0.19404178335511008,-0.1282312946634475,2.769956245519441
268.1,-1.0614008894750264,-1.148812396384094,-1.798881070280156,-0.60487763339929,-0.49215037867924716,-1.9714208438202117,-0.20669924239423154,0.027744381727380456,-2.458592046402594,0.20931400291184876,-0.2018462538300202,2.5412376875358915
268.20000000000005,-1.1165743139326665,-1.2061204452392975,-1.9973460928774174,-0.497616103902587,-0.6499354569489869,-1.991216396674037,-0.1770360273793482,0.04916375170346377,-2.2242316596054295,0.1924169647625221,-0.2710763991777789,2.1280475571832187
268.3,-1.1607470063773448,-1.2778842692082963,-2.1957828371997543,-0.38504333920982425,-0.7803005910501516,-1.9708197934305498,-0.14941568638535202,0.051048476223594444,-2.0291943546450293,0.15739613771730834,-0.32132046133304426,1.736924186934801
268.40000000000003,-1.193442833792473,-1.3610916871010554,-2.3901880021783555,-0.26826765303327277,-0.8780429944752758,-1.9108141491887791,-0.128252134775558,0.03953431515552217,-1.86731790501654,0.11551835716188483,-0.3498859180722371,1.45500631312229
268.50000000000006,-1.21429886147967,-1.452273744609782,-2.5766953417124925,-0.14844284022511198,-0.9392604632465448,-1.8133483194600224,-0.11455777271895434,0.020648643548556944,-1.7275421289098,0.07276639167308921,-0.35920976437715657,1.292491500690428
268.6,-1.223069336230473,-1.547643012292598,-2.751728469355735,-0.026756805639704402,-0.9615069445099933,-1.6820513200454168,-0.10806790673097265,-0.0009491324634010072,-1.5986171368295095,0.03164459477710087,-0.35271039092387374,1.2399533447410327
268.70000000000005,-1.2196285125839563,-1.6432445801594509,-2.912142116234648,0.09558018400213251,-0.9438900529789772,-1.5218877420986996,-0.10834747269772468,-0.021634642599675128,-1.4698783371659878,-0.006997641951317425,-0.33328458469426747,1.293088145429301
268.8,-1.2039722902356316,-1.7351137291818686,-3.055346211140774,0.21734750935191569,-0.8871066475544325,-1.3389599264856664,-0.11511841101198456,-0.03816494389507451,-1.330522268609561,-0.04278845372424504,-0.30289846502726875,1.4586664655459993
268.90000000000003,-1.1762186424112384,-1.8194339938624593,-3.1794078365602654,0.33732634989539684,-0.7934150497942726,-1.1402647840859381,-0.12807754175941072,-0.04703348572865921,-1.1687922927545733,-0.07487827145374282,-0.2626188105150761,1.749493236783683
269.00000000000006,-1.1366068270079444,-1.892689314406597,-3.283126996417414,0.45431185694024284,-0.6665450117941734,-0.9334149568087781,-0.14608610037300787,-0.04407886759220975,-0.9725317410315039,-0.10075245431238015,-0.21322414849328242,2.159438402151882
269.1,-1.0854953844156217,-1.9518042126707775,-3.366083175347943,0.5671252268184388,-0.5115490227757988,-0.7263354357118689,-0.16554958205710762,-0.02529896648403074,-0.7339209867306092,-0.1149750370602568,-0.15724010818617024,2.6009563392129977
269.20000000000005,-1.0233589380429202,-1.9942664035141353,-3.42865083376611,0.6746255535786996,-0.3346008823194092,-0.5269477310611335,-0.17939798731753456,0.00947380887878575,-0.46042655975407437,-0.11020173174875972,-0.1026733926670767,2.852177163219565
269.3,-0.9507838255659935,-2.0182269534253936,-3.4719832214136885,0.7757213422377073,-0.14274957049175346,-0.3428541854338116,-0.18075761829893422,0.052218595666410995,-0.18198568818800626,-0.0835563418220572,-0.06349005748210966,2.706621577380837
269.40000000000003,-0.8684626006702371,-2.0225739934173883,-3.4979651551209607,0.8693815666455702,0.056361772711872093,-0.18103501525852625,-0.1694573608370403,0.09046376588356858,0.06473913473946243,-0.041567374647326856,-0.05065609752020792,2.239960576833867
269.50000000000006,-0.7771874564538858,-2.0069770474880655,-3.5091366438001224,0.9546461601672501,0.25480055520562706,-0.047570158748394875,-0.15088667923100338,0.11649305346176975,0.26082559475137895,0.006015237534150641,-0.06468195948246748,1.6984500929550137
269.6,-0.6778426325853748,-1.9719002094125095,-3.508590405918974,1.0306358326629492,0.44466098019382755,0.05260298077691916,-0.12985500859542415,0.1289749105341411,0.4073155428882985,0.05346410758750375,-0.09973859651479249,1.2332596090293109
269.70000000000005,-0.5713958786502733,-1.918583642548537,-3.499847365521262,1.0965611136055646,0.6183792253081845,0.11588623821746358,-0.10844651513122665,0.12919044275743405,0.5134719851748039,0.09907165733282959,-0.1494910877244242,0.8745461406305649
269.8,-0.45888905577953554,-1.8489941402005794,-3.486715090780489,1.1517305285510295,0.769034988302949,0.14016399477563374,-0.08695596890999506,0.11862789728397025,0.5887323684746579,0.14262496142899816,-0.20856578348131355,0.6038676547186321
269.90000000000003,-0.3414279675182187,-1.7657467175435124,-3.4731348190974383,1.1955578245058671,0.8906273776352136,0.12488737760586491,-0.06495796612262117,0.09849372891418329,0.6402594250493825,0.1837266032227258,-0.271732571934909,0.39559829853499995
270.00000000000006,-0.2201715188898077,-1.6720003609898715,-3.4630231677642267,1.227568168931825,0.9783141490406736,0.07109599430781413,-0.041874809108155615,0.0699485863266629,0.6728802589448237,0.22100752857481532,-0.3328595551300735,0.22854812728823326
270.1,-0.09632030964100854,-1.57133209114328,-3.460114841083108,1.2474032571089375,1.028604750499886,-0.018623664168616536,-0.017241004686735933,0.03447824175334796,0.6895600943122636,0.25185765237401436,-0.3844482187481459,0.08654615613693217
270.20000000000005,0.02889522634601843,-1.4675943600509864,-3.4678126050953817,1.2548252732414387,1.0394994795001038,-0.14024149380792397,0.009164391072367242,-0.00579689941216049,0.6918207786486794,0.2726295770158306,-0.41817172506495465,-0.043645046609118505
270.3,0.15422701858320798,-1.3647614678777389,-3.48905051133691,1.2497196619372601,1.010569204831985,-0.28844460388590487,0.037265235985401886,-0.047975931363070726,0.6799850911431253,0.27938417605846727,-0.4265832938468248,-0.17457528529568123
270.40000000000003,0.2784217738051391,-1.266771121882032,-3.526175822829809,1.2320966784089589,0.9429724746650616,-0.45684928770445776,0.06671994870333478,-0.08846624019696839,0.6532464363970171,0.2690099505738911,-0.4055605729603215,-0.319858512049817
270.50000000000006,0.4002334828858536,-1.1773674542400636,-3.5808543499199077,1.2020916978167009,0.8394093288567999,-0.6382556870394029,0.09702873531846445,-0.12329836311504376,0.6095777922319182,0.24017302697237097,-0.3563631236502504,-0.49534576553987336
270.6,0.5184358962932232,-1.0999517570999302,-3.654002970281961,1.1599642764842482,0.7040136568527096,-0.8249349975763016,0.12764565182289198,-0.14854172772954072,0.5454973324822822,0.1935248575191031,-0.28617877948079884,-0.7198097841734309
270.70000000000005,0.6318348434215388,-1.0374468855890215,-3.745752023666954,1.1060959701440707,0.5421883925279971,-1.008937765298262,0.15795461089590582,-0.16064492178574996,0.45576244706739355,0.13116384118089497,-0.20702364781592744,-1.0144690997917245
270.8,0.7392802722801659,-0.9921807345991367,-3.8554390809421655,1.0409869267853369,0.3603901162336021,-1.1824109829590959,0.18692096333556832,-0.1566546193383935,0.33328589515589674,0.05612504491736084,-0.1339426755091582,-1.3975182648545272
270.90000000000003,0.8396778883915716,-0.9657934347612164,-3.9816343361804063,0.9652512839624446,0.1658716512811445,-1.3379113449455742,0.21226019028509643,-0.13466244104241573,0.17018081804112462,-0.026911375039416496,-0.0833088752905051,-1.8633674226081989
271.00000000000006,0.9320002753384634,-0.9591719674143024,-4.122196609832135,0.8796114124534606,-0.033607083264676096,-1.4687021719790638,0.22943733342578151,-0.09541620735232462,-0.0381881639955792,-0.10898491057459851,-0.07006661213084509,-2.3365513865055645
271.1,1.0152973841784494,-0.9724148052627973,-4.274357730643698,0.7848910598102987,-0.23008843610189728,-1.5690221681432566,0.23240486310449748,-0.045540932714036184,-0.28515781345163166,-0.1747383573663872,-0.10070246296838328,-2.642167953486711
271.20000000000005,1.0887062848592457,-1.0048279883878966,-4.434831932606863,0.6820074585044037,-0.41573427016727493,-1.634315295675818,0.21848605304028168,0.001544633507918283,-0.5474297552217962,-0.20829413958351584,-0.16426370213732547,-2.6213713233442837
271.3,1.1514600797713876,-1.0549527920498944,-4.599945905945141,0.5719624739266094,-0.5831384444554093,-1.6614126030742464,0.1928949901163357,0.03292912531958711,-0.7950731810831476,-0.2061089330786338,-0.23617730430763587,-2.323774459842325
271.40000000000003,1.20289588760107,-1.1206238832537339,-4.765784317729741,0.4558328773384224,-0.7256220735196561,-1.6486587575358556,0.1648861251197578,0.04462027299287232,-1.0099020714452056,-0.1784382552549177,-0.295716943473952,-1.9445653000290641
271.50000000000006,1.2424618146117599,-1.1990556475585223,-4.928345000978386,0.3347598379013629,-0.837499793587192,-1.5959782372128548,0.14111318139799342,0.04034981963674423,-1.1905370966941407,-0.13823968354486763,-0.3346302791910541,-1.6264775841891836
271.6,1.2697228403118492,-1.2869532445540304,-5.08369762563951,0.20993773602658822,-0.9143064201010205,-1.5048785443364343,0.12423622958054673,0.02605286929421183,-1.345094387456764,-0.09415460965678953,-0.353014561099714,-1.4174128142207514
271.70000000000005,1.2843655550534088,-1.380643964572643,-5.228139526039244,0.0826024074162909,-0.9529749605666288,-1.3783903110412319,0.11467568387436472,0.00695927901488523,-1.4843339640660382,-0.050440998220885394,-0.35382429792300074,-1.320200843593235
271.8,1.2862016983569164,-1.47622364985858,-5.358342472726205,-0.04598106677041501,-0.9519588858928582,-1.2209466856109108,0.1121412241749603,-0.012805748844816854,-1.6190603420873524,-0.008828240543783302,-0.340168780325114,-1.330449936089064
271.90000000000003,1.2751704585565296,-1.5697123428456137,-5.471484537662555,-0.17453090326644202,-0.9112937856551938,-1.038206807560104,0.1162930651772499,-0.02974764565689309,-1.7600248159193992,0.02997969960443445,-0.314401479239917,-1.450462935913502
272.00000000000006,1.2513395065935566,-1.6572129563361,-5.56536179597921,-0.3017613694490899,-0.8325959492800565,-0.8368304089724939,0.12677189568019848,-0.04038603161835546,-1.9185052859178724,0.06519246592263339,-0.27795857329467033,-1.6885857502602246
272.1,1.2149047493335432,-1.7350666399033123,-5.638475411362753,-0.4263956188668888,-0.7189979297141637,-0.6242125279518234,0.14263804421064316,-0.040804915812987154,-2.106083580593958,0.09478111665171164,-0.23175808403722206,-2.041934097452325
272.20000000000005,1.166188800518995,-1.7999986485482915,-5.690090633507267,-0.5471784816428226,-0.5750236584515953,-0.4081889102487673,0.16109171371162873,-0.027047319905931462,-2.331386602811364,0.11421374126286678,-0.17772357450406376,-2.449767693110639
272.3,1.1056381802704944,-1.8492488982877207,-5.720265355836741,-0.6628890818613096,-0.4064080906894962,-0.19672384369604054,0.1762707936653428,0.0022844501706928257,-2.5916065356057176,0.11660315779557912,-0.12197484916962548,-2.7391945592629017
272.40000000000003,1.033819266783541,-1.8806820038346441,-5.729847095230701,-0.7723531553306096,-0.21986857078901756,0.00240712957197263,0.18125977271479662,0.04188372381489797,-2.864255381180988,0.09734453358913896,-0.07670871977183498,-2.7017324481515663
272.50000000000006,0.9514130364140614,-1.8928724115157,-5.720438514393089,-0.8744549436588066,-0.022837032981454786,0.18192697392682744,0.17384298404409912,0.08071441880674965,-3.115482854095407,0.06011557761434415,-0.054260870519765914,-2.329393030803717
272.6,0.8592086405702128,-1.8851612334450163,-5.6943328616026,-0.968148544382834,0.17683628636980914,0.3353470449762607,0.15783081321507172,0.10983887575682039,2.960930118866708,0.014084913398398407,-0.05841557305283508,-1.8221823099418697
272.70000000000005,0.7580958796147015,-1.857682517155021,-5.654421901873809,-1.0524686018991973,0.3711958128936476,0.45722554150551525,0.13808385155893876,0.1262920357569154,2.8025228514369576,-0.03371480600605597,-0.08519873481524758,-1.351710196981842
272.8,0.6490566452078492,-1.8113579033972016,-5.604080010230742,-1.126540230125291,0.5524977978285539,0.5433842210453621,0.1172924051027375,0.13058236925856284,2.6856241071576856,-0.08042400271424299,-0.12861827066732534,-0.9751410892761463
272.90000000000003,0.5331554130711177,-1.7478598850890963,-5.54702904812796,-1.189588065112707,0.7135190368232398,0.591074739383338,0.09619736438757813,0.12398307629287676,2.601317680930552,-0.1253903165718367,-0.18331172499014584,-0.6867069721972742
273.00000000000006,0.41152887792361764,-1.6695451321577606,-5.487189410162477,-1.2409443541641458,0.8478448362728939,0.5990879826658507,0.07458943421686919,0.10762344074664087,2.542213676066664,-0.1682795462363538,-0.24431689661167066,-0.4644750596760674
273.1,0.2853748312284887,-1.5793605404074123,-5.428523179556559,-1.2800559973035823,0.9501247468846812,0.5678020334481004,0.05195948808936503,0.08253457471424566,2.5030684205219025,-0.2080530254411084,-0.30608845842371646,-0.28775427325965997
273.20000000000005,0.1559403903016951,-1.4807257499463058,-5.374875645483635,-1.3064904671165918,1.0162858691808847,0.4991668585180852,0.027825612930245647,0.04996318085524818,2.480489102811673,-0.24251069348253965,-0.36180630729241586,-0.14026850878047822
273.3,0.02450969419307259,-1.377396816793221,-5.329821500608228,-1.3199405439219476,1.043695227122202,0.3966263290257476,0.001904233195292189,0.011691492619444981,2.4725397221565593,-0.2682840354593571,-0.40348235514729963,-0.008986476390901643
273.40000000000003,-0.10760881252475205,-1.2733164726449702,-5.296521850617781,-1.3202278148484727,1.0312647365283432,0.2649806818113624,-0.025801012181396882,-0.02975604093151932,2.4784664488612034,-0.281360791840877,-0.42317529659507575,0.11785884694702504
273.50000000000006,-0.23909538238151823,-1.1724569424770828,-5.277597736475772,-1.3073048975574546,0.979494583535147,0.11019490525021877,-0.05498977864284968,-0.07110850610644993,2.4985734866671607,-0.2781096627073497,-0.4151834051552952,0.2524877525705903
273.6,-0.36863212507565307,-1.0786615863424909,-5.275025211806643,-1.2812563619543973,0.8904532837267829,-0.06083931125173561,-0.08514171646693144,-0.10858263319748518,2.5342407489119885,-0.256402997188638,-0.378369891253412,0.4087176156815099
273.70000000000005,-0.4949161939842146,-0.9954916786105578,-5.2900561584805335,-1.2422983361471986,0.7676952169218045,-0.2405785737042191,-0.11563993089091512,-0.1382845526376377,2.588069192302667,-0.21620158352083552,-0.31739905866366314,0.6025544546616004
273.8,-0.6166728673985542,-0.9260844330751151,-5.3231679973553225,-1.1907767960056468,0.6161189252419438,-0.4211287625946938,-0.14583414826174684,-0.156617423495545,2.6641148444166975,-0.1592939113639384,-0.24224602178963975,0.8521060104359878
273.90000000000003,-0.7326683933634044,-0.873027934021205,-5.37404429916741,-1.1271645508266972,0.4417718236708923,-0.5945599953980387,-0.1748905628304966,-0.1605691385424379,2.768060764981919,-0.08863551464426668,-0.16650690776934818,1.175127875753436
274.00000000000006,-0.8417224688984667,-0.8382579593555397,-5.441587068661872,-1.052056950683635,0.2516091086788561,-0.7532230158841747,-0.20127916076782718,-0.14799175893939318,2.9068428229935126,-0.008300268313619966,-0.10553744254312723,1.5785161170169681
274.1,-0.9427202275886906,-0.8229808091357824,-5.523960212332388,-0.9661663538995443,0.05321647646334182,-0.8900543966974807,-0.2219342427039299,-0.11841972579085226,3.086568218338561,0.07502289648527351,-0.07442856546682172,2.0301473745066057
274.20000000000005,-1.03462361400062,-0.8276252160822278,-5.618662456940972,-0.8703154056118564,-0.1454922948444793,-0.9988583876569262,-0.23194439521400106,-0.07517097612950491,-2.9759524214653834,0.14954624645387968,-0.08375131538755667,2.419853380323154
274.3,-1.1164820290865753,-0.8518252552479006,-5.722626811867811,-0.7654291904563595,-0.3365908425634292,-1.074554173288318,-0.22688877320375303,-0.027633054659994,-2.727302522205642,0.19948133927836567,-0.13169987194368002,2.582830134420456
274.40000000000003,-1.1874421376221918,-0.8944349341844566,-5.832342610116896,-0.6525263338716847,-0.5124562185537214,-1.113378682126111,-0.2076882972379977,0.011212936432689788,-2.475853752225995,0.21447850299555238,-0.20037197244457888,2.4508366082431823
274.50000000000006,-1.2467567367149766,-0.9535738819400401,-5.943995262651149,-0.5327091372993075,-0.6660727921262426,-1.1130368623300764,-0.18146576243773138,0.03284038697325201,-2.245400763866796,0.1979981976124185,-0.2665604125104338,2.138973696882834
274.6,-1.293792593456923,-1.0267023154129113,-6.053618154551127,-0.4071528425088005,-0.7913119411225085,-1.072793432516663,-0.156134123455476,0.037097529370592366,-2.0459993631783235,0.1621160005531753,-0.3157720096619369,1.8126567855074953
274.70000000000005,-1.3280371697754105,-1.1107222943891586,-6.157250627424093,-0.2770941293214755,-0.8831763807631977,-0.9935024499016545,-0.13631095665488704,0.028716424702729525,-1.874817043664415,0.11785173877794011,-0.3441323962749335,1.5653685299265174
274.8,-1.3491041633749556,-1.202101228544839,-6.2510957498423565,-0.14381895903791342,-0.9379993896447166,-0.8775735168791932,-0.12357428269968525,0.013168857763909423,-1.7229367223619547,0.07175518317308059,-0.3532479566198123,1.4241929611993087
274.90000000000003,-1.3567378052497052,-1.2970127125793547,-6.331671586033384,-0.008649882810502505,-0.9535909903734573,-0.7288759731869239,-0.11805542221310557,-0.004893710843226147,-1.5798669300944765,0.02691488826026113,-0.3461429265201803,1.3910771521372929
275.00000000000006,-1.3508158664683725,-1.3914890748262911,-6.3959499322368565,0.12706706002241666,-0.9293252570756405,-0.5525848931273912,-0.1194702935394,-0.02160293162145899,-1.4349085138731663,-0.015338149574992552,-0.3255006888140358,1.4665661490471817
275.1,-1.331351339673358,-1.481579557711182,-6.4414769897626325,0.2619757240857238,-0.86616526910897,-0.3549750273627946,-0.12741925850555239,-0.033360712730600324,-1.277089072628462,-0.054076724860600965,-0.29315283316263524,1.6551743770652125
275.20000000000005,-1.2984927738647696,-1.563507823899977,-6.466471163899573,0.39472338777850513,-0.7666247161495018,-0.14317090408656313,-0.14106319014242216,-0.036368318151055165,-1.095311936020927,-0.0875628785953459,-0.2502640758601839,1.9545032376968494
275.3,-1.2525232544311784,-1.633822508864681,-6.46989408973737,0.523974295977487,-0.634667685338659,0.07513694783527597,-0.15814076510736763,-0.026756403159466566,-0.8806462592953765,-0.11198106049338713,-0.19847049504634762,2.320797825841333
275.40000000000003,-1.1938580339068157,-1.6895348178115173,-6.451492053313762,0.6484230802586789,-0.47555062565935824,0.29199834055506346,-0.17380278516629208,-0.0023918532188099673,-0.6327893167650325,-0.12106664319545174,-0.14252544382807297,2.620751099519339
275.50000000000006,-1.1230408324474377,-1.7282376814150664,-6.411806156735043,0.766807922002471,-0.2956127899245094,0.49952012097293563,-0.18153765501659072,0.033556900826807214,-0.36795368835860637,-0.10926906222190559,-0.09278742928942478,2.663295604932286
275.6,-1.040738840385978,-1.748201719996243,-6.352150821988902,0.8779233258439576,-0.10202350879295402,0.6901805910144306,-0.1777556986896807,0.07189928304393141,-0.11569111277478707,-0.0776941660939966,-0.06188816070219681,2.3842455641381757
275.70000000000005,-0.9477364683233573,-1.7484441903546053,-6.274561490395872,0.9806323743526021,0.09750362779925986,0.8571291195969346,-0.16455762919757772,0.10328069415754117,0.09910360874043568,-0.03418222411273845,-0.05636889792447591,1.9260358477599808
275.8,-0.8449279028962404,-1.728768166562435,-6.181713602710697,1.0738783395540497,0.295018287106532,0.9944590017861422,-0.14640965087070093,0.12326815798271538,0.26810798224511595,0.013439203742477646,-0.07453807940265049,1.4624328163411804
275.90000000000003,-0.7333085385110817,-1.6897703927060475,-6.0768160898245425,1.1566955328980881,0.4826503482319405,1.0974426871972158,-0.12642614407356959,0.13142080049990668,0.39530214946117764,0.06111251577049604,-0.11115809014298518,1.0741486646571001
276.00000000000006,-0.6139653668264566,-1.6328174945103182,-5.963483620194743,1.2282192824681917,0.6529236589907353,1.1627199999090148,-0.10579466369164213,0.12865837468357244,0.4886083268362298,0.10754940245483534,-0.16097652377537106,0.7703344265449058
276.1,-0.4880664164755705,-1.5599914982137468,-5.845592697019893,1.2876949345638808,0.7990540864858708,1.1884318462447876,-0.08456129727114396,0.11598451458258362,0.5553788936097468,0.15232222551793903,-0.219224947686231,0.5347188623261063
276.20000000000005,-0.3568493453485647,-1.4740068286844556,-5.727127342030878,1.3344857861764103,0.9152199790583588,1.1742940799954766,-0.062318023711931785,0.09430607988827326,0.6011471523615143,0.1946254474542595,-0.2808376546174924,0.3480685509138598
276.3,-0.22160929659215728,-1.3781020958008936,-5.612020517909282,1.3680798652389448,0.9967942571474094,1.121608580396846,-0.03858751268673447,0.06466015546646728,0.629669226457176,0.2326301766046713,-0.339635977408244,0.19433304799115708
276.40000000000003,-0.08368613723868751,-1.27591098323165,-5.5039976112210365,1.388095486761989,1.0405288803319515,1.033211101300531,-0.013033673523428302,0.02852316775978621,0.6432508267118132,0.26327642130073287,-0.3880856296837077,0.06069453431001253
276.50000000000006,0.05554879502383166,-1.171317386872653,-5.406428215602269,1.3942855249516328,1.0446843364327822,0.9133579707116714,0.014414818782534769,-0.01193976908258767,0.6430282426979721,0.2825693207568695,-0.4180363052564804,-0.06399485126382437
276.6,0.19470630606969935,-1.0683005781138393,-5.322192124017614,1.38654035404017,1.0090989903549554,0.7675561577077189,0.043514590341823596,-0.053787184197088396,0.6291292402956831,0.2864490082967075,-0.4225603837549479,-0.19084980422297326
276.70000000000005,0.3323931855945185,-0.970776564787744,-5.253564872434161,1.3648894237066287,0.9351955279499014,0.6023434815166794,0.07374673433801335,-0.09344515302178419,0.6007105501844917,0.2719937557011018,-0.398361621515257,-0.3321119790917845
276.8,0.4672261357300921,-0.8824419742389358,-5.202127397792836,1.3295014485031336,0.8259242380015818,0.42502772520844406,0.10443232523958074,-0.12706550377806577,0.5558826529137326,0.23834518135059846,-0.3475973796891208,-0.5016993960215214
276.90000000000003,0.5978456489625319,-0.8066266824022336,-5.168703411787989,1.2806832044949572,0.6856453935040329,0.2433950547924965,0.13484706594592122,-0.1509703440315924,0.49154528254637264,0.18681047905393158,-0.2780983093232817,-0.7151915815338532
277.00000000000006,0.722929696312492,-0.7461610641049276,-5.153326987018554,1.2188769402328528,0.5199554213188244,0.06539936821614933,0.1642051897560268,-0.1620221543036188,0.4032129468663374,0.12024727822744778,-0.20200310128981291,-0.9886706089223533
277.1,0.8412070881477626,-0.7032631569031469,-5.155241647591851,1.1446564230646072,0.33546379027842416,-0.10115504098346445,0.19137730417003487,-0.15788919202002497,0.2850863956902963,0.042545315087075264,-0.13376311882199007,-1.3335499755306353
277.20000000000005,0.9514703727847549,-0.679450236874841,-5.172931000271747,1.0587216555220766,0.13952951250296686,-0.24892485409408183,0.214289741740224,-0.13747928574673607,0.13103539487005544,-0.04080948028827956,-0.0882053532667033,-1.7409045112738446
277.3,1.0525881421838863,-0.6754783315634711,-5.204179684831787,0.9618923099514773,-0.06003223720722051,-0.3713207182737009,0.22933401276785542,-0.10213626115973452,-0.06232971698074279,-0.12082188797742409,-0.07778738464771136,-2.1513792682763655
277.40000000000003,1.1435166195168174,-0.6913120815000315,-5.2461622135359,0.855099942550329,-0.2552616877470548,-0.46277017752201344,0.23205482378757264,-0.05769711886196286,-0.29009549408916135,-0.18387644487377525,-0.10707159546371184,-2.4388036468085237
277.50000000000006,1.2233104101233423,-0.7261261518297724,-5.295556157808605,0.7393790604093001,-0.43837180267866205,-0.5189400612692471,0.22046362260190122,-0.014893285250287446,-0.5351765092700198,-0.2164160503292686,-0.16647393704760496,-2.481117771870824
277.6,1.2911323053321127,-0.778338137766256,-5.348675169505571,0.6158571268950811,-0.6020587248182041,-0.5369094645764428,0.1982960648175174,0.015510221720059003,-0.7740691280421852,-0.21456900852763872,-0.2349933165205311,-2.289005266550904
277.70000000000005,1.3462620377045336,-0.8456716520364255,-5.401616533442045,0.48574360164103086,-0.7397929579902897,-0.5152864236943587,0.17300470220141498,0.029050137634093292,-0.9897995783257018,-0.1863987233718818,-0.2933213284247392,-1.99631263558714
277.8,1.3881038963967254,-0.9252470792187379,-5.4504173685156845,0.3503181214177412,-0.8460796774515646,-0.45426363541985765,0.15085298123168572,0.0279181324416932,-1.1782380418816851,-0.14387202241808053,-0.3322564864277707,-1.7296940716733264
277.90000000000003,1.4161931224204745,-1.0136963788861564,-5.491213249960056,0.21091793713046558,-0.9166777912304158,-0.35561099881962893,0.1349795106112561,0.017118497083765713,-1.344642934564177,-0.09602796461779074,-0.35074838868145963,-1.5499849174552016
278.00000000000006,1.430201015509717,-1.107297360713835,-5.520392928734151,0.06892473005078453,-0.9487690190961864,-0.22260527658563933,0.1263108111582764,0.0016816254516589485,-1.4982772406725213,-0.047861231707332176,-0.3511473064004465,-1.474283716029723
278.1,1.4299386969542331,-1.20212207842773,-5.534742979641835,-0.07424906296163211,-0.94107024851476,-0.059899680128349675,0.12481586664386923,-0.014076775520499024,-1.6495317556221636,-0.001738479949603195,-0.3362997945277578,-1.5059050760248707
278.20000000000005,1.4153594860166863,-1.2941934265951944,-5.531576611277044,-0.21717428011091497,-0.8938846883120004,0.126661422433899,0.1301217177881423,-0.026308020448279092,-1.8091340452021245,0.04101770518614158,-0.30843014102534577,-1.6472649497781404
278.3,1.3865598612767749,-1.3796436972371855,-5.508841502300826,-0.3584192820096764,-0.8090897807104964,0.3302752884518677,0.14144725321745144,-0.031196221317593305,-1.9878060849117114,0.07875791463141173,-0.2690302907012151,-1.8953945668512624
278.40000000000003,1.3437789923089563,-1.4548687751115148,-5.4652023647047585,-0.496564273872614,-0.6900623536480687,0.5434517928707765,0.1568904447849337,-0.024923669626430178,-2.194551506735403,0.10819087046651155,-0.21967631145232835,-2.217124289678335
278.50000000000006,1.2873968413597066,-1.5166718243863462,-5.40009494226189,-0.63021555945515,-0.5415439973196885,0.7583118267699165,0.17239677574578827,-0.004909721096225871,-2.431724389336949,0.1236849783646544,-0.1641934238631999,-2.5091053920592166
278.6,1.2179308490033611,-1.5623907383708011,-5.31374929114932,-0.7580195838101995,-0.36945203195441345,0.9669012061796696,0.182039305124119,0.027278312951292644,-2.6880829147770564,0.11929050663960047,-0.11129055542641156,-2.604958103128333
278.70000000000005,1.136031231980228,-1.5900042712836324,-5.2071814143423785,-0.8786766235372331,-0.18064360294560527,1.161507576688561,0.18144239406982157,0.06433868813104854,-2.938831765288575,0.09403501705871502,-0.07318019930385485,-2.4092745764515944
278.8,1.0424749354145204,-1.5982126209209544,-5.082153583008884,-0.9909539862227753,0.017357691881499826,1.3349676799194188,0.17112696065383734,0.09716159701101475,3.12407830151303,0.05400996772847548,-0.05843923789169876,-2.008390640033626
278.90000000000003,0.9381582952282441,-1.5864892496470246,-4.941104926475639,-1.0936985851940602,0.21666174435928992,1.4809527321980898,0.15482749653388175,0.12018075792056883,2.946024634489996,0.007254351535695155,-0.06780378593532735,-1.5626271428749883
279.00000000000006,0.8240884796801156,-1.5551018777680645,-4.787055057631746,-1.1858487614804936,0.4093264896766384,1.5942205383294556,0.13584862250159616,0.1319348802761438,2.809221863564075,-0.041080507026544096,-0.09718953025820878,-1.1694475904065778
279.1,0.7013737914227944,-1.5051018123499624,-4.6234845756179235,-1.2664452319613555,0.587674531426492,1.6708242895660887,0.11577759335745252,0.1328637788185025,2.7071289601763575,-0.08892550360422774,-0.14162872574419952,-0.8534204450104413
279.20000000000005,0.571212923169857,-1.4382820369057756,-4.454197209474084,-1.3346410509932227,0.7445992151595288,1.7082697217147944,0.0949374096905806,0.12378390611735847,2.6327027242630283,-0.13560476671472074,-0.19652775942226974,-0.6055595622842274
279.3,0.4348832708703846,-1.3571057327855713,-4.2831690983319834,-1.3897104822869764,0.8738479482562799,1.7056143680443367,0.07304958145184187,0.10547016897432104,2.580266452582458,-0.18044137518901743,-0.25721644698349666,-0.409096858709806
279.40000000000003,0.29372841809072414,-1.264608081894232,-4.114391216551384,-1.4310566883495033,0.9702714710508021,1.6635049501555994,0.049662301919141345,0.07877024914153088,2.545777684345818,-0.22193037535482232,-0.31811229005773883,-0.24863655731713016
279.50000000000006,0.14914491400765434,-1.164275265554196,-3.9517112254914393,-1.458218156312856,1.0300291415502176,1.584151416216252,0.02439831157894957,0.044882084987822264,2.526609983995022,-0.25733978611939656,-0.3722133980715288,-0.11166687952923272
279.6,0.002568474919165587,-1.0599054834454806,-3.7986810564522813,-1.4708737913401548,1.0507420496982631,1.4712386616322504,-0.0028890969071362267,0.0056275692970369036,2.5212900871966526,-0.2827767819997281,-0.41140141540524766,0.012426879796421443
279.70000000000005,-0.14454025458651526,-0.9554575333596691,-3.658416300838135,-1.468846621893913,1.0315878569991128,1.329779451630587,-0.03202734530710204,-0.036388866396765925,2.5293170388801056,-0.29385466718362535,-0.4278590627667111,0.1338467432508921
279.8,-0.29071023977212923,-0.8548929884159293,-3.5334730128706875,-1.4521060748561823,0.9733335805453601,1.1659144093224585,-0.06252164309130688,-0.07783078655649486,2.551085116596437,-0.2868842509888692,-0.4163915975617663,0.2635724456713743
279.90000000000003,-0.4344747486785142,-0.7620182636337954,-3.425746835987347,-1.4207687926629684,0.8783050144543227,0.9866670431444324,-0.09364750586136435,-0.11492088999846417,2.587905434929053,-0.26007874585152124,-0.37669226122892513,0.4139348729241195
280.00000000000006,-0.5743860532479936,-0.6803328681719036,-3.336398474086691,-1.3750979791180742,0.7502940077838351,0.7996635800156977,-0.12459082879042935,-0.1438909025502303,2.6421111126604364,-0.21407195762270015,-0.31431037083572055,0.5985861102711046
280.1,-0.7090299914589372,-0.6128898929355513,-3.2658084784851247,-1.3155012752399806,0.5944072954639674,0.6128287736293276,-0.15452466967009218,-0.16142546593239815,2.717202566108597,-0.15150982558086226,-0.23981124385354205,0.8318159117378714
280.20000000000005,-0.8370402441554903,-0.5621742954725759,-3.213563152723119,-1.2425271812230885,0.41686290887824207,0.4340698150924469,-0.18249396807704002,-0.1649833390364384,2.8178969566446694,-0.07628144992356899,-0.16678868258062457,1.1259759590000433
280.3,-0.957112182597285,-0.5300038345548151,-3.1784721367821107,-1.1568600552147839,0.22474228256333478,0.2709609474512241,-0.2070281360066243,-0.15308700513705092,2.9497134976975077,0.006626129510118576,-0.10975674877043917,1.483214821524129
280.40000000000003,-1.0680161465475013,-0.5174566038701005,-3.158616969310284,-1.059313733972645,0.02570793974845087,0.13044135756979058,-0.22558537085204255,-0.12596281387003752,3.1173289310216044,0.09000904511091713,-0.08198167938622243,1.8763368030531373
280.50000000000006,-1.168610017922395,-0.5248280538284289,-3.151428691456156,-0.9508238344329933,-0.17230198827602583,0.018538389510330266,-0.23446430991515263,-0.08693584814259145,-2.9623246769906326,0.16281130185011058,-0.09184603359219222,2.224995992405483
280.6,-1.2578509616085078,-0.5516192148868246,-3.1537913981055046,-0.8324388086427458,-0.36139023041442364,-0.059872885933527686,-0.23045497873696186,-0.04377480453333532,-2.7320106903964954,0.21132405948513508,-0.13713496216945675,2.4099842404952563
280.70000000000005,-1.3348062129400686,-0.5965565918919928,-3.1621676078733407,-0.7053098372536136,-0.5340152150544457,-0.10126416030062468,-0.21412253866929878,-0.007003962104408086,-2.493540355016175,0.22624501533132613,-0.20249861174773665,2.3656373849787378
280.8,-1.3986628004534192,-0.65764293631589,-3.1727404533514822,-0.5706796587156345,-0.6832917287386809,-0.10359468141533945,-0.1908623425598166,0.015630834145428898,-2.2666304094983576,0.2095242611041098,-0.2671767841570978,2.1532809827989428
280.90000000000003,-1.4487361028091943,-0.7322368722556926,-3.1815670225396087,-0.4298704423117258,-0.8032654079090225,-0.06639273917859634,-0.16751971338768903,0.022835998213618605,-2.06216980975804,0.17158361710042944,-0.31653098731327073,1.898100754476068
281.00000000000006,-1.4844771500919915,-0.8171582017602912,-3.1847367378192786,-0.2842708231417691,-0.8891501206015,0.009225405425356104,-0.14884845852133197,0.01810136825114723,-1.8802368378712566,0.12335084196856458,-0.3453872140375064,1.6929006093615118
281.1,-1.5054785919611715,-0.9088146912927173,-3.178528457996281,-0.13532222597613253,-0.9375187744347845,0.12059990278446386,-0.13696112769047825,0.006402055110586707,-1.7141470792077558,0.07214488879194986,-0.3544322899104565,1.5785453151075384
281.20000000000005,-1.5114792682062312,-1.003345284752369,-3.1595600398414003,0.01549538752395813,-0.9464399439786985,0.2636332392259484,-0.13236666183009124,-0.0075427122449473845,-1.5544255012365678,0.021878182530954464,-0.3462911151117739,1.5675631099387413
281.3,-1.5023673310347823,-1.096774033604852,-3.124924396168174,0.16667820746707984,-0.9155548706009102,0.43295348085172725,-0.13485293921227326,-0.01953607912708093,-1.3907169103380284,-0.02537577907128165,-0.3235012321500185,1.6633963321911096
281.40000000000003,-1.47818188275122,-1.185168607412486,-3.072306625828947,0.3167135546579305,-0.846091765051222,0.6221283286616284,-0.14370931571028903,-0.02561738947890174,-1.2126173045928472,-0.06781226465940199,-0.2879328141986811,1.8628223018958108
281.50000000000006,-1.4391131072293586,-1.2647970654490013,-3.0000775456039763,0.4640950007447254,-0.7408168425843974,0.8239214512930889,-0.15728210426721825,-0.021947002562055975,-1.0111450192621356,-0.10246372307523179,-0.24127338810571664,2.139405382127621
281.6,-1.3855008885960274,-1.3322766394103733,-2.9073598947420694,0.6073374786047129,-0.6039240426966122,1.030580876233456,-0.1721229139293552,-0.005644102087028124,-0.7825800875219461,-0.12426015618552451,-0.18677223023917736,2.4117731771397035
281.70000000000005,-1.3178319256755802,-1.3847085957238545,-2.7940645723594075,0.7449922315449136,-0.44086783000129776,1.234147942286869,-0.18291896076582068,0.022904022949046716,-0.5343498071562874,-0.1271951447727318,-0.1317805211521057,2.5386327890256375
281.8,-1.2367353658467217,-1.4197938009203215,-2.6608954626000036,0.8756614509744195,-0.25814574194707657,1.4267744963630864,-0.18494544776086058,0.05813083493121144,-0.28668013514789165,-0.10875008383085026,-0.08770095625478695,2.411662525132849
281.90000000000003,-1.1429769968790227,-1.4359243828439867,-2.5093226547594205,0.9980124547971051,-0.06303935251188814,1.6010356889835229,-0.17741445223202676,0.09162869185765354,-0.06308109093920485,-0.07314649835392356,-0.06440946385390661,2.070104812797627
282.00000000000006,-1.0374520499021354,-1.4322478334554114,-2.3415251255703495,1.1107912628491756,0.1366760211639214,1.7502258983570556,-0.1631341891897147,0.11711143448142004,0.12242846675844411,-0.028095581554056403,-0.06495247175820322,1.6506970723634171
282.1,-0.9211766807610708,-1.4087009976520397,-2.160305168288136,1.2128354312446774,0.3330412961274743,1.8686259854936866,-0.14535609073279074,0.13213924769295163,0.26799175576678247,0.020388437914600384,-0.08671146238975248,1.2593645443746333
282.20000000000005,-0.795278210490655,-1.3660125930786806,-1.9689779795799613,1.303086014428126,0.5182309271265098,1.9517312257594726,-0.12597750474391373,0.13657943365655278,0.3785178193343495,0.06938317847603155,-0.12522161579677835,0.9347916648128044
282.3,-0.6609842183596867,-1.305674160471475,-1.7712408056010147,1.3805985320123844,0.6848648863949038,1.9964308299818807,-0.1055980272070348,0.1309969588686869,0.4604936543301745,0.11782285792863481,-0.17609630942819002,0.6762870663693937
282.40000000000003,-0.5196105927580603,-1.2298806026529678,-1.5710268635449167,1.4445528270219097,0.8263028820636842,2.0011318981867863,-0.08409104580250279,0.11601848054110041,0.5195865130066075,0.16504917181444048,-0.2350039241087655,0.4704697492714574
282.50000000000006,-0.37254865601595055,-1.1414426827014665,-1.3723498619131096,1.4942617128693696,0.9369090856348969,1.9658228643397273,-0.0610515117173727,0.09231586979588392,0.5600395836235156,0.20982712060967623,-0.29691631843039984,0.30306997178361195
282.6,-0.22125148892671445,-1.04367496971603,-1.1791453175409292,1.5291783181742336,1.0122768146718577,1.8920739027675704,-0.03607474579738315,0.060832127859526346,0.5847470336909828,0.24976964262248047,-0.3554283145813495,0.1620316291984151
282.70000000000005,-0.067219589207894,-0.9402636994257874,-0.9951149951220776,1.5489020512612395,1.0494042133146186,1.7829742800723665,-0.008940993808752172,0.02306027072044235,0.5954753617056796,0.2811800408323614,-0.402680495081158,0.03724352461437333
282.8,0.08801399472057314,-0.8351198176249405,-0.8235806704882987,1.5531831197368886,1.0468139267929006,1.6430091501336253,0.020260445997411194,-0.018742858401402926,0.5930484139329086,0.29947870015189093,-0.4303181479884614,-0.08070398455976475
282.90000000000003,0.24289890751227936,-0.732223065126396,-0.6673530471879001,1.541925554798134,1.0046119988920146,1.4778807040043525,0.05108416112576293,-0.06151636219332408,0.5774506054600674,0.3002866636812349,-0.4315653255778951,-0.20172286574966355
283.00000000000006,0.39588295679287444,-0.6354633200766535,-0.5286210517952259,1.515188704737505,0.9244836443150574,1.2942808049026855,0.08278565307895538,-0.10160084794730927,0.547845122623783,0.2808176898209594,-0.4037482398547323,-0.33688351519646537
283.1,0.5454276549591185,-0.5484855228116909,-0.40886592094315477,1.4731871773290945,0.8096260644842965,1.0996241726320297,0.11446450150705179,-0.13516094867692902,0.5025164509251122,0.24082674457760636,-0.34997973148932204,-0.49839278623943073
283.20000000000005,0.6900236773940622,-0.4745443656110998,-0.3088035047046159,1.4162892262565967,0.6646209852032201,0.9017527545331134,0.14520426467963393,-0.15868088093856614,0.43876218634770553,0.1825513613789541,-0.27901851400004696,-0.6990297257482956
283.3,0.8282060819089934,-0.416374540411807,-0.22835708605060617,1.3450135923257525,0.4952519977015952,0.7086230687726952,0.17408250272027997,-0.1693674381126233,0.3528075201463864,0.1098888246737893,-0.20350045606779918,-0.9507169963830373
283.40000000000003,0.9585691360773663,-0.37608171729445594,-0.16666179953074314,1.260024825730271,0.30827398509773934,0.527988984607235,0.1999553213221162,-0.16542661812470044,0.23994373823746543,0.02773199395623941,-0.13762977579038935,-1.2602695574928022
283.50000000000006,1.0797806025167254,-0.3550586000873584,-0.12210047256379411,1.1621271309613947,0.11114382651974297,0.3670925861777673,0.22102949804223884,-0.14641947794451132,0.0953482674899564,-0.05767573672860161,-0.09504750875977881,-1.6183828743189128
283.6,1.1905953370895173,-0.35392940568523745,-0.09236946000178706,1.052256790905882,-0.08827688513964882,0.23237544411978361,0.2345138870921742,-0.11407641069656764,-0.0836969244480736,-0.13737588188910874,-0.08627264298887186,-1.980521636711476
283.70000000000005,1.2898680613723639,-0.3725249805175881,-0.074571846895778,0.931473241120602,-0.28203526012871905,0.12922180567931207,0.23716828356304132,-0.07355446822938957,-0.29400902699337356,-0.19913690045814544,-0.11446447532016062,-2.256950804504746
283.8,1.3765651785376882,-0.4098895461943726,-0.0653343033084135,0.8009488790537704,-0.4624041684588019,0.06174394153389107,0.22752409488910766,-0.0335834058685571,-0.5235764120189836,-0.23109218526198394,-0.17105452924427209,-2.353767506271527
283.90000000000003,1.4497755109267623,-0.4643188054015294,-0.060942932082973245,0.6619577059603302,-0.6221902961984237,0.03261820685874295,0.2082640569440595,-0.003255750472712088,-0.7544401238890333,-0.22907607525524418,-0.23764647721191104,-2.257371995537077
284.00000000000006,1.508719847975583,-0.5334278888841756,-0.05749269329421269,0.5158629113079937,-0.7550209202040328,0.042978352363334915,0.18538721662074012,0.012722541739149737,-0.9714052858876333,-0.19936645475229423,-0.2959242211646306,-2.0522155880090365
284.1,1.5527592046960965,-0.6142464346860659,-0.051044447843138385,0.36410352045328853,-0.8555979684864516,0.09237033864333855,0.16472443897597341,0.015288882001001647,-1.1684561513844356,-0.153099456320449,-0.3356653711845786,-1.8440926112365723
284.20000000000005,1.5814017034923178,-0.7033370091359948,-0.03778335890976103,0.20818023618337775,-0.9199092376266105,0.17877045525060387,0.14979246612812888,0.00859808490853969,-1.3482399321740974,-0.09983465509621549,-0.35456785135904767,-1.7004693238364181
284.3,1.5943080055889576,-0.7969321485095012,-0.014172335845292205,0.04964061325845325,-0.9453883466685494,0.29866602212118654,0.14197882520485747,-0.002484411007840903,-1.5183363327158146,-0.045525099326718374,-0.3543073572491829,-1.6501953703998202
284.40000000000003,1.5912952326344874,-0.8910845579484628,0.02290559727375019,-0.10993628774032038,-0.9310170506338203,0.4471954560406881,0.141445732140391,-0.013401243854276022,-1.6883339814524443,0.006544075923549557,-0.33748936711884675,-1.70240048628555
284.50000000000006,1.5723393339691993,-0.9818244796801341,0.07602168466384052,-0.26895561521641753,-0.8773658347392703,0.6183421181255315,0.14762896689090546,-0.019946076349400956,-1.8682504917600191,0.054092571352920914,-0.3063503211735494,-1.8552776238707716
284.6,1.5375758704774987,-1.0653179567626319,0.14709758182901778,-0.42582265375483963,-0.7865711709555774,0.8051742142206686,0.1590758160616497,-0.018171331813710417,-2.066986358350372,0.09424482375425013,-0.2628133762573559,-2.0872266050033557
284.70000000000005,1.4872992017163238,-1.1380196828801323,0.23732739943074188,-0.5789588047711535,-0.6622503436150933,1.000121184126601,0.1728042885421813,-0.004955565887441366,-2.289189785772648,0.12236879556126778,-0.20983149703376766,-2.3329309813925856
284.8,1.4219600789737852,-1.1968143445484658,0.3471287563438519,-0.7268174605846955,-0.5093572397042709,1.195275560871634,0.18407694584483825,0.020194655896925783,-2.530326690333352,0.1325895999888909,-0.15371043581254304,-2.4735187274842034
284.90000000000003,1.3421616629016433,-1.2391408208642882,0.47612479370625893,-0.8678996124035613,-0.3339848530250342,1.382708265837505,0.18811238245790807,0.053222235384349025,-2.774240861380069,0.12131731799860856,-0.10489335103838007,-2.399295658791128
285.00000000000006,1.2486540002256057,-1.2630942893447592,0.6231578674455188,-1.0007690348185045,-0.14312237576300002,1.5547847698941222,0.18312843486040875,0.08668953160042904,-2.999543455926367,0.09099881022991063,-0.07392082102716144,-2.1139776222012654
285.1,1.142327009604086,-1.2675021672208842,0.786334373848506,-1.1240668931083329,0.0556234385466996,1.7044695161785393,0.17094716979041547,0.11400565180671175,3.0921488845291694,0.048599388806869856,-0.06584265435522295,-1.726336900409579
285.20000000000005,1.024202041826868,-1.251970860644267,0.9630989215578978,-1.2365256249116254,0.2543315322761131,1.8256064681190696,0.1545506044260881,0.13189210902505183,2.9387392860935373,0.0006861832986278666,-0.07968608060638122,-1.3428286536473455
285.3,0.895422094064377,-1.2169014580641857,1.1503348934283522,-1.336981954582798,0.4450823312725251,1.913164598115767,0.13602574002411905,0.1396011316704923,2.820231450562043,-0.04897455478090666,-0.11171176693249858,-1.0135333440994685
285.40000000000003,0.7572407716453609,-1.1634737421293408,1.3444873895947085,-1.424388906760569,0.6202734732868762,1.9634385299949602,0.11622445218735394,0.1373901068648872,2.7308903977486927,-0.0988110407826115,-0.15781106596763306,-0.7463126939880351
285.50000000000006,0.6110101037239979,-1.0935991575096027,1.5417036508288973,-1.4978266952486117,0.7729228901631455,1.9741963362277493,0.09518551986643846,0.12571752556526777,2.6652037643289463,-0.14806966265487198,-0.213956768630186,-0.5318892670724938
285.6,0.4581673310512193,-1.0098446096619202,1.7379853643820242,-1.5565123741633198,0.8969471608610184,1.9447685976772597,0.07257162797656502,0.1050897364011404,2.6188161426008008,-0.1957195217336669,-0.27563271332731887,-0.357575062602209
285.70000000000005,0.3002207947801367,-0.9153301324431297,1.9293467807811626,-1.5998081503248023,0.9874040382538473,1.8760751753132843,0.047968090830357045,0.07621818663356655,2.5886208916935356,-0.2397265224647127,-0.33707744116785704,-0.21194565440969163
285.8,0.1387350646925023,-0.8136045042395763,2.111972338387696,-1.6272282689467432,1.0406894809234455,1.770588626560306,0.021089484718135154,0.040283783516645646,2.5726006681587386,-0.276691793458522,-0.39090503785056246,-0.08539415190760138
285.90000000000003,-0.024684546668840474,-0.7085037714048167,2.2823675121445817,-1.6384443986880504,1.0546813349172541,1.632235724720794,-0.008066971821210774,-0.0008134627177268837,2.5696526796073713,-0.3020191054088133,-0.42860531699442134,0.030775977997502032
286.00000000000006,-0.18840793081169735,-0.6039983192308114,2.4374968730631648,-1.6332894569249627,1.028823937328145,1.4662410075511751,-0.03913199569189981,-0.0443331747030231,2.579470965084149,-0.3107979844870227,-0.44223240469445013,0.14552026727774342
286.1,-0.3507964327588911,-0.504034587249194,2.574903854868882,-1.6117598315450283,0.964150268820217,1.2789185921790542,-0.07137659581017292,-0.08680298347487414,2.602499772842891,-0.29925355613048765,-0.4269602789364414,0.2688251673846766
286.20000000000005,-0.5102192412938098,-0.41237773917455584,2.6928074534964317,-1.5740159714971116,0.8632407719484435,1.0774205560079364,-0.10383721939085344,-0.12438101655705261,2.6399540566375825,-0.2660789170031893,-0.38335737009856496,0.4117666005508507
286.3,-0.6650697561504193,-0.33246155974301905,2.790172004736692,-1.5203813345996653,0.7301204770567213,0.869451914832567,-0.13549188918157612,-0.1533697972864902,2.6938923120752203,-0.21283842954259158,-0.31805771387065734,0.5859590228061464
286.40000000000003,-0.8137817679855545,-0.2672515625843827,2.866747258623647,-1.451339697547355,0.5700985370188649,0.6629635610464545,-0.1653658559056777,-0.17069935159784905,2.7673011969449663,-0.14329439346820588,-0.24246252615111843,0.8025449380175529
286.50000000000006,-0.9548452882833931,-0.21912676658617086,2.923077153319124,-1.3675308495036003,0.38955656806771705,0.46583540348936514,-0.19245517858978983,-0.17425842821593704,2.864081813717447,-0.06241048446260352,-0.17035821214013816,1.069948565422035
286.6,-1.0868218693019567,-0.18978485395193162,2.9604769391033248,-1.2697447069532366,0.19569423489401572,0.2855623411049124,-0.21543750266402745,-0.16314272122327983,2.988674913494374,0.02395943108970325,-0.11557719486357335,1.3879231227816207
286.70000000000005,-1.2083592587375425,-0.18017449100307992,2.980979564855939,-1.1589139034567855,-0.003757777265281592,0.1289555896059772,-0.2322993083193026,-0.1380914835598374,-3.138350165873795,0.10826994964970231,-0.089844793152676,1.7350380303117863
286.8,-1.3182052399261859,-0.1904575098804711,2.987253464812964,-1.036104923431236,-0.20084596065079569,0.0018712682684564053,-0.24033096774886123,-0.10234596993511032,-2.9501202590279774,0.18018516727140352,-0.09981990079953122,2.053929088156172
286.90000000000003,-1.4152205160642632,-0.22000245884158998,2.9824950235658667,-0.9025078639226933,-0.38771106623680435,-0.09102293280640483,-0.2372509740962274,-0.06240297054583387,-2.7358381298030348,0.22765385236847502,-0.14300397182162192,2.2585430028710953
287.00000000000006,-1.4983905060329703,-0.2674097782827122,2.9703000067591363,-0.759424922390607,-0.5569014271872288,-0.14643370276484313,-0.22342432973368845,-0.026882633182235154,-2.508852537886788,0.2421883163451598,-0.20597922824717357,2.2890354490531095
287.1,-1.566835929880962,-0.3305675987976403,2.954519083510436,-0.6082577216352602,-0.7016700332968977,-0.16257326421561913,-0.20293535758599796,-0.0027517903557469224,-2.2850039603453385,0.22452876071163783,-0.2699150731431249,2.1698742605717776
287.20000000000005,-1.6198220737421998,-0.40673593678038045,2.9391032007867612,-0.45049359504780595,-0.8162435129962531,-0.1392305029303318,-0.18162994467694862,0.007904486045933275,-2.0751053646115416,0.18361551445726346,-0.3199991564053751,1.9896386344851231
287.3,-1.6567666368372673,-0.49265593095845867,2.9279449745326973,-0.28769096621275264,-0.896052299455251,-0.07777923736247605,-0.16423562877328682,0.0074889392362841155,-1.8814649804169876,0.1302664471479444,-0.3497079035684763,1.8335589332079454
287.40000000000003,-1.6772460770990245,-0.584679764941744,2.924722421145417,-0.12146396643210533,-0.9379128047919751,0.01887670164307098,-0.15328587265899257,0.00047294098888814377,-1.6995840742281438,0.07267685577548835,-0.35866284461493775,1.751189620074727
287.50000000000006,-1.6810003867374883,-0.6789160961837039,2.9327512595783074,0.04653355812074076,-0.9401543396732582,0.14641939139927018,-0.14959271497989451,-0.008373112193751775,-1.52134102748983,0.01584271429218127,-0.3490099641291314,1.762943580147545
287.6,-1.6679362445759063,-0.7713851935622282,2.9548516726720475,0.21462449127482688,-0.9026857184248143,0.29928911674502534,-0.15288668641652345,-0.014559765911132049,-1.3373683943364296,-0.037065670433999616,-0.3232074449355531,1.8714869757478791
287.70000000000005,-1.6381285080900936,-0.8581775987339709,2.9932348398570445,0.381125180344799,-0.8269988943143298,0.4709061791461221,-0.16193418003938748,-0.013955673896187907,-1.138953528166656,-0.0829721887778456,-0.2834720283263496,2.0598110127564877
287.8,-1.591820024611978,-0.9356099859340007,3.0494137651476656,0.5443622913550992,-0.716109480081011,0.6539333726430189,-0.17413511750390592,-0.0032080404332097264,-0.9208204747658154,-0.11750715286110713,-0.23267476677265334,2.274698266263744
287.90000000000003,-1.5294197579475886,-1.0003720065837018,3.1241419557640366,0.702689617353479,-0.5744365249694803,0.8405686625036901,-0.18527034680338858,0.018858625538512946,-0.685310519850909,-0.13499695168555642,-0.17637012530877938,2.4161902432915223
288.00000000000006,-1.4514992435451517,-1.0496582644743158,3.2173823963964203,0.8545046710569213,-0.4076263411795478,1.022856398346521,-0.19068470503842014,0.049468963890668724,-0.44510521629684463,-0.13115584552677428,-0.1240513389970873,2.3795818626866247
288.1,-1.358787402157756,-1.0812801600932211,3.3283080563279857,0.9982648946717165,-0.22232740321412853,1.19300465459224,-0.1879008291925022,0.08227863779394472,-0.2191373752999908,-0.10687519335460834,-0.08644379880682246,2.1440164897180862
288.20000000000005,-1.2521637585117638,-1.0937531452119276,3.4553339095124582,1.1325033230028683,-0.025925294178213765,1.3436960468215586,-0.17779886901386616,0.11075768952367393,-0.022888027260720995,-0.06810738854023424,-0.07019606481882454,1.7904100841738793
288.3,-1.1326501276482195,-1.0863559091707689,3.5961791913720575,1.2558435409012072,0.17375173411509454,1.4683796327098633,-0.1629273046661397,0.13099715386253669,0.13748181071834514,-0.021639008045515093,-0.07601809200683986,1.4194314980188931
288.40000000000003,-1.0014008471833697,-1.0591591372900775,3.747957410637191,1.3670137826444606,0.3687448488447997,1.5615322603102293,-0.14542817110565176,0.1416486167796279,0.2634739519889148,0.02800648956780912,-0.10108685074950609,1.0890477109094598
288.50000000000006,-0.8596916485859778,-1.0130226949005787,3.9072905280307557,1.4648600289414666,0.5512819297334695,1.6188789444887102,-0.12635836795310199,0.14262392020308776,0.3599428578888348,0.07867287360698741,-0.14166578135142,0.8151967266261212
288.6,-0.7089072745299102,-0.9495613492569008,4.070442750143772,1.548357966826039,0.7140874189601054,1.6375634857373433,-0.10592374221977933,0.13419454210225698,0.4321205800952744,0.12939861722074816,-0.19401543460131496,0.5931351376236655
288.70000000000005,-0.5505279623193257,-0.8710803958930206,4.233468604844082,1.6166236886623573,0.8506723746949164,1.6162625292656314,-0.08387329950257101,0.11671050968170008,0.48438966946930484,0.17927449967401715,-0.2540813136199304,0.4121464684222488
288.8,-0.3861149251602756,-0.780483755794418,4.392369395192348,1.6689230187218396,0.9555931647361583,1.5552385171298224,-0.059803159572623006,0.09067753926806835,0.520014235444514,0.22660486268204133,-0.31675947544905986,0.26161465900752245
288.90000000000003,-0.217294973542538,-0.681158207261499,4.543251794813024,1.7046793691914686,1.0246684869521436,1.4563294222994063,-0.03337648115613847,0.056988519133105535,0.541221776930816,0.26837767180540145,-0.3753133927661051,0.1324476097116524
289.00000000000006,-0.04574442810105117,-0.5768383677759389,4.682482262282116,1.723480041900139,1.0551460646059851,1.3228756738648184,-0.004497179605794352,0.01718694207515877,0.5493551566361021,0.30018152705749934,-0.42146152524858654,0.01659234592583199
289.1,0.12682751706649786,-0.4714578086156303,4.806831118775088,1.7250809073695774,1.0458123709483005,1.1595871865795528,0.026564947702271132,-0.026348368102454927,0.5449948196273543,0.31681897338818393,-0.44659155860438887,-0.09402601649127741
289.20000000000005,0.2986958156040809,-0.368992237809148,4.9136005453014535,1.7094094088508545,0.9970410087035042,0.9723557957805815,0.05913840315919627,-0.07041330606755415,0.52802447943463,0.31366287749904664,-0.44411090722933105,-0.20838377787347626
289.3,0.46813680519552875,-0.27330100323103274,5.000731396920892,1.6765658556435907,0.9107778157128286,0.7680205752472065,0.0922385670740874,-0.11125326694273965,0.49763846439262877,0.2882489986177715,-0.4120824174729749,-0.3365738325817253
289.40000000000003,0.6334454868111854,-0.187973234607973,5.066884575831525,1.6268229870439936,0.7904632905245785,0.5540953939622522,0.12475210090552277,-0.14505429185551036,0.45229914320084424,0.24118347097210824,-0.35470465353859343,-0.4893016340616964
289.50000000000006,0.7929526737503423,-0.11618475827007202,5.11149371946827,1.5606238055622836,0.64089543057934,0.3384695731601668,0.155610710994895,-0.1684827283502854,0.3896674160703684,0.17581955856432435,-0.281722666938425,-0.6769743362881699
289.6,0.9450418380645035,-0.06057148900331932,5.134787103324082,1.4785776954146894,0.468038451197998,0.12909357744713967,0.18382897317170818,-0.1790978155794365,0.30656701271183495,0.09714697549655993,-0.2062168262305667,-0.9083368545984417
289.70000000000005,1.0881654844084085,-0.023124346471020463,5.137777885511836,1.3814548595583587,0.2787850111429588,-0.06633772957492601,0.20834317130271865,-0.17559884537343032,0.1991308897578138,0.010947360206422618,-0.14203442098555705,-1.1873547979104249
289.8,1.220860885545056,-0.005109885555231342,5.122223082189434,1.270179125524315,0.08068142407046236,-0.24069163765253976,0.2277030133978852,-0.15806496474601409,0.06343449869153071,-0.0760375398315703,-0.10161822679384679,-1.505889176290251
289.90000000000003,1.3417650195907742,-0.0070198048351097775,5.090552909570134,1.1458191868401788,-0.11837318917635736,-0.3876817289952141,0.23985478815596392,-0.12844234573153201,-0.10294359364976866,-0.15512244201531245,-0.09379534697609984,-1.831649420854116
290.00000000000006,1.4496285565629794,-0.02855134614066729,5.045773309617911,1.0095783627598642,-0.3104418135818428,-0.5021182765002761,0.24253192995973435,-0.09125361532526642,-0.2983200492742568,-0.21538232755422038,-0.12065442344587084,-2.1013769856030353
290.1,1.5433287508337792,-0.06861936658920958,4.991345545607027,0.862782974159781,-0.48786596369420676,-0.5801149185786665,0.23471032064669192,-0.05361035075093783,-0.5146322667257277,-0.24638346818732584,-0.1745267351398107,-2.243205398821975
290.20000000000005,1.621881106594667,-0.12539960183097854,4.931047667865894,0.706869447675747,-0.6435710032669306,-0.6192433711815228,0.21832532254092885,-0.023128856692083078,-0.7385600008803456,-0.24376437924734976,-0.23924226281868596,-2.2308369699402992
290.3,1.6844496953119183,-0.19640139573428556,4.86882337279921,0.5433702732902157,-0.7713481886736736,-0.6186300092229754,0.1981253612438704,-0.004463456862928082,-0.9570951873152004,-0.21219275619675,-0.2974939080271835,-2.1113189025420316
290.40000000000003,1.7303560172813164,-0.2785669970079053,4.808624280862686,0.37389895249721933,-0.8661021919180865,-0.5789904670791285,0.1793561279067082,0.002346094816737196,-1.1632618681522893,-0.16183626591693973,-0.338153138259391,-1.967157480762588
290.50000000000006,1.759086313642141,-0.368393464116714,4.754251921524599,0.20013408476086658,-0.9240542352746491,-0.5026008788261349,0.16570059766719733,0.0006164948652427362,-1.357507966719611,-0.10265925046653265,-0.35753452722853135,-1.865594199987777
290.6,1.7702972504532677,-0.4620723185271819,4.709205724920848,0.023802749113615587,-0.9428927392255075,-0.3932069048556245,0.1588798862774979,-0.005042710082802343,-1.5455573004191208,-0.041709915717297465,-0.3564415984960926,-1.8428242650299353
290.70000000000005,1.7638199125102165,-0.5556413787482003,4.676543080435013,-0.15333665466584873,-0.9218654778342505,-0.25587417176561655,0.15913074511200703,-0.009939780439468119,-1.7356203423765117,0.01647784713407754,-0.3371799706182689,-1.9100975911444302
290.8,1.7396620613387026,-0.645142722022559,4.658757041357728,-0.3295119348908323,-0.8618095676130922,-0.09678608809543987,0.16552548758640645,-0.009723904131658015,-1.935994245481545,0.06825383185763709,-0.3022023022538418,-2.056262170162208
290.90000000000003,1.6980086290683636,-0.7267804762361897,4.657676551277006,-0.5029548321474494,-0.7651180943218522,0.07700290357074546,0.1758200371474561,-0.0007994793677221756,-2.1523252299695237,0.10926827468372502,-0.2544366015280873,-2.2380243313433206
291.00000000000006,1.6392204374993422,-0.7970721513781329,4.674393169974163,-0.6719187616062777,-0.635644708183287,0.2578488009914224,0.18626612056476277,0.01856618231315037,-2.3839290920057086,0.13401584354341395,-0.19894102875075778,-2.3711354601582215
291.1,1.5638311494478956,-0.852987477444797,4.709217220139881,-0.8346963954970742,-0.47854999100199797,0.4378230215739721,0.19244412669757288,0.04668074241034654,-2.6210201836739215,0.137774472181633,-0.14436398179313703,-2.358880470028118
291.20000000000005,1.4725424772180657,-0.8920692137586932,4.761665103302222,-0.9896369087983807,-0.3000957200449384,0.6090287279577012,0.19143707303922933,0.07831830667245346,-2.8471676827425805,0.12014216601657862,-0.1012994578154415,-2.1647629225944436
291.3,1.366217690616483,-0.9125311134152072,4.830478290731709,-1.1351627139975415,-0.10739523073469054,0.7639158888907133,0.18329478298323515,0.10729895114909406,-3.047265628202372,0.08593322914952593,-0.07757845929711578,-1.8447107555663036
291.40000000000003,1.245873484126322,-0.9133291373246242,4.913673232300614,-1.2697855153412594,0.09187016959527067,0.8955825148407507,0.17003144922699717,0.12932349951201852,3.069367567444536,0.0418461954602796,-0.07551056253270166,-1.4894138150533696
291.50000000000006,1.112670279517481,-0.894203078769692,5.008620193662318,-1.39212151927137,0.28975743119170294,0.9980500589447685,0.1537137121375522,0.14251048402928929,2.936381696481074,-0.006984023784655585,-0.09332485601098761,-1.1610798342406619
291.6,0.9679010561140428,-0.8556869390393498,5.112147878830231,-1.5009056456852983,0.47837842621824994,1.0665020038528108,0.13553840529810113,0.14641307092302983,2.8330453286793253,-0.05778416947381142,-0.12775934449327236,-0.8826557683836442
291.70000000000005,0.8129788160146281,-0.7990876404944971,5.2206696672436035,-1.5950045941835866,0.6502144235287323,1.0974761226808112,0.11586627639093013,0.14110173973286771,2.7545030880409365,-0.10928347785626545,-0.17536151369524652,-0.6540457529700826
291.8,0.6494228056064967,-0.7264329257090838,5.330326432697985,-1.6734286304892894,0.7984158367592324,1.0890027491549341,0.09454542499229283,0.1267787016287597,2.696421086854141,-0.16059778034442784,-0.23248021233803084,-0.46679207888502616
291.90000000000003,0.47884362758303295,-0.6403905197827746,5.4371402504457755,-1.73534197063734,0.9170752957309518,1.0406835444736005,0.07120426290299105,0.10377162989498863,2.6554296971839384,-0.2103230517696485,-0.2946391170343216,-0.3112469700455814
292.00000000000006,0.30292738924543094,-0.5441617785694279,5.53717286468375,-1.780071654210387,1.0014631546658959,0.9537076206205799,0.04547482227110824,0.07271808286146438,2.6291294331165824,-0.2558836101695177,-0.35585503206230473,-0.1788447041018199
292.1,0.12341904300464714,-0.44135406273012645,5.626682598858458,-1.8071148127178722,1.0482160482483336,0.8308043772634571,0.01717647808328352,0.03482117638183224,2.6159718190840713,-0.2932364453400207,-0.40840094470873894,-0.0620987146257623
292.20000000000005,-0.057894916389540356,-0.3358369256547475,5.702273453289822,-1.8161442550218923,1.0554709783955918,0.6761349324012438,-0.013534039603637934,-0.007925513536477356,2.615141053410277,-0.31718905747219284,-0.44352965361376845,0.046268202349865645
292.3,-0.23920422638163644,-0.2315878485864756,5.7610304460727715,-1.8070123083583705,1.0229395861219877,0.4951264749991504,-0.04608250698899249,-0.052660744103298976,2.626476907418847,-0.3225268499990656,-0.4534250421430798,0.15425836621485836
292.40000000000003,-0.4186929261143474,-0.13253367300159072,5.800635801647119,-1.779752870817309,0.9519196475113493,0.2942561433667733,-0.07951708253736352,-0.09582676404238054,2.6504470508569717,-0.3056817684040977,-0.4339051797301032,0.2710104947574617
292.50000000000006,-0.594557540579968,-0.042394051836788404,5.819461354958709,-1.7345816489599606,0.8452433354898512,0.08079304528876341,-0.1126734880981048,-0.1335968596788206,2.6881650925550447,-0.26608085138680077,-0.3865603243702173,0.4064353866583386
292.6,-0.7650251973742068,0.035466839331776245,5.816633487338335,-1.6718945723869942,0.707164310038939,-0.13749129533067234,-0.14438632444812124,-0.1624318665339336,2.7414411362163547,-0.20632180051972457,-0.3190183265097841,0.5703313140210787
292.70000000000005,-0.9283714940986125,0.09817441934981652,5.792068005289131,-1.5922643953483226,0.5431881382049223,-0.35263252180983073,-0.1736175650338766,-0.1795700548172009,2.812830907647959,-0.13119737046845067,-0.24320285372833794,0.7713228244466188
292.8,-1.0829379363798253,0.14345829996226134,5.746473571647358,-1.4964355137201415,0.35985280452557294,-0.5567907159858266,-0.19940993024145615,-0.1833310216252447,2.9056001867039885,-0.04650293468955872,-0.17268937905723306,1.0151715472786507
292.90000000000003,-1.2271487702127042,0.16974279702796913,5.6813235522908405,-1.3853170436812436,0.16446806222817867,-0.742562708941858,-0.2206700323265244,-0.1732886736811662,3.023423453582725,0.041393861828837725,-0.12032542520170038,1.300801489792767
293.00000000000006,-1.359527037846725,0.1762097460742425,5.598797400734206,-1.2599742260235745,-0.03517598355302409,-0.9032769803984276,-0.23591051378183547,-0.150513394273271,-3.113681885105063,0.12498378950319466,-0.09628153976755427,1.6123184408635522
293.1,-1.4787096936898325,0.1628311179340995,5.501693917369893,-1.1216182370441412,-0.2311194426749415,-1.0332593901421483,-0.24325896074544848,-0.11803571623620389,-2.938378055008158,0.19484628938693352,-0.1057882333919772,1.9095782252204379
293.20000000000005,-1.5834616256151952,0.13037013418312088,5.393319841375361,-0.9715945032228405,-0.41554997567611623,-1.128059147696149,-0.24118429433785232,-0.08122406068395367,-2.7374381707191424,0.2404843176575995,-0.14629626506044985,2.1307904993209137
293.3,-1.6726884375523443,0.08035083790750708,5.277358216708706,-0.8113696322230237,-0.5811142470859159,-1.1846260116125442,-0.22996015669111772,-0.0470424714983558,-2.5200675286842196,0.25417910676855177,-0.20622346906710082,2.2239721933778274
293.40000000000003,-1.7454478612217834,0.014997332920204998,5.157721779948037,-0.6425170869983771,-0.721211079694484,-1.2014316540900436,-0.21262395434728099,-0.021548334890145498,-2.298553369520266,0.2356131812387929,-0.26871638005363535,2.1901169159098157
293.50000000000006,-1.8009596782094803,-0.06285488623342997,5.038397214857361,-0.4667017428162595,-0.8302546226447653,-1.1785303525687274,-0.1939892917734284,-0.0072545657911811294,-2.082896173415754,0.19212104566593144,-0.31909197950368395,2.0864123384072837
293.6,-1.8386140481562676,-0.1498719784882861,4.92328648266496,-0.28566347866165037,-0.9038970416677691,-1.1175565887985544,-0.17849093783109302,-0.002712767515201467,-1.8768988237280688,0.1340777921524845,-0.34952789210229235,1.985063784661911
293.70000000000005,-1.857978154503375,-0.24235466797412092,4.816051553617568,-0.10119996466329084,-0.9392018535027834,-1.0216596511751692,-0.16886078794340062,-0.00406043683308468,-1.6781332285990256,0.07045325649745568,-0.358350237617856,1.9380515135945229
293.8,-1.8588010958427934,-0.3363857244610616,4.719968729767068,0.08485118423323451,-0.9347609942062319,-0.8953778476194432,-0.1660661675891446,-0.0066561422667051826,-1.4802712845522252,0.007546242055705154,-0.347028695453885,1.9691200055166094
293.90000000000003,-1.8410169683034252,-0.42798613295710153,4.637798366564809,0.270630711224263,-0.8907509542057952,-0.7444573438113985,-0.16963321669041773,-0.005974353514540179,-1.2758358073542915,-0.04997961634045694,-0.31800528356096197,2.075463880748436
294.00000000000006,-1.8047461023875395,-0.513273726467153,4.5716751869325165,0.45427629496905336,-0.8089257421717548,-0.5756228492038679,-0.17770776275144118,0.0018261648821365245,-1.0591062234990363,-0.09747122555352156,-0.2742965640619775,2.2231609523538634
294.1,-1.7502944360810622,-0.5886179577273856,4.523023560510662,0.6339412156811688,-0.6925469582141235,-0.3963092929149417,-0.18699026901193755,0.018957808498910475,-0.8295505772879952,-0.12945757555426532,-0.2206603587336805,2.34132513440813
294.20000000000005,-1.6781510247094216,-0.6507846396535979,4.492501125497392,0.8078129229206124,-0.546253764166017,-0.21436518680986877,-0.19336188178445068,0.04464988154008238,-0.5945826564840307,-0.14091669194997203,-0.16505200106428058,2.3423586180843396
294.3,-1.5889837067140125,-0.6970648841583807,4.479973000552572,0.9741313184176783,-0.37587793482891024,-0.03773950182616517,-0.1936699284712426,0.07475913469299746,-0.36825727256061347,-0.13039526763713355,-0.11776495202730601,2.180790067455756
294.40000000000003,-1.4836329630913998,-0.7253830989541823,4.484517614705156,1.1312065695399605,-0.18821136350105955,0.12583545913423602,-0.18727915353109692,0.10365954877194399,-0.16487079021498374,-0.10155134060219083,-0.08744974127144677,1.8916852261346173
294.50000000000006,-1.363104026487127,-0.7343797368496291,4.504463922685183,1.2774362731449473,0.009264709387590386,0.2691525488123777,-0.17563082990967652,0.12689877653372647,0.007252453328967946,-0.06074642528933231,-0.07785704408654391,1.5536033855542997
294.6,-1.2285573136762533,-0.7234654985864194,4.537458521855111,1.4113217955263495,0.20867794973632642,0.3858173252013562,-0.16060616431445046,0.14216938825074507,0.14679632082134775,-0.01354915594756244,-0.08834300618489191,1.2297262326956697
294.70000000000005,-1.0812972722214171,-0.6928448283203088,4.5805599948278575,1.5314836218885859,0.4020787749053251,0.47050319938868745,-0.14346771495705696,0.1486794080597285,0.2567476236577198,0.03666383083244901,-0.11621962981982077,0.9485712977562051
294.8,-0.9227597482988587,-0.6435077650557766,4.630356716446917,1.6366755582117216,0.581757278501811,0.5191640096204406,-0.12470553918497178,0.1462918526606094,0.34152229468550205,0.08823372181436473,-0.1583376000366203,0.7145049233515263
294.90000000000003,-0.7544979978547346,-0.5771904748915683,4.683103428348955,1.7257976394069168,0.740550600032363,0.5291955468607221,-0.1042705494872911,0.13506827426357196,0.4053435535397508,0.1402011692731751,-0.2113923676081502,0.5214915915706015
295.00000000000006,-0.5781674772538903,-0.49630603753253666,4.734871136116514,1.7979076101961204,0.8721284855600938,0.4995395922607384,-0.08184122310642228,0.11518451876969091,0.45164028209485224,0.1913777482028925,-0.2714685090741744,0.36098329345938807
295.1,-0.3955095622501366,-0.4038482463904849,4.781704352892593,1.8522308590719019,0.9712456549671088,0.4307263188233166,-0.05704075340299944,0.08706027960021022,0.4829493390567056,0.23961940837414855,-0.33335451891418433,0.22495493259219934
295.20000000000005,-0.20833435532612957,-0.3032722574604967,4.819779420441373,1.8881687008543842,1.0339509147345123,0.3248533667728946,-0.029621090926807675,0.051589732289824324,0.5009945506930298,0.281372760433558,-0.39008998662697486,0.10640450653097493
295.3,-0.018502751095014067,-0.19835684512621846,4.845557595678368,1.905304919623321,1.05774467957315,0.18550242676306952,0.0003744461281849695,0.010382514808254537,0.506794424363031,0.311718826812617,-0.4332527315092356,-0.0012561015453525254
295.40000000000003,0.17209206257832152,-0.09305375631889211,4.855926799370529,1.903410501001172,1.041678623015814,0.017596656417262685,0.03249676698030871,-0.034092321545362535,0.5007444853753821,0.3251899203180648,-0.45440675510207207,-0.10511128801656834
295.50000000000006,0.3615434838627992,0.008669831193755695,4.848326375703651,1.88244650072542,0.9863934842152207,-0.17279538550934886,0.06587939107990831,-0.07857348564692192,0.482659214270564,0.3173236652165044,-0.44759374659702844,-0.21333257383710091
295.6,0.5479505684031262,0.10298946569947245,4.8208498887115265,1.842565015001907,0.8940935237107468,-0.3787014708876216,0.09936272385336686,-0.11934099573086727,0.45177323529083696,0.2862919620125863,-0.41185906713382014,-0.3350363951371823
295.70000000000005,0.7294371021584105,0.18637588839745514,4.772321857154542,1.7841082370862866,0.76845864653121,-0.5925234628739566,0.13171070728134834,-0.15274414557859742,0.4067091137196996,0.23361728747109045,-0.35236024392500764,-0.4794829810862205
295.8,0.9041704842799693,0.25573573184539133,4.702345368422713,1.707605603712402,0.6144976960093333,-0.8063400320927778,0.16180270796492835,-0.17574183760423406,0.345430985891156,0.16356289764019472,-0.279352035208843,-0.6550770792290738
295.90000000000003,1.0703802299966758,0.30853484079588644,4.61131867299022,1.613769054178652,0.4383487670189277,-1.0122222600693478,0.18868623745693416,-0.18628444633241395,0.26523084900735605,0.08183103907024475,-0.20573149909844324,-0.868284838083224
296.00000000000006,1.2263759067050215,0.342899299008171,4.500420097593895,1.503486443928144,0.24703449951795514,-1.2025495478581631,0.21145642674092144,-0.1835031139319005,0.16285265702555843,-0.00535542136337398,-0.14445829028733342,-1.121568097321802
296.1,1.370564321587076,0.35769013441610653,4.371561878330296,1.3778131731177223,0.04818210806979306,-1.3703132356513077,0.22903131996708198,-0.1678314298826824,0.034955742023235925,-0.09120171330527739,-0.10654771007487748,-1.4087078297790834
296.20000000000005,1.5014657860363478,0.3525487243926376,4.227314753926713,1.2379621087824566,-0.15028069111717918,-1.509395829069906,0.24000506543208322,-0.14124035500961565,-0.12080252694090086,-0.1676239302630416,-0.09929496382788743,-1.7071600902674613
296.3,1.6177292909082102,0.3279110909460454,4.070806325136996,1.0852918965787186,-0.34044173320099314,-1.6148147003259568,0.24289542100359088,-0.10758412957433594,-0.3039657081015554,-0.22505607400898606,-0.12407118643974356,-1.9729054026963857
296.40000000000003,1.7181464370440946,0.2849905159440019,3.9055972320630783,0.9212937745508889,-0.5147198377351057,-1.6829205487190777,0.2370598762510569,-0.07254519053289997,-0.5094923410324335,-0.254395797040352,-0.1742561479995687,-2.1515665581829926
296.50000000000006,1.8016639775378906,0.22572916944134375,3.735540085535055,0.747577016755689,-0.6661670463922733,-1.7115427085290045,0.22389141155380457,-0.042322909586918186,-0.7278770277619334,-0.25116166525550976,-0.23594674047664727,-2.2119867900933494
296.6,1.867394841718687,0.152720679537571,3.564626776209494,0.5658531487212215,-0.788745616121768,-1.7000755113952735,0.20702176132124586,-0.02121443834699677,-0.9484818187430717,-0.2184264349494954,-0.29317523380282784,-2.1742955317862642
296.70000000000005,1.9146275256693897,0.06910673065936787,3.396830248390464,0.3779190894841713,-0.8775687248954935,-1.6495022602423743,0.190922795790545,-0.009941438885290968,-1.1641554823295337,-0.16503909221398938,-0.3342136299752573,-2.0974480142181307
296.8,1.9428337501513078,-0.02154818743110068,3.2359470462434112,0.18563938619669695,-0.9290952938641437,-1.5623558590407602,0.1791473568789285,-0.00602491526455423,-1.3735867204384056,-0.101025844065683,-0.35390749145938816,-2.0418934276231235
296.90000000000003,1.951674303899544,-0.1153988865413646,3.085446909272841,-0.009072283095422368,-0.941271158980239,-1.4426176680233906,0.17353208960242597,-0.005304783139286246,-1.5804343594637442,-0.034544252982386246,-0.3519284135632405,-2.0451825556279317
297.00000000000006,1.9410030082216072,-0.20847277751206922,2.9483354129010397,-0.20427215501753546,-0.9136109640194598,-1.2955586167342084,0.17423268318402538,-0.0032470340803535183,-1.790766095849075,0.028305563943929263,-0.33020284942513684,-2.1157255544753246
297.1,1.910868757499713,-0.29682824675375796,2.827035129908861,-0.3980057852351564,-0.8472175101850226,-1.127528909280008,0.17987277490276993,0.004196101636091703,-2.0099769490560324,0.08216923770123682,-0.2917102386928945,-2.2297945870212215
297.20000000000005,1.8615156093749794,-0.3767117978836837,2.723290050128595,-0.5883276179125052,-0.7447377908866022,-0.9457047056238101,0.18761331375227167,0.019659901270423705,-2.2393972972207106,0.12137340677142684,-0.24101818819267262,-2.32862202667953
297.3,1.7933809178920486,-0.44470769372111174,2.6380970685419225,-0.7733205243071952,-0.610257464449338,-0.7578018779871316,0.19368004589537371,0.04316766825842605,-2.473509384375965,0.1406066873065251,-0.1855474074620195,-2.3340490222601393
297.40000000000003,1.7070915225072056,-0.4978741328880089,2.5716672727952465,-0.9511151142752116,-0.44913797179172976,-0.5717682540354341,0.19484017526656403,0.07158929705097129,-2.700412933372872,0.1375418952899209,-0.1352377843932393,-2.1963682036358434
297.50000000000006,1.6034580254189543,-0.5338605320824952,2.5234185731357424,-1.1199086261489035,-0.2678027926782904,-0.3954666161892464,0.18992603874044992,0.0999764227936213,-2.9068712607603353,0.11472328010574893,-0.09928704223890027,-1.9341526556850854
297.6,1.483467208965322,-0.551001238352041,2.491999968240532,-1.2779832041108978,-0.07348136183406617,-0.23636109492078172,0.1798187287733898,0.12393008384491633,-3.084157982186157,0.07799635126137365,-0.0827033390561472,-1.6133146827894993
297.70000000000005,1.3482726636578635,-0.5483819353530819,2.47534647918505,-1.4237233777662148,0.1260791458221276,-0.1012194585910772,0.16613474032533254,0.14084426061911687,3.053267131502261,0.03318231370450588,-0.08599363351629082,-1.2954292525594913
297.8,1.1991837155950247,-0.5258760961891996,2.470762561149381,-1.5556325660769947,0.32292267061116536,0.004156831363843275,0.15012921660700446,0.14961875814090544,2.936916619429442,-0.015789548544105546,-0.10713293177512492,-1.0130100072753376
297.90000000000003,1.0376527593294087,-0.4841500295683722,2.4750306671410405,-1.672348437097964,0.5092014511050774,0.07516403801028043,0.1323858960707351,0.1499116818322344,2.8460282259046217,-0.0668225135956402,-0.14330856349142906,-0.7744586314548968
298.00000000000006,0.8652611185884511,-0.42463631810475655,2.4845406352749086,-1.7726569659385194,0.6774888896274877,0.10857981332613675,0.11295191841991524,0.1416495507719382,2.77653478575192,-0.11879122383397601,-0.19151983072023399,-0.5761955234097826
298.1,0.683703572383333,-0.3494767076962134,2.495434740980032,-1.8555050459897509,0.8210756272856226,0.10269178728433345,0.09156609412115306,0.1248776698460617,2.7249866064495745,-0.1706317310282235,-0.24832936878202563,-0.4108654871165873
298.20000000000005,0.4947716978469324,-0.26143672479748803,2.503762630985799,-1.9200115225541345,0.9342370249553595,0.057365955130083496,0.06786182561605542,0.09983376906962217,2.6887394860640432,-0.2205792093988471,-0.30924614651689813,-0.2710031893200862
298.3,0.3003361934658914,-0.16379542552971652,2.5056399619816268,-1.9654765334750246,1.0124613865959822,-0.02594786356921272,0.041543934893178674,0.0671428960435887,2.6659202841645984,-0.26561057771359375,-0.36815955267978284,-0.15001869456200556
298.40000000000003,0.10232835708451825,-0.06021467198012764,2.497404419147831,-1.9913890580284825,1.0526298263530214,-0.14427371177254072,0.012553135052769632,0.028054552037612174,2.655334922211681,-0.3012655957978606,-0.41728578838972874,-0.041888760478336416
298.50000000000006,-0.0972790979393519,0.04540685276524609,2.475762894206692,-1.9974325930433066,1.0531406087135253,-0.29322802795333364,-0.01879787536882247,-0.015370321844414817,2.656385687529648,-0.3221371467784982,-0.4481057212029582,0.05965167031905841
298.6,-0.29649169787116897,0.14908907089717627,2.437923955083162,-1.9834888937888036,1.013973004665581,-0.46719429972461957,-0.051766985390783546,-0.06023536169988308,2.6690198540138996,-0.3231702250294315,-0.4534522470679678,0.16181941903206595
298.70000000000005,-0.49331313918166014,0.24692918111152726,2.3817103256353236,-1.9496397364224642,0.9366881181175372,-0.6595468752442575,-0.08525449199311755,-0.10303456881617938,2.6937137977049366,-0.3013703568720206,-0.4301229175352224,0.2728931801420083
298.8,-0.685765295389657,0.3352572490684403,2.30564689085226,-1.8961666785352138,0.8243666496309653,-0.8629150097746519,-0.1179969851229328,-0.14011290572461751,2.731489106933951,-0.25698468528540563,-0.3806687865364999,0.4015889085591335
298.90000000000003,-0.8719080996394202,0.4107825141833368,2.2090207186303163,-1.8235488143694667,0.6814860786300162,-1.069476620725832,-0.14879241209271224,-0.168218765854498,2.7839497399889876,-0.19340606134288482,-0.3132380718349122,0.5560819625584922
299.00000000000006,-1.0498591031441342,0.47072457995794037,2.091910704852429,-1.7324585414172433,0.5137421604461829,-1.2712700401198171,-0.1766331399598329,-0.18495806878794746,2.8533137672928515,-0.11601298818057788,-0.23959308305497923,0.7431017186220894
299.1,-1.2178125123069143,0.5129242577082543,1.9551856595099233,-1.62375537512666,0.32782185454674917,-1.4605113359187114,-0.20067817323508283,-0.18904507220632338,2.942379334759461,-0.030936635308535684,-0.172481022048207,0.9668147026899705
299.20000000000005,-1.3740575119885652,0.5359296446991821,1.8004709097641132,-1.4984778681569488,0.13113673658215502,-1.6299045516404216,-0.22009062304602223,-0.1803971105003537,3.05430174610565,0.05539775571544371,-0.12342855539925446,1.2263265143628534
299.3,-1.5169956890007898,0.5390540050220414,1.6300847509721317,-1.357833709824419,-0.068472477725943,-1.7729324960103905,-0.2338535205760366,-0.16022458472751794,-3.0912075992302093,0.13586667301211722,-0.1010986371404303,1.510641066903621
299.40000000000003,-1.6451573784024442,0.5224031456876789,1.4469472787613014,-1.2031880998763973,-0.26304851715849836,-1.8841164898086333,-0.24076649945529696,-0.13122846305037703,-2.926353043961412,0.20208777689439952,-0.10963192873632598,1.7923770324995338
299.50000000000006,-1.757216765473686,0.4868711965361955,1.254465236321845,-1.0360505083385663,-0.44483478627098705,-1.9592347146431877,-0.2398873249260242,-0.0977480999656856,-2.7360379964266275,0.24499597118117641,-0.14670762816938257,2.0276316614163554
299.6,-1.8520055882584192,0.4341049622053437,1.05639746727661,-0.8580599497099628,-0.6065845963564745,-1.9954904587955185,-0.23146412563934343,-0.06528016257147762,-2.5262337026184456,0.2575776290472701,-0.2025944463269257,2.173028658909259
299.70000000000005,-1.9285252991653195,0.3664382673317183,0.8567063376827999,-0.6709689150736717,-0.7418500680358938,-1.9916235527240467,-0.21770991085290575,-0.038876955761449866,-2.3060665024960785,0.23857044880075548,-0.2625391908068731,2.215902818660568
299.8,-1.985957559182249,0.2867989124351209,0.6594010500848552,-0.47662611958465767,-0.8452391878402394,-1.9479605516613225,-0.2024158509894777,-0.021135181746635076,-2.0842448297360305,0.19358177931854292,-0.31236089803233824,2.187881078546901
299.90000000000003,-2.0236729546371364,0.1985919498603051,0.4683790957723992,-0.27695823514267304,-0.9126307707519623,-1.8664016646987829,-0.1894704973311139,-0.011373014270467604,-1.8654357417028824,0.1321627671543943,-0.3431012115132018,2.1443414666689438
300.00000000000006,-2.0412378439655567,0.10556393319727841,0.2872721656226933,-0.07395078874347064,-0.9413387588251613,-1.7503449514696747,-0.18152232348063813,-0.006431990776218752,-1.6491944791669702,0.06386754714232365,-0.3516226025715049,2.1327442787257205
300.1,-2.0384192604564704,0.011653552126218672,0.11930266215262708,0.13037158410812383,-0.9302193058188183,-1.6045508084818112,-0.17949396143209265,-0.0020739523064463175,-1.4315518502033766,-0.0035243118166491164,-0.33856193996008555,2.174254142702659
300.20000000000005,-2.015187816251678,-0.07916539259507653,-0.03284346723042131,0.3339653345174108,-0.8797163787155727,-1.4349521476137581,-0.18260811939200067,0.0058399871167701565,-1.2079740554213285,-0.0635326973341629,-0.30652297613993373,2.2569287344309137
300.3,-1.9717185727855822,-0.16304241390900404,-0.16712250646463578,0.5347884423804321,-0.7918440581379829,-1.2484178343702113,-0.1885342366492556,0.020303050585934547,-0.9767918921785361,-0.10994894749863268,-0.2598702073976951,2.3339949794049377
300.40000000000003,-1.908389863168043,-0.23640384710649756,-0.28221314002043496,0.7308209011045697,-0.6701062432882939,-1.0524788168733192,-0.19388299641545542,0.04202790171033701,-0.7420863550875144,-0.13705735788400558,-0.20561788584644883,2.336963179910069
300.50000000000006,-1.8257800725337059,-0.2960953224389799,-0.37756781936698597,0.9200850393333205,-0.5193569625232106,-0.8550278639729693,-0.19545892023342884,0.06881300490731392,-0.5138818639868461,-0.1417416520184036,-0.1533776043244943,2.215260063661074
300.6,-1.724662402898025,-0.339507521761819,-0.45343327932932254,1.1006654752003466,-0.3456068585393624,-0.6640048829735853,-0.1917053563208065,0.09644591026507923,-0.3042490949754819,-0.12548933013788338,-0.11272279713548541,1.9750476578381364
300.70000000000005,-1.6059976693699236,-0.36468020568797876,-0.5108393868397105,1.270728501746257,-0.155783562994522,-0.4870803623722497,-0.18299171491006716,0.12074263840480887,-0.12198521422517984,-0.09351344790918238,-0.08975243855509266,1.670216706186983
300.8,-1.4709251944678634,-0.37038036401757546,-0.5515567670746193,1.4285407072767422,0.04254448632639307,-0.3313495597514881,-0.17062406876062972,0.13892759880344951,0.0297729805377924,-0.05172539918884311,-0.08611595357919943,1.3589492464316377
300.90000000000003,-1.3207518865655279,-0.3561513738326534,-0.5780248967193693,1.5724866415754437,0.24146977526509383,-0.20304962658967646,-0.1557867270855464,0.14964592531287974,0.15236898765400314,-0.00453519455075024,-0.10052684078067273,1.076246463325189
301.00000000000006,-1.156939606968858,-0.32233120547871474,-0.5932535314813173,1.7010853479312806,0.4330609609472123,-0.10731094733356149,-0.13911676525708674,0.15236269080831394,0.24928384084617006,0.04549971397829785,-0.13055613255008128,0.8339576623742343
301.1,-0.9810909475967484,-0.2700389506182431,-0.6007013980535184,1.813005591831696,0.6096790694165558,-0.04795260605603294,-0.12074208284067721,0.1468745459289424,0.32440097347701763,0.0970144830339655,-0.1734852232006294,0.6308722562576425
301.20000000000005,-0.7949335575382516,-0.20113020943974372,-0.6041369871264797,1.9070796297869075,0.7642820374432718,-0.027330134797040023,-0.10046327481657828,0.13311142982517882,0.38116174147982773,0.14897906361961202,-0.22627706534718925,0.46087355793230494
301.3,-0.600303171714604,-0.11812311559431984,-0.6074869976154813,1.9823153759762704,0.8907054573842015,-0.04624161337700178,-0.07793618512405653,0.11115866482998607,0.42229312580860173,0.19992816156424148,-0.2850731739828256,0.3170758125330828
301.40000000000003,-0.3991255083284492,-0.024097948010883774,-0.6146784745855319,2.0379068401054563,0.9839083326860655,-0.10389586418124874,-0.05283646509495268,0.08141189475531484,0.44979592074984814,0.24734272639952146,-0.34459497070821893,0.19324769574544495
301.50000000000006,-0.19339721360922946,0.07742566824846496,-0.629480934758182,2.073242726871694,1.0401740465325369,-0.1979440098829645,-0.025018314883442225,0.0447970935733297,0.4650175392513074,0.28730642299860437,-0.39785208984132153,0.08381274077185136
301.6,0.01483395758111337,0.1826290764797148,-0.6553547739862268,2.0879131055980924,1.0572585316514918,-0.3245731359898336,0.0053391473122519585,0.0029795451448543717,0.4687313654890773,0.31470049083138824,-0.436629875880375,-0.01680269826034591
301.70000000000005,0.223489528519494,0.28754682427848577,-0.6953120006372842,2.081714077726294,1.0344797342185903,-0.4786583241753918,0.03763885572426421,-0.04154042035458366,0.4611938172136244,0.3241799856186866,-0.45308767168848973,-0.11492392511958496
301.8,0.4304810517660626,0.38822475176463644,-0.751794847427786,2.0546503897678208,0.9727448052140881,-0.6539669952941851,0.07088363883930754,-0.08554711515339034,0.4421712184280307,0.31178567540408847,-0.44220932923196893,-0.21796719947621687
301.90000000000003,0.6337310174623965,0.48087762961273073,-0.8265771014959302,2.0069359598062797,0.8745139351991553,-0.8434074155596314,0.10382815858426099,-0.12547800789841881,0.41093712420274037,0.2764394807555159,-0.4040288834824666,-0.3340589649044462
302.00000000000006,0.8311937094081994,0.562040062355896,-0.9206920867916324,1.938992306512207,0.743702274305418,-1.0393114587116499,0.13520863921919152,-0.1579505602230385,0.36624620798209945,0.22040009520446568,-0.3443178044295621,-0.4711315333335931
302.1,1.0208757994952393,0.6287046409259403,-1.0343901703194,1.8514448906700913,0.5855238475777311,-1.2337403513263556,0.16393393065675338,-0.18026666786132806,0.30629974264166204,0.14845230795538902,-0.2732902926674168,-0.6360173631512254
302.20000000000005,1.2008564731240496,0.6784418367233008,-1.1671274867442802,1.7451174002128864,0.4062836882727947,-1.4188012121502982,0.1891419733548286,-0.19074177585393395,0.22873714370851414,0.0665653065466419,-0.20314159975928683,-0.833703492959629
302.3,1.3693068823688037,0.7094968574183638,-1.317586331291276,1.6210240305022,0.21312647610436575,-1.586961766016378,0.21010927712630836,-0.18883319987446828,0.13072663637861254,-0.018996449362910443,-0.14564886104012567,-1.066084250829015
302.40000000000003,1.524508729851763,0.7208596031497564,-1.483726408353881,1.4803598318692086,0.013751701432566654,-1.7313506856747773,0.2260841540753024,-0.17516843884553948,0.009289164428816025,-0.1016855299527006,-0.11042133955258529,-1.329059099402287
302.50000000000006,1.6648717944717064,0.7123049341860416,-1.6628648931036838,1.324489216045619,-0.18389328909481578,-1.8460315878347675,0.23617709834914488,-0.15160914807838202,-0.13795895324474927,-0.17413850479642104,-0.1035208577100188,-1.6075960842884631
302.6,1.788950220244214,0.6844016447067393,-1.8517821147080362,1.1549327318543436,-0.3719301281500127,-1.9262397600411896,0.2395000831899944,-0.12137159886878511,-0.311548896579207,-0.22801159114016334,-0.12592514980657643,-1.8716085023052578
302.70000000000005,1.895457401439068,0.6384897849459618,-2.0468486483095507,0.9733522382175727,-0.5428635133450002,-1.9685721808080217,0.23572136409404063,-0.08893466480200687,-0.508755259107925,-0.25531506507923535,-0.17208299842521946,-2.0805770435378634
302.8,1.9832793108397948,0.5766272357936376,-2.2441687494150893,0.7815346189877083,-0.6898800212597634,-1.9711232574820952,0.22586703860835375,-0.05922449619094688,-0.7231884172985037,-0.2514793466532257,-0.23019553936683965,-2.203362755746569
302.90000000000003,2.051486133167316,0.5015076657559179,-2.439734412825793,0.581374199142652,-0.8071197371092416,-1.9335608703721623,0.21264452647492874,-0.03598633502445238,-0.9465709514168658,-0.2181160517393529,-0.2857409730436649,-2.241800609172494
303.00000000000006,2.0993420823480435,0.4163531410724328,-2.6295839146607562,0.37485403536961626,-0.8899098710284842,-1.8571396914768157,0.19967798407373855,-0.020315347017429052,-1.172125808288302,-0.16261403567998514,-0.32665308919362807,-2.232606057662527
303.1,2.1263132992157643,0.3247856702856665,-2.8099585173084876,0.16402626583087274,-0.9349510474342556,-1.7446512468080886,0.1901290879846128,-0.01048142113502373,-1.3971253709689468,-0.09483192872945731,-0.34633231573159023,-2.223543900065249
303.20000000000005,2.132073745227006,0.23068280437512337,-2.9774510903665283,-0.04900828614209454,-0.9404488406928214,-1.6003127131388921,0.1857026526250856,-0.0029447479144496225,-1.622860823630765,-0.02408246658789156,-0.34319711843453204,-2.2465487240514683
303.3,2.1165090276625866,0.13802304922399428,-3.1291407229144648,-0.2621210516599882,-0.9061853131821556,-1.4295988824678592,0.18633351958903915,0.0063094440191982,-1.8523688691477296,0.04168567565095932,-0.3188900638434219,-2.3025862667631407
303.40000000000003,2.0797181123818125,0.05072725333412842,-3.262707960945649,-0.4731769904278731,-0.8335277037520497,-1.2390239932147538,0.19027700609574213,0.020528637924247,-2.087112017061571,0.09532802785374683,-0.27738892344814103,-2.357559972846408
303.50000000000006,2.022012901285915,-0.027497705837798203,-3.3765260761894287,-0.6800559867456231,-0.7253739202005332,-1.0358821258177977,0.19457895154538485,0.04101666481596929,-2.3239607680843983,0.13048900996352264,-0.2253591781137368,-2.353194270980238
303.6,1.9439156730237837,-0.09330670519189399,-3.4697247281074555,-0.8806741528766608,-0.5860370088094704,-0.8279565123052859,0.19617479158176757,0.06641130261152647,-2.5544388168649017,0.143238669203071,-0.17214713453840724,-2.240618485225338
303.70000000000005,1.8461544069214608,-0.1438497372892632,-3.5422234814431266,-1.0730048256574232,-0.4210732067740551,-0.6232093487168706,0.19324634009724617,0.09324768344269777,-2.7676340322269475,0.13403958086218887,-0.12762137267178636,-2.017212956582883
303.8,1.729656031422644,-0.17688553295445736,-3.5947338434575395,-1.2550990447297175,-0.23706043253449816,-0.4294644765397232,0.18572031937560962,0.11767204787524826,-2.954913963373584,0.10739789550023104,-0.0988488689308756,-1.7261889483606618
303.90000000000003,1.5955376592727153,-0.19087091540220102,-3.628729740010435,-1.425105305425109,-0.041336044899147883,-0.2540955836086439,0.17457665255004165,0.13685700904536688,-3.112595176535137,0.06918241870953372,-0.08860273927940825,-1.4213120527907404
304.00000000000006,1.4450958920595218,-0.1850223236205084,-3.6463876078774327,-1.5812883860599656,0.15829567432200808,-0.10373235488115745,0.16088006904868626,0.1492557214878402,3.041819540614019,0.024207394446606762,-0.09639849543490904,-1.1387710679478793
304.1,1.2797942963231015,-0.1593470522677226,-3.650498491999474,-1.7220470581716305,0.3538746524315707,0.01600371211378153,0.1452812091447615,0.15416073587116758,2.9389176220935505,-0.024504562150143475,-0.1202459370695104,-0.8932004664621394
304.20000000000005,1.101249172075879,-0.11464296264682855,-3.6443556524317016,-1.8459304989357839,0.5376023688501681,0.10072329498884774,0.1279675737517327,0.15124544105557514,2.858195016277039,-0.07529306040703662,-0.15770710561640106,-0.6855728687101401
304.3,0.9112137520383847,-0.0524666762800684,-3.6316221621022953,-1.9516532375641427,0.7021527575477832,0.14744410773140712,0.108795445426514,0.14033488666438135,2.7962377635832114,-0.12708107614507358,-0.20608464783904745,-0.5110034753787951
304.40000000000003,0.7115609860116856,0.02492848089498001,-3.61618377419501,-2.0381084817663173,0.8409642742047871,0.15470966433579714,0.08744788324522812,0.12138401567019635,2.7502545483263248,-0.17861605104822453,-0.26205814425044144,-0.36319702213461863
304.50000000000006,0.5042650794242155,0.11468230973799684,-3.6019929252161926,-2.104379686222401,0.9485014843036094,0.12264721014646905,0.06358390787982439,0.09459322619118557,2.718134025307954,-0.22781858858505236,-0.32110798986583705,-0.23624465454565682
304.6,0.2913819680366682,0.21344176324090663,-3.592910093194019,-2.1497502423126233,1.0204757434618148,0.0529625114184165,0.036986930080655095,0.060604199748465475,2.6983931793985527,-0.27132355150089815,-0.37707337928188495,-0.12491887183275642
304.70000000000005,0.07502892194969749,0.3174946201549461,-3.592548835898521,-2.173711186902985,1.054016172176771,-0.051128289135460324,0.00771288672913615,0.020715249174093626,2.690103954724663,-0.3044301743939592,-0.4222754138173425,-0.024205914762494275
304.8,-0.14263651869385632,0.42291747776329947,-3.6041306872522765,-2.1759668476174245,1.0477841087584163,-0.18502703405754403,-0.023791870184703464,-0.022970899427747146,2.6928333577368515,-0.3217464828563146,-0.44862385538945077,0.07142858599214257
304.90000000000003,-0.35943806668699996,0.5257321637959842,-3.6303556970843784,-2.1564383625396535,1.0020264775735268,-0.34293701269543664,-0.05665938173768147,-0.06757179277860818,2.706608534070597,-0.3185857112589187,-0.4497441346772769,0.16855527435165418
305.00000000000006,-0.5732024546339077,0.6220643318358346,-3.673293775722687,-2.1152650334763092,0.9185659449774362,-0.5180942085044618,-0.08970035447637632,-0.10969118686684719,2.731908519077172,-0.29261005006919266,-0.4233938629870463,0.2746679204919476
305.1,-0.7817812279392976,0.7082979175186936,-3.734301175493226,-2.0528034935690456,0.8007282553854458,-0.7030371129534245,-0.12161569183127868,-0.14589041659882895,2.76967954468749,-0.24478650677752134,-0.37287249865544525,0.39742536304181214
305.20000000000005,-0.9830723452970743,0.7812192978458419,-3.813965439058651,-1.9696246919473954,0.6532096443649538,-0.8899043493528923,-0.15122271604263016,-0.17321537975014936,2.821365357893835,-0.17905886865945714,-0.3065301551652185,0.543709471834423
305.3,-1.1750413694302173,0.8381454064314589,-3.912081009642536,-1.8665087200498558,0.48188961457109586,-1.0707482412290836,-0.1775842404846983,-0.18960218771627946,2.88893292383354,-0.10109851101485086,-0.2356902037214205,0.7189372900481567
305.40000000000003,-1.3557420343902884,0.8770306971355624,-4.0276564757853075,-1.7444375259828016,0.293596538556573,-1.2378518242114307,-0.1999919411824191,-0.19407334124049297,2.974850915052227,-0.01710536011061025,-0.1721537708921257,0.9264233364712635
305.50000000000006,-1.5233359814267593,0.8965486917788188,-4.158953162106142,-1.6045855846235315,0.09583543313439857,-1.3840366631123329,-0.2178407975499525,-0.186767418080514,3.0819375483234626,0.06663877193211677,-0.12622411546741896,1.16591326547489
305.6,-1.6761114632545315,0.8961448608899365,-4.3035535278703945,-1.4483086118796895,-0.10351124193153577,-1.5029492024513242,-0.2304893675685814,-0.16892270818135408,-3.0702435410043982,0.1434713237201626,-0.10535085695939733,1.430414647074311
305.70000000000005,-1.8125008263869171,0.8760587292968265,-4.458456646816541,-1.277130431392618,-0.29649783269523466,-1.5893142344741193,-0.23723947533426085,-0.14290689270703724,-2.9134743298930617,0.2059071191487579,-0.11292114935770468,1.7018513010592369
305.8,-1.9310965929817563,0.8373143252813802,-4.6201969620434395,-1.0927281208090593,-0.4754322591487511,-1.6391453796391682,-0.23759057704909997,-0.11222550725483166,-2.7312089897511584,0.24599734661454345,-0.1469152327060134,1.949513856508139
305.90000000000003,-2.0306659772549103,0.781679354059958,-4.784981581852774,-0.8969155823492775,-0.6331826741511388,-1.6499041883225745,-0.2318172142792481,-0.08119268553654067,-2.526880744113819,0.257264221775477,-0.1991362148698846,2.1384340875247507
306.00000000000006,-2.110163686806265,0.7115947232142597,-4.948840643263723,-0.6916256986022665,-0.7634617876392342,-1.6206015207980449,-0.22154589367690947,-0.05391395923753967,-2.3068656263761866,0.237671034556397,-0.2566241392545319,2.249066285122699
306.1,-2.168742876045312,0.6300772296710104,-5.107784748945621,-0.4788912490949071,-0.8610775210138822,-1.5518371637339163,-0.20967888893302739,-0.03282474407889847,-2.0783516101845123,0.19127372298467663,-0.3057398319976241,2.2930845774264093
306.20000000000005,-2.2057641371151293,0.5405992877934735,-5.25796320131449,-0.2608247760796978,-0.9221399989008473,-1.4457761037609287,-0.19943263573969422,-0.01776961371755046,-1.8464433407486216,0.1267625262794088,-0.33650881853843256,2.3066898026435623
306.3,-2.2208024331265603,0.446950493446869,-5.39581672574861,-0.039597599019488255,-0.944216626177951,-1.306062403949022,-0.19312878752937368,-0.0062979936438819035,-1.6127087532579478,0.05429993785793602,-0.3443143598031737,2.3258707421611864
306.40000000000003,-2.2136518989325205,0.3530865430404137,-5.518218594580269,0.18258181370022,-0.9264290678377641,-1.137674116602719,-0.19145958856649403,0.005173182866522121,-1.3762088105520096,-0.016601868420456335,-0.3290377965976534,2.363381168954681
306.50000000000006,-2.1843284558912326,0.2629715306683829,-5.622598525931819,0.40348990031037557,-0.8694882654037605,-0.9467250164835217,-0.19335168788913226,0.019975639795913845,-1.1363163801007206,-0.07746407723263571,-0.29386584577843367,2.3984624600959177
306.6,-2.1330702088800053,0.1804199104643946,-5.707044418176673,0.6209102680993117,-0.7756660939066025,-0.7402210586649738,-0.19635284383900764,0.039890391544003895,-0.8957587839338876,-0.12094985019878633,-0.24505149008407537,2.3839699235866187
306.70000000000005,-2.060335616005643,0.10894442463156506,-5.770377864418837,0.8326559397685963,-0.6487047893668061,-0.525781270213826,-0.19761453592576886,0.06430178660989183,-0.6618534435391066,-0.1421706985735931,-0.1917316676786359,2.274956704764718
306.8,-1.9667994437959093,0.051616059778614054,-5.812200436688535,1.036591360318406,-0.49366775762529536,-0.3113342028017181,-0.19517046994063517,0.0904747761661359,-0.44446074904930366,-0.1405373396295166,-0.1440575022376972,2.0632631206003595
306.90000000000003,-1.8533465429196243,0.01094161465973692,-5.83290889486324,1.2306539429267802,-0.3167377123013328,-0.10480204765586751,-0.18858338139913203,0.11496229230024206,-0.251906297563504,-0.11978862459914777,-0.10999669171006873,1.7831945866481431
307.00000000000006,-1.7210635014537419,-0.011236239692676508,-5.833678714189567,1.4128749363571196,-0.12497018948252714,0.08621499387364147,-0.17851465173767003,0.13498638288128395,-0.0882214008816976,-0.08564605295112189,-0.0934362882182194,1.48374300526404
307.1,-1.5712282541640303,-0.013812423156314868,-5.816416588313705,1.581399402707223,0.07398773426352057,0.2547415010501093,-0.16587644477394958,0.1488743755372504,0.04675214858417058,-0.04325876250775028,-0.09475125919859936,1.2012764097368134
307.20000000000005,-1.4052977469833816,0.003536495717951671,-5.783683801568767,1.7345051027193803,0.2722023067300466,0.39470471454465794,-0.15129747038043817,0.15577430823073501,0.1556640799959853,0.003888806390529592,-0.11244904823636487,0.9525547736902774
307.30000000000007,-1.2248937756436549,0.040339403811789576,-5.738593525611027,1.8706200963410005,0.46176939376408854,0.5011764291250997,-0.13500137628965453,0.1552462791842118,0.24201520489963327,0.05379655753278521,-0.14438623272885773,0.7404788316190798
307.40000000000003,-1.0317871360399138,0.09534942353261261,-5.684686135046338,1.9883388786559055,0.635129592182248,0.5705692548115973,-0.11688906289894273,0.14701900695452633,0.309183297208471,0.10527057521782046,-0.1881637694677217,0.5613380046197773
307.50000000000006,-0.8278802411975978,0.1665936201915092,-5.625787512991819,2.0864368855703983,0.7853695993505728,0.6007794222531359,-0.0966696806385248,0.13093332649024886,0.36001209287111835,0.15718874891029755,-0.24091547862574594,0.4094199757123901
307.6,-0.6151883754905664,0.2514516549889323,-5.565855995651337,2.1638832196053506,0.9064978247736108,0.591270439194703,-0.07399256836749353,0.10702173065289212,0.3967111026108728,0.20783428543274943,-0.2987906103664151,0.27911005495558844
307.70000000000005,-0.3958197708553449,0.34676024796290517,-5.508824057900424,2.219851463657514,0.9936832559305402,0.5430942629859095,-0.04858278257742781,0.07567731102566162,0.4208854678057966,0.2543578193830333,-0.35642883409848747,0.16545279572246238
307.80000000000007,-0.17195470203361357,0.44893928629032964,-5.458441051531399,2.253728469471029,1.0434480555287988,0.4588491451197987,-0.02038523573240342,0.03786503670003931,0.43360167010415634,0.2925336311192866,-0.4068041284451161,0.06387619787009904
307.90000000000003,0.05417619179987257,0.5541345504025509,-5.418123265833259,2.265121027628916,1.0538062119324665,0.34257582847754914,0.010301802941141676,-0.004695241967260586,0.43544820179826876,0.3170950232182169,-0.4418814454914132,-0.03047617979120615
308.00000000000006,0.2803141433887464,0.6583713678749858,-5.390817288258057,2.253860346923719,1.0243427152091773,0.19959623563821294,0.042754089286143576,-0.04947307316917234,0.4265762843874138,0.3228494334534717,-0.4543352037460651,-0.12337783670187598
308.1,0.5041948299623052,0.7577130693944187,-5.378882112684302,2.2200042927954797,0.9562301022968807,0.036301079313717954,0.07586714179599532,-0.09329009867471522,0.4067168887222087,0.30632439130182615,-0.43995002237655795,-0.22166413754755676
308.20000000000005,0.7235710563439857,0.8484179296660526,-5.383994695373591,2.163837356911867,0.8521817116866401,-0.14010513771916716,0.10833311187128514,-0.13271529475639243,0.3751751793493023,0.2671235314953208,-0.3995813859008778,-0.33268163655492583
308.30000000000007,0.9362353212611347,0.9270883365200058,-5.407082723924333,2.085868352687736,0.7163435112102327,-0.3218915670675967,0.13888112523619786,-0.16458702787272547,0.3308071818436986,0.20814382652298885,-0.339493547572931,-0.4633432570887106
308.40000000000003,1.1400420401444349,0.9908062413169919,-5.448287279622367,1.9868258543704314,0.5541288114167078,-0.5011094439787982,0.1664658771430799,-0.18648314697858534,0.2719898209804562,0.13459396502987508,-0.26984927471169157,-0.6193509964714475
308.50000000000006,1.332929200600843,1.0372494906724308,-5.506956881826322,1.8676514200253491,0.37200245399392523,-0.669909205228913,0.19032370052940253,-0.19700145204708602,0.196608850860573,0.05262527319619781,-0.20226336929365424,-0.8047597164078619
308.6,1.5129392318993489,1.0647844017199204,-5.581673151914238,1.729490661114504,0.17722307896300127,-0.8208536530814136,0.2098991056797067,-0.19583384775855794,0.1021148364437677,-0.03152291986648961,-0.14757329759859159,-1.0213482663819002
308.70000000000005,1.6782388771767422,1.0725308902313007,-5.670307073740736,1.5736822431398845,-0.022446254363179707,-0.9472146803852401,0.22471145564607814,-0.1837223074959151,-0.014262556771394626,-0.11156090158177541,-0.11431934427976644,-1.2669041543169612
308.80000000000007,1.8271378665686158,1.0603975551398936,-5.770103607757877,1.4017449228118026,-0.219047556025185,-1.0432417272433971,0.23426237428058425,-0.16240834842296992,-0.15501409034813882,-0.18071177034816144,-0.10767675844289759,-1.5319948043930105
308.90000000000003,1.9581062010306427,1.0290853207582675,-5.877791285576391,1.2153627471741144,-0.40474516533297156,-1.104391266660712,0.23810205151318836,-0.13461269712415866,-0.3214722780438811,-0.23152922251500355,-0.12837454150170452,-1.796603951266448
309.00000000000006,2.069789870103688,0.9800594914863868,-5.989712415844508,1.0163685588832718,-0.5721381338997608,-1.1275081702270033,0.23615486335606428,-0.10391144380018331,-0.5127114007660885,-0.2568037289920217,-0.1716469763095047,-2.0311387621498604
309.1,2.161024842177043,0.9154913331011859,-6.101968710605218,0.8067259691973598,-0.7145552780670873,-1.110951723284503,0.22923775862957158,-0.07420867779827796,-0.7248845946879254,-0.25187249526608024,-0.22723216526613896,-2.207129592434183
309.20000000000005,2.230849182764498,0.8381715095966354,-6.210576526521889,0.5885099760035116,-0.8263211379143772,-1.0546612656791081,0.21937033266999656,-0.04865390626442443,-0.9519260236611778,-0.21718531989219886,-0.28169398844061316,-2.314540491485814
309.30000000000007,2.278513174754213,0.7513988265751189,-6.3116255320371,0.3638864182499283,-0.9029822399038608,-0.9601588411313604,0.20938370434732886,-0.028466106462541465,-1.187721116290027,-0.15891150189101633,-0.3226012455914925,-2.3698016716362997
309.40000000000003,2.303487334356462,0.6588487166392369,-6.401434474944312,0.13509047028433366,-0.9414846427854255,-0.8304887495310114,0.20188754961324934,-0.012517634793091504,-1.4282824170596813,-0.08689149396645153,-0.3419436686369237,-2.403057288915503
309.50000000000006,2.3054682373450115,0.5644267098567401,-6.476697840439593,-0.09559561026988875,-0.9402956885651923,-0.6700964119400075,0.19825121679245566,0.0020001046861181275,-1.6721136936507714,-0.01186975494884116,-0.33697504224789904,-2.43403900779105
309.6,2.2843820919701026,0.4721127309693377,-6.534617552881511,-0.325865259465928,-0.8994651047111843,-0.4846513775008293,0.19812701477430325,0.0182546265066481,-1.9183757727606803,0.05607216826408488,-0.3094415540698412,-2.4546012764757235
309.70000000000005,2.2403860173926247,0.3858024307230346,-6.573014470741424,-0.5534106813909156,-0.8206230216441313,-0.2808215283300106,0.19964280430344628,0.03834855864145536,-2.164119039257742,0.1082100024621459,-0.2649337417781213,-2.4296078225319993
309.80000000000007,2.1738670094268273,0.3091518769407681,-6.590415229798404,-0.7759459889760681,-0.7069149845498148,-0.06600748406355278,0.20025528303562884,0.062307470575784264,-2.4027134853772223,0.13842639035864476,-0.21237190459205135,-2.3201397565109683
309.90000000000003,2.085438598553465,0.24543179701272194,-6.5861109724155185,-0.9912301791051703,-0.5628765503867177,0.15195220556947497,0.197957198575666,0.08808903732376526,-2.6251434367164914,0.14496410297955392,-0.1622115376451124,-2.115511266849385
310.00000000000006,1.975935228344425,0.19739718269705936,-6.560185621538403,-1.1970897109834202,-0.3942524695102857,0.36509332717678056,0.19203126442017804,0.11270096293178555,-2.8234381757174885,0.13071599688119584,-0.12330825445394138,-1.8431890101679758
310.1,1.8464044053914854,0.16717745567634434,-6.513512572206396,-1.3914404601744446,-0.2077676605731229,0.5656432801315031,0.1828451745251144,0.13350013559261528,-2.993369375861508,0.10116720493334963,-0.1006770542865506,-1.5476041254688009
310.20000000000005,1.6980966943205618,0.15619157262152517,-6.447719932452699,-1.5723088264582648,-0.010859109206838968,0.7463307142664524,0.17114003801036196,0.14875489491717458,-3.1346862899216177,0.06174346247674672,-0.09561260139980177,-1.2646288150122607
310.30000000000007,1.532453653280459,0.16509145425760208,-6.365125699299808,-1.7378517816403496,0.18862062115813938,0.9006751846267498,0.15749320249479695,0.15750342035539033,3.0334792049333275,0.016388150865987137,-0.10718205269202714,-1.0125549915933187
310.40000000000003,1.3510938261882843,0.1937359937349225,-6.268645454141255,-1.88637565359984,0.3827164462492726,1.0232452757360324,0.14214123669742615,0.15920739050309662,2.941425047746031,-0.03251962210233914,-0.13356078757244796,-0.7959195616810948
310.50000000000006,1.1557969277930114,0.2411966805107601,-6.161676257359132,-2.01635345508327,0.5636879050911847,1.109874904848358,0.12501614900045696,0.15350870882198328,2.868993787680842,-0.08360631321247577,-0.17262246577996582,-0.612084690324845
310.6,0.9484863760757096,0.30579461553444376,-6.047961370881517,-2.126440579925993,0.7243177477903773,1.1578291809306893,0.10584849051800435,0.14014766998049252,2.8132944697932944,-0.13580506363262976,-0.22188671474361343,-0.4558894073940497
310.70000000000005,0.7312103434476206,0.3851674420579246,-5.931441201704126,-2.2154887053758063,0.858199664546829,1.1659132071758718,0.08428089120479,0.11901114645955531,2.772026969156014,-0.1876856063763801,-0.27808519529092657,-0.32198221742483224
310.80000000000007,0.5061215134767965,0.4763635237507631,-5.816096408723095,-2.282557756837018,0.9599936850417771,1.1345194895044894,0.05998909742851583,0.09027437805182013,2.743473393499712,-0.23686355034113846,-0.3366044870883339,-0.20561570943656
310.90000000000003,0.27545574329084177,0.5759596155362156,-5.705789427638925,-2.3269258104895996,1.0256390662365058,1.0656120611019755,0.032818095911976264,0.05460134252667628,2.726440863283134,-0.2796067687717644,-0.39112546588708746,-0.10255762293566133
311.00000000000006,0.04150984325041775,0.6801973359830724,-5.604110731754027,-2.3480968296629494,1.0525161814160884,0.9626479559662457,0.0029236324036417747,0.013349359428109952,2.7202014436942608,-0.31089662618330205,-0.4338878446195321,-0.008519866188045266
311.1,-0.19338130516725663,0.7851330005292229,-5.514235957672563,-2.3458061523658444,1.039550956472858,0.8304391621411095,-0.029121936192947877,-0.03130967719599628,2.7244472909740907,-0.32523107038541144,-0.45696485740139625,0.08153586209338588
311.20000000000005,-0.4268680651941999,0.8867948421604184,-5.438799591754026,-2.3200236697742262,0.9872576898851139,0.6749605581939839,-0.062321952988466524,-0.07645346364826339,2.7392666015588945,-0.3181533698975169,-0.454485464910609,0.17377228065790032
311.30000000000007,-0.6566095613471301,0.9813413516502137,-5.379790252942151,-2.2709546585336278,0.8977185492931911,0.503111489977454,-0.09538611773383929,-0.11871466297800337,2.7651406814543726,-0.287886458392556,-0.4249584362424359,0.27517665726217566
311.40000000000003,-0.8802971612575139,1.0652144248370217,-5.338471746601636,-2.1990382532150683,0.774500562079904,0.3224404929258208,-0.1269659607283426,-0.15477254971386514,2.8029595568326635,-0.23610457411424865,-0.37240057890691664,0.3926781887993336
311.50000000000006,-1.0956776870732268,1.1352812114387505,-5.3153330365814115,-2.104943568934367,0.6225134092785154,0.14084413441070087,-0.15588908873140267,-0.1818696860502618,2.854049820374444,-0.16736617535309495,-0.30553794509443055,0.5322355444129888
311.6,-1.3005761229326966,1.1889590103402128,-5.310069129836978,-1.9895635077706777,0.4478136921175657,-0.03374801756835977,-0.18128564550928514,-0.19818172165939404,2.920200757672307,-0.08772638224212519,-0.23557968409026772,0.6983540683664814
311.70000000000005,-1.4929175895505522,1.224318232173344,-5.321593635550837,-1.854006305957819,0.25736347447572766,-0.19368973998730554,-0.2025738052400972,-0.20296484518786428,3.0036593386301744,-0.0035266685845097194,-0.17377314425298523,0.8938558320237502
311.80000000000007,-1.6707483637908154,1.2401593243959,-5.348082497921669,-1.6995849016444848,0.05875272739956283,-0.3319232029222733,-0.2193508664941322,-0.1965266762625604,3.107037544981813,0.07903288750204741,-0.12959886971049978,1.1191640732905217
311.90000000000003,-1.8322557302004525,1.2360605921094519,-5.387047158989423,-1.5278042250853303,-0.14010325905687104,-0.44226055882356374,-0.23127431048016875,-0.18012803008922945,-3.0501460520414705,0.15362750700083794,-0.10965288848144675,1.3703673218173351
312.00000000000006,-1.9757864627218036,1.2123950081509987,-5.435434234574702,-1.3403465342213132,-0.3312794334346315,-0.5196308467940745,-0.23802514976841582,-0.15589952349523695,-2.899289145707265,0.21339897829605264,-0.11677214304012357,1.6361463161844758
312.1,-2.0998637481049363,1.1703153422931651,-5.489747729409458,-1.139054938514475,-0.5071569296277039,-0.5602823685102887,-0.23944436027789298,-0.12675571857540915,-2.722701179883999,0.2511421697315599,-0.14908643243638278,1.8956034924038556
312.20000000000005,-2.203202377768359,1.1117082024047096,-5.5461889189630735,-0.9259152724130851,-0.6607268069985374,-0.5619324676307429,-0.2358784226679179,-0.09613806608778652,-2.521801899745903,0.26070937053434695,-0.1993676453144478,2.121411405998941
312.30000000000007,-2.284722051850359,1.0391188198054924,-5.600808321145486,-0.7030364967626495,-0.7858694746882503,-0.5238587413924078,-0.22857448399559674,-0.06735384663796774,-2.3006183291679623,0.23947007890232158,-0.25580374662403027,2.291266641808365
312.40000000000003,-2.3435586578032157,0.9556495773861483,-5.649663699077917,-0.47262982165188727,-0.8775986603586573,-0.44692804801172825,-0.21972000669138778,-0.0425515528900626,-2.0648054436250423,0.19030952033795231,-0.3049651871529084,2.4012985000344536
312.50000000000006,-2.379073405908684,0.8648363258561665,-5.6889777956749,-0.23698675745494088,-0.9322601971009017,-0.33356215339111506,-0.21182588462299337,-0.021900380876691272,-1.8197302702960194,0.12138700291080393,-0.33579842415605965,2.4670471408021677
312.6,-2.39085972534866,0.7705074190018106,-5.71528951146694,0.0015436879485601282,-0.9476777035038457,-0.18764138662506613,-0.20671287751931597,-0.0036398304116882175,-1.569167411629403,0.04383242741372737,-0.3422715981382413,2.507047277452301
312.70000000000005,-2.3787478467349272,0.6766310877721998,-5.725592498484382,0.24057843874468574,-0.9232393490785539,-0.014350145191715735,-0.20473154529133097,0.014928729770312631,-1.3158843308197776,-0.030713946813033362,-0.3238499061167468,2.522222540679958
312.80000000000007,-2.342807020062743,0.5871572379085075,-5.717455644697772,0.47772417371710274,-0.8599222459742972,0.18002959101072513,-0.2046566603566394,0.03601138260747286,-1.0637070707385998,-0.09176337109526984,-0.2849602898217026,2.4893293455424637
312.90000000000003,-2.2833453406793875,0.505859978144356,-5.689120645471142,0.7106013034590895,-0.7602534945659248,0.3883685049028518,-0.20434729843942723,0.060138355399928886,-0.8191427203086598,-0.13158621739354137,-0.23416058786499586,2.377331029242359
313.00000000000006,-2.200907179809919,0.4361871568816343,-5.639572771946555,0.9368678619077622,-0.62820943590148,0.6029739703111472,-0.20186551849709505,0.08590305906040434,-0.5906808670580705,-0.14702413386402535,-0.18221843759461404,2.1759216782935535
313.1,-2.096268240222421,0.381122905840107,-5.568582014825442,1.1542430721810106,-0.4690571274981404,0.8158965396592759,-0.1963046639693814,0.11079485623282509,-0.38599114626596925,-0.13999056849153768,-0.13890576841878097,1.9080604709511684
313.20000000000005,-1.9704282814975513,0.3430686706306913,-5.476712963046015,1.360530349453203,-0.28914436234452534,1.019246672629351,-0.18777774855995652,0.1323782403904106,-0.20940765995434008,-0.11563927910472716,-0.11041201536628899,1.6143450957741925
313.30000000000007,-1.8246015828591142,0.3237474711891918,-5.365303023292098,1.5536395087399522,-0.0956466023913023,1.2055090788765732,-0.17684928410202339,0.14892970250988716,-0.06148533332269908,-0.07962072897189856,-0.09902455049547905,1.3298372433706391
313.40000000000003,-1.660205234377262,0.32413520890388126,-5.2364098484116886,1.7316079529542905,0.10371908450876521,1.367842143006762,-0.16402244682193046,0.1594186493197496,0.05982607807351452,-0.03633819820018908,-0.10443860140693582,1.0738856572261173
313.50000000000006,-1.4788453693523673,0.34442175900570604,-5.092730070363603,1.892620626350704,0.3010016797791659,1.5003504947438135,-0.14952518197864148,0.1632292713334527,0.15771872168865392,0.011410270295819067,-0.1251805503538388,0.8523671731502936
313.6,-1.2823014715973684,0.3840033993443451,-4.937492577301692,2.0350285304129416,0.4883331961740039,1.5983198578310327,-0.13330645527806456,0.15992945604645495,0.23551075985390657,0.062010665943271905,-0.15938228427920448,0.6635829638205364
313.70000000000005,-1.0725089109435528,0.44150687739116895,-4.774330589245581,2.1573656132486523,0.6582423496369546,1.658404815039223,-0.11511201040347924,0.14917285201103317,0.29614186557396655,0.1143801899780071,-0.20489352293882096,0.5028670037688076
313.80000000000007,-0.8515398784130744,0.5148441559933439,-4.607137632014363,2.2583638594813316,0.8039524158543864,1.6787620037366673,-0.09457886722935263,0.13072096597353866,0.34200012780988726,0.16730260712508765,-0.25895078363719254,0.3650900427491936
313.90000000000003,-0.6215829089252544,0.6012956553389814,-4.439913151021066,2.3369664253399667,0.9196513969045548,1.6591234319891492,-0.07134068449592751,0.10455877881434868,0.3749108194822593,0.21880487386052086,-0.31762897419672215,0.24565191253677657
314.00000000000006,-0.384921193984895,0.6976186725388791,-4.276603919543518,2.392338682946755,1.0007237273097587,1.6008069923612138,-0.045152684871561564,0.0710794216481032,0.39618503654404535,0.26565180927422494,-0.3753415804391853,0.14056766588144695
314.1,-0.14390989937654114,0.8001766564775668,-4.120947563747816,2.4238770585150746,1.0439342821020516,1.5066637543191714,-0.01603456405132631,0.03129891884681016,0.4066783858237904,0.3031724806868816,-0.42477671255674426,0.04601313647729519
314.20000000000005,0.09904728667392779,0.9050841841546563,-3.9763244423400717,2.4312155710841465,1.0475573510829,1.3809641365725207,0.015598873026009064,-0.012971705529197604,0.4068388296960939,0.32574219738159416,-0.45772321377062813,-0.04238125194907298
314.30000000000007,0.34152214120182084,1.0083618587656242,-3.84562378565301,2.4142300013126716,1.0114454374787212,1.2292274973544142,0.04888029640950184,-0.05910000275477356,0.3967364348688982,0.32809531026787225,-0.4669853475860672,-0.13009347434662571
314.40000000000003,0.5810861905388166,1.1060949542258143,-3.7311294304815066,2.373039643509572,0.9370351382079769,1.0580019363877957,0.08256616298297724,-0.10383862166438002,0.37607359402091045,0.30710124879888184,-0.4488744991933814,-0.2236871022726648
314.50000000000006,0.8153350476677157,1.1945894814804836,-3.6344297057626425,2.3080066182529873,0.8272898713313441,0.8746030871863144,0.11524932445564241,-0.14376228821304857,0.34417693822064377,0.2630536539623939,-0.4050354852626576,-0.3300715194402666
314.6,1.0419125588401974,1.2705194547291452,-3.556355061369114,2.2197327474023476,0.6865817339617463,0.686822313265794,0.14562326615910026,-0.1758083043591784,0.2999744793338453,0.19963909481476008,-0.3424657247182226,-0.45547650702946946
314.70000000000005,1.258534516811151,1.3310594865257983,-3.4969459262512963,2.1090540177923565,0.5205172005851721,0.5026159416061615,0.1726752839603858,-0.19773203703154785,0.2419658309945248,0.12269941266743666,-0.27170249284493264,-0.6047821985488074
314.80000000000007,1.4630117018812383,1.3739974256054954,-3.4554520770086943,1.9770326841719936,0.33571361065199673,0.3297879226939583,0.19573736426306051,-0.20834695158403754,0.16820238619130934,0.03874605648793609,-0.20425970010201597,-0.781377906597032
314.90000000000003,1.6532720181983165,1.397822546923615,-3.4303635417476492,1.8249470857640302,0.13953535617152207,0.17567856852958286,0.21441347150227305,-0.20754428654500845,0.07631146866729782,-0.04588758379303509,-0.15047467786663934,-0.9870440640896534
315.00000000000006,1.8273815013639232,1.401785778048667,-3.4194718068636876,1.6542792739384375,-0.06019971332166346,0.04687177767750561,0.22845753438070207,-0.19618164462548424,-0.036374245952806784,-0.12505978663385428,-0.11817720573638912,-1.2210764955878197
315.1,1.9835639842588542,1.385929560872583,-3.4199588863004076,1.466700570678737,-0.2555319637206627,-0.051067580584076566,0.23768438518842044,-0.17594403443454693,-0.1724909874487972,-0.19239000284289592,-0.11188458769127484,-1.4781903264374523
315.20000000000005,2.120219221035001,1.3510861581464109,-3.428510702045978,1.2640551985445834,-0.4386773018042969,-0.11381565330980303,0.24198727982246893,-0.14922420225144437,-0.3340351259319676,-0.24102042184735736,-0.13205450293606874,-1.7457612001711067
315.30000000000007,2.23593928428085,1.2988444723544488,-3.441450255409148,1.0483421424963268,-0.6023375024322478,-0.13846211216436677,0.2415170690329345,-0.1189625030050504,-0.5215050089831381,-0.26422754698154666,-0.1743057981411082,-2.00282252368205
315.40000000000003,2.329523067327882,1.2314866997536238,-3.454885279617661,0.8216954220279656,-0.7399911657141367,-0.12362630553231135,0.23699481432168784,-0.08827698745612735,-0.7331278595953967,-0.2572352749637188,-0.22924057066009434,-2.224608358387211
315.50000000000006,2.399988742338242,1.151897344981453,-3.464864486955302,0.5863629683881345,-0.8461537046070371,-0.06951242380341704,0.22993944707105804,-0.05975032095513179,-0.9648010194766231,-0.21964398936246246,-0.2839366450583379,-2.3932396914108276
315.6,2.446584045029875,1.0634482235336655,-3.4675361810095855,0.344684316075372,-0.9165959980558558,0.022098521468650212,0.22246036488329443,-0.03457278189171578,-1.211106964426717,-0.15682722862083304,-0.32533798622064397,-2.50640031280949
315.70000000000005,2.468794278449673,0.9698640366988236,-3.4593029103119717,0.09906733012242254,-0.948512992667528,0.14791958480501444,0.21650753988706614,-0.012126515142101519,-1.4667287626905054,-0.07905054234346208,-0.3439956522331637,-2.5727462419701443
315.80000000000007,2.4663479508800648,0.875073878054329,-3.4369659974644,-0.1480357991759696,-0.9406355313005648,0.3032888144208662,0.2129825050188876,0.009526866157522367,-1.7268944738767649,0.00101988916306582,-0.33625102193029394,-2.595495526099096
315.90000000000003,2.439219986542522,0.7830545914901039,-3.3978541814759358,-0.3941530546194714,-0.8932809503183259,0.4823550005887016,0.21132141994850173,0.03241712330402704,-1.9863432571149306,0.07095136299793386,-0.30459476475079816,-2.5609167773047434
316.00000000000006,2.3876324719994555,0.6976722255816864,-3.3399312443852915,-0.6368173386310959,-0.8083404283522561,0.6783108395767056,0.20987917054274474,0.05738948566611761,-2.2380589999566585,0.12096290294261988,-0.25684568416137243,-2.4468333779470948
316.1,2.3120529258179676,0.6225279050271486,-3.261878331072533,-0.8735912200622639,-0.6892035909407838,0.883664217681632,0.20690571168199404,0.08358408198005049,-2.473637359232601,0.14612755548006354,-0.20400492339596643,-2.246038183589213
316.20000000000005,2.2131901038930115,0.560814263765954,-3.163147680063134,-1.102091432882731,-0.5406233768179821,1.0905368001504567,0.20140712105204805,0.10897712722066508,-2.685539124716487,0.14715113596756882,-0.1568007392187204,-1.9795825359988055
316.30000000000007,2.0919873775895734,0.5151881633397445,-3.043985622878183,-1.3200128803517468,-0.36852655320802763,1.2909780212183548,0.19329553289397736,0.1314024408200229,-2.869340732997651,0.12872471717665074,-0.12267668008396439,-1.685467964587504
316.40000000000003,1.949613746298434,0.4876647708111333,-2.9054239346465613,-1.5251519027493896,-0.17977743428135695,1.4772819575014606,0.18296608642834955,0.14921239082732235,-3.0242589861971316,0.09666490627783358,-0.10500775741493244,-1.3980281648115709
316.50000000000006,1.7874525698679025,0.47953721902035457,-2.749239880428672,-1.7154285736570103,0.018095777427628357,1.6422944520273537,0.1708320248088901,0.16135526918546186,3.13104420725409,0.05583719576143156,-0.10419780245818461,-1.1373627795751193
316.6,1.607088129430748,0.49132505207162125,-2.577886549703256,-1.8889077990661305,0.21720111673584264,1.7796982448615934,0.1570936035648268,0.1671655801121562,3.0271077906386012,0.009501182280653093,-0.11916518439450369,-0.910421518292975
316.70000000000005,1.410290147154091,0.5227535113649415,-2.394396255978881,-2.0438190051754783,0.4095974835973754,1.8842647430984776,0.14170296266953747,0.16615483832071481,2.9438049088503817,-0.04042561617986638,-0.14829372491075293,-0.7162932723100117
316.80000000000007,1.1989964161892017,0.5727644879738358,-2.2022608523044336,-2.1785742144807085,0.5876112297396933,1.952062392960956,0.12441462603625732,0.15790654322911618,2.878139162701469,-0.09277238008010373,-0.18971538589081147,-0.5507291892575141
316.90000000000003,0.9752937113592066,0.6395587047324724,-2.005293733734661,-2.291784325559089,0.7441420828428473,1.980613346895415,0.10486092850903046,0.14207794020626613,2.8276322317182077,-0.14646407368950753,-0.24109920456235973,-0.40876847200012517
317.00000000000006,0.7413971687169292,0.7206674463654752,-1.8074790278924002,-2.382273429624818,0.8729462120287681,1.9689921798576329,0.0826408036738387,0.11849127469869693,2.7903528828927975,-0.19988254072011327,-0.2991468885257426,-0.28589384956549363
317.1,0.4996283378421932,0.8130509780060451,-1.612813985535816,-2.4490910163211463,0.9688851497321925,1.917862719302593,0.05743073594170333,0.08729921877095552,2.764876389454876,-0.2502845466997611,-0.3590138383245215,-0.17827641051319762
317.20000000000005,0.2523921244627885,0.9132197284676237,-1.4251508541301903,-2.49152194212668,1.0281306462256934,1.8294515206004318,0.02912280002563844,0.04919944230298105,2.750227481326231,-0.2934372493828799,-0.4139857432689752,-0.08244935078738533
317.30000000000007,0.0021528525518940186,1.017373407073244,-1.2480445380357885,-2.509094056973135,1.0483172898932198,1.707459045346839,-0.002029089876576683,0.0056425119818797435,2.745830204655961,-0.3237887056184396,-0.45587667917341795,0.00536378266354586
317.40000000000003,-0.24859031567007367,1.1215525078946615,-1.084612118225452,-2.501583407989202,1.0286368087651443,1.5569120836232586,-0.035308516451909674,-0.0410624192044937,2.75147343183528,-0.3354848561461616,-0.476536967334068,0.08994779547059707
317.50000000000006,-0.49732835649041834,1.221796161405021,-0.9374098316418515,-2.4690169634581127,0.9698702938091105,1.3839633036796328,-0.06955384224132845,-0.08785097640797798,2.7672943550554283,-0.32413482488053774,-0.47030756016542175,0.17735457436364682
317.6,-0.7415675084214133,1.3143000404971534,-0.8083324142455562,-2.4116728248707804,0.8743570593364275,1.1956459203753191,-0.10333038949561009,-0.1312626215476433,2.7937796131544084,-0.28852598707849597,-0.4363908599132916,0.2743916734725684
317.70000000000005,-0.9788542911346034,1.3955680256542085,-0.6985388202290423,-2.3300779201192894,0.7459013819606852,0.9995932629824723,-0.1352053307180701,-0.16797642455886752,2.8317820902597752,-0.23121231853947394,-0.3797408573500434,0.3875609684928248
317.80000000000007,-1.2068001684278515,1.462551582859343,-0.6084072783403704,-2.2250031961583816,0.5896208361329784,0.8037344223117889,-0.1640001333887408,-0.1953390391888903,2.882549027391792,-0.15761593899938672,-0.30987284833336726,0.5221448567950188
317.90000000000003,-1.4231056071407566,1.5127712976883558,-0.5375214766789986,-2.0974563546075213,0.41174227263635,0.615978110755724,-0.1889128665997052,-0.21170823976811748,2.947751983430342,-0.07439208169945961,-0.2383463663164315,0.6819348399208855
318.00000000000006,-1.6255832895184996,1.5444157204038087,-0.4846884263333205,-1.9486721985240394,0.21935357373318615,0.4438973387604155,-0.20949318490421545,-0.2165493137679372,3.0294988514582,0.011841632798574461,-0.17626423863739432,0.8693884016738745
318.1,-1.81218024455996,1.5564135814086317,-0.4479872912901326,-1.7801006826978716,0.02012108170582294,0.29442747868786845,-0.2255315132195669,-0.2103428832636773,3.1302897958129563,0.09488514782623794,-0.1325995043618687,1.0854999850269453
318.20000000000005,-1.9809986742950945,1.5484764980574695,-0.4248472375225394,-1.5933927830520955,-0.17801603397990873,0.17358975331204496,-0.23694452442870553,-0.1944124256397782,-3.0303326503849606,0.16864544825554323,-0.1133041314821971,1.3287149972163113
318.30000000000007,-2.130315263605056,1.5211104702394658,-0.412151197254645,-1.390384322857484,-0.3671622862683086,0.08625117259677262,-0.24372353913711967,-0.17075360391890018,-2.883413747247883,0.22669320841590881,-0.120716432951432,1.5927294583660037
318.40000000000003,-2.2585987770263003,1.4755957064402065,-0.4063614112492097,-1.1730779142421257,-0.5397806386286563,0.035930489318880765,-0.2459939103599148,-0.14187506008551393,-2.710337970319801,0.26230592487684223,-0.1529029692254761,1.8640851098228117
318.50000000000006,-2.364525762799152,1.413935584553806,-0.4036617437387395,-0.9436231927044769,-0.688992982878636,0.0246579094762438,-0.24420092733582738,-0.11056754528123348,-2.510912550581401,0.26951879289634106,-0.20309356956473976,2.1220349838235335
318.6,-2.446994203081989,1.3387767822169472,-0.40011109595234656,-0.7042955398137773,-0.8088543476129049,0.05289415038396572,-0.2393399346062555,-0.07946409892240933,-2.287204056933736,0.24524963294898747,-0.2600169958364254,2.3434874419819
318.70000000000005,-2.5051349695666416,1.2533037608156647,-0.39180180172118406,-0.457473504823679,-0.8945899054142882,0.11951207335553204,-0.2329943204879261,-0.05037098919221057,-2.043504767296119,0.1915877956007659,-0.3100390934415345,2.511660053298586
318.80000000000007,-2.5383209654910255,1.1611118097555877,-0.375016690027579,-0.20561514939027326,-0.9427853301155429,0.22184162321373513,-0.22693307992450207,-0.0236799879042187,-1.7855272151140733,0.11662283308466445,-0.34087960021243413,2.6202095500717677
318.90000000000003,-2.546173858047546,1.0660637123189294,-0.34637855250874516,0.04876644919068919,-0.9515229151703436,0.35577628303125153,-0.2223509290405503,0.0016108828791632029,-1.519590183504707,0.03297795281407463,-0.3452308569696042,2.6663062070464045
319.00000000000006,-2.5285683291897803,0.9721357473887016,-0.3029860567136821,0.303128291921651,-0.9204580265224047,0.5159368000817013,-0.2192629248787775,0.027056588895294307,-1.2526591168254364,-0.04521019821756731,-0.32270108323318986,2.6402629564914992
319.1,-2.4856337976143985,0.8832591664658169,-0.24253068628197305,0.5549228984620571,-0.8508328420385831,0.6958856557567784,-0.21657760915798654,0.053564629280057195,-0.9928680737648625,-0.10575198074694538,-0.2796845721534674,2.5277845086886006
319.20000000000005,-2.417753589988457,0.8031634657890514,-0.16339004560622838,0.8016238392184135,-0.7454268297578637,0.8883837292053365,-0.2128530898635876,0.08068099834503405,-0.7490888734898122,-0.14146699213177352,-0.22714978685189396,2.326836574947058
319.30000000000007,-2.325561565052637,0.7352277018053125,-0.06469380881708497,1.0407511030789747,-0.6084459392326852,1.0856789223137355,-0.207125204778356,0.10684169216054386,-0.5290353640427602,-0.15149215350894932,-0.1767782606278748,2.0593473208372197
319.40000000000003,-2.2099362198009884,0.682345777571885,0.05364031648468859,1.269896045895692,-0.4453549235535252,1.279815239452732,-0.19917715706411318,0.13019684086069472,-0.3372999603320935,-0.13984925814531488,-0.137368865338228,1.762494876326201
319.50000000000006,-2.07199233226217,0.6468110706974308,0.19090204490993923,1.4867456685554767,-0.2626594768484408,1.4629499999445819,-0.18925669275692356,0.14924162492335244,-0.1748630506592172,-0.11243374333950548,-0.11350722661414332,1.4704271674183595
319.6,-1.9130702202310175,0.630225002341768,0.3456155699372928,1.6891059797579029,-0.0676468727492825,1.6276665369768062,-0.1776796853408033,0.16295704459822144,-0.04002753035527986,-0.07456811169478783,-0.10640598478167797,1.2039192556256073
319.70000000000005,-1.7347227193675052,0.6334331923391978,0.5155971432778821,1.8749242073672499,0.13190455625201936,1.7672699166326475,-0.16460290493538393,0.17066282113706763,0.07023621742080788,-0.030016562557927114,-0.11542936036475585,0.9707944457311315
319.80000000000007,-1.5387000071607677,0.656491745739911,0.6980408818332886,2.04230963333482,0.32803551641279505,1.8760538876357258,-0.14996875956330813,0.17183725076049036,0.15925960520524138,0.018933540960163423,-0.13921540618765818,0.7707787106515787
319.90000000000003,-1.3269324210990663,0.6986650148180906,0.8896293817865711,2.1895528406095126,0.512923064704129,1.9495284193513964,-0.13353445313121012,0.16601389341520625,0.23010988700268847,0.07094698134997784,-0.1761354874903139,0.5999480109946671
320.00000000000006,-1.1015114397869614,0.7584549257688971,1.0866647303823957,2.3151431760157135,0.679192484902696,1.984598756804042,-0.1149291843131485,0.15276939837509723,0.2853627565005745,0.12501152554577658,-0.2242186961462484,0.4534445980808973
320.1,-0.8646690144914327,0.8336607009308798,1.2852146927578612,2.417784250641029,0.8202112942933708,1.9796888543332307,-0.09372594334139649,0.1317931837253526,0.32705790436799054,0.17979833499849418,-0.28072267642554277,0.32676421591633786
320.20000000000005,-0.6187554554849123,0.9214665955980734,1.4812682462036544,2.49640731866599,0.9303536598656068,1.934804266959411,-0.06953623040328033,0.10303128389245576,0.35673253822625106,0.2330365975527664,-0.3415320686742175,0.21613922617237794
320.30000000000007,-0.3662160924288966,1.0185541516309786,1.6708942615794986,2.5501823965836645,1.0052246825614921,1.8515319921572,-0.04213733400521427,0.06689140348974348,0.37547697957688203,0.28100804794530215,-0.40065174728598,0.11834377170303848
320.40000000000003,-0.10956694072846217,1.1212344926700935,1.850397006140171,2.5785270072051123,1.0418356080725195,1.732977268322499,-0.011624128743571435,0.024470684624427412,0.3839867957556303,0.3184378569666238,-0.4502260280801296,0.03009747435025275
320.50000000000006,0.14863038382013102,1.2255953867590261,2.01646226874419,2.581112456489472,1.038722979082245,1.5836398495552972,0.0214569848819662,-0.022275022321893087,0.3826014127689438,0.33916398816295856,-0.4815795072483847,-0.052703097122216706
320.6,0.4057942517937624,1.3276572134538387,2.1662882822723915,2.557867575849783,0.9960069787312142,1.4092346892687373,0.05606671977474472,-0.0705337765879772,0.3713261311248527,0.3377322822265833,-0.48743103290975065,-0.13549740936667118
320.70000000000005,0.6593488525556236,1.4235316175035884,2.2976962241683108,2.508979887916781,0.915386639334465,1.2164641813756,0.09078908227641413,-0.11689878682831373,0.3498373222492525,0.31137951060067875,-0.4645849219612986,-0.22484964131412158
320.80000000000007,0.9067500136313971,1.5095765240787578,2.409215890164999,2.4348941795405987,0.8000721073649667,1.0127510390528434,0.12409305456785717,-0.1578655105359263,0.31747187510982977,0.2612549082102364,-0.4156550777913461,-0.32747213206056003
320.90000000000003,1.145510748048308,1.5825413355811364,2.500143126027473,2.3363084918163146,0.6546566650841333,0.8059424603348575,0.15462948481008904,-0.19040688307687811,0.2732032914994133,0.19205390410318465,-0.3486923424171985,-0.44909445890505567
321.00000000000006,1.3732262729094689,1.6396965214957022,2.5705667280552458,2.214167562872224,0.4849336109128951,0.6039973744913152,0.18142739802601276,-0.21242029481096453,0.21560959381722924,0.11042419089672796,-0.27495073850912216,-0.5939196666541179
321.1,1.5875982473358343,1.678942434945967,2.6213637402701786,2.06965378480025,0.29766529894634247,0.41466923766069685,0.20392936251807992,-0.2229229326422975,0.14284416820795381,0.023321125885054996,-0.20612532304920353,-0.7647958522041872
321.20000000000005,1.7864579853096234,1.698893017780866,2.654163336138915,1.9041757611724175,0.10031354527537595,0.24519702364230545,0.221905201364907,-0.2220096752539432,0.052632169000638156,-0.06280745775722034,-0.15225637847093215,-0.9635398810642671
321.30000000000007,1.9677884088105104,1.6989310571346246,2.6712807251079638,1.7193545758331898,-0.09925785103262885,0.10201672903967196,0.2353276611424574,-0.21067399986246205,-0.05766571141475838,-0.14194812348482994,-0.12059998456922717,-1.1906694257223296
321.40000000000003,2.1297445188802335,1.679232790555696,2.6756237192439496,1.5170079068254503,-0.2930966127468715,-0.009495105901355494,0.244280782392419,-0.19059462145416023,-0.19085542046956086,-0.2080338734547298,-0.11507677255067196,-1.4440733556866079
321.50000000000006,2.270672176737712,1.6407608787753882,2.6705756852241245,1.2991321411772372,-0.4734790166313134,-0.08523563577834503,0.24894351632505574,-0.1639395524343255,-0.34949643289947824,-0.2546310136634907,-0.13579442104794204,-1.7167127348110236
321.6,2.389125003670862,1.585226026270122,2.6598595483596057,1.067882666617232,-0.6332178138752181,-0.12253916686491739,0.24966808451662278,-0.13316904301152,-0.535231180473045,-0.2753396700958179,-0.17846078057111947,-1.9944243874724397
321.70000000000005,2.483879226986282,1.5150187796839691,2.647388270724443,0.8255525348884919,-0.7659487629827806,-0.12028331582002838,0.24713106927068818,-0.10075504031923752,-0.7479643713640174,-0.26527392193190896,-0.23407445978603447,-2.2560632419099163
321.80000000000007,2.5539463196115997,1.4331142230937128,2.6371077646979506,0.5745497080185618,-0.8663843519567662,-0.07893363809788856,0.2424414229227771,-0.06873901509586375,-0.985226740214975,-0.2234280453426534,-0.28979888743642573,-2.4777681541857093
321.90000000000003,2.598583302832507,1.3429533696149396,2.6328385047962275,0.31737311348423825,-0.9305245946758158,-0.000524946904186474,0.23699852640874072,-0.03821599762968218,-1.2420998839011173,-0.1547768098407434,-0.3317353994580772,-2.6390575468453688
322.00000000000006,2.6173006048740706,1.2483059778915873,2.6381221525638043,0.05658774655539796,-0.9558164976777308,0.11141993250782978,0.23199611707877943,-0.009100636028160589,-1.5116617849040863,-0.07049562048725337,-0.3490469550151531,-2.7246148576660776
322.1,2.60986739238403,1.1531202625433188,2.6560793094332236,-0.20520093192843925,-0.9412558399114144,0.2520307341500112,0.22783283962661557,0.0194575923145905,-1.7854454248497604,0.014406674738941992,-0.3376110477286197,-2.7209683569650696
322.20000000000005,2.5763143170969287,1.0613654901396097,2.689284068823749,-0.46537304660876205,-0.8874272078204806,0.4152840440454003,0.2239483108330991,0.04813673314637007,-2.0537783507942744,0.08528459034174661,-0.3014112150462029,-2.617706168380301
322.30000000000007,2.5169336457998606,0.9768737359038993,2.7396603690097,-0.7213205468027359,-0.7964806896856671,0.5942435685246088,0.21930537417458779,0.07668068011573106,-2.3067158121603653,0.13219135115386146,-0.2508158298681758,-2.418453496860816
322.40000000000003,2.4322767679271178,0.9031871098072871,2.8084042791590984,-0.9704733708423191,-0.6720461583492459,0.7813367992915511,0.21309690427749806,0.10390675339913781,-2.535922633705971,0.15218184415185274,-0.19832520203908588,-2.1486398924232373
322.50000000000006,2.323149101417269,0.8434165426660074,2.8959353170643447,-1.2103252728667417,-0.5190885595982817,0.9686570454501742,0.20507036566187253,0.12830213203928043,-2.7364372362863394,0.1482821834385678,-0.1541846346344455,-1.8469173464864053
322.6,2.1906024436104996,0.8001177619955772,3.0018787396794173,-1.438459052330641,-0.34370997540343257,1.1482787913815058,0.19536668581346261,0.14856552917387267,-2.9070471779170832,0.12631947920158215,-0.12434106927464281,-1.5483386029769
322.70000000000005,2.03592483967873,0.7751894020721048,3.125079512787804,-1.6525709320623236,-0.15290635312530654,1.3125738081036324,0.18420796126432074,0.16376845661831782,-3.049329000754946,0.0920450590412838,-0.11094344503383949,-1.2745928046263433
322.80000000000007,1.8606280661157164,0.7697973102319946,3.263647403170333,-1.8504938388289471,0.04571140087023906,1.4545154157016948,0.17169635763437427,0.17325708675707005,3.1168954048979547,0.049764393364857995,-0.11387533058011932,-1.0342958433236125
322.90000000000003,1.666432850904384,0.7843280670783264,3.415031395884568,-2.030219350987777,0.24422084407269634,1.5679587667991914,0.1577529697016871,0.17650483669446934,3.021875058246429,0.002201613309981497,-0.1320441984998038,-0.8276846065978424
323.00000000000006,1.4552519748926325,0.8183735735970631,3.5761204701614124,-2.189918090795067,0.4347038406506093,1.6478859770024983,0.14213180743471338,0.1730190337134809,2.9456375761953995,-0.049063257455321176,-0.16402474392722988,-0.6510627449227427
323.1,1.2291714204080593,0.8707473196458213,3.7433667165834263,-2.3279583541978366,0.6095622325804892,1.6906063296909652,0.12446084345561906,0.16232191322781098,2.8854980106855845,-0.10299478057608157,-0.20813242533327267,-0.49960271553874747
323.20000000000005,0.9904297530040105,0.9395316852422193,3.9129258875318684,-2.4429227882959283,0.7618207542719289,1.6939035735696735,0.10429720493349441,0.1440027734492861,2.8393018254124285,-0.1584735915530559,-0.2620957602392463,-0.3687402950960232
323.30000000000007,0.7413959402680921,1.0221543888982585,4.080809777869245,-2.5336229459507322,0.8854051144355519,1.6571244406432475,0.08120430807312842,0.1178396228905811,2.805397141211951,-0.2136570674889921,-0.32248322538836877,-0.2546727244323038
323.40000000000003,0.48454582763143,1.115491035247324,4.243044361191069,-2.599111568059928,0.9753841589498905,1.5812048556266565,0.054863471092418764,0.08398707976227668,2.78258004409687,-0.2653863016462624,-0.3840931366949461,-0.15428847418598035
323.50000000000006,0.2224375049527037,1.215989673713582,4.395827377513693,-2.6386924665881435,1.028166460456506,1.4686327918525415,0.025221097343763984,0.04320812715335453,2.7700404282642985,-0.30885264477994623,-0.4396722528109314,-0.06467641702291055
323.6,-0.04231419084199199,1.3198124024618267,4.53567909013081,-2.651927905329313,1.0416434972764823,1.3233492544395977,-0.0073573498757235015,-0.002912914012846615,2.767319577894571,-0.33791024932614244,-0.4804839355671277,0.01764072826281604
323.70000000000005,-0.30706378272523716,1.422988372326713,4.65958020169283,-2.6386434003354067,1.015273713557632,1.1505913381541226,-0.041994564728877394,-0.05188356152317086,2.7742831812133115,-0.34636201613462597,-0.49811219187797057,0.09740916920218597
323.80000000000007,-0.5691616092706792,1.5215720909357326,4.765091431471811,-2.5989298877268405,0.9501041094387367,0.95668361669915,-0.07735178251728031,-0.10045489429875813,2.7911103836510156,-0.32999591456185984,-0.48719517415913616,0.18076368181057367
323.90000000000003,-0.8259803643156474,1.611800715941671,4.850449986887777,-2.533143232949512,0.8487285004996745,0.7487861800234606,-0.1118513301982611,-0.1450449223107139,2.8182983001921764,-0.28834526778431585,-0.44782093291230024,0.27447298652653057
324.00000000000006,-1.0749414545402056,1.690244066579012,4.914639083513624,-2.4419010821930467,0.7151841105608197,0.5346093645515069,-0.14399350738282146,-0.1823234191380743,2.8566806555587543,-0.22500006163756484,-0.38609135229636726,0.3847018165861316
324.1,-1.3135409103256104,1.7539413730565885,4.957427742244614,-2.326077083371795,0.5547906203515818,0.32210654908335856,-0.17262092835493348,-0.20974689106461147,2.907457822316517,-0.14630285493004458,-0.3124560516172572,0.516140942973587
324.20000000000005,-1.5393745893258457,1.8005193120207674,4.979379277268374,-2.186792530520444,0.37393808866801903,0.11915726356142409,-0.19702558093988656,-0.22586582376826858,2.972232271301142,-0.059465956475546276,-0.23888434949719262,0.6719869393692178
324.30000000000007,-1.750162418866394,1.8282866223866079,4.981828136663446,-2.0254055114120137,0.1798322009359239,-0.06674675589819645,-0.21690276167787892,-0.23036148455691707,3.0530366274396545,0.028706467318278164,-0.17634454312402775,0.8544550114118836
324.40000000000003,-1.9437714325396611,1.836301529503244,4.966826019130045,-1.843497663394776,-0.019792998686747998,-0.22880004977706003,-0.23223026012580641,-0.22388976903086985,-3.130856410967231,0.11209030444691125,-0.13330761069497687,1.0650881981652969
324.50000000000006,-2.1182373680796385,1.82440928966435,4.9370594152144776,-1.642858666623063,-0.21698343920286683,-0.36115455622134013,-0.24315335897400298,-0.20784483226658654,-3.0102759547478626,0.18484150558534546,-0.1150958983211538,1.3042444321897877
324.6,-2.2717846076737427,1.7932483581826268,4.895741860597112,-1.4254686267742755,-0.4038821264436696,-0.4591525617230121,-0.24992209667544707,-0.18412196036849496,-2.865496057041018,0.2408972203549874,-0.12353527807235956,1.5694844570444042
324.70000000000005,-2.4028442581669514,1.7442249351266146,4.8464851971581915,-1.1934785207646206,-0.5730423765911108,-0.5195121944701854,-0.2528965584386543,-0.15490243877505414,-2.6939550876573155,0.2739062751268126,-0.1565108655107233,1.8530653422020162
324.80000000000007,-2.5100701869602005,1.6794569035012192,4.793154974424363,-0.9491888986965981,-0.7177246919196864,-0.540458065391989,-0.25261210647909704,-0.12243060083843652,-2.494170161975798,0.27803301872147923,-0.20744730915730886,2.1395531532356125
324.90000000000003,-2.5923528496401618,1.601689394879472,4.739715756263595,-0.695027053068608,-0.8321654432614909,-0.5217918487158615,-0.24985465231460466,-0.08872781131080884,-2.266636983400292,0.2498627026046929,-0.26529688887242076,2.405407283558604
325.00000000000006,-2.6488307672809976,1.5141853486173162,4.690072500137222,-0.43352288199221745,-0.9118066476711332,-0.4648999882751463,-0.24563047100346155,-0.055241091246235205,-2.014615704810755,0.1909828034279781,-0.31602032968742644,2.6218422186465373
325.1,-2.6788995347264537,1.4205954277107793,4.64791433278579,-0.16728368662075196,-0.9534776807798284,-0.37269822240482514,-0.24090976563283312,-0.02258837857796929,-1.7444745462380309,0.10981127372963247,-0.3461373285525909,2.759700284110585
325.20000000000005,-2.6822182657556897,1.3248124773387167,4.61656695068089,0.10103184594714876,-0.9555216795418223,-0.24951513910636108,-0.23621083659252057,0.009310688967945527,-1.465452986982238,0.020847240519905323,-0.34743461118820723,2.794284509826208
325.30000000000007,-2.6587134066101927,1.2308163283710591,4.598859529726429,0.3687402144591251,-0.9178615960932137,-0.1009194038348083,-0.23137022643208097,0.040645656065395996,-1.188792260356229,-0.05932406232160594,-0.32038106546382283,2.711989609829764
325.40000000000003,-2.6085798756634415,1.1425151330357697,4.59701145024807,0.6331599642129032,-0.8420032693652233,0.06650245214492517,-0.22578590223288425,0.07109344246484442,-0.9260365461263296,-0.11764231211817319,-0.2738075683110561,2.5197640426792396
325.50000000000006,-2.5322795137797383,1.0635895581912946,4.612543353330932,0.891638567583684,-0.7309753919955977,0.2454088238901635,-0.21892515896409753,0.09970376439434912,-0.686704820053154,-0.14844934530279355,-0.22064906854406985,2.2482094661328706
325.6,-2.430536856871265,0.9973460477275016,4.646216074543691,1.1415790546839726,-0.5892087658689176,0.427995928641271,-0.21061192314609178,0.12527626615031584,-0.47647203536200317,-0.15329044939158423,-0.172617653958301,1.9400957367621912
325.70000000000005,-2.304332269047009,0.9465850040589892,4.697999889699071,1.3804661265753848,-0.4223596599849766,0.6063091285135245,-0.2009434546875603,0.1467565510631712,-0.29691053796287253,-0.13767879070098993,-0.13718791015038226,1.6331055562320944
325.80000000000007,-2.154892501290373,0.9134891438999733,4.767075298846374,1.6058914882402604,-0.23708431282143322,0.772560268498024,-0.19006673542792954,0.163363330065449,-0.1465752904113925,-0.10772170833550589,-0.11760533483081546,1.350507846490176
325.90000000000003,-1.9836787665281674,0.8995364792226038,4.851865317357919,1.8155781459719733,-0.040773569068227544,0.9194383784423819,-0.17802528641963386,0.1745146412891175,-0.02245384842623219,-0.06828564247397698,-0.11437404979087089,1.101819123259428
326.00000000000006,-1.7923724470097933,0.9054413925738982,4.95009798687433,2.007403423856475,0.1587417700697224,1.040401352235896,-0.16470947524004748,0.1797113152246348,0.07891394156199646,-0.022593146500775648,-0.12670629529468083,0.8877189360346114
326.1,-1.5828585738443937,0.9311261558923936,5.058896614096709,2.179420466516006,0.35350313624658686,1.1299369758024895,-0.1498641988648945,0.17846037522079236,0.16080011686883647,0.02745060980894676,-0.15335723890728442,0.7046503222104978
326.20000000000005,-1.3572072410988576,0.9757240282792712,5.174894139986771,2.3298780101444194,0.5357414770240967,1.1837828974734763,-0.13311744157360245,0.17025669602767357,0.22601520410976958,0.08069652213609745,-0.1928594753101011,0.5477414744708096
326.30000000000007,-1.117653137827347,1.0376138092255973,5.294367079923348,2.457238220923412,0.6981869835172116,1.1990967711457567,-0.11402029339276738,0.15462298153986026,0.2768388063269791,0.1361419377084825,-0.24331678754036756,0.41229666823091954
326.40000000000003,-0.8665734005484961,1.114484469767723,5.413383695127425,2.560192419023587,0.8343589147759569,1.1745697890883724,-0.09210639309707543,0.1312107181752876,0.3150429506097629,0.19229954625600768,-0.30190070701151867,0.2943867737395223
326.50000000000006,-0.606464005836554,1.2034272849306538,5.52796048830366,2.6376745273527993,0.938823964518569,1.11047907813335,-0.06698474354393796,0.09996608861546397,0.3419466835205148,0.24656622289775806,-0.3642119219534542,0.19088725717182456
326.6,-0.3399149376594458,1.3010517944290785,5.634220784578711,2.688872106823681,1.0074128699491476,1.0086768703126086,-0.03847361180865867,0.061351942560780845,0.3584725698983714,0.29473561557333144,-0.4237954253535465,0.0991057016506354
326.70000000000005,-0.06958437672356332,1.4036209686398977,5.728549075678381,2.7132348639429495,1.0373866271514312,0.8725168796041052,-0.006760013980052136,0.016582820340542506,0.3651928632328779,0.3309927318639545,-0.47228948685748195,0.016080184535015404
326.80000000000007,0.20182783073864236,1.5072001912041557,5.80773497418121,2.7104805417335496,1.027545686573733,0.7067208198465654,0.027469868115600028,-0.03221862081019036,0.36236114740998737,0.34880809631921617,-0.5007227349311083,-0.062221993084537346
326.90000000000003,0.4716071597119718,1.6078141187933281,5.869101038896379,2.6805981311435927,0.9782777753269513,0.517190385262516,0.06301505301350246,-0.08206478342835302,0.34992858876278066,0.34280167974284803,-0.5020128576735007,-0.14132541338979238
327.00000000000006,0.7370515786924638,1.701605164535692,5.910609375411888,2.6238483669038675,0.8915424397706188,0.3107721892641314,0.0983212950647804,-0.129424592681638,0.32754513123216217,0.31083436963122496,-0.4737520533541121,-0.2278215843227442
327.1,0.9954986353062887,1.7849872868680259,5.93094276201966,2.5407614990060803,0.7707929246261231,0.09498503262260943,0.13178622678374158,-0.17077307101904485,0.29454642276047754,0.25502666939836177,-0.419681446945385,-0.32819278895625364
327.20000000000005,1.2443521835171985,1.8547889527378596,5.929557066811104,2.4321323583094334,0.6208385030492815,-0.12227962611338605,0.16207323998996212,-0.20318164590661564,0.24992787702884786,0.18099736509475434,-0.34885124743789825,-0.44766668670275256
327.30000000000007,1.4811084838905306,1.9083795756629565,5.90670286625868,2.2990127619739265,0.4476527461292653,-0.333072056716281,0.18829462820587858,-0.22473535507619366,0.19230890246334603,0.0959760860892608,-0.27302096607420173,-0.5898687246979388
327.40000000000003,1.7033814143028265,1.9437743879628857,5.863415403433072,2.142701331185354,0.25813537550253307,-0.5297009663857746,0.21002253001751414,-0.2346716116433877,0.11989413562365998,0.007116192422622879,-0.20382393149797431,-0.7572886199899236
327.50000000000006,1.9089265370381026,1.959713566237093,5.801473286196372,1.9647308197161208,0.0598371932668712,-0.705039905737201,0.22718730253175237,-0.2332777553969245,0.030446258762951376,-0.07920582661160679,-0.15082914910290363,-0.9519266427295321
327.6,2.0956637793319963,1.955712455606357,5.723327571944415,1.7668530769917945,-0.13934094462679225,-0.8528111563006693,0.23995160887272204,-0.2216572397300005,-0.07870102042443611,-0.15720290721353938,-0.12064519602342409,-1.175421087718155
327.70000000000005,2.2616984980029473,1.9320808904359377,5.632004066057945,1.5510217932471944,-0.3314631105266432,-0.9678357819029841,0.24861850365899857,-0.20146334630218354,-0.21053927974706022,-0.2211336645741695,-0.11659220988615987,-1.4282130588219855
327.80000000000007,2.405340714698168,1.889910841283923,5.5309827291021545,1.3193731968296383,-0.5088746854285977,-1.0462398752393274,0.2535914280570191,-0.17465091150435394,-0.36811334994336964,-0.26493516659651406,-0.1384214362421902,-1.7075544296623832
327.90000000000003,2.5251223263484035,1.8310328805520573,5.424059000407231,1.0742048944926612,-0.664507524437982,-1.08560877730523,0.2553768586421191,-0.14325139510173102,-0.5539867715567689,-0.2824738605913856,-0.18184537083096472,-2.004484093038477
328.00000000000006,2.6198121154675706,1.7579432024159631,5.31519256659385,0.8179530644302149,-0.7921617413590244,-1.0850831215141499,0.2545994543593244,-0.10915289646825072,-0.7693812201226674,-0.26879467598559603,-0.2380958188216168,-2.300557496687584
328.1,2.6884284067685242,1.673704106520419,5.208349604131411,0.5531682286244846,-0.8867528785491462,-1.045392873593377,0.25197366723787934,-0.07388110693854875,-1.0130508327167866,-0.22248612760991612,-0.29429333440762606,-2.566081009151988
328.20000000000005,2.7302492399730576,1.5818219128397326,5.107344785177565,0.28248984564501006,-0.9445146081578887,-0.9688280102634557,0.2481690103456439,-0.0384475621048071,-1.2801794904297978,-0.14844481159024334,-0.33574660050148997,-2.7622948630800455
328.30000000000007,2.744819953434294,1.4861071748536985,5.015689345381438,0.008619977212454935,-0.9631488836896219,-0.8591470057174171,0.24358814516395863,-0.0034083829310059387,-1.5618467788902335,-0.05907632536642989,-0.3505809564514788,-2.8498019255114784
328.40000000000003,2.731958099026893,1.3905227638976239,4.93645127065096,-0.26570370852762054,-0.9419175558227202,-0.7214267743232263,0.23823785323983165,0.030809328701999508,-1.8457402480248906,0.02828785088551717,-0.33490406726738975,-2.803542488274675
328.50000000000006,2.6917556354262118,1.2990258810843411,4.872133176736306,-0.5377353270583114,-0.8816718000505317,-0.5618600519269467,0.23187504837957945,0.06354842173271345,-2.1184665119200305,0.09756805819543378,-0.2947727020788595,-2.62784005292677
328.6,2.62457837413324,1.2154102952849801,4.8245727501163165,-0.8047482865991433,-0.7848181829576315,-0.3875082935939401,0.22431115268816343,0.09386979901546275,-2.3687319082633507,0.13977082235346944,-0.24280925983178805,-2.3579043895492613
328.70000000000005,2.5310626801294136,1.1431550966409705,4.794869719219921,-1.0640626404389713,-0.6552227199611618,-0.2060199390397306,0.2155639989994673,0.12079446103863654,-2.5896548742033008,0.1543065231534051,-0.19204844061325013,-2.0430751153473543
328.80000000000007,2.412109456592629,1.0852859953290335,4.7833422673285515,-1.31307200786309,-0.4980567494333465,-0.025325277688364428,0.20577375305845297,0.14352413343212259,-2.779051776302627,0.14598971067225763,-0.15164359658543852,-1.7260282893763754
328.90000000000003,2.2688754703915843,1.0442546951584384,4.789514624750261,-1.5492697930185195,-0.3195907677165281,0.14667992181046005,0.19505041856575572,0.16147169592509572,-2.938161410856404,0.1211396197811244,-0.1261300423410666,-1.4328395420557718
329.00000000000006,2.102762101830254,1.0218411509951841,4.812136334831819,-1.7702744377458095,-0.12694444417823214,0.3024494048456346,0.1833852733581144,0.17417298130126235,-3.070006282293501,0.0851734944459004,-0.11676891165094395,-1.1743218306920968
329.1,1.9154016280667885,1.0190826067012078,4.849232425631663,-1.9738534537559673,0.0721972175814955,0.43508748903613637,0.17063226148305652,0.1811906855818425,3.1050321649467256,0.04186178991490115,-0.12314076411881944,-0.9516359436673745
329.20000000000005,1.7086411745147505,1.036232242621664,4.898182486959349,-2.157945991454682,0.269890256616172,0.5386241850466192,0.1565212659093407,0.18205806424175136,3.0171705837712683,-0.006490579309937978,-0.1441800898152823,-0.7613045416372984
329.30000000000007,1.4845244921110117,1.0727490812147678,4.955825500114597,-2.32068371708122,0.4582484553295774,0.6082534117609613,0.14067974747703993,0.17626830559616405,2.946637998621718,-0.058532512755942935,-0.17858198077198884,-0.5983425853449807
329.40000000000003,1.2452717403467322,1.1273195532547546,5.018586240973673,-2.460409786520174,0.6297577381284509,0.6405248088637773,0.1226601711430631,0.16330857257426673,2.8910158306131373,-0.11328037577261615,-0.22473149293799732,-0.4578567067009815
329.50000000000006,0.9932574762011388,1.1979098648316997,5.082618217003694,-2.575695722970758,0.7775757339478168,0.6334814998025522,0.10198291337792721,0.1427438097633002,2.8484031902391385,-0.16950783739475628,-0.2802984537100197,-0.3357120822146632
329.6,0.7309870673759442,1.281847077440669,5.143957439622084,-2.665356026451096,0.8958045600355673,0.586738312892155,0.07820927935265025,0.11435925467841855,2.8173614509309277,-0.22511386355219049,-0.3416301650728296,-0.2286571285687331
329.70000000000005,0.4610717643117122,1.3759256687537835,5.1986809013433835,-2.7284603656632247,0.979725951969826,0.5014973420702495,0.05105638955130954,0.0783630227541106,2.796854874650996,-0.2765508721108333,-0.40315982959821484,-0.13406412028509646
329.80000000000007,0.18620267923087241,1.4765353258323404,5.243063439581576,-2.764343226816842,1.025989366014851,0.3805002268826359,0.02054938971778911,0.03562365036088094,2.7862005168420363,-0.31857484252150453,-0.4572322432475113,-0.04933229785906665
329.90000000000003,-0.09087606827441642,1.5798048760679912,5.273726733291235,-2.772610919379425,1.0327455547700872,0.22791905408250168,-0.012827632587642617,-0.01212826080748853,2.7850320373137687,-0.34473959895656486,-0.49488729895976885,0.02891922897509494
330.00000000000006,-0.36739477089551553,1.6817566177801055,5.287774492261766,-2.75314586512069,0.9997202908715959,0.04919023019055385,-0.04805986761730466,-0.062248642007551466,2.7932784372751933,-0.3489153034480872,-0.5079177994928843,0.105491077778045
330.1,-0.6405858442777409,1.7784648977948305,5.282908449329191,-2.70610812399633,0.9282252996150097,-0.14920205206685844,-0.08369097636658322,-0.11138576298749751,2.8111574843476563,-0.3274428940703565,-0.49171010782565494,0.18654584815264563
330.20000000000005,-0.9077115512249047,1.8662126140196411,5.257520531090191,-2.631934138091813,0.8211059646505617,-0.3599841209950608,-0.1180851491929039,-0.15595292805047706,2.8391832705023288,-0.28074051968223024,-0.44743672465957784,0.2786642207967205
330.30000000000007,-1.16609146146262,1.941639403747855,5.21075753238618,-2.531332702747133,0.6826278915596445,-0.5753826090060801,-0.14976079638445974,-0.1927291436946063,2.878187169553884,-0.21325387667936713,-0.3821809333761723,0.3875676755639165
330.40000000000003,-1.413129371299493,2.001875609894538,5.142555716005906,-2.4052782018256096,0.5183068516644898,-0.7874341588568737,-0.1776420836070181,-0.21936624868352927,2.929350791823073,-0.1318536333977872,-0.3068921586151698,0.5174071985519352
330.50000000000006,-1.646339412595347,2.0446566843519656,5.053643958036157,-2.2550011715963,0.33468888567458865,-0.988302706098066,-0.2011397940702946,-0.23464100801486798,2.99424759591295,-0.04389803921097128,-0.23346383557316894,0.6709933334675579
330.6,-1.8633710882439132,2.0684134675637837,4.945515313271039,-2.081976284593746,0.13908933374488863,-1.170591688740063,-0.2200869707037223,-0.23843461470912378,3.0748853792713917,0.04392179689940301,-0.17236796942945132,0.8505506117576628
330.70000000000005,-2.0620329818271914,2.072334745156754,4.820368134074854,-1.887907870824064,-0.060698804008698204,-1.3276387373828178,-0.2346154851875017,-0.23152989583598674,-3.1094523659602524,0.1257195725772331,-0.13139537117088804,1.0582825906467535
330.80000000000007,-2.2403149020822273,2.0563995876939627,4.68101908989884,-1.6747131185528168,-0.25671554978751726,-1.4537810974971257,-0.24504601571854914,-0.21533569965978475,-2.9894873795358037,0.19595249118090707,-0.1152126099088106,1.2962043613827847
330.90000000000003,-2.3964082382373193,2.0213781842659975,4.530791554875634,-1.4445031203690075,-0.4411512872627451,-1.5445812023675178,-0.2518196830253784,-0.19161022528748672,-2.845189101390044,0.24890200913125984,-0.12518110026132825,1.564896711613598
331.00000000000006,-2.5287243199456446,1.9688011366871658,4.373383812907499,-1.1995619520509393,-0.6066581062906078,-1.5970034038695509,-0.25546285084504966,-0.16221134207702664,-2.6733691423835113,0.2785350995390502,-0.15903640661338164,1.860888516668595
331.1,-2.6359105953125628,1.9008984384405894,4.212722334274686,-0.9423239917321289,-0.7466427408579832,-1.6095348154373514,-0.25655523550547427,-0.12888087667541018,-2.4715387863916463,0.2791376758205493,-0.21035923946522836,2.172515390088903
331.20000000000005,-2.716864462178739,1.820510571088529,4.052805972929988,-0.6753497047725697,-0.8555294217493453,-1.5822454496488936,-0.2556627638675874,-0.09308133266506007,-2.2390365919173574,0.24708782410561086,-0.26826173220865773,2.4749024295359487
331.30000000000007,-2.7707446111606764,1.7309752624542898,3.8975472956112087,-0.4013001354181615,-0.9289821648259579,-1.5167852529853136,-0.25321532637623634,-0.055942516974548946,-1.9785627773608794,0.18374383234060385,-0.3183557196093687,2.7269992763489492
331.40000000000003,-2.7969797637462137,1.6359944211688786,3.7506173682372586,-0.12291035959125343,-0.9640776329873229,-1.4163181560320823,-0.2493854796125648,-0.018388721043081792,-1.6976023618959688,0.09815798051560537,-0.3462989742252249,2.8771424353361343
331.50000000000006,-2.7952747147325003,1.5394865524823447,3.6153001872202037,0.15703783611040253,-0.9594216803527112,-1.2853957683835602,-0.24411197276395089,0.018602320844872594,-1.4085553043646808,0.006729102931036204,-0.3436664276985886,2.882973501035374
331.6,-2.7656136152293214,1.4454305390563689,3.49436255880894,0.43574377604836906,-0.9152049324143381,-1.1297757536883095,-0.23732450441677128,0.05386274890255108,-1.126437771040407,-0.07221489229956089,-0.3124844490470411,2.7374355865255
331.70000000000005,-2.7082604600564606,1.357707014703488,3.389944613707991,0.7104159393127999,-0.8331951863569855,-0.9561921256972188,-0.22915650310550492,0.08620631871367984,-0.8647713268666841,-0.12596431778218764,-0.2639173748749351,2.4761792865236947
331.80000000000007,-2.623756771365346,1.2799436550030818,3.3034753215496497,0.978299944561995,-0.7166669345194234,-0.7720866229376554,-0.2199131765740939,0.11470646644523702,-0.6322481056005289,-0.15102319852475277,-0.2118984234272502,2.1562956074371726
331.90000000000003,-2.5129164984313435,1.215370552567651,3.235616373125124,1.2367061951395968,-0.570270820674574,-0.5853118713039177,-0.2098809218245382,0.13877675199716052,-0.4320633184797709,-0.15095224327585244,-0.16733924960240634,1.8282241880420511
332.00000000000006,-2.376818181511953,1.166691442691794,3.1862366673441342,1.4830369067540374,-0.39984823349433807,-0.4038181685830535,-0.19919326651940442,0.1580495620780112,-0.2633524801145058,-0.13203678520868184,-0.13628224395474264,1.522751424014701
332.1,-2.2167944551680754,1.1359759132110918,3.1544184197736502,1.7148122458803416,-0.21219842877384143,-0.2353363778763195,-0.1878098890760923,0.17221984318634873,-0.12311853037999046,-0.10019045717528298,-0.12092268903335293,1.2527989119898784
332.20000000000005,-2.0344189932184706,1.124576895822944,3.1384946489475443,1.929695315661011,-0.014807464514835944,-0.0870695719981047,-0.17554862025238208,0.18094681302330734,-0.00767332219391185,-0.05976305462859441,-0.12130808139442847,1.0202253266409724
332.30000000000007,-1.8314910232827677,1.1330767282308154,3.136116545704561,2.1255157373397573,0.18445024462609555,0.03459427793523146,-0.16211921610173038,0.1838159560976563,0.08656219993082322,-0.013524118474766188,-0.13657983062925466,0.8216319484327039
332.40000000000003,-1.6100175633905296,1.1612639374433709,3.1443480394627104,2.300291589077248,0.3776258554446655,0.1243371154857976,-0.14714588146023572,0.18034152266173445,0.16271299973747969,0.03689270097474499,-0.16556477121391663,0.6518672926900003
332.50000000000006,-1.3721935561606506,1.2081416698055696,3.159783791079753,2.4522494802079438,0.55701299152736,0.17812295481023319,-0.13018589900693733,0.17000102636682005,0.22335389659867985,0.09042965304022393,-0.20685094439209686,0.5057822285737651
332.6,-1.1203800973451064,1.2719674316825327,3.178685907999953,2.579842557459845,0.7154549722030568,0.19335892148230685,-0.11075818051800301,0.15230687987771396,0.2705265060132681,0.14601973743298804,-0.2584977158836073,0.37897143317582294
332.70000000000005,-0.8570809748640746,1.3503225564611125,3.1971339309860163,2.6817662601879024,0.8466301268615954,0.16899875799257033,-0.08839732692722022,0.12692718296714678,0.3057963285692659,0.2019751895704435,-0.31749962036667706,0.2679650767042287
332.80000000000007,-0.5849177516572232,1.4402086284382363,3.211182112632765,2.75697166405305,0.9453038200548144,0.10558466744627278,-0.06274710527335359,0.09386430019623113,0.33031565765027177,0.25538533625922194,-0.37916677954123906,0.17006495201357388
332.90000000000003,-0.3066036405365422,1.538167019480663,3.217017717157089,2.8046762766068802,1.0075371399370199,0.005225827244869849,-0.03369662246269613,0.05368069972751119,0.3448779502450143,0.30170467516809185,-0.43673527136629225,0.08286465135804885
333.00000000000006,-0.024916431624577594,1.6404167729064825,3.2111140302378707,2.8243721736599396,1.0308439302940031,-0.12848557069603794,-0.001535769261962129,0.007722564066436657,0.34995863568287905,0.334900080410836,-0.481703204658519,0.003505732999394482
333.1,0.25732925724537586,1.7430053375925134,3.1903719785708393,2.815831391878037,1.0142899057892547,-0.2906174060168061,0.03293302651247094,-0.04175641775601699,0.34574124836144815,0.3485428494802021,-0.5053525905511638,-0.07207604370099727
333.20000000000005,0.5373101297066891,1.8419661430157397,3.1522447128938906,2.779108520494617,0.9585298990158025,-0.4750941379196974,0.06841311823722403,-0.09168789253952557,0.3321291271690497,0.33778215508438714,-0.5013529141389815,-0.14942129559071923
333.30000000000007,0.8122224778324562,1.933476733207529,3.0948401874264966,2.7145404630736434,0.8657817544308571,-0.6749389009896702,0.10331037853404193,-0.1385564405861393,0.30874318993979666,0.3013081493417872,-0.46836970553306667,-0.23494770362933673
333.40000000000003,1.0793102836414699,2.0140111553202873,3.016997645879092,2.622743368627361,0.7397379099398709,-0.882551537269594,0.13605314324851156,-0.17896417165741108,0.2749062320583115,0.24203502330242715,-0.4111183438528614,-0.33472449973909213
333.50000000000006,1.3358928732203819,2.080480527554658,2.9183349644450534,2.504606759800196,0.5854181910927924,-1.090011480360984,0.16539195478615812,-0.2101929527828495,0.2296143145550229,0.16604172725889485,-0.33913483913110726,-0.4534652378127445
333.6,1.57939184572793,2.130356182447214,2.799264964027825,2.3612849139911147,0.40896968652459864,-1.2893934165475538,0.19055402165225238,-0.23056551178771495,0.171496622728669,0.08062672689443534,-0.2640670817394809,-0.5944071187972916
333.70000000000005,1.8073570065264624,2.161770476185441,2.6609800410469338,2.19418558091342,0.21742168297270043,-1.4730831385627767,0.2112330058780706,-0.2395272900506474,0.09876750642319003,-0.007239893687728901,-0.1970018794277285,-0.7599703746723415
333.80000000000007,2.017491043376852,2.173591244999545,2.5054057292081438,2.004956146914826,0.018405429841288456,-1.6340809999347774,0.22748360222350233,-0.237502448818218,0.009179708432176201,-0.09145693846137676,-0.14678034325396447,-0.9525612662831066
333.90000000000003,2.2076726969701164,2.1654669402906532,2.335125043236959,1.7954673821181082,-0.1801500945871783,-1.766280872173413,0.23960326315590166,-0.22563192412038743,-0.10000135842528492,-0.1665300616256881,-0.11930917392813428,-1.174906674697414
334.00000000000006,2.37597819190235,2.137840643099703,2.1532766204092737,1.5677949308471988,-0.3703342864513941,-1.864713483682962,0.2480448819715348,-0.20548186926435388,-0.23196161586606734,-0.22702387614934863,-0.11737316504983873,-1.429506932309419
334.1,2.5207007114018523,2.0919323992046603,1.9634307203061296,1.3241987286215438,-0.5445702870793158,-1.9257444392723073,0.2533597971211692,-0.17876812912164713,-0.3901627153667508,-0.2671822473248454,-0.14045476699927187,-1.7167930050297413
334.20000000000005,2.640367718514895,2.0296905790897304,1.7694480259392678,1.0671005499975086,-0.6959170483903696,-1.9472190258766582,0.2561405589600506,-0.14711779408835304,-0.5778900412395674,-0.2810867134966974,-0.184300055545567,-2.031378413043229
334.30000000000007,2.7337559478457156,1.9537142019115632,1.5753268750492073,0.7990599105140808,-0.8183460505342506,-1.9285480315666335,0.25692157055765813,-0.11190065526261841,-0.7973217166046002,-0.2637651188629022,-0.24033277966211475,-2.3559055698626796
334.40000000000003,2.799903915133536,1.8671493201602507,1.385045011625705,0.5227485627425258,-0.9069816399098944,-1.8707311565360865,0.25602177594196157,-0.07420659492076895,-1.0479400544866955,-0.21362665047909837,-0.29563104715866567,-2.6538603444995434
334.50000000000006,2.8381218166847217,1.7735635958318807,1.2024021661586883,0.24092384080136434,-0.958295406044885,-1.7763170827680357,0.25341344175843294,-0.03505357838417725,-1.3244922306263938,-0.13583015439379992,-0.33495958555514954,-2.868391617681282
334.6,2.8479987167279264,1.676804068365408,1.030869740091414,-0.043598880483464886,-0.9702468481424154,-1.6493017942969803,0.24881929432789407,0.004260590685363965,-1.6157019821467669,-0.04416319412185562,-0.34605754689266544,-2.939690677746781
334.70000000000005,2.829406947859102,1.5808437846861376,0.8734535867163872,-0.3279743364414878,-0.9423647233653757,-1.4949692017368361,0.24210361328255744,0.042054761430161645,-1.905718031890476,0.0422579244310094,-0.3260752864308584,-2.8407850540207193
334.80000000000007,2.7825036776188914,1.4896234057335367,0.732575358645431,-0.6093558517006723,-0.8757658337573385,-1.3196804248920753,0.2335845512165119,0.07667729981748796,-2.1786963832194863,0.10714936035139949,-0.2833025455456728,-2.599554778783601
334.90000000000003,2.707729622622515,1.4068941041198895,0.6099771517887383,-0.8849238622961884,-0.7731105028257337,-1.130620134105631,0.22388338992141743,0.10702200069965305,-2.4235298371759595,0.14336239407203832,-0.23176710692736716,-2.279198914241321
335.00000000000006,2.6058049202531737,1.336068016095072,0.5066532470178288,-1.1519141947059088,-0.6384965167947377,-0.9355100629307008,0.21353464381121423,0.13260090873641434,-2.635460417500698,0.1524733819728063,-0.18406143067110708,-1.9404212622469468
335.1,2.477722196451187,1.2800822098259408,0.4228116703908269,-1.4076458179258393,-0.4772957587565329,-0.7423011134888311,0.20277704557740092,0.15325539557154647,-2.814684643741136,0.14035342624522104,-0.14795258490951085,-1.6213033923559
335.20000000000005,2.324736896290965,1.2412815931448462,0.3578671040372837,-1.6495477897086,-0.29594004860005063,-0.5588563293138031,0.19157691775658411,0.16886960916882368,-2.9640743827718667,0.11329643666117636,-0.12678997335621683,-1.3382488572284754
335.30000000000007,2.148354971561596,1.2213254288669149,0.3104654299552997,-1.8751851258892656,-0.10166472660563974,-0.3926373745698731,0.17972510386463714,0.1792321195435696,-3.087429845408396,0.0762400780183828,-0.12122720634044858,-1.0943080336744508
335.40000000000003,1.9503180461660523,1.2211211846144534,0.27853892786063605,-2.082283332270026,0.09777979678345367,-0.250407018737936,0.1669084487313956,0.1840057848456933,3.094669153604619,0.03247309994412146,-0.13067312158159275,-0.886265122679941
335.50000000000006,1.7325862055724301,1.240788354347888,0.259389926151257,-2.2687513516948035,0.294437025411726,-0.1379594877784288,0.15274355756070165,0.18274565193286255,3.0125346604599974,-0.016016773262554018,-0.15408411144951534,-0.7087819672460357
335.6,1.4973185805254032,1.279653693924239,0.2497995707105498,-2.4327026946071637,0.4804615778479208,-0.05988943182947733,0.1367918068673608,0.1749396024002966,2.9466009854510062,-0.06801430733968775,-0.19019758501208445,-0.5564071996332168
335.70000000000005,1.246851917510947,1.336278060626691,0.2461573749037902,-2.572474539391736,0.648431958029757,-0.019408719975910982,0.11857649808123016,0.16007339168787466,2.8946709821831496,-0.1225152443146578,-0.2373673347239635,-0.42441325492403
335.80000000000007,0.9836773488531829,1.4085137866575055,0.2446063856423324,-2.6866446089595417,0.7916464269350352,-0.01821836591279602,0.09761998666419622,0.13773349846204755,2.8550422068959826,-0.17814252116429696,-0.29312076189749964,-0.3090443081444692
335.90000000000003,0.7104155935780351,1.4935902992945451,0.2411981778223595,-2.7740456521720542,0.904390179811999,-0.0564406904279566,0.07351599685936393,0.10776135102836251,2.826439839440654,-0.2325469015257324,-0.3535648082278189,-0.20742702804172328
336.00000000000006,0.4297908361434952,1.5882245743060008,0.23205149762300936,-2.8337773825657946,0.9821631774545322,-0.13261442517722863,0.04604543797371518,0.07045947271892672,2.8079575735702336,-0.28190257531236457,-0.41287505255682766,-0.11719950994471953
336.1,0.14460354363330544,1.6887520191934853,0.21350822967509148,-2.8652157522152266,1.021859548607945,-0.24375295295264215,0.015324669362773517,0.026819099763366234,2.799011969508374,-0.32078770350029456,-0.4632845460619945,-0.0358665603574814
336.20000000000005,-0.142297507100538,1.7912725683629742,0.18228046980330884,-2.8680194651982474,1.0218914112988158,-0.3854633625914482,-0.01805975315532738,-0.021307252408189786,2.799311450177727,-0.3428545524482174,-0.49607523609672427,0.0399768922017691
336.30000000000007,-0.4280437126720933,1.8918061658685488,0.13558283963633672,-2.84213366273623,0.9822521767219325,-0.5521215721827678,-0.05300947461541237,-0.07120040204272741,2.8088396318722126,-0.3424628053549105,-0.5037567039349913,0.11515887870082314
336.40000000000003,-0.7097753517254435,1.9864514371239534,0.07124476773886401,-2.7877907403998647,0.904516811959047,-0.7370965389638876,-0.08803669031515782,-0.11952603121620113,2.8278524148508004,-0.3167422307584377,-0.48277660896593133,0.19570587481063534
336.50000000000006,-0.9846702312493437,2.0715412238410336,-0.012201739408789741,-2.705508286512436,0.7917790510548994,-0.9330146173641449,-0.1215419496888181,-0.16282603987626684,2.8568884412452444,-0.26688978795346446,-0.4353213008536904,0.2878283312355069
336.6,-1.2499719834207697,2.143788781507303,-0.11546233611397042,-2.596084159760827,0.6485280576477579,-1.1320535260721265,-0.15213474504401553,-0.19809510080173087,2.8967927227507806,-0.1978048401173591,-0.3690246953383689,0.39675484167477537
336.70000000000005,-1.503017729000737,2.2004188109718537,-0.23845096873257735,-2.460588752746137,0.48046945622474146,-1.3262542045865096,-0.17885425010280198,-0.22323207436062573,2.9487530810686966,-0.11639781465966019,-0.2947653115309838,0.5262376305778227
336.80000000000007,-1.7412648293893476,2.2392781003223696,-0.38029207070436827,-2.300354516488675,0.29429786692287474,-1.5078381265064924,-0.20122461990808413,-0.23723304697415806,3.014348003948481,-0.029792643669401056,-0.22388849518952914,0.6789621476210334
336.90000000000003,-1.962316458341773,2.258921366111847,-0.5393542342326744,-2.11696284845261,0.09743001219381708,-1.6695174192796434,-0.21918345729511418,-0.24012930377553543,3.0956016203839023,0.05563730251779693,-0.16611163220487296,0.8574050319742711
337.00000000000006,-2.1639457359349175,2.2586688717156265,-0.7133140166028029,-1.9122284732056398,-0.10229096447215563,-1.8047854269036265,-0.23296603057583587,-0.2327619923494395,-3.0881505234941224,0.13430332009745857,-0.128488824814903,1.0645036007724558
337.1,-2.34411818156215,2.238633525756768,-0.8992473377580906,-1.688181470106354,-0.29690817988218177,-1.9081761317554022,-0.24300512207405406,-0.2164920125778303,-2.9674985370595217,0.20093173257103925,-0.11510012934310195,1.3036669426752279
337.20000000000005,-2.5010122593778235,2.1997163802711155,-1.093744825779999,-1.4470471261566826,-0.4786682269215202,-1.9754820932113661,-0.24985994475889148,-0.19290688824764346,-2.8221331494577697,0.25006343469624037,-0.12694503898189752,1.577711591482291
337.30000000000007,-2.633037808535737,2.143570708086102,-1.2930465121833832,-1.1912238141448843,-0.6403302783834874,-2.003922214521181,-0.25414876028278705,-0.16355539460711457,-2.6483660742960557,0.275887837437008,-0.16165759396963283,1.8860230129367757
337.40000000000003,-2.738852171601113,2.0725360915346327,-1.4931905075282554,-0.9232591161901247,-0.7754547558571527,-1.9922526495900612,-0.25643823986428427,-0.12974553406140363,-2.442985476891991,0.2727852660105786,-0.21291885410664993,2.2188358035577695
337.50000000000006,-2.8173738574320195,1.9895451501789945,-1.6901697304921286,-0.6458244306038359,-0.8786600553538438,-1.9408164281526985,-0.2570563815617291,-0.09249010589176815,-2.2046349801060927,0.2370764607452164,-0.2698980731062975,2.548214924065563
337.6,-2.8677935994104864,1.898006626016663,-1.8800904424799487,-0.361688315410836,-0.9458370948314077,-1.8515298209269582,-0.25589620414837977,-0.05272639151909834,-1.9360390265633907,0.17024840982021178,-0.3179167902923636,2.820329390434574
337.70000000000005,-2.889582695905752,1.801669487190832,-2.0593262678711994,-0.07368883476487237,-0.9743131302850911,-1.7278059883105181,-0.25246082947566206,-0.011791589065860418,-1.6462841852448238,0.08232428806705212,-0.34225247171389567,2.9639611275601356
337.80000000000007,-2.882498547007771,1.7044734679632203,-2.224661559966959,0.21529481526245078,-0.9629583095727362,-1.5744189564912223,-0.24635938030972057,0.028303062517115545,-1.3508372374586592,-0.008630110319046796,-0.3351140862673828,2.928073781693809
337.90000000000003,-2.8465873296157578,1.6103920034475983,-2.3734183974599636,0.5023711175801112,-0.9122307160108246,-1.3973133437966907,-0.23786900715096881,0.06535495737353107,-1.0674110840355424,-0.08361582669832127,-0.30054587984852166,2.722200290552393
338.00000000000006,-2.7821837816143757,1.523273820801063,-2.5035621488441633,0.7846651930937913,-0.8241581059944207,-1.203367422875332,-0.2278546007530043,0.09783482812336408,-0.8099409351964652,-0.1313435129840974,-0.2514642040302279,2.40976033560312
338.1,-2.6899080948390743,1.4466895021328487,-2.6137813966051215,1.0593476175380652,-0.7022570687053005,-1.0001189646543882,-0.21716848444765874,0.12516890328395183,-0.5854005623563382,-0.1505459843003094,-0.20179884041878687,2.0626792479528113
338.20000000000005,-2.5706599455259864,1.3837891361821173,-2.703539035231771,1.3236628070096628,-0.5513928307545337,-0.7954647937884239,-0.20624921604988253,0.14734661174439756,-0.3947052834762507,-0.1461334111368947,-0.16121292821595176,1.7293239788161137
338.30000000000007,-2.4256097196753648,1.337176733744496,-2.7730925062880827,1.5749566871623555,-0.3775852949074596,-0.5973460333565744,-0.19512735180896568,0.16445163867086982,-0.23530223603525274,-0.12457741289307908,-0.13446928791918927,1.4316293941611529
338.40000000000003,-2.256187018935102,1.3088064135068729,-2.823482364198391,1.81070336798199,-0.1877690455136135,-0.41343158708402433,-0.18358771308229352,0.17643031586168872,-0.10333017258516491,-0.09138194202187745,-0.12301276939802204,1.1747347153192744
338.50000000000006,-2.0640665599562134,1.2999044970342113,-2.8564896289438697,2.0285305558010878,0.010483111531883305,-0.25081247763076264,-0.17129594652698846,0.18304736376352376,0.005167789156994975,-0.05040061522526819,-0.12661602121602505,0.9558855090806554
338.6,-1.8511516064068525,1.3109206187353748,-2.874563626238579,2.2262434466614947,0.20926205270478687,-0.11571922669187218,-0.1578565619503857,0.18391652383584806,0.09372244613138134,-0.004040951606550489,-0.1443919899312212,0.769598827430075
338.70000000000005,-1.6195550976860384,1.3415097998991345,-2.8807231923192385,2.401846860165383,0.4006376486923734,-0.013273544045131161,-0.14283122366749074,0.17855148479934704,0.1652822899954832,0.046249644833410125,-0.1752003843681898,0.6100948907387324
338.80000000000007,-1.3715786616171317,1.3905462014520795,-2.8784351823494156,2.5535653904057356,0.5769749136669166,0.052715775103802154,-0.1257482090447182,0.16642977117136212,0.22221729467672877,0.09944316865788407,-0.21761662012752067,0.4722836233485371
338.90000000000003,-1.1096897197678202,1.4561680071593712,-2.8714751262705067,2.679861370288722,0.731238388120941,0.07990460757960122,-0.10612523864048504,0.1470824498983184,0.2663795477044519,0.15437309430744356,-0.26959368894135427,0.3520733486854908
339.00000000000006,-0.8364969133437951,1.5358516479169584,-2.863775587652805,2.7794504673311295,0.8572726204798357,0.06750686443520867,-0.08352239871430522,0.12022643993491315,0.29917488904448236,0.20915262933822132,-0.32792518299875406,0.24633996724074106
339.1,-0.5547240946290033,1.6265124080463051,-2.8592682713393267,2.851314752635909,0.950047565574412,0.016325735863158733,-0.05763663876175862,0.08594809473832726,0.32162723190978615,0.26062569529643687,-0.3876824035868668,0.15264700274643703
339.20000000000005,-0.26718314352053923,1.7246274027372381,-2.8617261748906353,2.8947131099775514,1.0058591167126094,-0.07127842678496335,-0.028435974386848445,0.0449232603678103,0.33442936515175564,0.3040593644241912,-0.44195602830441155,0.06870860519654172
339.30000000000007,0.023254119297243202,1.8263760239149809,-2.874612077085681,2.909188878508228,1.0224767767673837,-0.19148231139676272,0.0036967277747334093,-0.0013815236883684343,0.3379789498330959,0.3334469070921529,-0.48238228971557806,-0.008348186029398677
339.40000000000003,0.3136846417303017,1.9277922553990905,-2.9009394040947787,2.894574650271038,0.9992325811021313,-0.33915217241007783,0.037876994280392325,-0.05062520233809411,0.3324001110856793,0.3427342836702838,-0.5008176099297363,-0.08264445117140957
339.50000000000006,0.6012031849267645,2.024922785029059,-2.9431510204788482,2.850994172189685,0.9370477272561724,-0.5080486042207947,0.07276880178057629,-0.09973079013497488,0.3175513310896716,0.3277704895607173,-0.4918991268692618,-0.15966504857481328
339.6,0.8829314123399938,2.11398461032451,-3.003020777556769,2.778861331217773,0.8383958497494383,-0.6910753969822205,0.10680196202731206,-0.1452803727249295,0.29302011207831813,0.2880237714020393,-0.4553397550857632,-0.24555346695442887
339.70000000000005,1.1560467316755298,2.191515854441061,-3.081581744418826,2.6788762305787848,0.7072044041233093,-0.8805625536672268,0.13848618632520954,-0.18406822617252888,0.25810451361464065,0.22693647424378932,-0.3965559021026504,-0.34594206757748086
339.80000000000007,1.4178106004400446,2.2545137798639994,-3.1790839831030406,2.5520183942207213,0.5486980917257194,-1.068572185356958,0.16668249052187317,-0.21361515049377094,0.21178145478750854,0.15070458108841134,-0.32519041231888096,-0.46513709675018755
339.90000000000003,1.6655960109778998,2.300554497670656,-3.2949835516193358,2.399537165449155,0.3691905673992026,-1.2472150896412,0.19072789740587404,-0.23247008598810562,0.15266195023834878,0.06642232255235428,-0.25246799650531226,-0.6061864059268397
340.00000000000006,1.8969138788881224,2.327889599930286,-3.4279631735443643,2.222939393904159,0.1758327340292108,-1.4089653911093554,0.21041157175198236,-0.24024621289937434,0.07893485313905739,-0.019264885505523237,-0.18877522839043973,-0.7716372196955469
340.1,2.1094380695043498,2.335515862812529,-3.5759837504591396,2.0239745323246545,-0.023672341343869696,-1.5469607001684285,0.22587311724719314,-0.23745287356984834,-0.011695434715126162,-0.10055732504043631,-0.14222156920825624,-0.9643893172391701
340.20000000000005,2.30102881058418,2.3232152415619867,-3.7363646638950647,1.804617290618293,-0.2213765244566952,-1.6552758237652712,0.23749510112588415,-0.22522321980749604,-0.12206243660706431,-0.1722018707082181,-0.1180980963065487,-1.1881157713721406
340.30000000000007,2.46975425534315,2.291563562864983,-3.905889665695429,1.5670480193770733,-0.409403480810156,-1.729159115987002,0.24582067661035184,-0.2050141522748609,-0.2555458316003093,-0.22896589269330717,-0.11875628087893088,-1.4468424570593375
340.40000000000003,2.6139099783500637,2.2419075680716163,-4.08093413557553,1.3136310178803214,-0.5802626802276972,-1.765222045946917,0.25148235001329217,-0.17831970513898368,-0.41595053798981174,-0.26526956990615175,-0.14345112389755,-1.7430688076442018
340.50000000000006,2.732036207365419,2.17631122248707,-4.257608632809092,1.046890982595963,-0.7271480206126935,-1.761574425438948,0.25509608077927826,-0.14643171398794835,-0.6070781324341696,-0.2753104015148654,-0.18787931382655845,-2.073215322671271
340.6,2.8229326167661615,2.097473431211821,-4.431913019372712,0.7694878310047131,-0.8442091657172304,-1.7178999052173634,0.2570699677692132,-0.11032394735893929,-0.8316695514554808,-0.25414624963204363,-0.24345229304316526,-2.4188828926507506
340.70000000000005,2.885670532528301,2.0086204419397338,-4.599895010427625,0.4841901520357028,-0.9267847795438946,-1.635468730058963,0.25734997635180723,-0.07080816131049601,-1.0893576952073196,-0.2003127938648467,-0.29703693981669044,-2.735323703856446
340.80000000000007,2.9196024245838075,1.913377224275943,-4.7578068315017905,0.19384754836900642,-0.97158835905855,-1.5170872440588785,0.25533409727216916,-0.02905421761538424,-1.3738660707975656,-0.11970655954650086,-0.33303888900415735,-2.9493710355609695
340.90000000000003,2.9243685894848612,1.8156229532743289,-4.90225373722034,-0.09863785284167403,-0.9768392566522187,-1.366986159177896,0.25031829704916153,0.01288372117954781,-1.6714317614268925,-0.027641005732918188,-0.3395208990935683,-2.98882935385663
341.00000000000006,2.89990095441207,1.7193363586101809,-5.030328470874715,-0.3903404357294643,-0.9423336688988009,-1.1906520413749568,0.2423056503290106,0.052353675924755094,-1.9635072287638715,0.055703681277686386,-0.3153703878461734,-2.8359004802155066
341.1,2.846423962382345,1.628437104829142,-5.13972630461279,-0.6783403871785169,-0.8694527615113783,-0.994608732394697,0.23222421221181144,0.08723124927857231,-2.233342196053118,0.11493797777490436,-0.27090579569999296,-2.5440164187557976
341.20000000000005,2.7644525277521326,1.546629526340028,-5.2288360742200135,-0.9597529504507418,-0.7611076065804367,-0.7861574211827531,0.221243722729546,0.11662467960162949,-2.471119559469228,0.14508876047086675,-0.2206768867535228,-2.1940295029097774
341.30000000000007,2.654787080482572,1.4772549469457381,-5.296803579469747,-1.2317573476015875,-0.6216231272731174,-0.5730857274155099,0.2100918965694146,0.14054934578962444,-2.6742211092261385,0.14937331791765798,-0.17628835606136656,-1.8472278674390221
341.40000000000003,2.5185057468375787,1.4231584714653067,-5.343564822721834,-1.491625080442143,-0.4565656767514538,-0.36335739501310993,0.1989388253083087,0.15926813194795064,-2.8445616925437065,0.13411566478503617,-0.1441990917339799,-1.533788049573308
341.50000000000006,2.3569537429330514,1.3865755600453147,-5.369847760890014,-1.7367473258360182,-0.27252112519397537,-0.16479496652711464,0.1875989288025872,0.17290487660941253,-2.9859471527622055,0.10531889259705768,-0.12688177312834265,-1.262374698560889
341.6,2.1717300855565185,1.36904290708513,-5.377142501170853,-1.9646611500138271,-0.07683230189218593,0.015231910876615504,0.17572551153659874,0.18134981485389737,-3.1025054199097015,0.06743743993715084,-0.12460987065203258,-1.0312422270558934
341.70000000000005,1.964671751644206,1.3713371777513668,-5.367641128968224,-2.173074278256304,0.12269374022553176,0.17010012163762372,0.1629083637102229,0.18429303077877005,3.085191630161784,0.023363402613149543,-0.13670916361975916,-0.8349129755038073
341.80000000000007,1.7378354434783698,1.3934440444640053,-5.344149567109151,-2.359888170606835,0.3180969671998904,0.2941969539227118,0.1487043662900737,0.18128722344746367,3.007606992674667,-0.025152244341940022,-0.16215899078807514,-0.6672907367416692
341.90000000000003,1.4934771407749161,1.4345587577713073,-5.309974980468224,-2.5232191711113336,0.5015817055186885,0.3831436879572226,0.13264392678852202,0.17181519368971698,2.945364269598142,-0.07697927199386434,-0.1997063394655282,-0.5228969898676803
342.00000000000006,1.2340296431451212,1.4931182288549745,-5.268793215037917,-2.661417517252739,0.6658274310623782,0.4339699868567997,0.11424249549377277,0.15537139962105617,2.896446708723344,-0.1310703035948884,-0.2476398043130365,-0.39726662679009134
342.1,0.9620783266999139,1.5668633446367262,-5.224501556441344,-2.773084017576413,0.8042806153417612,0.44523213760179897,0.0930364811181109,0.13157612141530403,2.8593065420177837,-0.1858997118305765,-0.3033274429647401,-0.2869697003015435
342.20000000000005,0.6803353566120534,1.6529290311804772,-5.181062678145305,-2.8570842287745024,0.9114159940416853,0.417070428315709,0.06865733845686431,0.10033682529136222,2.832795138136212,-0.23889820253195326,-0.3626484844963683,-0.18940516398742865
342.30000000000007,0.39161261309724715,1.7479584748454198,-5.142346000865598,-2.9125599884703917,0.9829568419156814,0.3512033744511928,0.04094847977839912,0.06205429445192339,2.816106709309316,-0.2860197905293693,-0.4195711070233444,-0.10236506225815785
342.40000000000003,0.09879360133206312,1.848236947554059,-5.111972787858322,-2.9389381863849704,1.016045472368799,0.2508590241243313,0.010108210442637218,0.017837394782259913,2.8087371163564434,-0.3217483791349192,-0.4662990078708191,-0.02336924270583848
342.50000000000006,-0.19519537380905833,1.9498399009837382,-5.09317115184624,-2.935936684194133,1.0093571644470638,0.12064608129232494,-0.02319264973954355,-0.030354208083322818,2.810457303947339,-0.3399158604323026,-0.4944385708823032,0.05106356804064094
342.6,-0.48741447976703733,2.0487894256329158,-5.0886467541801625,-2.9035673229363304,0.9631529753243204,-0.03363001525455034,-0.05779699181117014,-0.07974683495562974,2.821300503008617,-0.3353980005821429,-0.49724169656966016,0.12580491089709925
342.70000000000005,-0.7749397819777049,2.141212837234389,-5.100474351227538,-2.8421359860084148,0.8792693328193519,-0.20519872468071185,-0.09220986776632185,-0.12704094055976856,2.8415625822211243,-0.30604312990523325,-0.47214211391549454,0.20675835868972794
342.80000000000007,-1.0548925284027113,2.223497068173923,-5.130014511862031,-2.752239715306303,0.7610448228568908,-0.3865945141443839,-0.12488318565072377,-0.168910592512571,2.8718153806488496,-0.2536761809475082,-0.42218348863176297,0.2998205183528673
342.90000000000003,-1.3244679993405775,2.2924327088170604,-5.177858826431338,-2.6347609076277387,0.613187090625135,-0.5699546775959623,-0.15451822794179731,-0.20255059303211578,2.912933271474557,-0.18349214675596193,-0.3553951895796095,0.4098442290945836
343.00000000000006,-1.580963633121173,2.3453419562702695,-5.243805791706297,-2.4908586477611085,0.4415851616603829,-0.7473329901808237,-0.1802570038678053,-0.22607556546135207,2.966133362584994,-0.10234477737511946,-0.28251234612755916,0.540331735389681
343.1,-1.8218061453733558,2.3801853696628634,-5.326868333356556,-2.321957263443599,0.2530746650261699,-0.9110166937740997,-0.20171652894627873,-0.23866336036707794,3.0330292276262383,-0.017106274876881163,-0.21436575779358147,0.6939703637806601
343.20000000000005,-2.044577369483027,2.39564317595428,-5.425312666202224,-2.1297322152892977,0.05516531839556682,-1.0538341763775332,-0.21891299522998423,-0.24046181764793836,3.115695977254235,0.06612612570517598,-0.16002692544788832,0.8735375530865777
343.30000000000007,-2.247038558511611,2.3911678848599025,-5.536726943147021,-1.9160934615938576,-0.1442584606507305,-1.16944107910816,-0.23215304322767782,-0.23234954015484127,-3.0664466221955036,0.14198070710746286,-0.1259470419595195,1.0826028850473552
343.40000000000003,-2.4271529041266287,2.3670061153050135,-5.658116956111912,-1.6831664633310066,-0.3372518814302463,-1.2525734245381228,-0.24194093188014443,-0.21563925888861488,-2.9438437390112817,0.20533776129414996,-0.11572858961878614,1.3255970843859282
343.50000000000006,-2.5831060458257364,2.324188763254592,-5.786025073804648,-1.433271018427813,-0.5161265138496638,-1.2992576748947928,-0.24890354788785443,-0.19177772827119532,-2.7959450778433084,0.25085045675832957,-0.13004072077853296,1.6067415607660989
343.6,-2.7133243637560067,2.264489902896922,-5.9166676747726505,-1.1688981362913762,-0.6737568018070221,-1.3069693457026748,-0.2536954094310896,-0.16207611301022562,-2.6187043584271144,0.2727839455950234,-0.16631326493314197,1.926785538688126
343.70000000000005,-2.816490870537824,2.1903560596606426,-6.046085596836862,-0.8926851833344476,-0.8038641365856817,-1.2747338513802828,-0.25682486350740874,-0.12753139512074288,-2.408500678988355,0.2655628021034344,-0.21806052277671134,2.275705070506679
343.80000000000007,-2.8915585414666163,2.1048086747275394,-6.170301605070145,-0.6073895477304395,-0.9012671651273241,-1.203165562333823,-0.25837930108117213,-0.08887901969394232,-2.1638094560091807,0.22564622908617954,-0.27416075540921697,2.6204143872470747
343.90000000000003,-2.93776094806406,2.01132364947248,-6.285478600674998,-0.3158610866142038,-0.962088354185468,-1.094443516402856,-0.2578074876067837,-0.047049899468777474,-1.8880170799106037,0.1551460451321371,-0.3195051764657566,2.8946426831067984
344.00000000000006,-2.954620086909704,1.9136927720137462,-6.388072263569849,-0.02101363131034221,-0.9839085752972261,-0.9522247529024283,-0.2541793981016245,-0.003878390262245351,-1.5921503811240802,0.06551255148157872,-0.3394051184339507,3.014106563338033
344.1,-2.9419513237467374,1.8158725503605218,-6.474972043396254,0.27420416422736593,-0.9658635477584249,-0.7814987242987304,-0.2470830382431614,0.037795371707502134,-1.2941791376062668,-0.023778975647290042,-0.3274611116357992,2.930707188622767
344.20000000000005,-2.899865401735465,1.721826478701609,-6.543624878168232,0.566838339843255,-0.9086782947254974,-0.5883885895999921,-0.23726419505093443,0.0752331898353012,-1.0130565800428526,-0.09400038431964781,-0.28991640460022744,2.6757354652583203
344.30000000000007,-2.8287674921354977,1.635367025182254,-6.592136708368539,0.8539592147240751,-0.8146382387877413,-0.37990731120763777,-0.22610953943746004,0.10700062352723529,-0.7618372382218236,-0.13582529350104527,-0.24079615584276862,2.332040827955207
344.40000000000003,-2.729353295339986,1.5600036406164306,-6.619347739520065,1.132690745467516,-0.6874980893383856,-0.1636782788105781,-0.2146905906635195,0.13295661826755648,-0.5455215108312431,-0.14988250013183999,-0.1934488240852937,1.9747503690173926
344.50000000000006,-2.6026022297630123,1.498802847548192,-6.624878452816549,1.4002393622001559,-0.5323321541170469,0.05236840189619624,-0.20340208320601663,0.15347959801698255,-0.36329752016708106,-0.1418543106589926,-0.15629372741270303,1.645341903878871
344.6,-2.4497677753003595,1.4542659874700412,-6.60914452957453,1.6539219933507021,-0.3553320425312199,0.2603118477208773,-0.192139947230541,0.1688747672376816,-0.21162521321169353,-0.11810020303202454,-0.1331210515982095,1.3580770592917326
344.70000000000005,-2.2723650666450337,1.4282295000299867,-6.57334009456961,1.8911929976771777,-0.16355982568492944,0.45255596830738654,-0.18056408791843795,0.17917893039824148,-0.08627033617328496,-0.08369330892324682,-0.12489080100581011,1.113152788446009
344.80000000000007,-2.072155859365648,1.4217917097816044,-6.519389946339808,2.109669732954015,0.035333506152184,0.6221320875584512,-0.16825121550130911,0.1841768710671695,0.016746793294096205,-0.04207665461494644,-0.13123032907434368,0.9054224812124277
344.90000000000003,-1.8511310180559852,1.435269039257578,-6.4498726789238825,2.3071565042702566,0.23341306442538473,0.7629765516548725,-0.15474916345252032,0.18347350331521353,0.10082609309523059,0.004620886172985354,-0.1512586116530353,0.7285546337421891
345.00000000000006,-1.6114907007865038,1.4681833940138003,-6.367917759962989,2.481666651008117,0.4227764013041385,0.870172256378272,-0.13958634900783706,0.17656843149170487,0.1687398955782025,0.055090508373351936,-0.18386371117295472,0.5766814989852452
345.1,-1.3556224372744898,1.5192812225621612,-6.277080668365658,2.63144255012163,0.595868555380962,0.940144464868657,-0.12227540147762495,0.16293404150902188,0.22268633221328266,0.10831982725994378,-0.2275980533526699,0.44493842800052047
345.20000000000005,-1.0860773194009261,1.5865834913330394,-6.181201069424112,2.754973334129124,0.7457832441847094,0.9708031092467442,-0.10233463535495702,0.14211567095832459,0.2643682025044051,0.16304953554670124,-0.280302954816558,0.32954734339210884
345.30000000000007,-0.8055445417432344,1.6674645823228835,-6.084249681509181,2.8510101450516956,0.86653819591013,0.9616259030467973,-0.07934339036523391,0.1138726642621551,0.295068239704755,0.21720641915196662,-0.33856637244568344,0.22767302529402614
345.40000000000003,-0.5168245464445874,1.7587569680271962,-5.9901699392931995,2.918578770164338,0.9533136437590953,0.9136789510951304,-0.05304053074488739,0.07836749226348345,0.3157111245627415,0.26739039139405313,-0.39720145199511936,0.13707718713186764
345.50000000000006,-0.2228010408613456,1.8568774905996008,-5.902720765891548,2.9569895316107413,1.0026444748753656,0.8295740352468839,-0.023459932761678487,0.03638334202312008,0.3269101085128295,0.30865188761252194,-0.44909756691708097,0.055540702664986626
345.6,0.07358783213910679,1.9579702108846528,-5.825326722097998,2.965844329418491,1.012558373501161,0.7133642789285918,0.008933169620510537,-0.010491371363456773,0.32899867457795706,0.33493366331718794,-0.485916864995679,-0.019873141985580055
345.70000000000005,0.36937888273542163,2.0580601323856844,-5.76094150677941,2.9450407659579216,0.9826544510246847,0.5703823500753605,0.04317545679444653,-0.059812312340385865,0.32204823757935785,0.34042973250743797,-0.4999213337964595,-0.09340674509681673
345.80000000000007,0.6616135273217983,2.1532116716764733,-5.711930250223048,2.89477330912775,0.9141192281859178,0.40702765286614107,0.07788335497692678,-0.10845857572962929,0.30587267951089064,0.32154129722770397,-0.48652837093093315,-0.17059171442156937
345.90000000000003,0.9473674092667931,2.2396855575429786,-5.679975293004962,2.815531481235318,0.8096793322810982,0.23051099231375816,0.11149087762646462,-0.15305590351974688,0.28002003556788124,0.2784039944031306,-0.44636722518514266,-0.25744314315375827
346.00000000000006,1.2237796904205307,2.3140879037807967,-5.666009206649853,2.7080950903663257,0.6734927951784647,0.04856689119070351,0.14256265618052924,-0.19052685155593282,0.24375112460232357,0.214967169093695,-0.3855521266013515,-0.35931945589947933
346.1,1.4880817196953147,2.373505512585959,-5.670177726301381,2.5735265507133156,0.5109832857514744,-0.13085497162795917,0.17004426839178607,-0.21857061695476673,0.19600452583725406,0.13761748622073744,-0.31397277096883935,-0.4802554759283557
346.20000000000005,1.7376247911630154,2.415622014420942,-5.691834073117906,2.413160367549912,0.328623885357481,-0.29990689996417647,0.19336192752025932,-0.23591723628908107,0.1353473061711188,0.05337121013805102,-0.24266304436173722,-0.6231852350238817
346.30000000000007,1.9699067131038914,2.438810214224705,-5.72956489269349,2.2285898910145487,0.13367902655346275,-0.4511562528895101,0.21238438882894195,-0.24232423566185413,0.05991189529176919,-0.03131899843853529,-0.18155807634827228,-0.7907823614560217
346.40000000000003,2.182596921248079,2.4421969624157374,-5.78124677536628,2.021651470304674,-0.06608511686420171,-0.5778819697556353,0.22732022723162087,-0.23838541708137348,-0.03267704374478945,-0.11083365759821233,-0.13824294965605682,-0.9863374594766495
346.50000000000006,2.373559883924247,2.425697964485376,-5.844131105066782,1.794406166016502,-0.2627102426599963,-0.674342726121195,0.23861530743851042,-0.22524747932490422,-0.14537232793775937,-0.1800364037596278,-0.11752626698239896,-1.2141881472116383
346.6,2.540876563846331,2.3900211414329626,-5.914953853982525,1.5491192029268464,-0.4483631925129864,-0.7360060299816347,0.24687108615715195,-0.2043032828921153,-0.2817325259765547,-0.2337499683551864,-0.12135882117999347,-1.4792667599170717
346.70000000000005,2.6828637206557593,2.336638407072768,-5.99006594579911,1.28823736825037,-0.6156482352792596,-0.7597291248970923,0.2527589667702088,-0.17690079811484327,-0.4458115607136096,-0.2664066133506262,-0.1486624854926169,-1.7849500008226866
346.80000000000007,2.7980908598868,2.267726987362665,-6.065578990266021,1.0143645811060813,-0.7579019114116201,-0.7438844879181441,0.2568737995671609,-0.14411412188025913,-0.6416868950146383,-0.27220460928858764,-0.19480113074686023,-2.127516347885671
346.90000000000003,2.8853946575429985,2.1860826211674076,-6.137520579024506,0.7302358773565816,-0.8694586840226971,-0.6884249190423284,0.2594751941291738,-0.10669020699376217,-0.8722102901969634,-0.24630936135150108,-0.2507362556557563,-2.4851426482497607
347.00000000000006,2.943890714706164,2.0950081028681486,-6.201992951450334,0.4386900699823308,-0.9458768059205134,-0.5948856272278824,0.26018875384772333,-0.06536980023866269,-1.1365323720889087,-0.18779716547977077,-0.3027390124921827,-2.803907163837265
347.1,2.9729825233085174,1.998181610273292,-6.255328704906384,0.14264135854379817,-0.9841153980103109,-0.46632322974175927,0.25803373781769257,-0.02162749375949966,-1.4268550148153956,-0.10391371367563448,-0.33492597895046217,-2.9988011413088023
347.20000000000005,2.9723675521106134,1.8995100671801273,-6.294237341624703,-0.15494982807121638,-0.9826556795067974,-0.30719409668318687,0.252194927729593,0.0218247520029094,-1.72719333091903,-0.011672438972030826,-0.3363215825109036,-2.9964601409403966
347.30000000000007,2.9420403907600914,1.8029733865606483,-6.315936809745014,-0.4511064636061207,-0.9415615168895487,-0.12317689064406356,0.24301326431040757,0.06180380077875896,-2.017588325331028,0.06832901447786716,-0.30801875597203837,-2.7964829209248556
347.40000000000003,2.88229291927681,1.7124658039029272,-6.318264794267755,-0.7428647342246096,-0.8624768777066956,0.079053623771705,0.23189246230370167,0.09619587199921377,-2.281823071666744,0.12225846563811528,-0.2620225505574414,-2.4723777330605237
347.50000000000006,2.7937115001164514,1.631640626247556,-6.299765320979413,-1.027303727350882,-0.7485602907349418,0.292092483128542,0.22023193465016835,0.12448492581903468,-2.5118863356102263,0.14720075309773778,-0.2128475476140763,-2.1105813675792944
347.6,2.6771712198138085,1.5637645862856426,-6.259747220596506,-1.3015747018808776,-0.6043589253635034,0.5080995403763575,0.2087281460689269,0.14704773491372547,-2.7068868005461058,0.14749398313924506,-0.17103534362636427,-1.7664782452992502
347.70000000000005,2.5338272367933583,1.5115876079596458,-6.198312122213064,-1.5629296461768618,-0.43562731025811,0.7191118308403818,0.19742499384877085,0.1643479592259996,-2.8697668002158507,0.12958782891043008,-0.14202339578570933,-1.4625836451682666
347.80000000000007,2.3651033209691517,1.477233175602915,-6.1163508599008,-1.8087488372831568,-0.24909791842175755,0.9173608359923908,0.18602069838923085,0.1765827955390427,-3.004735191949542,0.09915222875613743,-0.12770191769697206,-1.2024742655106155
347.90000000000003,2.1726776989368695,1.462113677253282,-6.015508435573491,-2.0365671247220867,-0.052212764700128034,1.0955819967586629,0.17408745307261295,0.18365011892767788,-3.115960633430893,0.06024506636344086,-0.12812891360833056,-0.9819261243610452
348.00000000000006,1.958466345615193,1.4668740971362726,-5.898118934783154,-2.2440986749154885,0.14717328390730694,1.2473041371020117,0.1611627327528685,0.1852214959029634,3.0761040773883597,0.015454133134634751,-0.1426075763571406,-0.794570618591497
348.1,1.7246038888442627,1.4913663021207757,-5.767112989993566,-2.4292599276231055,0.3411056570475394,1.367107259528916,0.14676959898272593,0.18082516101112847,3.0020892590891903,-0.03365268145210049,-0.17015361314154634,-0.6341967119122013
348.20000000000005,1.473422317433272,1.5346549472649875,-5.625901480313381,-2.5901905336385713,0.5218472046739638,1.450838435087085,0.13041662698156956,0.16992465484480207,2.9427834694580595,-0.08601554158744809,-0.20952651788016446,-0.4955322608901214
348.30000000000007,1.2074277052422269,1.5950547650171,-5.478240104046596,-2.725272063144267,0.6821866528431266,1.4957771810538474,0.11160766852245003,0.1520090379759365,2.8963140279607527,-0.1405523435281047,-0.258952396234166,-0.37441901964690266
348.40000000000003,0.9292751838380651,1.670197751468106,-5.328080222949387,-2.8331442964199116,0.815726094491851,1.5007437332860198,0.08988033795913065,0.12671611473334357,2.8612525964751057,-0.19559735588118912,-0.31563145931902714,-0.26773057493413066
348.50000000000006,0.6417424139059883,1.7571275711529455,-5.179411924382637,-2.9127189327798004,0.9171360538433285,1.4661458968078973,0.06488598285416321,0.09400317905646845,2.83654752363853,-0.24834101934144456,-0.3751683784773907,-0.17310659632112524
348.6,0.34770182073067046,1.8524174167778338,-5.036105557793025,-2.963190579454041,0.9823679558287631,1.393962606906719,0.03651318811217096,0.05435952273465296,2.821471636875433,-0.2944368769857051,-0.43120410475630244,-0.08846807708567078
348.70000000000005,0.050091871533364425,1.952306625179534,-4.901758062769375,-2.984044909365968,1.0088155300407873,1.28766485615631,0.005032695459377122,0.009017987149471081,2.8155853341706973,-0.328113652456172,-0.4756972840859236,-0.011316901539547813
348.80000000000007,-0.2481123178449734,2.052850603067953,-4.779550214897114,-2.975063905113765,0.9954187145506945,1.1520771398121072,-0.028794455026704326,-0.03992221422137545,2.8187139192420325,-0.34315600175962485,-0.5002857119967317,0.06197853525467129
348.90000000000003,-0.5439287526184313,2.15007808548709,-4.6721204803640966,-2.9363281356639415,0.942705917273447,0.993184943364209,-0.06372680700284508,-0.0895695079655474,2.8309382209026825,-0.33472969307801553,-0.4986737475886958,0.13647606739294504
349.00000000000006,-0.8343984069213954,2.240149457595224,-4.581460508131817,-2.8682160420057317,0.8527729500522836,0.8178959471635872,-0.09822038384848512,-0.13657012835322632,2.852598000278152,-0.30127348533394366,-0.4691151280542158,0.21815912540090812
349.1,-1.1166148508206155,2.3195098279740516,-4.508836425856945,-2.7714002380075917,0.7291994752953438,0.633764468191963,-0.13073124497276165,-0.1776322394371327,2.8843082113938645,-0.2452744021113379,-0.41555882715917375,0.31281991212409865
349.20000000000005,-1.3877533595588436,2.3850307509182747,-4.454739077029867,-2.646840862652659,0.5769062961721365,0.44869012465989877,-0.16001281105277596,-0.21006496918906542,2.9269886908754446,-0.17239973180298895,-0.3466858077767692,0.4250860348065441
349.30000000000007,-1.6450992132068407,2.4341349476836847,-4.418865182997224,-2.495776049415243,0.4019591797608653,0.27060273677737645,-0.18528510250447794,-0.2321417233390308,2.9819081262526153,-0.08968094883144961,-0.27345537925017005,0.5582675318378992
349.40000000000003,-1.8860749029389323,2.464899054452414,-4.400130180652095,-2.319709607470245,0.2113270340972203,0.10714602575496224,-0.20624658772152113,-0.24319995545995088,3.050742788842124,-0.003950249167635523,-0.20654479764728476,0.715023672509379
349.50000000000006,-2.108265971019228,2.4761303007774975,-4.396712223762535,-2.120396037418981,0.012604079842960358,-0.03462727899246998,-0.22298670296805398,-0.24351356925540257,3.1356485133563825,0.07880985530335718,-0.1546567085292618,0.8983221484970313
349.6,-2.3094452252043185,2.4674140615792486,-4.406125593507663,-1.8998230309834356,-0.18629290728552722,-0.14853676927754778,-0.23587561602255572,-0.2340332821127196,-3.043847109232642,0.15331298491126522,-0.12380423291236284,1.1121344291503046
349.70000000000005,-2.487595084494965,2.4391303869455974,-4.425320591335275,-1.6601916293920966,-0.37744021334248384,-0.2295209084468377,-0.24547211518320325,-0.21607924001878887,-2.9180450697365012,0.2144563478001208,-0.11715706346111868,1.3614408075095976
349.80000000000007,-2.6409278318269527,2.392438850745283,-4.450805931480158,-1.4038942387157758,-0.5532230795817366,-0.2738389733305383,-0.2524415632422706,-0.19103558496861048,-2.766214646897246,0.25684784450695325,-0.13496120364658992,1.650934098916762
349.90000000000003,-2.7679035702183303,2.3292323220918854,-4.478788753492458,-1.1334907219516475,-0.7066392788180058,-0.2792203370045002,-0.2574360039005574,-0.16008573648420826,-2.584131282377844,0.2746868996893255,-0.17417826438134934,1.9810716962882342
350.00000000000006,-2.8672457018523727,2.2520615026443784,-4.505326672661153,-0.8516828070042526,-0.8315782720877241,-0.2449551408859657,-0.2608731664209398,-0.12407187022433531,-2.3681377230325116,0.2624330759666703,-0.22771051935674488,2.339215065635865
350.1,-2.937953774359766,2.1640332382044627,-4.5264858063050895,-0.5612870666649776,-0.923064816513599,-0.17192274131009222,-0.2626180929296958,-0.08365862393946144,-2.1171277741256813,0.21697871580866446,-0.28364173649123675,2.685327959162145
350.20000000000005,-2.9793135649167697,2.068686658605376,-4.538498475657751,-0.2652067410725841,-0.9774573124980045,-0.06255679646876255,-0.2618198652302367,-0.039968024857135354,-1.8357409431582719,0.14167853216659354,-0.3262306265048014,2.943098243956893
350.30000000000007,-2.9909043004284945,1.969852083805235,-4.537914296002282,0.03359731517745221,-0.9925929827664574,0.07925161445587336,-0.25741197577013697,0.004662630619507313,-1.5369612162493065,0.049875935507076134,-0.3412463066202874,3.0249841430618134
350.40000000000003,-2.9726029407520653,1.8714983211525484,-4.521738631297783,0.33213627026763104,-0.9678740954324596,0.24830897767053206,-0.24922472692590433,0.04691501903509115,-1.240227445807893,-0.037860191263935083,-0.32429855924649353,2.8963820945633088
350.50000000000006,-2.924585481334641,1.777574441600505,-4.487552893272941,0.6274232397938327,-0.9042917936411624,0.43832625788481205,-0.23842912574511274,0.08402253371003894,-0.9642244623280255,-0.1037723140144643,-0.2837862223914966,2.6085212731218026
350.6,-2.8473252615093445,1.6918523427536298,-4.433611888761332,0.9165031989054435,-0.8043865817798332,0.6421694892252892,-0.22663900746566373,0.11489545531283563,-0.720339731330921,-0.14060531552486494,-0.23433710123153212,2.2519215381488413
350.70000000000005,-2.741588294702873,1.6177763752599779,-4.358914334064186,1.1964825821158813,-0.6721470435445098,0.852144053721637,-0.21489232142473455,0.13974008959471462,-0.511834126842474,-0.1504468143964937,-0.188539097272193,1.896655285796999
350.80000000000007,-2.6084256666655357,1.5583260274716282,-4.2632437248678725,1.46455827400412,-0.5128508296549527,1.0603013141131532,-0.20345314623629637,0.15911602369275907,-0.3368301874164367,-0.13938725322378914,-0.153801505416841,1.5763739230454752
350.90000000000003,-2.449163077232792,1.5158971427014385,-4.147177932071331,1.718045700079461,-0.3328542545348531,1.2587553765325572,-0.19210342609542044,0.17337901041807333,-0.19136919229246863,-0.11359219098417103,-0.13324940895614876,1.300034128165886
351.00000000000006,-2.2653876297773525,1.4922064045698673,-4.0120671406714195,1.9544057360366254,-0.1393388900738584,1.4399973547733211,-0.1804289364283696,0.18255518044252803,-0.07117433244735512,-0.07778103477057025,-0.12755228102672095,1.0652963513419778
351.1,-2.0589320001228972,1.4882228983096981,-3.859981010918118,2.1712701654185755,0.05997474102018363,1.597194607449426,-0.1679606366990386,0.18639795995188968,0.02761493982771399,-0.03508658332443153,-0.13627351295895598,0.866137666273124
351.20000000000005,-1.8318561429817943,1.5041294764630533,-3.6936271679519015,2.366465430210217,0.25713495813886966,1.724463018443111,-0.15421544245872174,0.18447732160300281,0.10823319335450408,0.012575501983090393,-0.15856108033900437,0.6961315679554341
351.30000000000007,-1.5864267187001793,1.5393154691988182,-3.516244269183633,2.5380344359459843,0.44427593122525466,1.8171014657081284,-0.1386977753353138,0.17626180120307297,0.17329150547925637,0.0640112039449026,-0.1933368877346155,0.5496245366005529
351.40000000000003,-1.3250944459752911,1.5924010298668774,-3.3314739121712496,2.6842561923843093,0.6139312666363834,1.871779130931914,-0.120900769231218,0.16120243392701833,0.22484817768026694,0.11822690591913854,-0.2391326666460857,0.4220609366281414
351.50000000000006,-1.0504696070429018,1.6612921452090168,-3.143216489312252,2.8036630924604165,0.7593316687363476,1.8866681826411693,-0.10032998950766471,0.13884076817239624,0.26449045872297333,0.17387687876075633,-0.2936681879116715,0.30997602689331705
351.6,-0.7652959503954471,1.7432641171424301,-2.9554767356564877,2.8950556558767127,0.8746748103906812,1.8615165431245355,-0.07656529498850977,0.10896074958400753,0.2934071309911289,0.22868024362288594,-0.3532764082162083,0.2108059497043293
351.70000000000005,-0.4724232521937458,1.835070187961436,-2.772205127041565,2.9575145890856307,0.9553566534792768,1.7976578382142396,-0.04936904754514682,0.0717899051470404,0.31244622835384456,0.2789090469737398,-0.41238627140305084,0.12249737079281103
351.80000000000007,-0.1747788110354799,1.9330709784122801,-2.59714145118809,2.9904100403011684,0.998154997406539,1.6979581332883937,-0.01883076030558111,0.028224643594345566,0.32215729479704935,0.3192252202434772,-0.4634559362558945,0.04287645348811457
351.90000000000003,0.12466183852518758,2.0333795783544555,-2.4336667877574474,2.993407956286529,1.0013579381108146,1.566701578988548,0.014495403303988434,-0.0199910527059555,0.32281910787771645,0.3432726242280751,-0.4978551967578577,-0.031122257541267625
352.00000000000006,0.42290470042732686,2.1320165057013702,-2.284669798134065,2.9664734767107004,0.9648321163166039,1.4094195256228377,0.04953880528656193,-0.07024222649620261,0.31445391939645617,0.3452390511795626,-0.5079288050709214,-0.10400370413747276
352.1,0.7169672813025918,2.225068355915767,-2.1524326552102973,2.909871331565135,0.890028034187619,1.2326699189505752,0.0848211365561529,-0.11926833889974295,0.29682888027514087,0.32192780036615815,-0.4896796208382137,-0.18155796226754597
352.20000000000005,1.0039084442603252,2.308843817206539,-2.038541160459373,2.8241632371790013,0.7799222284221777,1.0437757721643686,0.11872692561628538,-0.1636324139907516,0.26944476411780977,0.27417441198456194,-0.4446910178646072,-0.2698965325353985
352.30000000000007,1.2808578531448174,2.3800208315917555,-1.9438226313158147,2.7102023164696147,0.6388986051677357,0.850533140392259,0.14983062577779044,-0.2002918267453478,0.23151154787488476,0.20663406421546301,-0.38004544524224465,-0.374267040349136
352.40000000000003,1.5450447122196196,2.4357790349820676,-1.8683140347583793,2.5691245989085267,0.4725736675563559,0.6609002398749295,0.17713510996997925,-0.22706232724357842,0.18190999681441675,0.12615362754513856,-0.3062783613006499,-0.4984944717484272
352.50000000000006,1.7938255132463525,2.4739121963156143,-1.811261637173792,2.402337684976715,0.2875726034877326,0.4826801056773077,0.20014571261964115,-0.24283172146585869,0.11913841994035371,0.03991436459640742,-0.23462743819040877,-0.6453679333766393
352.6,2.024710511833815,2.4929161731508045,-1.7711521841198745,2.2115066883298606,0.09126516033460275,0.32320943939147995,0.21881013087653517,-0.24751314908242447,0.04124491381924888,-0.0456472518986582,-0.17487766193315096,-0.8175854771570632
352.70000000000005,2.2353886676364625,2.492048877205676,-1.745774366607052,1.9985375962054965,-0.10852816358997569,0.18906605150760192,0.2334051236326006,-0.24182212609672105,-0.05425050423419052,-0.12496441407444867,-0.13426784724271273,-1.018640071564103
352.80000000000007,2.423750798335102,2.4713598592063564,-1.7323081230892496,1.7655582145168616,-0.30384789758139047,0.08580656182326207,0.24443121522608335,-0.22697516299700543,-0.17042789146825676,-0.19289920073046343,-0.11717930303521906,-1.25316780835109
352.90000000000003,2.5879107152115606,2.4316883335905413,-1.7274382166292361,1.5148968883144598,-0.4869129174840841,0.017744814962855737,0.25252705332192554,-0.20437514183355504,-0.3109873764903485,-0.24419409448291896,-0.12508999461026912,-1.5262740815130675
353.00000000000006,2.7262241283257884,2.3746297218144337,-1.7274875589287504,1.2490592106310052,-0.6504306545180634,-0.012220155101766661,0.2583691062035409,-0.17532273296576828,-0.4800988136024583,-0.2731560175793023,-0.15636460791497717,-1.840841306049943
353.1,2.8373051316348703,2.3024720480764076,-1.7285649656677329,0.9707029529233416,-0.7878878269433669,-0.0027197530028942873,0.2624943204556984,-0.14081301959809178,-0.6818147599766233,-0.27393068777124574,-0.20563442839435722,-2.1908473495225973
353.20000000000005,2.920040102630566,2.2181047231584525,-1.7267214522613168,0.6826114681791559,-0.8938101040108928,0.046029567334125,0.2650082771261524,-0.10155849213193094,-0.91857857793477,-0.2419832598704905,-0.2628973249707597,-2.5488234535989793
353.30000000000007,2.9735988769634867,2.124903352886726,-1.7181088386677854,0.387665833107251,-0.9639803502145725,0.13223488643364778,0.26531412308588176,-0.0584437153352501,-1.1884368628735211,-0.17747586558786013,-0.31348103609041034,-2.85233722106057
353.40000000000003,2.9974430858240835,2.026595163533501,-1.6991343398186398,0.0888160084934001,-0.9956067491374608,0.2525982552490763,0.26231323215073754,-0.013334092754378309,-1.48182392245095,-0.08960693371900136,-0.34143848636664315,-3.0122550118466465
353.50000000000006,2.9913315722737206,1.9271104092253373,-1.6666049782877663,-0.21094869331790778,-0.9874341043232885,0.40244813546274316,0.2553832210936669,0.03065277992579823,-1.7812656956366164,0.0029489488349773367,-0.33742270038244665,-2.965724164905489
353.6,2.955322831989563,1.8304256852758467,-1.6178560615655566,-0.5086295378801883,-0.9397938799592834,0.5759256040048829,0.24525399939691145,0.0703099948610679,-2.0668689774495617,0.07986869187487744,-0.30495814773508423,-2.7319309507292164
353.70000000000005,2.889774453705445,1.7404053940446274,-1.5508586015997095,-0.8012483951037777,-0.8545909864062193,0.7662178984156187,0.23354912686130788,0.10387534647970736,-2.3239907930956902,0.12923298517811524,-0.2573015841988193,-2.3940589081795483
353.80000000000007,2.7953395647000665,1.6606476835799207,-1.4643013937688618,-1.0858775617729524,-0.7352278373950365,0.9658299923383714,0.2216159440463551,0.13119170782057354,-2.5464142521921374,0.14987218184755594,-0.20861029455759458,-2.034203011867069
353.90000000000003,2.6729603167015004,1.59434100098375,-1.3576444827015937,-1.3596690812078132,-0.5864687064896653,1.1668833742954163,0.20999716826804865,0.15280404781513687,-2.734371041525841,0.14683665312919403,-0.16848822761351887,-1.6994216446506176
354.00000000000006,2.5238584772426185,1.5441369792648603,-1.2311418830701313,-1.6198832661711513,-0.41424979049561406,1.3614301183831663,0.19861387988645415,0.16919755510172863,-2.8912300760040743,0.12654980648871567,-0.1416438878400713,-1.4065059235014443
354.1,2.3495232205189955,1.5120447252797304,-1.0858326491949186,-1.8639161390894707,-0.22544255198813518,1.5417697258826897,0.18709464307973908,0.1805319964998309,-3.02122631688508,0.09439213105247778,-0.12960095641835626,-1.1564212063083417
354.20000000000005,2.1516962398723236,1.4993507231670602,-0.9235006491267745,-2.0893255145000746,-0.027579775744231205,1.7007561063162802,0.174974987935575,0.1866558791597253,-3.1283930952595815,0.05412248093610949,-0.13230165298102023,-0.9441423686172692
354.30000000000007,1.9323543308786535,1.5065675464738681,-0.7466046465307594,-2.2938554622258813,0.17144473965307266,1.8320824595829657,0.16176911946500552,0.1871945623128394,3.066990497143608,0.008100659172021542,-0.14905473674280917,-0.7632885584570229
354.40000000000003,1.6936896193755453,1.5334134236582513,-0.5581814774257543,-2.475458906009687,0.36369088269263944,1.9305327018249576,0.14697971107531416,0.18163644898910777,2.995717683171145,-0.04225032174345335,-0.1789124829094348,-0.6079121376886886
354.50000000000006,1.4380876323779126,1.5788234716281813,-0.36172618145818985,-2.6323181310176653,0.5414887761633859,1.9921894114677459,0.13009444570885892,0.16941367408565944,2.938714749606072,-0.09593136773843777,-0.22063926752115406,-0.4730703458722999
354.6,1.168103431462408,1.640992149470155,-0.16105386614194875,-2.7628629945802214,0.6977445509925652,2.0145900052801773,0.11059747445518874,0.14999754409660057,2.8942210476216323,-0.15182478177081127,-0.2723812640460744,-0.3549269226848264
354.70000000000005,0.8864360476233049,1.7174452398720699,0.039851189261062514,-2.865786657562522,0.8262231564587379,1.9968249182067133,0.08801415249421943,0.12303170770929214,2.8608986320611924,-0.20810687800106742,-0.33112452411317556,-0.25064201042884693
354.80000000000007,0.5959014736432965,1.8051384885673798,0.23699317482288917,-2.940058678605947,0.9217969320257572,1.9395738728475123,0.06200165687959826,0.0885169954220698,2.8377695939869456,-0.2616635805968364,-0.3920952180964269,-0.15807632130507274
354.90000000000003,0.2994044844804528,1.9005789693578858,0.426522851701684,-2.984935339923805,0.9806500310255744,1.845078792633011,0.03248552516551847,0.04703813523618556,2.824168521496133,-0.3077142603575847,-0.44842262207666395,-0.07525365823247758
355.00000000000006,-0.00009043206837800158,1.999964336274501,0.6048898119027762,-2.999967101086841,1.0004305464614092,1.7170544385532112,-0.00018626195982505877,-0.00001927154154293404,2.8197096497595178,-0.3400345553146598,-0.4915649585561638,0.0004013029962355907
355.1,-0.2995887432429812,2.099334411331088,0.7689828262884607,-2.9850031060303817,0.9803442741557089,1.5605403320678959,-0.03513999651263638,-0.05036097248303576,2.82426770881912,-0.35215438573862645,-0.5129305374800123,0.07279129129515238
355.20000000000005,-0.5960958405507291,2.1947290645473685,0.9162526859634312,-2.9401926980608066,0.9211863752025321,1.3816998675549088,-0.07101194926199146,-0.10089938376699065,2.8379716916797024,-0.33940439910847003,-0.5065184503321781,0.1473413086716676
355.30000000000007,-0.8866470101356638,2.282346092060958,1.0448126400881708,-2.8659839276381645,0.8253096754419686,1.187574623042856,-0.10616568155873321,-0.14814017448756833,2.861211253961728,-0.30084060014011854,-0.4714364375586371,0.23030916670502352
355.40000000000003,-1.1683371040629709,2.358692798227816,1.1535124263416023,-2.763119067864851,0.6965308657566112,0.985803664072368,-0.1390251999360631,-0.18875039418431047,2.8946560066524167,-0.23977923237797238,-0.4127651763739432,0.3275271392181617
355.50000000000006,-1.4383496152857118,2.420725238610445,1.2419829430211187,-2.6326271826130276,0.5399783426878563,0.7843190311452867,-0.16837492081750532,-0.22010467130623892,2.939288429233146,-0.16258510020366956,-0.34016776479899846,0.44345792658081584
355.6,-1.6939848650368816,2.4659695726749997,1.3106497821989058,-2.4758138217772068,0.3618877554877111,0.5910295507057612,-0.19350609470152788,-0.24061805250492094,2.9964512869282127,-0.07666678859507678,-0.2651509464713665,0.5812044519167298
355.70000000000005,-1.9326870202914974,2.4926206882491413,1.3607150847615719,-2.294247946940891,0.16935341049788355,0.4135055750961113,-0.21419938150521503,-0.24979844142169674,3.067909764596415,0.011043559020703853,-0.1984819786082396,0.7433285292870352
355.80000000000007,-2.152069670662275,2.49961416589372,1.3941084410636408,-2.0897462185188136,-0.029954556418344436,0.2586772199001126,-0.23061736377252184,-0.24807722723319808,-3.127259571005798,0.09458187235739213,-0.14863669643473393,0.9328535618950649
355.90000000000003,-2.349939708541509,2.486668714196661,1.4134087949816614,-1.8643548018858922,-0.2280959639511379,0.13255812898089236,-0.2431859350492656,-0.2365234330192182,-3.0198518815645303,0.16865928939726596,-0.12123403741480802,1.153878661743459
356.00000000000006,-2.5243192733054833,2.4542973842272775,1.421740465152489,-1.6203288748796885,-0.41717713527903,0.040005779815283415,-0.2524983988546148,-0.2165248983319055,-2.8896010275354618,0.2280848203641434,-0.11895526065068737,1.411357617580066
356.1,-2.6734655398056297,2.4037871160664483,1.4226474290474072,-1.360110042107291,-0.5896655940155842,-0.01547211502197876,-0.25922502822348353,-0.18948420584492362,-2.7325086856409637,0.2673049661499505,-0.14144674135826685,1.709324074999523
356.20000000000005,-2.7958881529841912,2.3371474328275754,1.4199508821225717,-1.0863018824642703,-0.738690360236197,-0.03185739208163729,-0.26397449558652986,-0.15657401887257139,-2.5444127976346773,0.28038948972350525,-0.18487451555359852,2.0460353115015746
356.30000000000007,-2.8903641340429562,2.257030327576341,1.4175957510542743,-0.8016438749908193,-0.8583158747269645,-0.0087018342323405,-0.2670520776800994,-0.11865242949253782,-2.3220671587586206,0.2619591529628473,-0.24107400486537256,2.4039057271429938
356.40000000000003,-2.9559501089447755,2.166624537004405,1.4194922804327965,-0.5089839644328819,-0.9437786309628243,0.052855024339171885,-0.2681614666165227,-0.07652539440090271,-2.0653908736399202,0.20979651894232015,-0.2969558788173371,2.7353822635308176
356.50000000000006,-2.9919917368649886,2.0695284168321306,1.4293590086887822,-0.2112500415088541,-0.9916770810433783,0.15013139512939655,-0.26637184153082893,-0.031642738819481646,-1.7806820843038513,0.12913606763577876,-0.33624938526385284,2.9595716605354174
356.6,-2.9981302442779674,1.9696064869975327,1.4505733936450937,0.08857937624834442,-1.0001072446359645,0.27901022047612134,-0.2608011762582898,0.013316095838987452,-1.482456964283355,0.03537232190633761,-0.3458617609675282,2.997168879950407
356.70000000000005,-2.9743059993757424,1.8708353657207297,1.4860360431132804,0.3875049692093758,-0.9687386146261997,0.4341033816910407,-0.25166194536211556,0.05504118490494944,-1.1902814749875033,-0.05049878666943582,-0.3238904137567362,2.832944745235406
356.80000000000007,-2.920759091178723,1.7771452345681655,1.5380539635633736,0.682536647000618,-0.8988273333564487,0.608966583681444,-0.2403489445747126,0.09116728819057761,-0.9213294781212066,-0.11232618409384548,-0.2805676234840879,2.530170308776896
356.90000000000003,-2.8380269077194336,1.6922631548028124,1.6082474817037482,0.9707234855197883,-0.7931661141576715,0.7963563492658918,-0.22839420877925112,0.12101692667769301,-0.6850737062953882,-0.14481587625417705,-0.23062876585089684,2.1758710627636852
357.00000000000006,-2.7269387377537178,1.619564481503644,1.697484550039206,1.249183269604006,-0.6559729046445549,0.9885188776053881,-0.21663418373984816,0.14496987842283898,-0.4835421892231799,-0.15107629161289257,-0.1858423789737421,1.830850189460025
357.1,-2.588607450282365,1.5619382991049373,1.8058450557606995,1.51513134531418,-0.49272273041812914,1.1774992508479052,-0.2051826039728186,0.16357359165349197,-0.3144139854785455,-0.13735126967471598,-0.15283702781077435,1.5222092307754636
357.20000000000005,-2.424418335444504,1.5216722430147167,1.9326165561797066,1.7659084927491195,-0.3099294230350025,1.355458661868234,-0.19374962358818906,0.1771075611421779,-0.17373762515343488,-0.10958818408594709,-0.13429463956815466,1.2561014194228677
357.30000000000007,-2.236015218788163,1.5003612991121456,2.076321611040028,1.9990075401372112,-0.11488593406255526,1.514987016202358,-0.1818949755919322,0.18552120541377481,-0.05740833564189638,-0.07222626222561263,-0.13071030314494342,1.0295073450127175
357.40000000000003,-2.0252839882352154,1.4988442169991418,2.234775622367998,2.212098452605556,0.08462641192283238,1.6493984456971185,-0.1691392062779802,0.18850670597174965,0.03823752215079312,-0.028166331635439617,-0.1416166446153871,0.836554017317093
357.50000000000006,-1.7943336989763332,1.5171700720097898,2.4051728762826285,2.403051644337326,0.28064813422833623,1.7529979526466155,-0.15498913275665202,0.18558690549860485,0.11626155042978244,0.020837138618525257,-0.16618257377069967,0.6711884469286311
357.6,-1.545475445789894,1.5545963090444508,2.584197356856532,2.569959280664581,0.4653589154582002,1.8213085541234308,-0.13893447834256858,0.17619456613429135,0.17913533904456483,0.07367764391227401,-0.20333953376947572,0.5281403301319783
357.70000000000005,-1.2811992146291677,1.6096183462148979,2.768153914537416,2.7111543568231746,0.6313893729273308,1.8512498709463219,-0.12045023738442173,0.1597577244130748,0.2288074731175308,0.12936452299219312,-0.2515642013318687,0.4031938540769535
357.80000000000007,-1.0041489455580872,1.6800295580962548,2.9531145601588245,2.8252273624031714,0.772114852729326,1.841261041471027,-0.09902606515355765,0.1358149692459214,0.26677853212711206,0.1864441461171249,-0.3084033415362308,0.293175260102928
357.90000000000003,-0.7170960570086352,1.7630092472431054,3.13507405256062,2.911040364759985,0.881919533819279,1.7913630599866197,-0.07423827409306057,0.10418031671075259,0.29416726158193357,0.2423833538385606,-0.3698534328336049,0.19575320645437458
358.00000000000006,-0.4229116967292621,1.8552350968230553,3.310108577326463,2.967738370543232,0.9564203131136405,1.7031580544465341,-0.045871834554856834,0.06516034110966108,0.3117629481121339,0.29304741102618564,-0.429840262372975,0.10901000106387153
358.1,-0.12453799752386538,1.9530156212354135,3.474531190910254,2.9947578518069347,0.9926415460144667,1.5797655322938637,-0.01407807977122412,0.01979094957612434,0.3200633396995752,0.332604610725931,-0.48024863692556236,0.030745326131582592
358.20000000000005,0.17504137418524396,2.0524373343280726,3.625037833373172,2.9918323516067074,0.9891336760059867,1.425698136021428,0.020484963466499532,-0.029989060177988722,0.31929875509831845,0.35430666374001196,-0.5120380508220772,-0.042342010057515485
358.30000000000007,0.472831081876957,2.1495207680786517,3.7588380889489517,2.958995113278632,0.9460310239346041,1.246681861664156,0.05661850978263686,-0.08134699250212238,0.3094431395972643,0.3523090139899741,-0.517607673560892,-0.11515343775764328
358.40000000000003,0.765854095357855,2.2403791217687625,3.8737654817080904,2.8965787074430467,0.8650464330969795,1.049427907505823,0.0927298869545139,-0.13083814221842255,0.2902124783058433,0.3238863112307058,-0.4936430224739519,-0.1938626202403113
358.50000000000006,1.0511814798224794,2.321373216808882,3.968362909457251,2.805211660878507,0.7494029836188776,0.8413652486335914,0.12714262503059437,-0.17493175387014118,0.2610504839677955,0.2707056385525552,-0.44287206012904407,-0.2847564047889664
358.6,1.3259616991934784,2.3892565796534906,4.041939810167243,2.6858121214700157,0.6037054984580126,0.6303445987105856,0.15843925772618883,-0.2106077859520811,0.22110101058003204,0.1982538691020998,-0.3735500620190227,-0.3929983855035442
358.70000000000005,1.587449140303427,2.4413048688096546,4.094598782155023,2.5395786231438473,0.433756963679587,0.4243255610330463,0.18568377383948534,-0.23580326997139037,0.1691664108891883,0.11391506535453955,-0.2970127105568135,-0.5222001905890459
358.80000000000007,1.833031572322383,2.475424486091321,4.127230597020277,2.367978043768662,0.2463271817507401,0.2310594411343867,0.20846354519318683,-0.24957981693344142,0.10365146789005478,0.025069287653642056,-0.22478879404604615,-0.6749863567359361
358.90000000000003,2.0602562665572792,2.4902360421324192,4.141477804417628,2.1727308771273495,0.04888288091522308,0.057780366151653606,0.22680182964280104,-0.25202870462304544,0.022494564858552165,-0.06184105386840988,-0.16654662762497563,-0.8540197870484206
359.00000000000006,2.2668545152108,2.485129348651542,4.139668379884017,1.9557939669743116,-0.15070995966359862,-0.08908297499101181,0.24103029270034568,-0.24401495894875663,-0.07690621659025373,-0.14126246713035667,-0.129170832520745,-1.062819375617462
359.1,2.4507643037740032,2.460287745100303,4.124722061223926,1.7193408766136877,-0.34449970163290194,-0.20416347861511663,0.2516785153259552,-0.22686148741106663,-0.19774871490479703,-0.20798569392750152,-0.11655996683546811,-1.3058803453884382
359.20000000000005,2.610150910273794,2.4166807898686775,4.100033107775654,1.4657400911053877,-0.5247660541438539,-0.2833694488096974,0.2593835021326161,-0.20203588531472808,-0.343802723244338,-0.2565833267639176,-0.129588122722417,-1.5875506898672667
359.30000000000007,2.7434252254030014,2.3560256074259955,4.069334156818308,1.1975312709073134,-0.6843278574485454,-0.3240475710552707,0.2647792551526946,-0.17088059202024342,-0.5191613946464471,-0.2811792000837981,-0.16581749712037416,-1.9085531717471536
359.40000000000003,2.849259610441592,2.280718432364923,4.036546604975227,0.9173997952516636,-0.8168293730424677,-0.32508853975352037,0.2683096016949362,-0.13445489016594606,-0.7274716151877598,-0.275956143410266,-0.21878449775183967,-2.258291877316183
359.50000000000006,2.9266011345792675,2.1937390794712686,4.005623479668827,0.6281498506602955,-0.9169936668666337,-0.28697112867138574,0.26995807757391815,-0.09363309377903478,-0.9702017550485179,-0.2370613333003102,-0.2771866709184293,-2.602321033053413
359.6,2.9746820595401715,2.098532148297107,3.9803910650771397,0.3326763345427026,-0.9808329839802367,-0.21174294739766486,0.2690846730183382,-0.04960563827397812,-1.2437954086365886,-0.1663643184548911,-0.32546355778351754,-2.8731334127405166
359.70000000000005,2.993027467020556,1.9988696982348502,3.9643955966886844,0.03393585564203674,-1.005807727731084,-0.10293865103841349,0.2647906642305002,-0.00454489540221168,-1.537069217544185,-0.07531250572295964,-0.34829550722211666,-2.9877696740856567
359.80000000000007,2.98145995309864,1.898700868805105,3.9607611364824082,-0.2650828778970798,-0.9909277054243136,0.034561136078359755,0.25686161234097277,0.03847150336721998,-1.832185716137692,0.01637019495780812,-0.33869086385394953,-2.9025129295121865
359.90000000000003,2.9401013431837306,1.8019944403216601,3.972064295014567,-0.5613889859930216,-0.9367916041453257,0.1947245583741557,0.24628629295931942,0.07671834717194585,-2.1106772254911275,0.08955974646322,-0.30247838754811446,-2.6516463845313716
360.00000000000006,2.869371410935151,1.7125806115435327,4.00023079505895,-0.852019359669496,-0.8455631229595416,0.37060916502969604,0.23458306879255514,0.10895411674715447,-2.3599976665610907,0.13444781866149383,-0.2535195973429374,-2.316456804452547
